{
 "k": 1,
 "p": 4,
 "v": 3,
 "palette": "hyp-s-p4v3",
 "status": "ok",
 "t": {
  "build": 2.3413898944854736,
  "solve": 0.1301288604736328,
  "prune": 0.1442699432373047,
  "count": 0.0009529590606689453,
  "total": 2.61674165725708
 },
 "raw_blocks": 0,
 "distinct": 0,
 "by_k": {},
 "tilings": []
}