{
 "k": 1,
 "p": 3,
 "v": 8,
 "palette": "hyp-s-p3v8",
 "status": "ok",
 "t": {
  "build": 2.381500005722046,
  "solve": 0.23464083671569824,
  "prune": 0.20670485496520996,
  "count": 0.003956794738769531,
  "total": 2.8268024921417236
 },
 "raw_blocks": 2,
 "pruned": 2,
 "distinct": 2,
 "by_k": {
  "1": 2
 },
 "tilings": [
  {
   "k": 1,
   "figures": "3.3.3.3.3.3.3",
   "edge": 1.09055,
   "n": 1,
   "key": "7148c17bffae49cc"
  },
  {
   "k": 1,
   "figures": "3.3.3.3.3.3.3.3",
   "edge": 1.528571,
   "n": 1,
   "key": "49dc6a573e74721c"
  }
 ]
}