{
 "k": 2,
 "p": 5,
 "v": 3,
 "palette": "hyp-s-p5v3",
 "status": "ok",
 "t": {
  "build": 2.4667630195617676,
  "solve": 0.2462148666381836,
  "prune": 0.3299708366394043,
  "count": 0.002404928207397461,
  "total": 3.045353651046753
 },
 "raw_blocks": 0,
 "distinct": 0,
 "by_k": {},
 "tilings": []
}