{
 "k": 2,
 "p": 7,
 "v": 3,
 "palette": "hyp-s-p7v3",
 "status": "ok",
 "t": {
  "build": 3.3098888397216797,
  "solve": 0.30116701126098633,
  "prune": 0.23351502418518066,
  "count": 0.0030901432037353516,
  "total": 3.847661018371582
 },
 "raw_blocks": 6,
 "pruned": 4,
 "no_common_edge": 2,
 "distinct": 2,
 "by_k": {
  "1": 2
 },
 "tilings": [
  {
   "k": 1,
   "figures": "6.6.7",
   "edge": 0.334395,
   "n": 3,
   "key": "a3a711ddf922143a"
  },
  {
   "k": 1,
   "figures": "7.7.7",
   "edge": 0.566256,
   "n": 1,
   "key": "2dff1fb28cc9133e"
  }
 ]
}