{
 "k": 1,
 "p": 6,
 "v": 3,
 "palette": "hyp-s-p6v3",
 "status": "ok",
 "t": {
  "build": 2.357002019882202,
  "solve": 0.23536396026611328,
  "prune": 0.20505595207214355,
  "count": 0.0017437934875488281,
  "total": 2.799165725708008
 },
 "raw_blocks": 0,
 "distinct": 0,
 "by_k": {},
 "tilings": []
}