{
 "k": 2,
 "p": 3,
 "v": 5,
 "palette": "hyp-s-p3v5",
 "status": "ok",
 "t": {
  "build": 2.6460697650909424,
  "solve": 0.2854769229888916,
  "prune": 0.24890518188476562,
  "count": 0.002238035202026367,
  "total": 3.182689905166626
 },
 "raw_blocks": 0,
 "distinct": 0,
 "by_k": {},
 "tilings": []
}