{
 "k": 1,
 "p": 4,
 "v": 4,
 "palette": "hyp-s-p4v4",
 "status": "ok",
 "t": {
  "build": 2.3493611812591553,
  "solve": 0.15538287162780762,
  "prune": 0.08890390396118164,
  "count": 0.004593372344970703,
  "total": 2.5982413291931152
 },
 "raw_blocks": 0,
 "distinct": 0,
 "by_k": {},
 "tilings": []
}