{
 "k": 1,
 "p": 4,
 "v": 5,
 "palette": "hyp-s-p4v5",
 "status": "ok",
 "t": {
  "build": 2.381074905395508,
  "solve": 0.24539685249328613,
  "prune": 0.20125794410705566,
  "count": 0.005063295364379883,
  "total": 2.8327929973602295
 },
 "raw_blocks": 5,
 "pruned": 4,
 "distinct": 4,
 "by_k": {
  "1": 4
 },
 "tilings": [
  {
   "k": 1,
   "figures": "3.4.4.4.4",
   "edge": 1.033499,
   "n": 5,
   "key": "a74529982f48b4d4"
  },
  {
   "k": 1,
   "figures": "3.4.4.4.4",
   "edge": 1.033499,
   "n": 5,
   "key": "5bf3b16b477775cd"
  },
  {
   "k": 1,
   "figures": "3.4.4.4.4",
   "edge": 1.033499,
   "n": 10,
   "key": "05ae0ffc7ab1fe80"
  },
  {
   "k": 1,
   "figures": "4.4.4.4.4",
   "edge": 1.253739,
   "n": 1,
   "key": "d07ed09bcf394893"
  }
 ]
}