{
 "k": 2,
 "p": 4,
 "v": 3,
 "palette": "hyp-s-p4v3",
 "status": "ok",
 "t": {
  "build": 2.4407167434692383,
  "solve": 0.302703857421875,
  "prune": 0.22319912910461426,
  "count": 0.0022161006927490234,
  "total": 2.9688358306884766
 },
 "raw_blocks": 0,
 "distinct": 0,
 "by_k": {},
 "tilings": []
}