{
 "k": 1,
 "p": 3,
 "v": 7,
 "palette": "hyp-s-p3v7",
 "status": "ok",
 "t": {
  "build": 2.5036208629608154,
  "solve": 0.24870586395263672,
  "prune": 0.18469595909118652,
  "count": 0.0011458396911621094,
  "total": 2.938168525695801
 },
 "raw_blocks": 1,
 "pruned": 1,
 "distinct": 1,
 "by_k": {
  "1": 1
 },
 "tilings": [
  {
   "k": 1,
   "figures": "3.3.3.3.3.3.3",
   "edge": 1.09055,
   "n": 1,
   "key": "7148c17bffae49cc"
  }
 ]
}