{
 "k": 2,
 "p": 4,
 "v": 4,
 "palette": "hyp-s-p4v4",
 "status": "ok",
 "t": {
  "build": 2.5650699138641357,
  "solve": 0.31384992599487305,
  "prune": 0.2198021411895752,
  "count": 0.001928091049194336,
  "total": 3.1006500720977783
 },
 "raw_blocks": 0,
 "distinct": 0,
 "by_k": {},
 "tilings": []
}