{
 "k": 2,
 "p": 3,
 "v": 3,
 "palette": "hyp-s-p3v3",
 "status": "ok",
 "t": {
  "build": 2.931655168533325,
  "solve": 0.3813052177429199,
  "prune": 0.30559682846069336,
  "count": 0.01551198959350586,
  "total": 3.6340692043304443
 },
 "raw_blocks": 0,
 "distinct": 0,
 "by_k": {},
 "tilings": []
}