{
 "k": 1,
 "p": 3,
 "v": 6,
 "palette": "hyp-s-p3v6",
 "status": "ok",
 "t": {
  "build": 2.3392510414123535,
  "solve": 0.23658204078674316,
  "prune": 0.27803492546081543,
  "count": 0.0017600059509277344,
  "total": 2.85562801361084
 },
 "raw_blocks": 0,
 "distinct": 0,
 "by_k": {},
 "tilings": []
}