{
 "k": 1,
 "p": 5,
 "v": 4,
 "palette": "hyp-s-p5v4",
 "status": "ok",
 "t": {
  "build": 2.3778088092803955,
  "solve": 0.13302898406982422,
  "prune": 0.0885169506072998,
  "count": 0.00411224365234375,
  "total": 2.6034669876098633
 },
 "raw_blocks": 3,
 "pruned": 3,
 "distinct": 3,
 "by_k": {
  "1": 3
 },
 "tilings": [
  {
   "k": 1,
   "figures": "4.4.4.5",
   "edge": 0.550369,
   "n": 4,
   "key": "c2aae1a336b119f0"
  },
  {
   "k": 1,
   "figures": "4.5.4.5",
   "edge": 0.767197,
   "n": 2,
   "key": "73872d8d5d3f5ba9"
  },
  {
   "k": 1,
   "figures": "5.5.5.5",
   "edge": 1.061275,
   "n": 1,
   "key": "68d87e46191560e4"
  }
 ]
}