{
 "k": 2,
 "p": 3,
 "v": 7,
 "palette": "hyp-s-p3v7",
 "status": "ok",
 "t": {
  "build": 2.675767183303833,
  "solve": 0.24184513092041016,
  "prune": 0.21924996376037598,
  "count": 0.0033979415893554688,
  "total": 3.1402602195739746
 },
 "raw_blocks": 1,
 "pruned": 1,
 "distinct": 1,
 "by_k": {
  "1": 1
 },
 "tilings": [
  {
   "k": 1,
   "figures": "3.3.3.3.3.3.3",
   "edge": 1.09055,
   "n": 1,
   "key": "7148c17bffae49cc"
  }
 ]
}