{
 "k": 1,
 "p": 5,
 "v": 3,
 "palette": "hyp-s-p5v3",
 "status": "ok",
 "t": {
  "build": 2.3531270027160645,
  "solve": 0.2492530345916748,
  "prune": 0.20013904571533203,
  "count": 0.0014171600341796875,
  "total": 2.803936243057251
 },
 "raw_blocks": 0,
 "distinct": 0,
 "by_k": {},
 "tilings": []
}