{
 "k": 1,
 "p": 3,
 "v": 3,
 "palette": "hyp-s-p3v3",
 "status": "ok",
 "t": {
  "build": 2.361091136932373,
  "solve": 0.13261914253234863,
  "prune": 0.13576316833496094,
  "count": 0.0034668445587158203,
  "total": 2.6329402923583984
 },
 "raw_blocks": 0,
 "distinct": 0,
 "by_k": {},
 "tilings": []
}