{
 "k": 1,
 "p": 7,
 "v": 3,
 "palette": "hyp-s-p7v3",
 "status": "ok",
 "t": {
  "build": 2.383579969406128,
  "solve": 0.23106598854064941,
  "prune": 0.2000131607055664,
  "count": 0.0031909942626953125,
  "total": 2.817850112915039
 },
 "raw_blocks": 2,
 "pruned": 2,
 "distinct": 2,
 "by_k": {
  "1": 2
 },
 "tilings": [
  {
   "k": 1,
   "figures": "6.6.7",
   "edge": 0.334395,
   "n": 3,
   "key": "a3a711ddf922143a"
  },
  {
   "k": 1,
   "figures": "7.7.7",
   "edge": 0.566256,
   "n": 1,
   "key": "2dff1fb28cc9133e"
  }
 ]
}