{
 "k": 2,
 "p": 3,
 "v": 6,
 "palette": "hyp-s-p3v6",
 "status": "ok",
 "t": {
  "build": 2.473735809326172,
  "solve": 0.24465489387512207,
  "prune": 0.295255184173584,
  "count": 0.0037360191345214844,
  "total": 3.0173819065093994
 },
 "raw_blocks": 0,
 "distinct": 0,
 "by_k": {},
 "tilings": []
}