{
 "k": 2,
 "p": 6,
 "v": 3,
 "palette": "hyp-s-p6v3",
 "status": "ok",
 "t": {
  "build": 2.515403985977173,
  "solve": 0.24592185020446777,
  "prune": 0.22091007232666016,
  "count": 0.002293109893798828,
  "total": 2.9845290184020996
 },
 "raw_blocks": 0,
 "distinct": 0,
 "by_k": {},
 "tilings": []
}