{
 "k": 2,
 "p": 3,
 "v": 8,
 "palette": "hyp-s-p3v8",
 "status": "ok",
 "t": {
  "build": 2.8612287044525146,
  "solve": 0.2719841003417969,
  "prune": 0.2972710132598877,
  "count": 0.005820035934448242,
  "total": 3.4363038539886475
 },
 "raw_blocks": 2,
 "pruned": 2,
 "distinct": 2,
 "by_k": {
  "1": 2
 },
 "tilings": [
  {
   "k": 1,
   "figures": "3.3.3.3.3.3.3",
   "edge": 1.09055,
   "n": 1,
   "key": "7148c17bffae49cc"
  },
  {
   "k": 1,
   "figures": "3.3.3.3.3.3.3.3",
   "edge": 1.528571,
   "n": 1,
   "key": "49dc6a573e74721c"
  }
 ]
}