{
 "k": 1,
 "p": 3,
 "v": 5,
 "palette": "hyp-s-p3v5",
 "status": "ok",
 "t": {
  "build": 2.3238799571990967,
  "solve": 0.23497700691223145,
  "prune": 0.20830178260803223,
  "count": 0.0016989707946777344,
  "total": 2.768857717514038
 },
 "raw_blocks": 0,
 "distinct": 0,
 "by_k": {},
 "tilings": []
}