{
 "k": 2,
 "p": 3,
 "v": 4,
 "palette": "hyp-s-p3v4",
 "status": "ok",
 "t": {
  "build": 2.542797088623047,
  "solve": 0.2436380386352539,
  "prune": 0.2135159969329834,
  "count": 0.0010542869567871094,
  "total": 3.0010054111480713
 },
 "raw_blocks": 0,
 "distinct": 0,
 "by_k": {},
 "tilings": []
}