{
 "k": 1,
 "p": 3,
 "v": 4,
 "palette": "hyp-s-p3v4",
 "status": "ok",
 "t": {
  "build": 2.32077693939209,
  "solve": 0.12960219383239746,
  "prune": 0.16415905952453613,
  "count": 0.0015709400177001953,
  "total": 2.6161091327667236
 },
 "raw_blocks": 0,
 "distinct": 0,
 "by_k": {},
 "tilings": []
}