{
 "_meta": {
  "source": "Cirnact-engine out-of-ring star extension, exact ZZ[zeta_18]",
  "note": "Out-of-ring 1-uniform star tilings (D!=24). Reproduces Myers' out-of-ring k=1 entries. Develop is exact in the palette's own cyclotomic ring."
 },
 "records": [
  {
   "id": "ctrnact-star-9fold-k1-01",
   "k": 1,
   "vertype": "(3*d10,18)A, (3*p2,18,18)A",
   "orbits": [
    "(3*p2,18,18)A"
   ],
   "ring": 18,
   "renderCell": {
    "cellPolygons": [
     {
      "n": 18,
      "vertices": [
       [
        1.939692620786,
        5.329261676292
       ],
       [
        2.939692620786,
        5.329261676292
       ],
       [
        3.879385241572,
        4.987241532966
       ],
       [
        4.645429684691,
        4.34445392328
       ],
       [
        5.145429684691,
        3.478428519495
       ],
       [
        5.319077862358,
        2.493620766483
       ],
       [
        5.145429684691,
        1.508813013471
       ],
       [
        4.645429684691,
        0.642787609687
       ],
       [
        3.879385241572,
        -0.0
       ],
       [
        2.939692620786,
        -0.342020143326
       ],
       [
        1.939692620786,
        -0.342020143326
       ],
       [
        1.0,
        0.0
       ],
       [
        0.233955556881,
        0.642787609687
       ],
       [
        -0.266044443119,
        1.508813013471
       ],
       [
        -0.439692620786,
        2.493620766483
       ],
       [
        -0.266044443119,
        3.478428519495
       ],
       [
        0.233955556881,
        4.34445392328
       ],
       [
        1.0,
        4.987241532966
       ]
      ]
     },
     {
      "n": 3,
      "vertices": [
       [
        2.939692620786,
        5.329261676292
       ],
       [
        1.939692620786,
        5.329261676292
       ],
       [
        1.0,
        4.987241532966
       ],
       [
        1.5,
        5.853266936751
       ],
       [
        1.673648177667,
        6.838074689763
       ],
       [
        2.173648177667,
        5.972049285979
       ]
      ],
      "star": true
     },
     {
      "n": 3,
      "vertices": [
       [
        -0.939692620786,
        3.359646170268
       ],
       [
        -1.705737063905,
        4.002433779954
       ],
       [
        -0.705737063905,
        4.002433779954
       ],
       [
        0.233955556881,
        4.34445392328
       ],
       [
        -0.266044443119,
        3.478428519495
       ],
       [
        -0.439692620786,
        2.493620766483
       ]
      ],
      "star": true
     }
    ],
    "basis": [
     [
      5.585122305477,
      0.984807753012
     ],
     [
      -3.645429684691,
      4.34445392328
     ]
    ]
   },
   "areaCheck": {
    "cellArea": 27.854353929,
    "detAbs": 27.854353929
   }
  },
  {
   "id": "ctrnact-star-9fold-k1-02",
   "k": 1,
   "vertype": "(3*d11,9)A, (3*p1,9,3,9)A",
   "orbits": [
    "(3*p1,9,3,9)A"
   ],
   "ring": 18,
   "renderCell": {
    "cellPolygons": [
     {
      "n": 9,
      "vertices": [
       [
        2.705737063905,
        0.984807753012
       ],
       [
        3.705737063905,
        0.984807753012
       ],
       [
        4.471781507024,
        0.342020143326
       ],
       [
        4.645429684691,
        -0.642787609687
       ],
       [
        4.145429684691,
        -1.508813013471
       ],
       [
        3.205737063905,
        -1.850833156797
       ],
       [
        2.266044443119,
        -1.508813013471
       ],
       [
        1.766044443119,
        -0.642787609687
       ],
       [
        1.939692620786,
        0.342020143326
       ]
      ]
     },
     {
      "n": 3,
      "vertices": [
       [
        3.705737063905,
        0.984807753012
       ],
       [
        2.705737063905,
        0.984807753012
       ],
       [
        1.939692620786,
        0.342020143326
       ],
       [
        2.439692620786,
        1.20804554711
       ],
       [
        2.266044443119,
        2.192853300122
       ],
       [
        2.766044443119,
        1.326827896338
       ]
      ],
      "star": true
     },
     {
      "n": 3,
      "vertices": [
       [
        1.766044443119,
        -0.642787609687
       ],
       [
        1.0,
        0.0
       ],
       [
        1.939692620786,
        0.342020143326
       ]
      ]
     }
    ],
    "basis": [
     [
      2.205737063905,
      -1.850833156797
     ],
     [
      2.705737063905,
      0.984807753012
     ]
    ]
   },
   "areaCheck": {
    "cellArea": 7.180094833,
    "detAbs": 7.180094833
   }
  },
  {
   "id": "ctrnact-star-9fold-k1-03",
   "k": 1,
   "vertype": "(6*d11,9)A, (6*p4,9,9)A",
   "orbits": [
    "(6*p4,9,9)A"
   ],
   "ring": 18,
   "renderCell": {
    "cellPolygons": [
     {
      "n": 9,
      "vertices": [
       [
        5.298133329357,
        6.314069429304
       ],
       [
        6.298133329357,
        6.314069429304
       ],
       [
        7.064177772476,
        5.671281819618
       ],
       [
        7.237825950143,
        4.686474066606
       ],
       [
        6.737825950143,
        3.820448662821
       ],
       [
        5.798133329357,
        3.478428519495
       ],
       [
        4.858440708571,
        3.820448662821
       ],
       [
        4.358440708571,
        4.686474066606
       ],
       [
        4.532088886238,
        5.671281819618
       ]
      ]
     },
     {
      "n": 6,
      "vertices": [
       [
        5.471781507024,
        1.627595362699
       ],
       [
        4.471781507024,
        1.627595362699
       ],
       [
        3.705737063905,
        0.984807753012
       ],
       [
        3.205737063905,
        1.850833156797
       ],
       [
        2.266044443119,
        2.192853300122
       ],
       [
        2.766044443119,
        3.058878703907
       ],
       [
        2.592396265452,
        4.043686456919
       ],
       [
        3.592396265452,
        4.043686456919
       ],
       [
        4.358440708571,
        4.686474066606
       ],
       [
        4.858440708571,
        3.820448662821
       ],
       [
        5.798133329357,
        3.478428519495
       ],
       [
        5.298133329357,
        2.612403115711
       ]
      ],
      "star": true
     },
     {
      "n": 9,
      "vertices": [
       [
        2.592396265452,
        4.043686456919
       ],
       [
        1.826351822333,
        4.686474066606
       ],
       [
        1.652703644666,
        5.671281819618
       ],
       [
        2.152703644666,
        6.537307223402
       ],
       [
        3.092396265452,
        6.879327366728
       ],
       [
        4.032088886238,
        6.537307223402
       ],
       [
        4.532088886238,
        5.671281819618
       ],
       [
        4.358440708571,
        4.686474066606
       ],
       [
        3.592396265452,
        4.043686456919
       ]
      ]
     }
    ],
    "basis": [
     [
      0.826351822333,
      4.686474066606
     ],
     [
      4.471781507024,
      1.627595362699
     ]
    ]
   },
   "areaCheck": {
    "cellArea": 19.61192167,
    "detAbs": 19.61192167
   }
  }
 ]
}