{
 "_meta": {
  "source": "Cirnact-engine out-of-ring star extension, exact ZZ[zeta_18]",
  "note": "Out-of-ring 1-uniform star tilings (D!=24). Reproduces Myers' out-of-ring k=1 entries. Develop is exact in the palette's own cyclotomic ring."
 },
 "records": [
  {
   "id": "ctrnact-star-9fold-k2-01",
   "k": 2,
   "vertype": "(6*d11,9)A, (9*p1,3,6*p4,9,3)F, (9*d15,3)F, (9*p1,3,6*d11,3)A, (9*d15,3)A",
   "orbits": [
    "(9*p1,3,6*p4,9,3)F",
    "(9*p1,3,6*d11,3)A"
   ],
   "ring": 18,
   "renderCell": {
    "cellPolygons": [
     {
      "n": 9,
      "vertices": [
       [
        5.298133329357,
        6.314069429304
       ],
       [
        6.298133329357,
        6.314069429304
       ],
       [
        7.064177772476,
        5.671281819618
       ],
       [
        7.237825950143,
        4.686474066606
       ],
       [
        6.737825950143,
        3.820448662821
       ],
       [
        5.798133329357,
        3.478428519495
       ],
       [
        4.858440708571,
        3.820448662821
       ],
       [
        4.358440708571,
        4.686474066606
       ],
       [
        4.532088886238,
        5.671281819618
       ]
      ]
     },
     {
      "n": 6,
      "vertices": [
       [
        5.471781507024,
        1.627595362699
       ],
       [
        4.471781507024,
        1.627595362699
       ],
       [
        3.705737063905,
        0.984807753012
       ],
       [
        3.205737063905,
        1.850833156797
       ],
       [
        2.266044443119,
        2.192853300122
       ],
       [
        2.766044443119,
        3.058878703907
       ],
       [
        2.592396265452,
        4.043686456919
       ],
       [
        3.592396265452,
        4.043686456919
       ],
       [
        4.358440708571,
        4.686474066606
       ],
       [
        4.858440708571,
        3.820448662821
       ],
       [
        5.798133329357,
        3.478428519495
       ],
       [
        5.298133329357,
        2.612403115711
       ]
      ],
      "star": true
     },
     {
      "n": 3,
      "vertices": [
       [
        2.592396265452,
        4.043686456919
       ],
       [
        1.826351822333,
        4.686474066606
       ],
       [
        2.766044443119,
        5.028494209931
       ]
      ]
     },
     {
      "n": 9,
      "vertices": [
       [
        2.766044443119,
        5.028494209931
       ],
       [
        1.826351822333,
        4.686474066606
       ],
       [
        2.592396265452,
        5.329261676292
       ],
       [
        1.652703644666,
        5.671281819618
       ],
       [
        2.652703644666,
        5.671281819618
       ],
       [
        2.152703644666,
        6.537307223402
       ],
       [
        2.918748087785,
        5.894519613716
       ],
       [
        3.092396265452,
        6.879327366728
       ],
       [
        3.266044443119,
        5.894519613716
       ],
       [
        4.032088886238,
        6.537307223402
       ],
       [
        3.532088886238,
        5.671281819618
       ],
       [
        4.532088886238,
        5.671281819618
       ],
       [
        3.592396265452,
        5.329261676292
       ],
       [
        4.358440708571,
        4.686474066606
       ],
       [
        3.418748087785,
        5.028494209931
       ],
       [
        3.592396265452,
        4.043686456919
       ],
       [
        3.092396265452,
        4.909711860703
       ],
       [
        2.592396265452,
        4.043686456919
       ]
      ],
      "star": true
     },
     {
      "n": 3,
      "vertices": [
       [
        2.592396265452,
        5.329261676292
       ],
       [
        1.826351822333,
        4.686474066606
       ],
       [
        1.652703644666,
        5.671281819618
       ]
      ]
     },
     {
      "n": 3,
      "vertices": [
       [
        3.205737063905,
        1.850833156797
       ],
       [
        3.705737063905,
        0.984807753012
       ],
       [
        2.705737063905,
        0.984807753012
       ]
      ]
     },
     {
      "n": 3,
      "vertices": [
       [
        3.592396265452,
        5.329261676292
       ],
       [
        4.532088886238,
        5.671281819618
       ],
       [
        4.358440708571,
        4.686474066606
       ]
      ]
     },
     {
      "n": 3,
      "vertices": [
       [
        3.592396265452,
        4.043686456919
       ],
       [
        2.592396265452,
        4.043686456919
       ],
       [
        3.092396265452,
        4.909711860703
       ]
      ]
     },
     {
      "n": 3,
      "vertices": [
       [
        1.826351822333,
        0.984807753012
       ],
       [
        0.826351822333,
        0.984807753012
       ],
       [
        1.326351822333,
        1.850833156797
       ]
      ]
     },
     {
      "n": 3,
      "vertices": [
       [
        2.266044443119,
        2.192853300122
       ],
       [
        3.205737063905,
        1.850833156797
       ],
       [
        2.439692620786,
        1.20804554711
       ]
      ]
     },
     {
      "n": 3,
      "vertices": [
       [
        3.418748087785,
        5.028494209931
       ],
       [
        4.358440708571,
        4.686474066606
       ],
       [
        3.592396265452,
        4.043686456919
       ]
      ]
     },
     {
      "n": 3,
      "vertices": [
       [
        2.092396265452,
        1.20804554711
       ],
       [
        1.326351822333,
        1.850833156797
       ],
       [
        2.266044443119,
        2.192853300122
       ]
      ]
     }
    ],
    "basis": [
     [
      0.826351822333,
      4.686474066606
     ],
     [
      4.471781507024,
      1.627595362699
     ]
    ]
   },
   "areaCheck": {
    "cellArea": 19.61192167,
    "detAbs": 19.61192167
   }
  }
 ]
}