scan-family-joins.py — public/reference-atlas-isotoxal-k4.json
3918 families; param-count histogram: {1: 2145, 2: 1773}
⚑ 1773 multi-parameter families NOT scanned (a join between them is a shared face of a validity box, which this scanner does not model)
scanning 2145 single-parameter families
patch congruence: R=5.0, 9x9 lattice translates

shared endpoints: 34 JOIN candidate group(s), 397 COLLAPSE group(s)

=== JOINs — no tile vanishes, so the limit tiling is real and shared ===
  [8 entries] FINGERPRINT COLLISION — NOT congruent, not a join
      isotoxal-family-k4-483 3.3.3.3.3.4α.12α param0 @ 60°   range [60, 120]   14x3 6x4 6x4* 1x12*
      isotoxal-family-k4-483 3.3.3.3.3.4α.12α param0 @ 120°   range [60, 120]   14x3 6x4 6x4* 1x12*
      isotoxal-family-k4-484 3.3.3.3.3.4α.12α param0 @ 60°   range [60, 120]   14x3 6x4 6x4* 1x12*
      isotoxal-family-k4-484 3.3.3.3.3.4α.12α param0 @ 120°   range [60, 120]   14x3 6x4 6x4* 1x12*
      isotoxal-family-k4-487 3.3.3.3.4α.12α   param0 @ 60°   range [60, 120]   14x3 6x4 6x4* 1x12*
      isotoxal-family-k4-487 3.3.3.3.4α.12α   param0 @ 120°   range [60, 120]   14x3 6x4 6x4* 1x12*
      isotoxal-family-k4-495 3.3.3.3.4α.12α   param0 @ 60°   range [60, 120]   14x3 6x4 6x4* 1x12*
      isotoxal-family-k4-495 3.3.3.3.4α.12α   param0 @ 120°   range [60, 120]   14x3 6x4 6x4* 1x12*
  [6 entries] FINGERPRINT COLLISION — NOT congruent, not a join
      isotoxal-family-k4-485 3.3.3.3.3.4α.12α param0 @ 60°   range [60, 120]   8x3 6x4 6x4* 1x12*
      isotoxal-family-k4-485 3.3.3.3.3.4α.12α param0 @ 120°   range [60, 120]   8x3 6x4 6x4* 1x12*
      isotoxal-family-k4-486 3.3.3.3.3.4α.12α param0 @ 60°   range [60, 120]   8x3 6x4 6x4* 1x12*
      isotoxal-family-k4-486 3.3.3.3.3.4α.12α param0 @ 120°   range [60, 120]   8x3 6x4 6x4* 1x12*
      isotoxal-family-k4-494 3.3.3.3.3.4α.12α param0 @ 60°   range [60, 120]   8x3 6x4 6x4* 1x12*
      isotoxal-family-k4-494 3.3.3.3.3.4α.12α param0 @ 120°   range [60, 120]   8x3 6x4 6x4* 1x12*
  [4 entries] FINGERPRINT COLLISION — NOT congruent, not a join
      isotoxal-family-k4-488 3.4α.12α         param0 @ 60°   range [60, 120]   2x3 12x4 6x4* 1x12*
      isotoxal-family-k4-488 3.4α.12α         param0 @ 120°   range [60, 120]   2x3 12x4 6x4* 1x12*
      isotoxal-family-k4-496 3.4α.12α         param0 @ 60°   range [60, 120]   2x3 12x4 6x4* 1x12*
      isotoxal-family-k4-496 3.4α.12α         param0 @ 120°   range [60, 120]   2x3 12x4 6x4* 1x12*
  [4 entries] FINGERPRINT COLLISION — NOT congruent, not a join
      isotoxal-family-k4-492 3.3.3.3.3.3.6.4α.12α param0 @ 60°   range [60, 120]   12x3 6x4* 1x6 2x12*
      isotoxal-family-k4-492 3.3.3.3.3.3.6.4α.12α param0 @ 120°   range [60, 120]   12x3 6x4* 1x6 2x12*
      isotoxal-family-k4-493 3.3.3.3.6.4α.12α param0 @ 60°   range [60, 120]   12x3 6x4* 1x6 2x12*
      isotoxal-family-k4-493 3.3.3.3.6.4α.12α param0 @ 120°   range [60, 120]   12x3 6x4* 1x6 2x12*
  [8 entries] FINGERPRINT COLLISION — NOT congruent, not a join
      isotoxal-family-k4-2196 3.3.3.3.4.4.4.4α.6α param0 @ 30°   range [30, 150]   4x3 4x4 4x4* 2x6*
      isotoxal-family-k4-2196 3.3.3.3.4.4.4.4α.6α param0 @ 150°   range [30, 150]   4x3 4x4 4x4* 2x6*
      isotoxal-family-k4-2197 3.3.3.3.4.4α.6α  param0 @ 30°   range [30, 150]   4x3 4x4 4x4* 2x6*
      isotoxal-family-k4-2197 3.3.3.3.4.4α.6α  param0 @ 150°   range [30, 150]   4x3 4x4 4x4* 2x6*
      isotoxal-family-k4-963 3.3.3.3.4.4.4.4.4α.6α param0 @ 30°   range [30, 150]   2x3 2x4 2x4* 1x6*
      isotoxal-family-k4-963 3.3.3.3.4.4.4.4.4α.6α param0 @ 150°   range [30, 150]   2x3 2x4 2x4* 1x6*
      isotoxal-family-k4-964 3.3.3.3.4.4.4α.6α param0 @ 30°   range [30, 150]   2x3 2x4 2x4* 1x6*
      isotoxal-family-k4-964 3.3.3.3.4.4.4α.6α param0 @ 150°   range [30, 150]   2x3 2x4 2x4* 1x6*
  [8 entries] FINGERPRINT COLLISION — NOT congruent, not a join
      isotoxal-family-k4-2782 3.3.3.3.4α.6α    param0 @ 120°   range [0, 120]   12x3 6x4 3x4* 2x6*
      isotoxal-family-k4-2783 3.3.3.3.4α.6α    param0 @ 60°   range [60, 180]   12x3 6x4 3x4* 2x6*
      isotoxal-family-k4-3839 3.3.3.3.3.3.4α.6α param0 @ 120°   range [0, 120]   12x3 6x4 3x4* 2x6*
      isotoxal-family-k4-3884 3.3.3.3.3.3.4α.6α param0 @ 60°   range [60, 180]   12x3 6x4 3x4* 2x6*
      isotoxal-family-k4-3909 3.3.3.3.3.3.3.4α.6α param0 @ 60°   range [60, 120]   12x3 9x4* 2x6*
      isotoxal-family-k4-3909 3.3.3.3.3.3.3.4α.6α param0 @ 120°   range [60, 120]   12x3 9x4* 2x6*
      isotoxal-family-k4-3910 3.3.3.3.3.3.3.4α.6α param0 @ 60°   range [60, 120]   12x3 9x4* 2x6*
      isotoxal-family-k4-3910 3.3.3.3.3.3.3.4α.6α param0 @ 120°   range [60, 120]   12x3 9x4* 2x6*
  [4 entries] FINGERPRINT COLLISION — NOT congruent, not a join
      isotoxal-family-k4-2808 3.3.4α.6α        param0 @ 120°   range [0, 120]   2x3 6x4 3x4* 1x6*
      isotoxal-family-k4-2809 3.3.4α.6α        param0 @ 60°   range [60, 180]   2x3 6x4 3x4* 1x6*
      isotoxal-family-k4-3844 3.3.4α.6α        param0 @ 120°   range [0, 120]   2x3 6x4 3x4* 1x6*
      isotoxal-family-k4-3889 3.3.4α.6α        param0 @ 60°   range [60, 180]   2x3 6x4 3x4* 1x6*
  [2 entries] FINGERPRINT COLLISION — NOT congruent, not a join
      isotoxal-family-k4-3086 4α.6α            param0 @ 120°   range [0, 120]   12x4 3x4* 2x6*
      isotoxal-family-k4-3087 4α.6α            param0 @ 60°   range [60, 180]   12x4 3x4* 2x6*
  [4 entries] DUPLICATE ARTIFACT — the entries are one family (see DUPLICATES), not a join
      isotoxal-family-k4-3092 6.4α.6α          param0 @ 60°   range [60, 180]   6x4 1x6 6x6*
      isotoxal-family-k4-3092 6.4α.6α          param0 @ 180°   range [60, 180]   6x4 1x6 6x6*
      isotoxal-family-k4-3093 6.4α.6α          param0 @ 60°   range [60, 180]   6x4 1x6 6x6*
      isotoxal-family-k4-3093 6.4α.6α          param0 @ 180°   range [60, 180]   6x4 1x6 6x6*
  [2 entries] FINGERPRINT COLLISION — NOT congruent, not a join
      isotoxal-family-k4-3117 3.3.3.3.3.3.3.6.4α.6α param0 @ 120°   range [0, 120]   18x3 9x4* 1x6 2x6*
      isotoxal-family-k4-3118 3.3.3.3.3.3.3.6.4α.6α param0 @ 60°   range [60, 180]   18x3 9x4* 1x6 2x6*
  [2 entries] DUPLICATE ARTIFACT — the entries are one family (see DUPLICATES), not a join
      isotoxal-family-k4-3119 3.3.3.6.4α.6α    param0 @ 120°   range [0, 120]   6x3 6x4 9x4* 1x6 2x6*
      isotoxal-family-k4-3122 3.3.3.6.4α.6α    param0 @ 60°   range [60, 180]   6x3 6x4 9x4* 1x6 2x6*
  [6 entries] FINGERPRINT COLLISION — NOT congruent, not a join
      isotoxal-family-k4-3156 3.3.3.3.3.4α.6α  param0 @ 120°   range [0, 120]   8x3 3x4 3x4* 1x6*
      isotoxal-family-k4-3157 3.3.3.3.3.4α.6α  param0 @ 60°   range [60, 180]   8x3 3x4 3x4* 1x6*
      isotoxal-family-k4-3818 3.3.3.3.3.3.4α.6α param0 @ 120°   range [0, 120]   8x3 3x4 3x4* 1x6*
      isotoxal-family-k4-3836 3.3.3.3.3.4α.6α  param0 @ 120°   range [0, 120]   8x3 3x4 3x4* 1x6*
      isotoxal-family-k4-3864 3.3.3.3.3.3.4α.6α param0 @ 60°   range [60, 180]   8x3 3x4 3x4* 1x6*
      isotoxal-family-k4-3881 3.3.3.3.3.4α.6α  param0 @ 60°   range [60, 180]   8x3 3x4 3x4* 1x6*
  [4 entries] FINGERPRINT COLLISION — NOT congruent, not a join
      isotoxal-family-k4-3242 3.3.3.3.3.3.3.4α.6α param0 @ 120°   range [0, 120]   8x3 2x4 4x4* 2x6*
      isotoxal-family-k4-3243 3.3.3.3.3.4α.6α  param0 @ 120°   range [0, 120]   8x3 2x4 4x4* 2x6*
      isotoxal-family-k4-3677 3.3.3.3.3.3.3.4α.6α param0 @ 60°   range [60, 180]   8x3 2x4 4x4* 2x6*
      isotoxal-family-k4-3678 3.3.3.3.3.4α.6α  param0 @ 60°   range [60, 180]   8x3 2x4 4x4* 2x6*
  [8 entries] FINGERPRINT COLLISION — NOT congruent, not a join
      isotoxal-family-k4-3810 3.3.3.3.4α.6α    param0 @ 60°   range [60, 120]   4x3 8x4* 2x6*
      isotoxal-family-k4-3810 3.3.3.3.4α.6α    param0 @ 120°   range [60, 120]   4x3 8x4* 2x6*
      isotoxal-family-k4-3811 3.3.3.3.4α.6α    param0 @ 60°   range [60, 120]   2x3 4x4* 1x6*
      isotoxal-family-k4-3811 3.3.3.3.4α.6α    param0 @ 120°   range [60, 120]   2x3 4x4* 1x6*
      isotoxal-family-k4-3837 3.3.3.4α.6α      param0 @ 120°   range [0, 120]   2x3 2x4 2x4* 1x6*
      isotoxal-family-k4-3838 3.3.4α.6α        param0 @ 120°   range [0, 120]   4x3 4x4 4x4* 2x6*
      isotoxal-family-k4-3882 3.3.3.4α.6α      param0 @ 60°   range [60, 180]   2x3 2x4 2x4* 1x6*
      isotoxal-family-k4-3883 3.3.4α.6α        param0 @ 60°   range [60, 180]   4x3 4x4 4x4* 2x6*
  [4 entries] FINGERPRINT COLLISION — NOT congruent, not a join
      isotoxal-family-k4-3823 3.3.3.3.3.3.3.3.3.4α.6α param0 @ 120°   range [0, 120]   18x3 6x4* 2x6*
      isotoxal-family-k4-3834 3.3.3.3.3.3.3.3.4α.6α param0 @ 120°   range [0, 120]   18x3 6x4* 2x6*
      isotoxal-family-k4-3868 3.3.3.3.3.3.3.3.3.4α.6α param0 @ 60°   range [60, 180]   18x3 6x4* 2x6*
      isotoxal-family-k4-3879 3.3.3.3.3.3.3.3.4α.6α param0 @ 60°   range [60, 180]   18x3 6x4* 2x6*
  [8 entries] FINGERPRINT COLLISION — NOT congruent, not a join
      isotoxal-family-k4-3825 3.3.3.3.3.3.3.3.4α.6α param0 @ 120°   range [0, 120]   6x3 2x4* 1x6*
      isotoxal-family-k4-3826 3.3.3.3.3.3.3.3.4α.6α param0 @ 120°   range [0, 120]   12x3 4x4* 2x6*
      isotoxal-family-k4-3829 3.3.3.3.3.3.3.4α.6α param0 @ 120°   range [0, 120]   6x3 2x4* 1x6*
      isotoxal-family-k4-3830 3.3.3.3.3.3.3.4α.6α param0 @ 120°   range [0, 120]   12x3 4x4* 2x6*
      isotoxal-family-k4-3869 3.3.3.3.3.3.3.3.4α.6α param0 @ 60°   range [60, 180]   6x3 2x4* 1x6*
      isotoxal-family-k4-3870 3.3.3.3.3.3.3.3.4α.6α param0 @ 60°   range [60, 180]   12x3 4x4* 2x6*
      isotoxal-family-k4-3873 3.3.3.3.3.3.3.4α.6α param0 @ 60°   range [60, 180]   6x3 2x4* 1x6*
      isotoxal-family-k4-3874 3.3.3.3.3.3.3.4α.6α param0 @ 60°   range [60, 180]   12x3 4x4* 2x6*
  [8 entries] FINGERPRINT COLLISION — NOT congruent, not a join
      isotoxal-family-k4-3827 3.3.3.3.3.3.3.3.4α.6α param0 @ 120°   range [0, 120]   12x3 2x4* 4x6*
      isotoxal-family-k4-3828 3.3.3.3.3.3.3.4α.6α param0 @ 120°   range [0, 120]   6x3 1x4* 2x6*
      isotoxal-family-k4-3831 3.3.3.3.3.3.3.4α.6α param0 @ 120°   range [0, 120]   12x3 2x4* 4x6*
      isotoxal-family-k4-3832 3.3.3.3.3.3.4α.6α param0 @ 120°   range [0, 120]   6x3 1x4* 2x6*
      isotoxal-family-k4-3871 3.3.3.3.3.3.3.3.4α.6α param0 @ 60°   range [60, 180]   12x3 2x4* 4x6*
      isotoxal-family-k4-3872 3.3.3.3.3.3.3.4α.6α param0 @ 60°   range [60, 180]   6x3 1x4* 2x6*
      isotoxal-family-k4-3875 3.3.3.3.3.3.3.4α.6α param0 @ 60°   range [60, 180]   12x3 2x4* 4x6*
      isotoxal-family-k4-3876 3.3.3.3.3.3.4α.6α param0 @ 60°   range [60, 180]   6x3 1x4* 2x6*
  [2 entries] FINGERPRINT COLLISION — NOT congruent, not a join
      isotoxal-family-k4-3833 3.3.3.3.3.3.3.3.4α.6α param0 @ 120°   range [0, 120]   14x3 3x4* 1x6*
      isotoxal-family-k4-3878 3.3.3.3.3.3.3.3.4α.6α param0 @ 60°   range [60, 180]   14x3 3x4* 1x6*
  [2 entries] FINGERPRINT COLLISION — NOT congruent, not a join
      isotoxal-family-k4-3835 3.3.3.3.3.3.3.3.3.4α.6α param0 @ 120°   range [0, 120]   24x3 3x4* 2x6*
      isotoxal-family-k4-3880 3.3.3.3.3.3.3.3.3.4α.6α param0 @ 60°   range [60, 180]   24x3 3x4* 2x6*
  [2 entries] CONGRUENT — one arc through the limit (2 distinct branches)
      isotoxal-family-k4-3840 4α.6α            param0 @ 120°   range [0, 120]   6x4 4x4* 2x6*
      isotoxal-family-k4-3885 4α.6α            param0 @ 60°   range [60, 180]   6x4 4x4* 2x6*
      -> MERGE: isotoxal-family-k4-3840 + isotoxal-family-k4-3885   (excluded: none)
  [12 entries] FINGERPRINT COLLISION — NOT congruent, not a join
      isotoxal-family-k4-3841 3.3.3.4α.6α      param0 @ 120°   range [0, 120]   4x3 4x4 2x4* 4x6*
      isotoxal-family-k4-3842 3.3.4α.6α        param0 @ 120°   range [0, 120]   2x3 2x4 1x4* 2x6*
      isotoxal-family-k4-3851 3.3.3.4α.6α      param0 @ 120°   range [0, 120]   2x3 2x4 1x4* 2x6*
      isotoxal-family-k4-3854 3.3.3.4α.6α      param0 @ 120°   range [0, 120]   2x3 2x4 1x4* 2x6*
      isotoxal-family-k4-3886 3.3.3.4α.6α      param0 @ 60°   range [60, 180]   4x3 4x4 2x4* 4x6*
      isotoxal-family-k4-3887 3.3.4α.6α        param0 @ 60°   range [60, 180]   2x3 2x4 1x4* 2x6*
      isotoxal-family-k4-3894 3.3.3.4α.6α      param0 @ 60°   range [60, 180]   2x3 2x4 1x4* 2x6*
      isotoxal-family-k4-3896 3.3.3.4α.6α      param0 @ 60°   range [60, 180]   2x3 2x4 1x4* 2x6*
      isotoxal-family-k4-3915 3.3.3.4α.6α      param0 @ 60°   range [60, 120]   4x3 2x4 4x4* 4x6*
      isotoxal-family-k4-3915 3.3.3.4α.6α      param0 @ 120°   range [60, 120]   4x3 2x4 4x4* 4x6*
      isotoxal-family-k4-3916 3.3.3.4α.6α      param0 @ 60°   range [60, 120]   2x3 1x4 2x4* 2x6*
      isotoxal-family-k4-3916 3.3.3.4α.6α      param0 @ 120°   range [60, 120]   2x3 1x4 2x4* 2x6*
  [2 entries] DUPLICATE ARTIFACT — the entries are one family (see DUPLICATES), not a join
      isotoxal-family-k4-3843 4α.6α            param0 @ 120°   range [0, 120]   3x4 1x4* 2x6*
      isotoxal-family-k4-3888 4α.6α            param0 @ 60°   range [60, 180]   3x4 1x4* 2x6*
  [2 entries] CONGRUENT — one arc through the limit (2 distinct branches)
      isotoxal-family-k4-3845 3.3.3.3.4α.6α    param0 @ 120°   range [0, 120]   6x3 6x4 6x4* 2x6*
      isotoxal-family-k4-3890 3.3.3.3.4α.6α    param0 @ 60°   range [60, 180]   6x3 6x4 6x4* 2x6*
      -> MERGE: isotoxal-family-k4-3845 + isotoxal-family-k4-3890   (excluded: none)
  [2 entries] DUPLICATE ARTIFACT — the entries are one family (see DUPLICATES), not a join
      isotoxal-family-k4-3846 3.3.3.3.6.6α     param0 @ 60°   range [60, 120]   12x3 1x6 8x6*
      isotoxal-family-k4-3855 3.3.3.3.6.6α     param0 @ 120°   range [60, 120]   12x3 1x6 8x6*
  [2 entries] DUPLICATE ARTIFACT — the entries are one family (see DUPLICATES), not a join
      isotoxal-family-k4-3846 3.3.3.3.6.6α     param0 @ 120°   range [60, 120]   12x3 1x6 8x6*
      isotoxal-family-k4-3855 3.3.3.3.6.6α     param0 @ 60°   range [60, 120]   12x3 1x6 8x6*
  [2 entries] DUPLICATE ARTIFACT — the entries are one family (see DUPLICATES), not a join
      isotoxal-family-k4-3847 3.3.3.6.4α.6α    param0 @ 60°   range [60, 120]   6x3 3x4 1x6 8x6*
      isotoxal-family-k4-3856 3.3.3.6.4α.6α    param0 @ 120°   range [60, 120]   6x3 3x4 1x6 8x6*
  [2 entries] DUPLICATE ARTIFACT — the entries are one family (see DUPLICATES), not a join
      isotoxal-family-k4-3847 3.3.3.6.4α.6α    param0 @ 120°   range [60, 120]   6x3 3x4 1x6 8x6*
      isotoxal-family-k4-3856 3.3.3.6.4α.6α    param0 @ 60°   range [60, 120]   6x3 3x4 1x6 8x6*
  [2 entries] DUPLICATE ARTIFACT — the entries are one family (see DUPLICATES), not a join
      isotoxal-family-k4-3848 6.4α.6α          param0 @ 60°   range [60, 120]   6x4 1x6 8x6*
      isotoxal-family-k4-3857 6.4α.6α          param0 @ 120°   range [60, 120]   6x4 1x6 8x6*
  [2 entries] DUPLICATE ARTIFACT — the entries are one family (see DUPLICATES), not a join
      isotoxal-family-k4-3848 6.4α.6α          param0 @ 120°   range [60, 120]   6x4 1x6 8x6*
      isotoxal-family-k4-3857 6.4α.6α          param0 @ 60°   range [60, 120]   6x4 1x6 8x6*
  [12 entries] FINGERPRINT COLLISION — NOT congruent, not a join
      isotoxal-family-k4-3849 3.3.3.3.3.4α.6α  param0 @ 120°   range [0, 120]   4x3 1x4 1x4* 2x6*
      isotoxal-family-k4-3853 3.3.3.3.4α.6α    param0 @ 120°   range [0, 120]   4x3 1x4 1x4* 2x6*
      isotoxal-family-k4-3893 3.3.3.3.3.4α.6α  param0 @ 60°   range [60, 180]   4x3 1x4 1x4* 2x6*
      isotoxal-family-k4-3895 3.3.3.3.4α.6α    param0 @ 60°   range [60, 180]   4x3 1x4 1x4* 2x6*
      isotoxal-family-k4-3911 3.3.3.3.3.3.4α.6α param0 @ 60°   range [60, 120]   4x3 2x4* 2x6*
      isotoxal-family-k4-3911 3.3.3.3.3.3.4α.6α param0 @ 120°   range [60, 120]   4x3 2x4* 2x6*
      isotoxal-family-k4-3912 3.3.3.3.3.3.4α.6α param0 @ 60°   range [60, 120]   8x3 4x4* 4x6*
      isotoxal-family-k4-3912 3.3.3.3.3.3.4α.6α param0 @ 120°   range [60, 120]   8x3 4x4* 4x6*
      isotoxal-family-k4-3913 3.3.3.3.3.4α.6α  param0 @ 60°   range [60, 120]   8x3 4x4* 4x6*
      isotoxal-family-k4-3913 3.3.3.3.3.4α.6α  param0 @ 120°   range [60, 120]   8x3 4x4* 4x6*
      isotoxal-family-k4-3914 3.3.3.3.3.4α.6α  param0 @ 60°   range [60, 120]   4x3 2x4* 2x6*
      isotoxal-family-k4-3914 3.3.3.3.3.4α.6α  param0 @ 120°   range [60, 120]   4x3 2x4* 2x6*
  [4 entries] FINGERPRINT COLLISION — NOT congruent, not a join
      isotoxal-family-k4-3850 3.3.3.4.4.4α.6α  param0 @ 30°   range [30, 150]   2x3 2x4 1x4* 2x6*
      isotoxal-family-k4-3850 3.3.3.4.4.4α.6α  param0 @ 150°   range [30, 150]   2x3 2x4 1x4* 2x6*
      isotoxal-family-k4-3852 3.3.3.4α.6α      param0 @ 30°   range [30, 150]   2x3 2x4 1x4* 2x6*
      isotoxal-family-k4-3852 3.3.3.4α.6α      param0 @ 150°   range [30, 150]   2x3 2x4 1x4* 2x6*
  [4 entries] FINGERPRINT COLLISION — NOT congruent, not a join
      isotoxal-family-k4-3900 3.3.3.3.3.3.3.4.4.4α.6α param0 @ 30°   range [30, 150]   12x3 3x4 6x4* 2x6*
      isotoxal-family-k4-3900 3.3.3.3.3.3.3.4.4.4α.6α param0 @ 150°   range [30, 150]   12x3 3x4 6x4* 2x6*
      isotoxal-family-k4-3904 3.3.3.3.3.3.3.4α.6α param0 @ 30°   range [30, 150]   12x3 3x4 6x4* 2x6*
      isotoxal-family-k4-3904 3.3.3.3.3.3.3.4α.6α param0 @ 150°   range [30, 150]   12x3 3x4 6x4* 2x6*
  [8 entries] FINGERPRINT COLLISION — NOT congruent, not a join
      isotoxal-family-k4-3901 3.3.3.3.3.3.4.4.4α.6α param0 @ 30°   range [30, 150]   8x3 2x4 2x4* 4x6*
      isotoxal-family-k4-3901 3.3.3.3.3.3.4.4.4α.6α param0 @ 150°   range [30, 150]   8x3 2x4 2x4* 4x6*
      isotoxal-family-k4-3902 3.3.3.3.3.4.4.4α.6α param0 @ 30°   range [30, 150]   4x3 1x4 1x4* 2x6*
      isotoxal-family-k4-3902 3.3.3.3.3.4.4.4α.6α param0 @ 150°   range [30, 150]   4x3 1x4 1x4* 2x6*
      isotoxal-family-k4-3907 3.3.3.3.3.3.4α.6α param0 @ 30°   range [30, 150]   8x3 2x4 2x4* 4x6*
      isotoxal-family-k4-3907 3.3.3.3.3.3.4α.6α param0 @ 150°   range [30, 150]   8x3 2x4 2x4* 4x6*
      isotoxal-family-k4-3908 3.3.3.3.3.4α.6α  param0 @ 30°   range [30, 150]   4x3 1x4 1x4* 2x6*
      isotoxal-family-k4-3908 3.3.3.3.3.4α.6α  param0 @ 150°   range [30, 150]   4x3 1x4 1x4* 2x6*
  [4 entries] FINGERPRINT COLLISION — NOT congruent, not a join
      isotoxal-family-k4-3905 3.3.3.3.3.3.4.4.4α.6α param0 @ 30°   range [30, 150]   12x3 6x4 3x4* 2x6*
      isotoxal-family-k4-3905 3.3.3.3.3.3.4.4.4α.6α param0 @ 150°   range [30, 150]   12x3 6x4 3x4* 2x6*
      isotoxal-family-k4-3906 3.3.3.3.3.3.4.4.4α.6α param0 @ 30°   range [30, 150]   12x3 6x4 3x4* 2x6*
      isotoxal-family-k4-3906 3.3.3.3.3.3.4.4.4α.6α param0 @ 150°   range [30, 150]   12x3 6x4 3x4* 2x6*
  -> 2 verified join(s); 23 collision(s) rejected; 9 duplicate artifact(s)

=== COLLAPSEs — a tile hits zero area; the limit is a SIMPLER tiling, shared by unrelated arcs ===
  isotoxal-family-k4-01[3.3.3.3.3.3.3.3.3.3.4.4α]@0° | isotoxal-family-k4-01[3.3.3.3.3.3.3.3.3.3.4.4α]@180° | isotoxal-family-k4-02[3.3.3.3.3.3.3.3.3.3.4.4α]@0° | isotoxal-family-k4-02[3.3.3.3.3.3.3.3.3.3.4.4α]@180°
  isotoxal-family-k4-03[3.3.3.3.3.3.3.3.3.4.4α]@0° | isotoxal-family-k4-04[3.3.3.3.3.3.3.3.3.4.4α]@0° | isotoxal-family-k4-05[3.3.3.3.3.3.3.3.3.4.4α]@0° | isotoxal-family-k4-06[3.3.3.3.3.3.3.3.3.4.4α]@0° | isotoxal-family-k4-1098[3.3.3.3.3.3.3.3.4.4α]@0° | isotoxal-family-k4-1098[3.3.3.3.3.3.3.3.4.4α]@180° | isotoxal-family-k4-1099[3.3.3.3.3.3.3.3.4.4α]@0° | isotoxal-family-k4-1099[3.3.3.3.3.3.3.3.4.4α]@180° | isotoxal-family-k4-1100[3.3.3.3.3.3.3.3.4.4α]@0° | isotoxal-family-k4-1100[3.3.3.3.3.3.3.3.4.4α]@180° | isotoxal-family-k4-1101[3.3.3.3.3.3.3.3.4.4α]@0° | isotoxal-family-k4-1101[3.3.3.3.3.3.3.3.4.4α]@180° | isotoxal-family-k4-23[3.3.3.3.3.3.3.3.3.4.4α]@0° | isotoxal-family-k4-23[3.3.3.3.3.3.3.3.3.4.4α]@180° | isotoxal-family-k4-24[3.3.3.3.3.3.3.3.3.4.4α]@0° | isotoxal-family-k4-25[3.3.3.3.3.3.3.3.3.4.4α]@0° | isotoxal-family-k4-25[3.3.3.3.3.3.3.3.3.4.4α]@180° | isotoxal-family-k4-26[3.3.3.3.3.3.3.3.3.4.4α]@0° | isotoxal-family-k4-26[3.3.3.3.3.3.3.3.3.4.4α]@180°
  isotoxal-family-k4-03[3.3.3.3.3.3.3.3.3.4.4α]@180° | isotoxal-family-k4-06[3.3.3.3.3.3.3.3.3.4.4α]@180°
  isotoxal-family-k4-04[3.3.3.3.3.3.3.3.3.4.4α]@180° | isotoxal-family-k4-05[3.3.3.3.3.3.3.3.3.4.4α]@180° | isotoxal-family-k4-24[3.3.3.3.3.3.3.3.3.4.4α]@180°
  isotoxal-family-k4-07[3.3.3.3.3.3.3.3.3.4.4.4α]@0° | isotoxal-family-k4-07[3.3.3.3.3.3.3.3.3.4.4.4α]@180° | isotoxal-family-k4-08[3.3.3.3.3.3.3.3.3.4.4.4α]@0° | isotoxal-family-k4-08[3.3.3.3.3.3.3.3.3.4.4.4α]@180° | isotoxal-family-k4-1043[3.3.3.3.3.3.3.3.4.4.4α]@0° | isotoxal-family-k4-1043[3.3.3.3.3.3.3.3.4.4.4α]@180° | isotoxal-family-k4-1044[3.3.3.3.3.3.3.3.4.4.4α]@0° | isotoxal-family-k4-1044[3.3.3.3.3.3.3.3.4.4.4α]@180° | isotoxal-family-k4-16[3.3.3.3.3.3.3.3.3.4.4.4α]@0° | isotoxal-family-k4-16[3.3.3.3.3.3.3.3.3.4.4.4α]@180° | isotoxal-family-k4-17[3.3.3.3.3.3.3.3.3.4.4.4α]@0° | isotoxal-family-k4-17[3.3.3.3.3.3.3.3.3.4.4.4α]@180°
  isotoxal-family-k4-09[3.3.3.3.3.3.3.3.4.4.4.4α]@0° | isotoxal-family-k4-09[3.3.3.3.3.3.3.3.4.4.4.4α]@180° | isotoxal-family-k4-10[3.3.3.3.3.3.3.3.4.4.4.4α]@0° | isotoxal-family-k4-10[3.3.3.3.3.3.3.3.4.4.4.4α]@180° | isotoxal-family-k4-1046[3.3.3.3.3.3.3.4.4.4.4α]@0° | isotoxal-family-k4-1046[3.3.3.3.3.3.3.4.4.4.4α]@180° | isotoxal-family-k4-1047[3.3.3.3.3.3.3.4.4.4.4α]@0° | isotoxal-family-k4-1047[3.3.3.3.3.3.3.4.4.4.4α]@180° | isotoxal-family-k4-125[3.3.3.3.3.3.3.4.4.4.4α]@0° | isotoxal-family-k4-125[3.3.3.3.3.3.3.4.4.4.4α]@180° | isotoxal-family-k4-126[3.3.3.3.3.3.3.4.4.4.4α]@0° | isotoxal-family-k4-126[3.3.3.3.3.3.3.4.4.4.4α]@180°
  isotoxal-family-k4-1048[3.3.3.3.3.3.3.4.4.4α]@0° | isotoxal-family-k4-1048[3.3.3.3.3.3.3.4.4.4α]@180° | isotoxal-family-k4-1049[3.3.3.3.3.3.3.4.4.4α]@0° | isotoxal-family-k4-1049[3.3.3.3.3.3.3.4.4.4α]@180° | isotoxal-family-k4-11[3.3.3.3.3.3.3.3.4.4.4α]@0° | isotoxal-family-k4-11[3.3.3.3.3.3.3.3.4.4.4α]@180° | isotoxal-family-k4-1104[3.3.3.3.3.3.3.4.4.4α]@0° | isotoxal-family-k4-1104[3.3.3.3.3.3.3.4.4.4α]@180° | isotoxal-family-k4-1105[3.3.3.3.3.3.3.4.4.4α]@0° | isotoxal-family-k4-1105[3.3.3.3.3.3.3.4.4.4α]@180° | isotoxal-family-k4-1106[3.3.3.3.3.3.3.4.4.4α]@0° | isotoxal-family-k4-1106[3.3.3.3.3.3.3.4.4.4α]@180° | isotoxal-family-k4-1107[3.3.3.3.3.3.3.4.4.4α]@0° | isotoxal-family-k4-1107[3.3.3.3.3.3.3.4.4.4α]@180° | isotoxal-family-k4-1108[3.3.3.3.3.3.3.4.4.4α]@0° | isotoxal-family-k4-1108[3.3.3.3.3.3.3.4.4.4α]@180° | isotoxal-family-k4-1109[3.3.3.3.3.3.3.4.4.4α]@0° | isotoxal-family-k4-1109[3.3.3.3.3.3.3.4.4.4α]@180° | isotoxal-family-k4-1110[3.3.3.3.3.3.3.4.4.4α]@0° | isotoxal-family-k4-1110[3.3.3.3.3.3.3.4.4.4α]@180° | isotoxal-family-k4-1111[3.3.3.3.3.3.3.4.4.4α]@0° | isotoxal-family-k4-1111[3.3.3.3.3.3.3.4.4.4α]@180° | isotoxal-family-k4-1112[3.3.3.3.3.3.3.4.4.4α]@0° | isotoxal-family-k4-1112[3.3.3.3.3.3.3.4.4.4α]@180° | isotoxal-family-k4-1113[3.3.3.3.3.3.3.4.4.4α]@0° | isotoxal-family-k4-1113[3.3.3.3.3.3.3.4.4.4α]@180° | isotoxal-family-k4-1126[3.3.3.3.3.3.3.4.4.4α]@0° | isotoxal-family-k4-1127[3.3.3.3.3.3.3.4.4.4α]@0° | isotoxal-family-k4-1128[3.3.3.3.3.3.3.4.4.4α]@0° | isotoxal-family-k4-1128[3.3.3.3.3.3.3.4.4.4α]@180° | isotoxal-family-k4-1129[3.3.3.3.3.3.3.4.4.4α]@0° | isotoxal-family-k4-1129[3.3.3.3.3.3.3.4.4.4α]@180° | isotoxal-family-k4-12[3.3.3.3.3.3.3.3.4.4.4α]@0° | isotoxal-family-k4-12[3.3.3.3.3.3.3.3.4.4.4α]@180° | isotoxal-family-k4-13[3.3.3.3.3.3.3.3.4.4.4α]@0° | isotoxal-family-k4-13[3.3.3.3.3.3.3.3.4.4.4α]@180° | isotoxal-family-k4-14[3.3.3.3.3.3.3.3.4.4.4α]@0° | isotoxal-family-k4-14[3.3.3.3.3.3.3.3.4.4.4α]@180° | isotoxal-family-k4-29[3.3.3.3.3.3.3.3.4.4.4α]@0° | isotoxal-family-k4-29[3.3.3.3.3.3.3.3.4.4.4α]@180°
  isotoxal-family-k4-1042[3.3.3.3.3.3.3.3.4.4.4α]@0° | isotoxal-family-k4-1042[3.3.3.3.3.3.3.3.4.4.4α]@180° | isotoxal-family-k4-1045[3.3.3.3.3.3.3.3.4.4.4α]@0° | isotoxal-family-k4-1045[3.3.3.3.3.3.3.3.4.4.4α]@180° | isotoxal-family-k4-15[3.3.3.3.3.3.3.3.3.4.4.4α]@0° | isotoxal-family-k4-15[3.3.3.3.3.3.3.3.3.4.4.4α]@180° | isotoxal-family-k4-18[3.3.3.3.3.3.3.3.3.4.4.4α]@0° | isotoxal-family-k4-18[3.3.3.3.3.3.3.3.3.4.4.4α]@180° | isotoxal-family-k4-38[3.3.3.3.3.3.3.4.4.4.4α]@0° | isotoxal-family-k4-38[3.3.3.3.3.3.3.4.4.4.4α]@180° | isotoxal-family-k4-383[3.3.3.3.3.3.3.4.4.4.4α]@0° | isotoxal-family-k4-383[3.3.3.3.3.3.3.4.4.4.4α]@180°
  isotoxal-family-k4-1096[3.3.3.3.3.3.3.3.4.4α]@0° | isotoxal-family-k4-1097[3.3.3.3.3.3.3.3.4.4α]@0° | isotoxal-family-k4-1097[3.3.3.3.3.3.3.3.4.4α]@180° | isotoxal-family-k4-1102[3.3.3.3.3.3.3.3.4.4α]@0° | isotoxal-family-k4-1102[3.3.3.3.3.3.3.3.4.4α]@180° | isotoxal-family-k4-1103[3.3.3.3.3.3.3.3.4.4α]@0° | isotoxal-family-k4-1103[3.3.3.3.3.3.3.3.4.4α]@180° | isotoxal-family-k4-21[3.3.3.3.3.3.3.3.3.4.4α]@0° | isotoxal-family-k4-21[3.3.3.3.3.3.3.3.3.4.4α]@180° | isotoxal-family-k4-22[3.3.3.3.3.3.3.3.3.4.4α]@0° | isotoxal-family-k4-22[3.3.3.3.3.3.3.3.3.4.4α]@180° | isotoxal-family-k4-2629[3.3.3.3.3.3.3.4.4α]@0° | isotoxal-family-k4-2629[3.3.3.3.3.3.3.4.4α]@180° | isotoxal-family-k4-2630[3.3.3.3.3.3.3.4.4α]@0° | isotoxal-family-k4-2630[3.3.3.3.3.3.3.4.4α]@180° | isotoxal-family-k4-27[3.3.3.3.3.3.3.3.3.4.4α]@0° | isotoxal-family-k4-27[3.3.3.3.3.3.3.3.3.4.4α]@180° | isotoxal-family-k4-28[3.3.3.3.3.3.3.3.3.4.4α]@0° | isotoxal-family-k4-28[3.3.3.3.3.3.3.3.3.4.4α]@180° | isotoxal-family-k4-2814[3.3.3.3.3.3.3.4.4α]@0° | isotoxal-family-k4-2814[3.3.3.3.3.3.3.4.4α]@180° | isotoxal-family-k4-2815[3.3.3.3.3.3.3.4.4α]@0° | isotoxal-family-k4-2815[3.3.3.3.3.3.3.4.4α]@180°
  isotoxal-family-k4-1114[3.3.3.3.3.3.3.4.4α]@0° | isotoxal-family-k4-1114[3.3.3.3.3.3.3.4.4α]@180° | isotoxal-family-k4-1115[3.3.3.3.3.3.3.4.4α]@0° | isotoxal-family-k4-1116[3.3.3.3.3.3.3.4.4α]@0° | isotoxal-family-k4-1116[3.3.3.3.3.3.3.4.4α]@180° | isotoxal-family-k4-1117[3.3.3.3.3.3.3.4.4α]@0° | isotoxal-family-k4-1117[3.3.3.3.3.3.3.4.4α]@180° | isotoxal-family-k4-2485[3.3.3.3.3.3.3.4.4α]@0° | isotoxal-family-k4-2485[3.3.3.3.3.3.3.4.4α]@180° | isotoxal-family-k4-2486[3.3.3.3.3.3.3.4.4α]@0° | isotoxal-family-k4-2486[3.3.3.3.3.3.3.4.4α]@180° | isotoxal-family-k4-2942[3.3.3.3.3.3.3.4.4α]@0° | isotoxal-family-k4-2942[3.3.3.3.3.3.3.4.4α]@180° | isotoxal-family-k4-2943[3.3.3.3.3.3.3.4.4α]@0° | isotoxal-family-k4-2943[3.3.3.3.3.3.3.4.4α]@180° | isotoxal-family-k4-30[3.3.3.3.3.3.3.3.4.4α]@0° | isotoxal-family-k4-30[3.3.3.3.3.3.3.3.4.4α]@180° | isotoxal-family-k4-31[3.3.3.3.3.3.3.3.4.4α]@0° | isotoxal-family-k4-31[3.3.3.3.3.3.3.3.4.4α]@180° | isotoxal-family-k4-32[3.3.3.3.3.3.3.3.4.4α]@0° | isotoxal-family-k4-33[3.3.3.3.3.3.3.3.4.4α]@0° | isotoxal-family-k4-33[3.3.3.3.3.3.3.3.4.4α]@180°
  isotoxal-family-k4-1115[3.3.3.3.3.3.3.4.4α]@180° | isotoxal-family-k4-32[3.3.3.3.3.3.3.3.4.4α]@180°
  isotoxal-family-k4-181[3.3.3.3.3.4.4.4.4.4α]@0° | isotoxal-family-k4-181[3.3.3.3.3.4.4.4.4.4α]@180° | isotoxal-family-k4-184[3.3.3.3.3.4.4.4.4.4α]@0° | isotoxal-family-k4-184[3.3.3.3.3.4.4.4.4.4α]@180° | isotoxal-family-k4-384[3.3.3.3.4.4.4.4.4.4α]@0° | isotoxal-family-k4-384[3.3.3.3.4.4.4.4.4.4α]@180° | isotoxal-family-k4-39[3.3.3.3.4.4.4.4.4.4α]@0° | isotoxal-family-k4-39[3.3.3.3.4.4.4.4.4.4α]@180° | isotoxal-family-k4-395[3.3.3.3.4.4.4.4.4.4α]@0° | isotoxal-family-k4-395[3.3.3.3.4.4.4.4.4.4α]@180° | isotoxal-family-k4-50[3.3.3.3.4.4.4.4.4.4α]@0° | isotoxal-family-k4-50[3.3.3.3.4.4.4.4.4.4α]@180°
  isotoxal-family-k4-1094[3.3.3.3.3.3.3.4.4.4α]@0° | isotoxal-family-k4-1094[3.3.3.3.3.3.3.4.4.4α]@180° | isotoxal-family-k4-1095[3.3.3.3.3.3.3.4.4.4α]@0° | isotoxal-family-k4-1095[3.3.3.3.3.3.3.4.4.4α]@180° | isotoxal-family-k4-1122[3.3.3.3.3.3.3.4.4.4α]@0° | isotoxal-family-k4-1122[3.3.3.3.3.3.3.4.4.4α]@180° | isotoxal-family-k4-1123[3.3.3.3.3.3.3.4.4.4α]@0° | isotoxal-family-k4-1123[3.3.3.3.3.3.3.4.4.4α]@180° | isotoxal-family-k4-1124[3.3.3.3.3.3.3.4.4.4α]@0° | isotoxal-family-k4-1125[3.3.3.3.3.3.3.4.4.4α]@0° | isotoxal-family-k4-1125[3.3.3.3.3.3.3.4.4.4α]@180° | isotoxal-family-k4-1130[3.3.3.3.3.3.3.4.4.4α]@0° | isotoxal-family-k4-1131[3.3.3.3.3.3.3.4.4.4α]@0° | isotoxal-family-k4-1131[3.3.3.3.3.3.3.4.4.4α]@180° | isotoxal-family-k4-1603[3.3.3.3.3.4.4.4α]@0° | isotoxal-family-k4-1603[3.3.3.3.3.4.4.4α]@180° | isotoxal-family-k4-1604[3.3.3.3.3.4.4.4α]@0° | isotoxal-family-k4-1604[3.3.3.3.3.4.4.4α]@180° | isotoxal-family-k4-1643[3.3.3.3.3.4.4.4α]@0° | isotoxal-family-k4-1643[3.3.3.3.3.4.4.4α]@180° | isotoxal-family-k4-1644[3.3.3.3.3.4.4.4α]@0° | isotoxal-family-k4-1644[3.3.3.3.3.4.4.4α]@180° | isotoxal-family-k4-2635[3.3.3.3.3.3.4.4.4α]@0° | isotoxal-family-k4-2635[3.3.3.3.3.3.4.4.4α]@180° | isotoxal-family-k4-2636[3.3.3.3.3.3.4.4.4α]@0° | isotoxal-family-k4-2636[3.3.3.3.3.3.4.4.4α]@180° | isotoxal-family-k4-2820[3.3.3.3.3.3.4.4.4α]@0° | isotoxal-family-k4-2820[3.3.3.3.3.3.4.4.4α]@180° | isotoxal-family-k4-2821[3.3.3.3.3.3.4.4.4α]@0° | isotoxal-family-k4-2821[3.3.3.3.3.3.4.4.4α]@180° | isotoxal-family-k4-385[3.3.3.3.3.3.4.4.4.4α]@0° | isotoxal-family-k4-385[3.3.3.3.3.3.4.4.4.4α]@180° | isotoxal-family-k4-386[3.3.3.3.3.3.4.4.4.4α]@0° | isotoxal-family-k4-386[3.3.3.3.3.3.4.4.4.4α]@180° | isotoxal-family-k4-40[3.3.3.3.3.3.4.4.4.4α]@0° | isotoxal-family-k4-40[3.3.3.3.3.3.4.4.4.4α]@180° | isotoxal-family-k4-409[3.3.3.3.3.4.4.4.4α]@0° | isotoxal-family-k4-409[3.3.3.3.3.4.4.4.4α]@180° | isotoxal-family-k4-41[3.3.3.3.3.3.4.4.4.4α]@0° | isotoxal-family-k4-41[3.3.3.3.3.3.4.4.4.4α]@180° | isotoxal-family-k4-410[3.3.3.3.3.4.4.4.4α]@0° | isotoxal-family-k4-410[3.3.3.3.3.4.4.4.4α]@180° | isotoxal-family-k4-64[3.3.3.3.3.4.4.4.4α]@0° | isotoxal-family-k4-64[3.3.3.3.3.4.4.4.4α]@180° | isotoxal-family-k4-65[3.3.3.3.3.4.4.4.4α]@0° | isotoxal-family-k4-65[3.3.3.3.3.4.4.4.4α]@180°
  isotoxal-family-k4-1244[3.3.3.3.3.4.4.4.4α]@0° | isotoxal-family-k4-1244[3.3.3.3.3.4.4.4.4α]@180° | isotoxal-family-k4-1245[3.3.3.3.3.4.4.4.4α]@0° | isotoxal-family-k4-1245[3.3.3.3.3.4.4.4.4α]@180° | isotoxal-family-k4-1250[3.3.3.3.3.4.4.4.4α]@0° | isotoxal-family-k4-1250[3.3.3.3.3.4.4.4.4α]@180° | isotoxal-family-k4-1251[3.3.3.3.3.4.4.4.4α]@0° | isotoxal-family-k4-1251[3.3.3.3.3.4.4.4.4α]@180° | isotoxal-family-k4-141[3.3.3.3.4.4.4.4α]@0° | isotoxal-family-k4-141[3.3.3.3.4.4.4.4α]@180° | isotoxal-family-k4-142[3.3.3.3.4.4.4.4α]@0° | isotoxal-family-k4-142[3.3.3.3.4.4.4.4α]@180° | isotoxal-family-k4-143[3.3.3.3.4.4.4.4α]@0° | isotoxal-family-k4-143[3.3.3.3.4.4.4.4α]@180° | isotoxal-family-k4-144[3.3.3.3.4.4.4.4α]@0° | isotoxal-family-k4-144[3.3.3.3.4.4.4.4α]@180° | isotoxal-family-k4-1606[3.3.3.3.4.4.4.4α]@0° | isotoxal-family-k4-1606[3.3.3.3.4.4.4.4α]@180° | isotoxal-family-k4-1607[3.3.3.3.4.4.4.4α]@0° | isotoxal-family-k4-1607[3.3.3.3.4.4.4.4α]@180° | isotoxal-family-k4-1646[3.3.3.3.4.4.4.4α]@0° | isotoxal-family-k4-1646[3.3.3.3.4.4.4.4α]@180° | isotoxal-family-k4-1647[3.3.3.3.4.4.4.4α]@0° | isotoxal-family-k4-1647[3.3.3.3.4.4.4.4α]@180° | isotoxal-family-k4-213[3.3.3.3.3.4.4.4.4α]@0° | isotoxal-family-k4-213[3.3.3.3.3.4.4.4.4α]@180° | isotoxal-family-k4-214[3.3.3.3.3.4.4.4.4α]@0° | isotoxal-family-k4-214[3.3.3.3.3.4.4.4.4α]@180° | isotoxal-family-k4-219[3.3.3.3.3.4.4.4.4α]@0° | isotoxal-family-k4-219[3.3.3.3.3.4.4.4.4α]@180° | isotoxal-family-k4-220[3.3.3.3.3.4.4.4.4α]@0° | isotoxal-family-k4-220[3.3.3.3.3.4.4.4.4α]@180° | isotoxal-family-k4-387[3.3.3.3.4.4.4.4.4α]@0° | isotoxal-family-k4-387[3.3.3.3.4.4.4.4.4α]@180° | isotoxal-family-k4-388[3.3.3.3.4.4.4.4.4α]@0° | isotoxal-family-k4-388[3.3.3.3.4.4.4.4.4α]@180° | isotoxal-family-k4-412[3.3.3.3.4.4.4.4.4α]@0° | isotoxal-family-k4-412[3.3.3.3.4.4.4.4.4α]@180° | isotoxal-family-k4-413[3.3.3.3.4.4.4.4.4α]@0° | isotoxal-family-k4-413[3.3.3.3.4.4.4.4.4α]@180° | isotoxal-family-k4-42[3.3.3.3.4.4.4.4.4α]@0° | isotoxal-family-k4-42[3.3.3.3.4.4.4.4.4α]@180° | isotoxal-family-k4-43[3.3.3.3.4.4.4.4.4α]@0° | isotoxal-family-k4-43[3.3.3.3.4.4.4.4.4α]@180° | isotoxal-family-k4-67[3.3.3.3.4.4.4.4.4α]@0° | isotoxal-family-k4-67[3.3.3.3.4.4.4.4.4α]@180° | isotoxal-family-k4-68[3.3.3.3.4.4.4.4.4α]@0° | isotoxal-family-k4-68[3.3.3.3.4.4.4.4.4α]@180°
  isotoxal-family-k4-1066[3.3.3.3.4.4.4α]@0° | isotoxal-family-k4-1066[3.3.3.3.4.4.4α]@180° | isotoxal-family-k4-1067[3.3.3.3.4.4.4α]@0° | isotoxal-family-k4-1068[3.3.3.3.4.4.4α]@0° | isotoxal-family-k4-1069[3.3.3.3.4.4.4α]@0° | isotoxal-family-k4-1265[3.3.3.3.3.4.4.4α]@0° | isotoxal-family-k4-1265[3.3.3.3.3.4.4.4α]@180° | isotoxal-family-k4-1266[3.3.3.3.3.4.4.4α]@0° | isotoxal-family-k4-1266[3.3.3.3.3.4.4.4α]@180° | isotoxal-family-k4-1271[3.3.3.3.3.4.4.4α]@0° | isotoxal-family-k4-1271[3.3.3.3.3.4.4.4α]@180° | isotoxal-family-k4-1272[3.3.3.3.3.4.4.4α]@0° | isotoxal-family-k4-1272[3.3.3.3.3.4.4.4α]@180° | isotoxal-family-k4-1445[3.3.3.3.3.4.4.4α]@0° | isotoxal-family-k4-1445[3.3.3.3.3.4.4.4α]@180° | isotoxal-family-k4-1448[3.3.3.3.3.4.4.4α]@0° | isotoxal-family-k4-1448[3.3.3.3.3.4.4.4α]@180° | isotoxal-family-k4-1608[3.3.3.3.4.4.4α]@0° | isotoxal-family-k4-1608[3.3.3.3.4.4.4α]@180° | isotoxal-family-k4-1609[3.3.3.3.4.4.4α]@0° | isotoxal-family-k4-1609[3.3.3.3.4.4.4α]@180° | isotoxal-family-k4-1648[3.3.3.3.4.4.4α]@0° | isotoxal-family-k4-1648[3.3.3.3.4.4.4α]@180° | isotoxal-family-k4-1649[3.3.3.3.4.4.4α]@0° | isotoxal-family-k4-1649[3.3.3.3.4.4.4α]@180° | isotoxal-family-k4-1674[3.3.3.3.3.4.4.4α]@0° | isotoxal-family-k4-1674[3.3.3.3.3.4.4.4α]@180° | isotoxal-family-k4-1677[3.3.3.3.3.4.4.4α]@0° | isotoxal-family-k4-1677[3.3.3.3.3.4.4.4α]@180° | isotoxal-family-k4-389[3.3.3.3.4.4.4.4α]@0° | isotoxal-family-k4-389[3.3.3.3.4.4.4.4α]@180° | isotoxal-family-k4-392[3.3.3.3.4.4.4.4α]@0° | isotoxal-family-k4-414[3.3.3.3.4.4.4.4α]@0° | isotoxal-family-k4-414[3.3.3.3.4.4.4.4α]@180° | isotoxal-family-k4-415[3.3.3.3.4.4.4.4α]@0° | isotoxal-family-k4-44[3.3.3.3.4.4.4.4α]@0° | isotoxal-family-k4-44[3.3.3.3.4.4.4.4α]@180° | isotoxal-family-k4-47[3.3.3.3.4.4.4.4α]@0° | isotoxal-family-k4-69[3.3.3.3.4.4.4.4α]@0° | isotoxal-family-k4-69[3.3.3.3.4.4.4.4α]@180° | isotoxal-family-k4-70[3.3.3.3.4.4.4.4α]@0°
  isotoxal-family-k4-1602[3.3.3.3.3.4.4.4α]@0° | isotoxal-family-k4-1602[3.3.3.3.3.4.4.4α]@180° | isotoxal-family-k4-1605[3.3.3.3.3.4.4.4α]@0° | isotoxal-family-k4-1605[3.3.3.3.3.4.4.4α]@180° | isotoxal-family-k4-1642[3.3.3.3.3.4.4.4α]@0° | isotoxal-family-k4-1642[3.3.3.3.3.4.4.4α]@180° | isotoxal-family-k4-1645[3.3.3.3.3.4.4.4α]@0° | isotoxal-family-k4-1645[3.3.3.3.3.4.4.4α]@180° | isotoxal-family-k4-390[3.3.3.3.4.4.4.4α]@0° | isotoxal-family-k4-390[3.3.3.3.4.4.4.4α]@180° | isotoxal-family-k4-391[3.3.3.3.4.4.4.4α]@0° | isotoxal-family-k4-408[3.3.3.3.3.4.4.4.4α]@0° | isotoxal-family-k4-408[3.3.3.3.3.4.4.4.4α]@180° | isotoxal-family-k4-411[3.3.3.3.3.4.4.4.4α]@0° | isotoxal-family-k4-411[3.3.3.3.3.4.4.4.4α]@180° | isotoxal-family-k4-45[3.3.3.3.4.4.4.4α]@0° | isotoxal-family-k4-45[3.3.3.3.4.4.4.4α]@180° | isotoxal-family-k4-46[3.3.3.3.4.4.4.4α]@0° | isotoxal-family-k4-46[3.3.3.3.4.4.4.4α]@180° | isotoxal-family-k4-63[3.3.3.3.3.4.4.4.4α]@0° | isotoxal-family-k4-63[3.3.3.3.3.4.4.4.4α]@180° | isotoxal-family-k4-66[3.3.3.3.3.4.4.4.4α]@0° | isotoxal-family-k4-66[3.3.3.3.3.4.4.4.4α]@180°
  isotoxal-family-k4-1068[3.3.3.3.4.4.4α]@180° | isotoxal-family-k4-1069[3.3.3.3.4.4.4α]@180° | isotoxal-family-k4-47[3.3.3.3.4.4.4.4α]@180° | isotoxal-family-k4-70[3.3.3.3.4.4.4.4α]@180°
  isotoxal-family-k4-396[4.4.4.4.4.4.4.4α]@0° | isotoxal-family-k4-396[4.4.4.4.4.4.4.4α]@180° | isotoxal-family-k4-51[4.4.4.4.4.4.4.4α]@0° | isotoxal-family-k4-51[4.4.4.4.4.4.4.4α]@180°
  isotoxal-family-k4-201[3.3.4.4.4.4.4α]@0° | isotoxal-family-k4-201[3.3.4.4.4.4.4α]@180° | isotoxal-family-k4-202[3.3.4.4.4.4.4α]@0° | isotoxal-family-k4-202[3.3.4.4.4.4.4α]@180° | isotoxal-family-k4-203[3.3.4.4.4.4.4α]@0° | isotoxal-family-k4-203[3.3.4.4.4.4.4α]@180° | isotoxal-family-k4-204[3.3.4.4.4.4.4α]@0° | isotoxal-family-k4-204[3.3.4.4.4.4.4α]@180° | isotoxal-family-k4-397[3.3.4.4.4.4.4.4α]@0° | isotoxal-family-k4-397[3.3.4.4.4.4.4.4α]@180° | isotoxal-family-k4-398[3.3.4.4.4.4.4.4α]@0° | isotoxal-family-k4-398[3.3.4.4.4.4.4.4α]@180° | isotoxal-family-k4-418[3.3.4.4.4.4.4.4α]@0° | isotoxal-family-k4-418[3.3.4.4.4.4.4.4α]@180° | isotoxal-family-k4-419[3.3.4.4.4.4.4.4α]@0° | isotoxal-family-k4-419[3.3.4.4.4.4.4.4α]@180° | isotoxal-family-k4-52[3.3.4.4.4.4.4.4α]@0° | isotoxal-family-k4-52[3.3.4.4.4.4.4.4α]@180° | isotoxal-family-k4-53[3.3.4.4.4.4.4.4α]@0° | isotoxal-family-k4-53[3.3.4.4.4.4.4.4α]@180° | isotoxal-family-k4-73[3.3.4.4.4.4.4.4α]@0° | isotoxal-family-k4-73[3.3.4.4.4.4.4.4α]@180° | isotoxal-family-k4-74[3.3.4.4.4.4.4.4α]@0° | isotoxal-family-k4-74[3.3.4.4.4.4.4.4α]@180°
  isotoxal-family-k4-167[4.4.4.4.4.4α]@0° | isotoxal-family-k4-167[4.4.4.4.4.4α]@180° | isotoxal-family-k4-168[4.4.4.4.4.4α]@0° | isotoxal-family-k4-168[4.4.4.4.4.4α]@180° | isotoxal-family-k4-169[4.4.4.4.4.4α]@0° | isotoxal-family-k4-169[4.4.4.4.4.4α]@180° | isotoxal-family-k4-170[4.4.4.4.4.4α]@0° | isotoxal-family-k4-170[4.4.4.4.4.4α]@180° | isotoxal-family-k4-399[4.4.4.4.4.4.4α]@0° | isotoxal-family-k4-399[4.4.4.4.4.4.4α]@180° | isotoxal-family-k4-400[4.4.4.4.4.4.4α]@0° | isotoxal-family-k4-400[4.4.4.4.4.4.4α]@180° | isotoxal-family-k4-421[4.4.4.4.4.4.4α]@0° | isotoxal-family-k4-421[4.4.4.4.4.4.4α]@180° | isotoxal-family-k4-422[4.4.4.4.4.4.4α]@0° | isotoxal-family-k4-422[4.4.4.4.4.4.4α]@180° | isotoxal-family-k4-54[4.4.4.4.4.4.4α]@0° | isotoxal-family-k4-54[4.4.4.4.4.4.4α]@180° | isotoxal-family-k4-55[4.4.4.4.4.4.4α]@0° | isotoxal-family-k4-55[4.4.4.4.4.4.4α]@180° | isotoxal-family-k4-75[4.4.4.4.4.4.4α]@0° | isotoxal-family-k4-75[4.4.4.4.4.4.4α]@180° | isotoxal-family-k4-76[4.4.4.4.4.4.4α]@0° | isotoxal-family-k4-76[4.4.4.4.4.4.4α]@180°
  isotoxal-family-k4-253[4.4.4.4.4α]@0° | isotoxal-family-k4-253[4.4.4.4.4α]@180° | isotoxal-family-k4-254[4.4.4.4.4α]@0° | isotoxal-family-k4-254[4.4.4.4.4α]@180° | isotoxal-family-k4-255[4.4.4.4.4α]@0° | isotoxal-family-k4-255[4.4.4.4.4α]@180° | isotoxal-family-k4-256[4.4.4.4.4α]@0° | isotoxal-family-k4-256[4.4.4.4.4α]@180° | isotoxal-family-k4-401[4.4.4.4.4.4α]@0° | isotoxal-family-k4-401[4.4.4.4.4.4α]@180° | isotoxal-family-k4-404[4.4.4.4.4.4α]@0° | isotoxal-family-k4-404[4.4.4.4.4.4α]@180° | isotoxal-family-k4-423[4.4.4.4.4.4α]@0° | isotoxal-family-k4-423[4.4.4.4.4.4α]@180° | isotoxal-family-k4-424[4.4.4.4.4.4α]@0° | isotoxal-family-k4-424[4.4.4.4.4.4α]@180° | isotoxal-family-k4-56[4.4.4.4.4.4α]@0° | isotoxal-family-k4-56[4.4.4.4.4.4α]@180° | isotoxal-family-k4-59[4.4.4.4.4.4α]@0° | isotoxal-family-k4-59[4.4.4.4.4.4α]@180° | isotoxal-family-k4-77[4.4.4.4.4.4α]@0° | isotoxal-family-k4-77[4.4.4.4.4.4α]@180° | isotoxal-family-k4-78[4.4.4.4.4.4α]@0° | isotoxal-family-k4-78[4.4.4.4.4.4α]@180°
  isotoxal-family-k4-402[4.4.4.4.4.4α]@0° | isotoxal-family-k4-402[4.4.4.4.4.4α]@180° | isotoxal-family-k4-403[4.4.4.4.4.4α]@0° | isotoxal-family-k4-403[4.4.4.4.4.4α]@180° | isotoxal-family-k4-420[4.4.4.4.4.4.4α]@0° | isotoxal-family-k4-420[4.4.4.4.4.4.4α]@180° | isotoxal-family-k4-57[4.4.4.4.4.4α]@0° | isotoxal-family-k4-57[4.4.4.4.4.4α]@180° | isotoxal-family-k4-58[4.4.4.4.4.4α]@0° | isotoxal-family-k4-58[4.4.4.4.4.4α]@180°
  isotoxal-family-k4-407[3.3.3.3.3.4.4.4.4α]@0° | isotoxal-family-k4-407[3.3.3.3.3.4.4.4.4α]@180° | isotoxal-family-k4-62[3.3.3.3.3.4.4.4.4α]@0° | isotoxal-family-k4-62[3.3.3.3.3.4.4.4.4α]@180° | isotoxal-family-k4-640[3.3.3.3.3.4.4.4α]@0° | isotoxal-family-k4-640[3.3.3.3.3.4.4.4α]@180°
  isotoxal-family-k4-1461[3.3.4.4.4α]@0° | isotoxal-family-k4-1461[3.3.4.4.4α]@180° | isotoxal-family-k4-1462[3.3.4.4.4α]@0° | isotoxal-family-k4-1462[3.3.4.4.4α]@180° | isotoxal-family-k4-1463[3.3.4.4.4α]@0° | isotoxal-family-k4-1464[3.3.4.4.4α]@0° | isotoxal-family-k4-1464[3.3.4.4.4α]@180° | isotoxal-family-k4-1612[3.3.4.4.4α]@0° | isotoxal-family-k4-1612[3.3.4.4.4α]@180° | isotoxal-family-k4-1613[3.3.4.4.4α]@0° | isotoxal-family-k4-1614[3.3.4.4.4α]@0° | isotoxal-family-k4-1614[3.3.4.4.4α]@180° | isotoxal-family-k4-1615[3.3.4.4.4α]@0° | isotoxal-family-k4-1615[3.3.4.4.4α]@180° | isotoxal-family-k4-1652[3.3.4.4.4α]@0° | isotoxal-family-k4-1653[3.3.4.4.4α]@0° | isotoxal-family-k4-1653[3.3.4.4.4α]@180° | isotoxal-family-k4-1654[3.3.4.4.4α]@0° | isotoxal-family-k4-1654[3.3.4.4.4α]@180° | isotoxal-family-k4-1655[3.3.4.4.4α]@0° | isotoxal-family-k4-1655[3.3.4.4.4α]@180° | isotoxal-family-k4-1690[3.3.4.4.4α]@0° | isotoxal-family-k4-1690[3.3.4.4.4α]@180° | isotoxal-family-k4-1691[3.3.4.4.4α]@0° | isotoxal-family-k4-1691[3.3.4.4.4α]@180° | isotoxal-family-k4-1692[3.3.4.4.4α]@0° | isotoxal-family-k4-1692[3.3.4.4.4α]@180° | isotoxal-family-k4-1693[3.3.4.4.4α]@0° | isotoxal-family-k4-1693[3.3.4.4.4α]@180° | isotoxal-family-k4-427[3.3.4.4.4.4α]@0° | isotoxal-family-k4-427[3.3.4.4.4.4α]@180° | isotoxal-family-k4-428[3.3.4.4.4.4α]@0° | isotoxal-family-k4-428[3.3.4.4.4.4α]@180° | isotoxal-family-k4-437[3.3.4.4.4.4α]@0° | isotoxal-family-k4-437[3.3.4.4.4.4α]@180° | isotoxal-family-k4-438[3.3.4.4.4.4α]@0° | isotoxal-family-k4-438[3.3.4.4.4.4α]@180° | isotoxal-family-k4-81[3.3.4.4.4.4α]@0° | isotoxal-family-k4-81[3.3.4.4.4.4α]@180° | isotoxal-family-k4-82[3.3.4.4.4.4α]@0° | isotoxal-family-k4-82[3.3.4.4.4.4α]@180° | isotoxal-family-k4-91[3.3.4.4.4.4α]@180° | isotoxal-family-k4-92[3.3.4.4.4.4α]@0° | isotoxal-family-k4-92[3.3.4.4.4.4α]@180°
  isotoxal-family-k4-1304[4.4.4.4α]@0° | isotoxal-family-k4-1304[4.4.4.4α]@180° | isotoxal-family-k4-1305[4.4.4.4α]@0° | isotoxal-family-k4-1305[4.4.4.4α]@180° | isotoxal-family-k4-1306[4.4.4.4α]@0° | isotoxal-family-k4-1306[4.4.4.4α]@180° | isotoxal-family-k4-1307[4.4.4.4α]@0° | isotoxal-family-k4-1307[4.4.4.4α]@180° | isotoxal-family-k4-1308[4.4.4.4α]@0° | isotoxal-family-k4-1308[4.4.4.4α]@180° | isotoxal-family-k4-1309[4.4.4.4α]@0° | isotoxal-family-k4-1309[4.4.4.4α]@180° | isotoxal-family-k4-1310[4.4.4.4α]@0° | isotoxal-family-k4-1310[4.4.4.4α]@180° | isotoxal-family-k4-1311[4.4.4.4α]@0° | isotoxal-family-k4-1311[4.4.4.4α]@180° | isotoxal-family-k4-277[4.4.4.4α]@0° | isotoxal-family-k4-277[4.4.4.4α]@180° | isotoxal-family-k4-278[4.4.4.4α]@0° | isotoxal-family-k4-278[4.4.4.4α]@180° | isotoxal-family-k4-279[4.4.4.4α]@0° | isotoxal-family-k4-279[4.4.4.4α]@180° | isotoxal-family-k4-280[4.4.4.4α]@0° | isotoxal-family-k4-280[4.4.4.4α]@180° | isotoxal-family-k4-297[4.4.4.4α]@0° | isotoxal-family-k4-297[4.4.4.4α]@180° | isotoxal-family-k4-298[4.4.4.4α]@0° | isotoxal-family-k4-298[4.4.4.4α]@180° | isotoxal-family-k4-299[4.4.4.4α]@0° | isotoxal-family-k4-299[4.4.4.4α]@180° | isotoxal-family-k4-300[4.4.4.4α]@0° | isotoxal-family-k4-300[4.4.4.4α]@180° | isotoxal-family-k4-429[4.4.4.4.4α]@0° | isotoxal-family-k4-429[4.4.4.4.4α]@180° | isotoxal-family-k4-430[4.4.4.4.4α]@0° | isotoxal-family-k4-430[4.4.4.4.4α]@180° | isotoxal-family-k4-439[4.4.4.4.4α]@0° | isotoxal-family-k4-439[4.4.4.4.4α]@180° | isotoxal-family-k4-440[4.4.4.4.4α]@0° | isotoxal-family-k4-440[4.4.4.4.4α]@180° | isotoxal-family-k4-83[4.4.4.4.4α]@0° | isotoxal-family-k4-83[4.4.4.4.4α]@180° | isotoxal-family-k4-84[4.4.4.4.4α]@0° | isotoxal-family-k4-84[4.4.4.4.4α]@180° | isotoxal-family-k4-93[4.4.4.4.4α]@0° | isotoxal-family-k4-93[4.4.4.4.4α]@180° | isotoxal-family-k4-94[4.4.4.4.4α]@0° | isotoxal-family-k4-94[4.4.4.4.4α]@180°
  isotoxal-family-k4-1338[4.4.4α]@0° | isotoxal-family-k4-1338[4.4.4α]@180° | isotoxal-family-k4-1339[4.4.4α]@0° | isotoxal-family-k4-1339[4.4.4α]@180° | isotoxal-family-k4-1340[4.4.4α]@0° | isotoxal-family-k4-1340[4.4.4α]@180° | isotoxal-family-k4-1341[4.4.4α]@0° | isotoxal-family-k4-1341[4.4.4α]@180° | isotoxal-family-k4-1358[4.4.4α]@0° | isotoxal-family-k4-1358[4.4.4α]@180° | isotoxal-family-k4-1359[4.4.4α]@0° | isotoxal-family-k4-1359[4.4.4α]@180° | isotoxal-family-k4-1360[4.4.4α]@0° | isotoxal-family-k4-1360[4.4.4α]@180° | isotoxal-family-k4-1361[4.4.4α]@0° | isotoxal-family-k4-1361[4.4.4α]@180° | isotoxal-family-k4-1501[4.4.4α]@0° | isotoxal-family-k4-1501[4.4.4α]@180° | isotoxal-family-k4-1502[4.4.4α]@0° | isotoxal-family-k4-1502[4.4.4α]@180° | isotoxal-family-k4-1616[4.4.4α]@0° | isotoxal-family-k4-1616[4.4.4α]@180° | isotoxal-family-k4-1617[4.4.4α]@0° | isotoxal-family-k4-1617[4.4.4α]@180° | isotoxal-family-k4-1620[4.4.4α]@0° | isotoxal-family-k4-1620[4.4.4α]@180° | isotoxal-family-k4-1621[4.4.4α]@0° | isotoxal-family-k4-1621[4.4.4α]@180° | isotoxal-family-k4-1656[4.4.4α]@0° | isotoxal-family-k4-1656[4.4.4α]@180° | isotoxal-family-k4-1657[4.4.4α]@0° | isotoxal-family-k4-1657[4.4.4α]@180° | isotoxal-family-k4-431[4.4.4.4α]@0° | isotoxal-family-k4-431[4.4.4.4α]@180° | isotoxal-family-k4-434[4.4.4.4α]@0° | isotoxal-family-k4-434[4.4.4.4α]@180° | isotoxal-family-k4-441[4.4.4.4α]@0° | isotoxal-family-k4-441[4.4.4.4α]@180° | isotoxal-family-k4-444[4.4.4.4α]@0° | isotoxal-family-k4-444[4.4.4.4α]@180° | isotoxal-family-k4-85[4.4.4.4α]@180° | isotoxal-family-k4-88[4.4.4.4α]@0° | isotoxal-family-k4-88[4.4.4.4α]@180° | isotoxal-family-k4-95[4.4.4.4α]@0° | isotoxal-family-k4-95[4.4.4.4α]@180° | isotoxal-family-k4-98[4.4.4.4α]@0° | isotoxal-family-k4-98[4.4.4.4α]@180°
  isotoxal-family-k4-1618[4.4.4α]@0° | isotoxal-family-k4-1618[4.4.4α]@180° | isotoxal-family-k4-1619[4.4.4α]@0° | isotoxal-family-k4-1619[4.4.4α]@180° | isotoxal-family-k4-432[4.4.4.4α]@0° | isotoxal-family-k4-432[4.4.4.4α]@180° | isotoxal-family-k4-433[4.4.4.4α]@0° | isotoxal-family-k4-433[4.4.4.4α]@180° | isotoxal-family-k4-442[4.4.4.4α]@0° | isotoxal-family-k4-442[4.4.4.4α]@180° | isotoxal-family-k4-443[4.4.4.4α]@0° | isotoxal-family-k4-443[4.4.4.4α]@180° | isotoxal-family-k4-86[4.4.4.4α]@0° | isotoxal-family-k4-86[4.4.4.4α]@180° | isotoxal-family-k4-87[4.4.4.4α]@0° | isotoxal-family-k4-87[4.4.4.4α]@180° | isotoxal-family-k4-96[4.4.4.4α]@0° | isotoxal-family-k4-96[4.4.4.4α]@180° | isotoxal-family-k4-97[4.4.4.4α]@0° | isotoxal-family-k4-97[4.4.4.4α]@180°
  isotoxal-family-k4-1463[3.3.4.4.4α]@180° | isotoxal-family-k4-1613[3.3.4.4.4α]@180° | isotoxal-family-k4-1652[3.3.4.4.4α]@180° | isotoxal-family-k4-91[3.3.4.4.4.4α]@0°
  isotoxal-family-k4-121[3.3.3.3.4.4.4.4α]@0° | isotoxal-family-k4-121[3.3.3.3.4.4.4.4α]@180° | isotoxal-family-k4-122[3.3.3.3.4.4.4.4α]@0° | isotoxal-family-k4-122[3.3.3.3.4.4.4.4α]@180° | isotoxal-family-k4-467[3.3.3.3.4.4.4.4α]@0° | isotoxal-family-k4-467[3.3.3.3.4.4.4.4α]@180° | isotoxal-family-k4-468[3.3.3.3.4.4.4.4α]@0° | isotoxal-family-k4-468[3.3.3.3.4.4.4.4α]@180° | isotoxal-family-k4-542[3.3.3.4.4.4α]@0° | isotoxal-family-k4-542[3.3.3.4.4.4α]@180° | isotoxal-family-k4-543[3.3.3.4.4.4α]@0° | isotoxal-family-k4-543[3.3.3.4.4.4α]@180° | isotoxal-family-k4-838[3.3.3.4.4.4α]@0° | isotoxal-family-k4-838[3.3.3.4.4.4α]@180° | isotoxal-family-k4-839[3.3.3.4.4.4α]@180°
  isotoxal-family-k4-123[3.3.3.4.4.4.4α]@0° | isotoxal-family-k4-123[3.3.3.4.4.4.4α]@180° | isotoxal-family-k4-124[3.3.3.4.4.4.4α]@0° | isotoxal-family-k4-124[3.3.3.4.4.4.4α]@180° | isotoxal-family-k4-2252[3.3.4.4.4α]@0° | isotoxal-family-k4-2252[3.3.4.4.4α]@180° | isotoxal-family-k4-2255[3.3.4.4.4α]@180° | isotoxal-family-k4-469[3.3.3.4.4.4.4α]@0° | isotoxal-family-k4-469[3.3.3.4.4.4.4α]@180° | isotoxal-family-k4-470[3.3.3.4.4.4.4α]@0° | isotoxal-family-k4-470[3.3.3.4.4.4.4α]@180° | isotoxal-family-k4-587[3.3.3.3.4.4.4α]@180° | isotoxal-family-k4-835[3.3.3.4.4.4α]@0° | isotoxal-family-k4-835[3.3.3.4.4.4α]@180° | isotoxal-family-k4-836[3.3.3.4.4.4α]@0° | isotoxal-family-k4-836[3.3.3.4.4.4α]@180° | isotoxal-family-k4-887[3.3.3.3.4.4.4α]@0° | isotoxal-family-k4-887[3.3.3.3.4.4.4α]@180° | isotoxal-family-k4-888[3.3.3.3.4.4.4α]@0° | isotoxal-family-k4-888[3.3.3.3.4.4.4α]@180°
  isotoxal-family-k4-1052[3.3.3.3.3.3.4.4.4.4.4α]@0° | isotoxal-family-k4-1052[3.3.3.3.3.3.4.4.4.4.4α]@180° | isotoxal-family-k4-1053[3.3.3.3.3.3.4.4.4.4.4α]@0° | isotoxal-family-k4-1053[3.3.3.3.3.3.4.4.4.4.4α]@180° | isotoxal-family-k4-127[3.3.3.3.3.3.4.4.4.4.4α]@0° | isotoxal-family-k4-127[3.3.3.3.3.3.4.4.4.4.4α]@180° | isotoxal-family-k4-128[3.3.3.3.3.3.4.4.4.4.4α]@0° | isotoxal-family-k4-128[3.3.3.3.3.3.4.4.4.4.4α]@180° | isotoxal-family-k4-182[3.3.3.3.3.4.4.4.4.4α]@0° | isotoxal-family-k4-182[3.3.3.3.3.4.4.4.4.4α]@180° | isotoxal-family-k4-183[3.3.3.3.3.4.4.4.4.4α]@0° | isotoxal-family-k4-183[3.3.3.3.3.4.4.4.4.4α]@180°
  isotoxal-family-k4-129[3.3.3.3.4.4.4.4.4.4α]@0° | isotoxal-family-k4-129[3.3.3.3.4.4.4.4.4.4α]@180° | isotoxal-family-k4-130[3.3.3.3.4.4.4.4.4.4α]@0° | isotoxal-family-k4-130[3.3.3.3.4.4.4.4.4.4α]@180° | isotoxal-family-k4-151[3.3.3.3.4.4.4.4.4.4α]@0° | isotoxal-family-k4-151[3.3.3.3.4.4.4.4.4.4α]@180° | isotoxal-family-k4-152[3.3.3.3.4.4.4.4.4.4α]@0° | isotoxal-family-k4-152[3.3.3.3.4.4.4.4.4.4α]@180° | isotoxal-family-k4-185[3.3.3.3.4.4.4.4.4.4α]@0° | isotoxal-family-k4-185[3.3.3.3.4.4.4.4.4.4α]@180° | isotoxal-family-k4-186[3.3.3.3.4.4.4.4.4.4α]@0° | isotoxal-family-k4-186[3.3.3.3.4.4.4.4.4.4α]@180°
  isotoxal-family-k4-1132[3.3.3.3.3.3.4.4.4.4α]@0° | isotoxal-family-k4-1133[3.3.3.3.3.3.4.4.4.4α]@0° | isotoxal-family-k4-1134[3.3.3.3.3.3.4.4.4.4α]@0° | isotoxal-family-k4-1134[3.3.3.3.3.3.4.4.4.4α]@180° | isotoxal-family-k4-1135[3.3.3.3.3.3.4.4.4.4α]@0° | isotoxal-family-k4-1135[3.3.3.3.3.3.4.4.4.4α]@180° | isotoxal-family-k4-1136[3.3.3.3.3.3.4.4.4.4α]@0° | isotoxal-family-k4-1136[3.3.3.3.3.3.4.4.4.4α]@180° | isotoxal-family-k4-1137[3.3.3.3.3.3.4.4.4.4α]@0° | isotoxal-family-k4-1137[3.3.3.3.3.3.4.4.4.4α]@180° | isotoxal-family-k4-1138[3.3.3.3.3.3.4.4.4.4α]@0° | isotoxal-family-k4-1138[3.3.3.3.3.3.4.4.4.4α]@180° | isotoxal-family-k4-1139[3.3.3.3.3.3.4.4.4.4α]@0° | isotoxal-family-k4-1139[3.3.3.3.3.3.4.4.4.4α]@180° | isotoxal-family-k4-1140[3.3.3.3.3.3.4.4.4.4α]@0° | isotoxal-family-k4-1140[3.3.3.3.3.3.4.4.4.4α]@180° | isotoxal-family-k4-1141[3.3.3.3.3.3.4.4.4.4α]@0° | isotoxal-family-k4-1141[3.3.3.3.3.3.4.4.4.4α]@180° | isotoxal-family-k4-1142[3.3.3.3.3.3.4.4.4.4α]@0° | isotoxal-family-k4-1142[3.3.3.3.3.3.4.4.4.4α]@180° | isotoxal-family-k4-1143[3.3.3.3.3.3.4.4.4.4α]@0° | isotoxal-family-k4-1143[3.3.3.3.3.3.4.4.4.4α]@180° | isotoxal-family-k4-1246[3.3.3.3.3.4.4.4.4α]@0° | isotoxal-family-k4-1246[3.3.3.3.3.4.4.4.4α]@180° | isotoxal-family-k4-1247[3.3.3.3.3.4.4.4.4α]@0° | isotoxal-family-k4-1247[3.3.3.3.3.4.4.4.4α]@180° | isotoxal-family-k4-1248[3.3.3.3.3.4.4.4.4α]@0° | isotoxal-family-k4-1248[3.3.3.3.3.4.4.4.4α]@180° | isotoxal-family-k4-1249[3.3.3.3.3.4.4.4.4α]@0° | isotoxal-family-k4-1249[3.3.3.3.3.4.4.4.4α]@180° | isotoxal-family-k4-131[3.3.3.3.3.3.4.4.4.4α]@0° | isotoxal-family-k4-131[3.3.3.3.3.3.4.4.4.4α]@180° | isotoxal-family-k4-132[3.3.3.3.3.3.4.4.4.4α]@0° | isotoxal-family-k4-132[3.3.3.3.3.3.4.4.4.4α]@180° | isotoxal-family-k4-133[3.3.3.3.3.3.4.4.4.4α]@0° | isotoxal-family-k4-133[3.3.3.3.3.3.4.4.4.4α]@180° | isotoxal-family-k4-134[3.3.3.3.3.3.4.4.4.4α]@0° | isotoxal-family-k4-134[3.3.3.3.3.3.4.4.4.4α]@180° | isotoxal-family-k4-215[3.3.3.3.3.4.4.4.4α]@0° | isotoxal-family-k4-215[3.3.3.3.3.4.4.4.4α]@180° | isotoxal-family-k4-216[3.3.3.3.3.4.4.4.4α]@0° | isotoxal-family-k4-216[3.3.3.3.3.4.4.4.4α]@180° | isotoxal-family-k4-217[3.3.3.3.3.4.4.4.4α]@0° | isotoxal-family-k4-217[3.3.3.3.3.4.4.4.4α]@180° | isotoxal-family-k4-218[3.3.3.3.3.4.4.4.4α]@0° | isotoxal-family-k4-218[3.3.3.3.3.4.4.4.4α]@180°
  isotoxal-family-k4-1252[3.3.3.3.4.4.4.4.4α]@0° | isotoxal-family-k4-1252[3.3.3.3.4.4.4.4.4α]@180° | isotoxal-family-k4-1253[3.3.3.3.4.4.4.4.4α]@0° | isotoxal-family-k4-1253[3.3.3.3.4.4.4.4.4α]@180° | isotoxal-family-k4-1254[3.3.3.3.4.4.4.4.4α]@0° | isotoxal-family-k4-1254[3.3.3.3.4.4.4.4.4α]@180° | isotoxal-family-k4-1255[3.3.3.3.4.4.4.4.4α]@0° | isotoxal-family-k4-1255[3.3.3.3.4.4.4.4.4α]@180° | isotoxal-family-k4-1256[3.3.3.3.4.4.4.4.4α]@0° | isotoxal-family-k4-1256[3.3.3.3.4.4.4.4.4α]@180° | isotoxal-family-k4-135[3.3.3.3.4.4.4.4.4α]@0° | isotoxal-family-k4-135[3.3.3.3.4.4.4.4.4α]@180° | isotoxal-family-k4-136[3.3.3.3.4.4.4.4.4α]@0° | isotoxal-family-k4-136[3.3.3.3.4.4.4.4.4α]@180° | isotoxal-family-k4-137[3.3.3.3.4.4.4.4.4α]@0° | isotoxal-family-k4-137[3.3.3.3.4.4.4.4.4α]@180° | isotoxal-family-k4-138[3.3.3.3.4.4.4.4.4α]@0° | isotoxal-family-k4-138[3.3.3.3.4.4.4.4.4α]@180° | isotoxal-family-k4-187[3.3.3.3.4.4.4.4.4α]@0° | isotoxal-family-k4-187[3.3.3.3.4.4.4.4.4α]@180° | isotoxal-family-k4-188[3.3.3.3.4.4.4.4.4α]@0° | isotoxal-family-k4-189[3.3.3.3.4.4.4.4.4α]@0° | isotoxal-family-k4-189[3.3.3.3.4.4.4.4.4α]@180° | isotoxal-family-k4-190[3.3.3.3.4.4.4.4.4α]@0° | isotoxal-family-k4-191[3.3.3.3.4.4.4.4.4α]@0° | isotoxal-family-k4-191[3.3.3.3.4.4.4.4.4α]@180° | isotoxal-family-k4-192[3.3.3.3.4.4.4.4.4α]@0° | isotoxal-family-k4-192[3.3.3.3.4.4.4.4.4α]@180° | isotoxal-family-k4-193[3.3.3.3.4.4.4.4.4α]@0° | isotoxal-family-k4-193[3.3.3.3.4.4.4.4.4α]@180° | isotoxal-family-k4-194[3.3.3.3.4.4.4.4.4α]@0° | isotoxal-family-k4-194[3.3.3.3.4.4.4.4.4α]@180° | isotoxal-family-k4-221[3.3.3.3.4.4.4.4.4α]@0° | isotoxal-family-k4-221[3.3.3.3.4.4.4.4.4α]@180° | isotoxal-family-k4-222[3.3.3.3.4.4.4.4.4α]@0° | isotoxal-family-k4-222[3.3.3.3.4.4.4.4.4α]@180° | isotoxal-family-k4-223[3.3.3.3.4.4.4.4.4α]@0° | isotoxal-family-k4-223[3.3.3.3.4.4.4.4.4α]@180° | isotoxal-family-k4-224[3.3.3.3.4.4.4.4.4α]@0° | isotoxal-family-k4-224[3.3.3.3.4.4.4.4.4α]@180°
  isotoxal-family-k4-1060[3.3.3.3.4.4.4.4α]@0° | isotoxal-family-k4-1060[3.3.3.3.4.4.4.4α]@180° | isotoxal-family-k4-1061[3.3.3.3.4.4.4.4α]@0° | isotoxal-family-k4-1062[3.3.3.3.4.4.4.4α]@0° | isotoxal-family-k4-1063[3.3.3.3.4.4.4.4α]@0° | isotoxal-family-k4-1257[3.3.3.3.4.4.4.4α]@0° | isotoxal-family-k4-1257[3.3.3.3.4.4.4.4α]@180° | isotoxal-family-k4-1258[3.3.3.3.4.4.4.4α]@0° | isotoxal-family-k4-1259[3.3.3.3.4.4.4.4α]@0° | isotoxal-family-k4-1259[3.3.3.3.4.4.4.4α]@180° | isotoxal-family-k4-1260[3.3.3.3.4.4.4.4α]@0° | isotoxal-family-k4-1273[3.3.3.3.4.4.4.4α]@0° | isotoxal-family-k4-1273[3.3.3.3.4.4.4.4α]@180° | isotoxal-family-k4-1274[3.3.3.3.4.4.4.4α]@0° | isotoxal-family-k4-1274[3.3.3.3.4.4.4.4α]@180° | isotoxal-family-k4-1275[3.3.3.3.4.4.4.4α]@0° | isotoxal-family-k4-1275[3.3.3.3.4.4.4.4α]@180° | isotoxal-family-k4-1276[3.3.3.3.4.4.4.4α]@0° | isotoxal-family-k4-1276[3.3.3.3.4.4.4.4α]@180° | isotoxal-family-k4-139[3.3.3.3.4.4.4.4α]@0° | isotoxal-family-k4-139[3.3.3.3.4.4.4.4α]@180° | isotoxal-family-k4-140[3.3.3.3.4.4.4.4α]@0° | isotoxal-family-k4-140[3.3.3.3.4.4.4.4α]@180° | isotoxal-family-k4-1449[3.3.3.3.4.4.4.4α]@0° | isotoxal-family-k4-1449[3.3.3.3.4.4.4.4α]@180° | isotoxal-family-k4-145[3.3.3.3.4.4.4.4α]@0° | isotoxal-family-k4-145[3.3.3.3.4.4.4.4α]@180° | isotoxal-family-k4-1450[3.3.3.3.4.4.4.4α]@0° | isotoxal-family-k4-1450[3.3.3.3.4.4.4.4α]@180° | isotoxal-family-k4-146[3.3.3.3.4.4.4.4α]@0° | isotoxal-family-k4-1678[3.3.3.3.4.4.4.4α]@0° | isotoxal-family-k4-1678[3.3.3.3.4.4.4.4α]@180° | isotoxal-family-k4-1679[3.3.3.3.4.4.4.4α]@0° | isotoxal-family-k4-1679[3.3.3.3.4.4.4.4α]@180° | isotoxal-family-k4-225[3.3.3.3.4.4.4.4α]@0° | isotoxal-family-k4-225[3.3.3.3.4.4.4.4α]@180° | isotoxal-family-k4-226[3.3.3.3.4.4.4.4α]@0° | isotoxal-family-k4-226[3.3.3.3.4.4.4.4α]@180° | isotoxal-family-k4-227[3.3.3.3.4.4.4.4α]@0° | isotoxal-family-k4-227[3.3.3.3.4.4.4.4α]@180° | isotoxal-family-k4-228[3.3.3.3.4.4.4.4α]@0°
  isotoxal-family-k4-1061[3.3.3.3.4.4.4.4α]@180° | isotoxal-family-k4-1063[3.3.3.3.4.4.4.4α]@180° | isotoxal-family-k4-1260[3.3.3.3.4.4.4.4α]@180° | isotoxal-family-k4-146[3.3.3.3.4.4.4.4α]@180° | isotoxal-family-k4-228[3.3.3.3.4.4.4.4α]@180°
  isotoxal-family-k4-153[4.4.4.4.4.4.4.4α]@0° | isotoxal-family-k4-153[4.4.4.4.4.4.4.4α]@180° | isotoxal-family-k4-154[4.4.4.4.4.4.4.4α]@0° | isotoxal-family-k4-154[4.4.4.4.4.4.4.4α]@180°
  isotoxal-family-k4-155[3.3.4.4.4.4.4.4.4α]@0° | isotoxal-family-k4-155[3.3.4.4.4.4.4.4.4α]@180° | isotoxal-family-k4-156[3.3.4.4.4.4.4.4.4α]@0° | isotoxal-family-k4-156[3.3.4.4.4.4.4.4.4α]@180°
  isotoxal-family-k4-157[3.3.4.4.4.4.4.4α]@0° | isotoxal-family-k4-157[3.3.4.4.4.4.4.4α]@180° | isotoxal-family-k4-158[3.3.4.4.4.4.4.4α]@0° | isotoxal-family-k4-158[3.3.4.4.4.4.4.4α]@180° | isotoxal-family-k4-159[3.3.4.4.4.4.4.4α]@0° | isotoxal-family-k4-159[3.3.4.4.4.4.4.4α]@180° | isotoxal-family-k4-160[3.3.4.4.4.4.4.4α]@0° | isotoxal-family-k4-160[3.3.4.4.4.4.4.4α]@180° | isotoxal-family-k4-195[3.3.4.4.4.4.4.4α]@0° | isotoxal-family-k4-195[3.3.4.4.4.4.4.4α]@180° | isotoxal-family-k4-196[3.3.4.4.4.4.4.4α]@0° | isotoxal-family-k4-196[3.3.4.4.4.4.4.4α]@180° | isotoxal-family-k4-197[3.3.4.4.4.4.4.4α]@0° | isotoxal-family-k4-197[3.3.4.4.4.4.4.4α]@180° | isotoxal-family-k4-198[3.3.4.4.4.4.4.4α]@0° | isotoxal-family-k4-198[3.3.4.4.4.4.4.4α]@180° | isotoxal-family-k4-233[3.3.4.4.4.4.4.4α]@0° | isotoxal-family-k4-233[3.3.4.4.4.4.4.4α]@180° | isotoxal-family-k4-234[3.3.4.4.4.4.4.4α]@0° | isotoxal-family-k4-234[3.3.4.4.4.4.4.4α]@180° | isotoxal-family-k4-235[3.3.4.4.4.4.4.4α]@0° | isotoxal-family-k4-235[3.3.4.4.4.4.4.4α]@180° | isotoxal-family-k4-236[3.3.4.4.4.4.4.4α]@0° | isotoxal-family-k4-236[3.3.4.4.4.4.4.4α]@180°
  isotoxal-family-k4-161[4.4.4.4.4.4.4α]@0° | isotoxal-family-k4-161[4.4.4.4.4.4.4α]@180° | isotoxal-family-k4-162[4.4.4.4.4.4.4α]@0° | isotoxal-family-k4-162[4.4.4.4.4.4.4α]@180° | isotoxal-family-k4-163[4.4.4.4.4.4.4α]@0° | isotoxal-family-k4-163[4.4.4.4.4.4.4α]@180° | isotoxal-family-k4-164[4.4.4.4.4.4.4α]@0° | isotoxal-family-k4-164[4.4.4.4.4.4.4α]@180° | isotoxal-family-k4-237[4.4.4.4.4.4.4α]@0° | isotoxal-family-k4-237[4.4.4.4.4.4.4α]@180°
  isotoxal-family-k4-165[4.4.4.4.4.4α]@0° | isotoxal-family-k4-165[4.4.4.4.4.4α]@180° | isotoxal-family-k4-166[4.4.4.4.4.4α]@0° | isotoxal-family-k4-166[4.4.4.4.4.4α]@180° | isotoxal-family-k4-171[4.4.4.4.4.4α]@0° | isotoxal-family-k4-171[4.4.4.4.4.4α]@180° | isotoxal-family-k4-172[4.4.4.4.4.4α]@0° | isotoxal-family-k4-172[4.4.4.4.4.4α]@180° | isotoxal-family-k4-238[4.4.4.4.4.4.4α]@0° | isotoxal-family-k4-238[4.4.4.4.4.4.4α]@180° | isotoxal-family-k4-243[4.4.4.4.4.4α]@0° | isotoxal-family-k4-243[4.4.4.4.4.4α]@180° | isotoxal-family-k4-244[4.4.4.4.4.4α]@0° | isotoxal-family-k4-244[4.4.4.4.4.4α]@180° | isotoxal-family-k4-245[4.4.4.4.4.4α]@0° | isotoxal-family-k4-245[4.4.4.4.4.4α]@180° | isotoxal-family-k4-246[4.4.4.4.4.4α]@0° | isotoxal-family-k4-246[4.4.4.4.4.4α]@180° | isotoxal-family-k4-247[4.4.4.4.4.4α]@0° | isotoxal-family-k4-247[4.4.4.4.4.4α]@180° | isotoxal-family-k4-248[4.4.4.4.4.4α]@0° | isotoxal-family-k4-248[4.4.4.4.4.4α]@180° | isotoxal-family-k4-249[4.4.4.4.4.4α]@0° | isotoxal-family-k4-249[4.4.4.4.4.4α]@180° | isotoxal-family-k4-250[4.4.4.4.4.4α]@0° | isotoxal-family-k4-250[4.4.4.4.4.4α]@180°
  isotoxal-family-k4-179[3.3.3.3.3.4.4.4.4α]@0° | isotoxal-family-k4-179[3.3.3.3.3.4.4.4.4α]@180° | isotoxal-family-k4-180[3.3.3.3.3.4.4.4.4α]@0° | isotoxal-family-k4-180[3.3.3.3.3.4.4.4.4α]@180° | isotoxal-family-k4-641[3.3.3.3.4.4.4.4α]@0° | isotoxal-family-k4-641[3.3.3.3.4.4.4.4α]@180° | isotoxal-family-k4-642[3.3.3.3.4.4.4.4α]@0°
  isotoxal-family-k4-1285[3.3.4.4.4.4.4α]@0° | isotoxal-family-k4-1285[3.3.4.4.4.4.4α]@180° | isotoxal-family-k4-1286[3.3.4.4.4.4.4α]@0° | isotoxal-family-k4-1287[3.3.4.4.4.4.4α]@0° | isotoxal-family-k4-1287[3.3.4.4.4.4.4α]@180° | isotoxal-family-k4-1288[3.3.4.4.4.4.4α]@0° | isotoxal-family-k4-1288[3.3.4.4.4.4.4α]@180° | isotoxal-family-k4-199[3.3.4.4.4.4.4α]@0° | isotoxal-family-k4-199[3.3.4.4.4.4.4α]@180° | isotoxal-family-k4-200[3.3.4.4.4.4.4α]@0° | isotoxal-family-k4-200[3.3.4.4.4.4.4α]@180° | isotoxal-family-k4-205[3.3.4.4.4.4.4α]@0° | isotoxal-family-k4-205[3.3.4.4.4.4.4α]@180° | isotoxal-family-k4-206[3.3.4.4.4.4.4α]@0° | isotoxal-family-k4-206[3.3.4.4.4.4.4α]@180° | isotoxal-family-k4-239[3.3.4.4.4.4.4α]@0° | isotoxal-family-k4-239[3.3.4.4.4.4.4α]@180° | isotoxal-family-k4-240[3.3.4.4.4.4.4α]@0° | isotoxal-family-k4-241[3.3.4.4.4.4.4α]@0° | isotoxal-family-k4-241[3.3.4.4.4.4.4α]@180° | isotoxal-family-k4-242[3.3.4.4.4.4.4α]@0° | isotoxal-family-k4-242[3.3.4.4.4.4.4α]@180°
  isotoxal-family-k4-1297[4.4.4.4.4α]@0° | isotoxal-family-k4-1297[4.4.4.4.4α]@180° | isotoxal-family-k4-1298[4.4.4.4.4α]@0° | isotoxal-family-k4-1298[4.4.4.4.4α]@180° | isotoxal-family-k4-1299[4.4.4.4.4α]@0° | isotoxal-family-k4-1299[4.4.4.4.4α]@180° | isotoxal-family-k4-251[4.4.4.4.4α]@0° | isotoxal-family-k4-251[4.4.4.4.4α]@180° | isotoxal-family-k4-252[4.4.4.4.4α]@0° | isotoxal-family-k4-252[4.4.4.4.4α]@180° | isotoxal-family-k4-257[4.4.4.4.4α]@0° | isotoxal-family-k4-257[4.4.4.4.4α]@180° | isotoxal-family-k4-258[4.4.4.4.4α]@0° | isotoxal-family-k4-258[4.4.4.4.4α]@180° | isotoxal-family-k4-271[4.4.4.4.4α]@0° | isotoxal-family-k4-271[4.4.4.4.4α]@180° | isotoxal-family-k4-272[4.4.4.4.4α]@0° | isotoxal-family-k4-272[4.4.4.4.4α]@180° | isotoxal-family-k4-273[4.4.4.4.4α]@0° | isotoxal-family-k4-273[4.4.4.4.4α]@180° | isotoxal-family-k4-274[4.4.4.4.4α]@0° | isotoxal-family-k4-274[4.4.4.4.4α]@180° | isotoxal-family-k4-291[4.4.4.4.4α]@0° | isotoxal-family-k4-291[4.4.4.4.4α]@180° | isotoxal-family-k4-292[4.4.4.4.4α]@0° | isotoxal-family-k4-292[4.4.4.4.4α]@180° | isotoxal-family-k4-293[4.4.4.4.4α]@0° | isotoxal-family-k4-293[4.4.4.4.4α]@180° | isotoxal-family-k4-294[4.4.4.4.4α]@0° | isotoxal-family-k4-294[4.4.4.4.4α]@180° | isotoxal-family-k4-471[4.4.4.4.4.4α]@0° | isotoxal-family-k4-471[4.4.4.4.4.4α]@180° | isotoxal-family-k4-955[4.4.4.4.4.4.4.4α]@0° | isotoxal-family-k4-955[4.4.4.4.4.4.4.4α]@180° | isotoxal-family-k4-956[4.4.4.4.4.4.4α]@0° | isotoxal-family-k4-956[4.4.4.4.4.4.4α]@180° | isotoxal-family-k4-959[4.4.4.4.4.4α]@0° | isotoxal-family-k4-959[4.4.4.4.4.4α]@180°
  isotoxal-family-k4-1289[3.3.4.4.4.4α]@0° | isotoxal-family-k4-1289[3.3.4.4.4.4α]@180° | isotoxal-family-k4-1290[3.3.4.4.4.4α]@0° | isotoxal-family-k4-1291[3.3.4.4.4.4α]@0° | isotoxal-family-k4-1291[3.3.4.4.4.4α]@180° | isotoxal-family-k4-1292[3.3.4.4.4.4α]@0° | isotoxal-family-k4-1292[3.3.4.4.4.4α]@180° | isotoxal-family-k4-1293[3.3.4.4.4.4α]@0° | isotoxal-family-k4-1294[3.3.4.4.4.4α]@0° | isotoxal-family-k4-1294[3.3.4.4.4.4α]@180° | isotoxal-family-k4-1295[3.3.4.4.4.4α]@0° | isotoxal-family-k4-1295[3.3.4.4.4.4α]@180° | isotoxal-family-k4-1296[3.3.4.4.4.4α]@0° | isotoxal-family-k4-1296[3.3.4.4.4.4α]@180° | isotoxal-family-k4-1493[3.3.4.4.4.4α]@0° | isotoxal-family-k4-1493[3.3.4.4.4.4α]@180° | isotoxal-family-k4-1494[3.3.4.4.4.4α]@0° | isotoxal-family-k4-1495[3.3.4.4.4.4α]@0° | isotoxal-family-k4-1496[3.3.4.4.4.4α]@0° | isotoxal-family-k4-1496[3.3.4.4.4.4α]@180° | isotoxal-family-k4-1722[3.3.4.4.4.4α]@0° | isotoxal-family-k4-1722[3.3.4.4.4.4α]@180° | isotoxal-family-k4-1723[3.3.4.4.4.4α]@0° | isotoxal-family-k4-1723[3.3.4.4.4.4α]@180° | isotoxal-family-k4-1724[3.3.4.4.4.4α]@0° | isotoxal-family-k4-1724[3.3.4.4.4.4α]@180° | isotoxal-family-k4-1725[3.3.4.4.4.4α]@0° | isotoxal-family-k4-1725[3.3.4.4.4.4α]@180° | isotoxal-family-k4-267[3.3.4.4.4.4α]@0° | isotoxal-family-k4-267[3.3.4.4.4.4α]@180° | isotoxal-family-k4-268[3.3.4.4.4.4α]@0° | isotoxal-family-k4-268[3.3.4.4.4.4α]@180° | isotoxal-family-k4-269[3.3.4.4.4.4α]@0° | isotoxal-family-k4-269[3.3.4.4.4.4α]@180° | isotoxal-family-k4-270[3.3.4.4.4.4α]@0° | isotoxal-family-k4-270[3.3.4.4.4.4α]@180° | isotoxal-family-k4-287[3.3.4.4.4.4α]@0° | isotoxal-family-k4-287[3.3.4.4.4.4α]@180° | isotoxal-family-k4-288[3.3.4.4.4.4α]@0° | isotoxal-family-k4-288[3.3.4.4.4.4α]@180° | isotoxal-family-k4-289[3.3.4.4.4.4α]@180° | isotoxal-family-k4-290[3.3.4.4.4.4α]@0° | isotoxal-family-k4-290[3.3.4.4.4.4α]@180°
  isotoxal-family-k4-1300[4.4.4.4α]@0° | isotoxal-family-k4-1300[4.4.4.4α]@180° | isotoxal-family-k4-1301[4.4.4.4α]@0° | isotoxal-family-k4-1301[4.4.4.4α]@180° | isotoxal-family-k4-1302[4.4.4.4α]@0° | isotoxal-family-k4-1302[4.4.4.4α]@180° | isotoxal-family-k4-1303[4.4.4.4α]@0° | isotoxal-family-k4-1303[4.4.4.4α]@180° | isotoxal-family-k4-1312[4.4.4.4α]@0° | isotoxal-family-k4-1312[4.4.4.4α]@180° | isotoxal-family-k4-1313[4.4.4.4α]@0° | isotoxal-family-k4-1313[4.4.4.4α]@180° | isotoxal-family-k4-1314[4.4.4.4α]@0° | isotoxal-family-k4-1315[4.4.4.4α]@0° | isotoxal-family-k4-1315[4.4.4.4α]@180° | isotoxal-family-k4-1332[4.4.4.4α]@0° | isotoxal-family-k4-1332[4.4.4.4α]@180° | isotoxal-family-k4-1333[4.4.4.4α]@0° | isotoxal-family-k4-1333[4.4.4.4α]@180° | isotoxal-family-k4-1334[4.4.4.4α]@0° | isotoxal-family-k4-1334[4.4.4.4α]@180° | isotoxal-family-k4-1335[4.4.4.4α]@0° | isotoxal-family-k4-1335[4.4.4.4α]@180° | isotoxal-family-k4-1352[4.4.4.4α]@0° | isotoxal-family-k4-1352[4.4.4.4α]@180° | isotoxal-family-k4-1353[4.4.4.4α]@0° | isotoxal-family-k4-1353[4.4.4.4α]@180° | isotoxal-family-k4-1354[4.4.4.4α]@0° | isotoxal-family-k4-1354[4.4.4.4α]@180° | isotoxal-family-k4-1355[4.4.4.4α]@0° | isotoxal-family-k4-1355[4.4.4.4α]@180° | isotoxal-family-k4-275[4.4.4.4α]@0° | isotoxal-family-k4-275[4.4.4.4α]@180° | isotoxal-family-k4-276[4.4.4.4α]@180° | isotoxal-family-k4-281[4.4.4.4α]@0° | isotoxal-family-k4-281[4.4.4.4α]@180° | isotoxal-family-k4-282[4.4.4.4α]@0° | isotoxal-family-k4-282[4.4.4.4α]@180° | isotoxal-family-k4-295[4.4.4.4α]@0° | isotoxal-family-k4-295[4.4.4.4α]@180° | isotoxal-family-k4-296[4.4.4.4α]@0° | isotoxal-family-k4-296[4.4.4.4α]@180° | isotoxal-family-k4-301[4.4.4.4α]@0° | isotoxal-family-k4-301[4.4.4.4α]@180° | isotoxal-family-k4-302[4.4.4.4α]@0° | isotoxal-family-k4-302[4.4.4.4α]@180°
  isotoxal-family-k4-1314[4.4.4.4α]@180° | isotoxal-family-k4-276[4.4.4.4α]@0°
  isotoxal-family-k4-1290[3.3.4.4.4.4α]@180° | isotoxal-family-k4-1293[3.3.4.4.4.4α]@180° | isotoxal-family-k4-289[3.3.4.4.4.4α]@0°
  isotoxal-family-k4-371[3.3.3.4.4.4.4.4α]@0° | isotoxal-family-k4-371[3.3.3.4.4.4.4.4α]@180° | isotoxal-family-k4-372[3.3.3.4.4.4.4.4α]@0° | isotoxal-family-k4-372[3.3.3.4.4.4.4.4α]@180°
  isotoxal-family-k4-373[3.3.4.4.4.4.4α]@0° | isotoxal-family-k4-373[3.3.4.4.4.4.4α]@180° | isotoxal-family-k4-374[3.3.4.4.4.4.4α]@0° | isotoxal-family-k4-374[3.3.4.4.4.4.4α]@180°
  isotoxal-family-k4-375[3.3.3.3.4.4.4.4α]@0° | isotoxal-family-k4-375[3.3.3.3.4.4.4.4α]@180° | isotoxal-family-k4-376[3.3.3.3.4.4.4.4α]@0° | isotoxal-family-k4-376[3.3.3.3.4.4.4.4α]@180° | isotoxal-family-k4-377[3.3.3.3.4.4.4.4α]@0° | isotoxal-family-k4-377[3.3.3.3.4.4.4.4α]@180° | isotoxal-family-k4-378[3.3.3.3.4.4.4.4α]@0° | isotoxal-family-k4-378[3.3.3.3.4.4.4.4α]@180° | isotoxal-family-k4-537[3.3.3.4.4.4.4α]@0° | isotoxal-family-k4-537[3.3.3.4.4.4.4α]@180° | isotoxal-family-k4-538[3.3.3.4.4.4.4α]@0° | isotoxal-family-k4-538[3.3.3.4.4.4.4α]@180° | isotoxal-family-k4-833[3.3.3.4.4.4.4α]@0° | isotoxal-family-k4-833[3.3.3.4.4.4.4α]@180° | isotoxal-family-k4-834[3.3.3.4.4.4.4α]@0° | isotoxal-family-k4-834[3.3.3.4.4.4.4α]@180°
  isotoxal-family-k4-2242[3.3.4.4.4.4α]@0° | isotoxal-family-k4-2243[3.3.4.4.4.4α]@0° | isotoxal-family-k4-379[3.3.3.4.4.4.4α]@0° | isotoxal-family-k4-379[3.3.3.4.4.4.4α]@180° | isotoxal-family-k4-380[3.3.3.4.4.4.4α]@0° | isotoxal-family-k4-380[3.3.3.4.4.4.4α]@180° | isotoxal-family-k4-381[3.3.3.4.4.4.4α]@0° | isotoxal-family-k4-381[3.3.3.4.4.4.4α]@180° | isotoxal-family-k4-382[3.3.3.4.4.4.4α]@0° | isotoxal-family-k4-382[3.3.3.4.4.4.4α]@180°
  isotoxal-family-k4-1067[3.3.3.3.4.4.4α]@180° | isotoxal-family-k4-392[3.3.3.3.4.4.4.4α]@180° | isotoxal-family-k4-415[3.3.3.3.4.4.4.4α]@180°
  isotoxal-family-k4-473[3.3.3.3.4α]@180° | isotoxal-family-k4-474[3.3.3.3.4α]@180° | isotoxal-family-k4-479[3.3.3.3.4α]@0° | isotoxal-family-k4-479[3.3.3.3.4α]@180° | isotoxal-family-k4-480[3.3.3.3.4α]@180° | isotoxal-family-k4-972[3.3.3.6.4α]@0° | isotoxal-family-k4-972[3.3.3.6.4α]@180°
  isotoxal-family-k4-474[3.3.3.3.4α]@0° | isotoxal-family-k4-480[3.3.3.3.4α]@0°
  isotoxal-family-k4-475[3.3.3.3.3.3.4α]@0° | isotoxal-family-k4-475[3.3.3.3.3.3.4α]@180° | isotoxal-family-k4-476[3.3.3.3.3.3.4α]@0° | isotoxal-family-k4-476[3.3.3.3.3.3.4α]@180°
  isotoxal-family-k4-477[3.3.3.3.3.6.4α]@0° | isotoxal-family-k4-477[3.3.3.3.3.6.4α]@180° | isotoxal-family-k4-478[3.3.3.3.3.6.4α]@0° | isotoxal-family-k4-478[3.3.3.3.3.6.4α]@180°
  isotoxal-family-k4-497[3.3.3.3.3.3.3.3.4α]@0° | isotoxal-family-k4-498[3.3.3.3.3.3.3.3.4α]@0° | isotoxal-family-k4-528[3.3.3.3.3.3.3.4α]@180° | isotoxal-family-k4-576[3.3.3.3.3.3.3.3.3.4α]@0° | isotoxal-family-k4-825[3.3.3.3.3.3.3.4α]@180° | isotoxal-family-k4-872[3.3.3.3.3.3.3.3.3.4α]@0°
  isotoxal-family-k4-497[3.3.3.3.3.3.3.3.4α]@180° | isotoxal-family-k4-498[3.3.3.3.3.3.3.3.4α]@180° | isotoxal-family-k4-528[3.3.3.3.3.3.3.4α]@0° | isotoxal-family-k4-529[3.3.3.3.3.3.3.4α]@0° | isotoxal-family-k4-529[3.3.3.3.3.3.3.4α]@180° | isotoxal-family-k4-573[3.3.3.3.3.3.3.3.3.4α]@180° | isotoxal-family-k4-824[3.3.3.3.3.3.3.4α]@0° | isotoxal-family-k4-825[3.3.3.3.3.3.3.4α]@0° | isotoxal-family-k4-872[3.3.3.3.3.3.3.3.3.4α]@180° | isotoxal-family-k4-875[3.3.3.3.3.3.3.3.3.4α]@0° | isotoxal-family-k4-875[3.3.3.3.3.3.3.3.3.4α]@180°
  isotoxal-family-k4-499[3.3.3.3.3.3.3.3.3.4α]@0° | isotoxal-family-k4-499[3.3.3.3.3.3.3.3.3.4α]@180° | isotoxal-family-k4-500[3.3.3.3.3.3.3.3.3.4α]@0° | isotoxal-family-k4-500[3.3.3.3.3.3.3.3.3.4α]@180° | isotoxal-family-k4-501[3.3.3.3.3.3.3.3.3.4α]@0° | isotoxal-family-k4-501[3.3.3.3.3.3.3.3.3.4α]@180° | isotoxal-family-k4-502[3.3.3.3.3.3.3.3.3.4α]@0° | isotoxal-family-k4-502[3.3.3.3.3.3.3.3.3.4α]@180°
  isotoxal-family-k4-2212[3.3.3.3.3.3.3.3.4α]@0° | isotoxal-family-k4-2212[3.3.3.3.3.3.3.3.4α]@180° | isotoxal-family-k4-2213[3.3.3.3.3.3.3.3.4α]@0° | isotoxal-family-k4-2384[3.3.3.3.3.3.3.3.4α]@180° | isotoxal-family-k4-503[3.3.3.3.3.3.3.3.4α]@0° | isotoxal-family-k4-504[3.3.3.3.3.3.3.3.4α]@0° | isotoxal-family-k4-745[3.3.3.3.3.3.3.3.3.4α]@0° | isotoxal-family-k4-745[3.3.3.3.3.3.3.3.3.4α]@180°
  isotoxal-family-k4-2210[3.3.3.3.3.3.3.3.4α]@0° | isotoxal-family-k4-2210[3.3.3.3.3.3.3.3.4α]@180° | isotoxal-family-k4-2211[3.3.3.3.3.3.3.3.4α]@0° | isotoxal-family-k4-2213[3.3.3.3.3.3.3.3.4α]@180° | isotoxal-family-k4-2382[3.3.3.3.3.3.3.3.4α]@0° | isotoxal-family-k4-2384[3.3.3.3.3.3.3.3.4α]@0° | isotoxal-family-k4-2385[3.3.3.3.3.3.3.3.4α]@0° | isotoxal-family-k4-2385[3.3.3.3.3.3.3.3.4α]@180° | isotoxal-family-k4-3193[3.3.3.3.3.3.3.4α]@0° | isotoxal-family-k4-3193[3.3.3.3.3.3.3.4α]@180° | isotoxal-family-k4-3194[3.3.3.3.3.3.3.4α]@0° | isotoxal-family-k4-3194[3.3.3.3.3.3.3.4α]@180° | isotoxal-family-k4-3195[3.3.3.3.3.3.3.4α]@0° | isotoxal-family-k4-3195[3.3.3.3.3.3.3.4α]@180° | isotoxal-family-k4-3196[3.3.3.3.3.3.3.4α]@0° | isotoxal-family-k4-3196[3.3.3.3.3.3.3.4α]@180° | isotoxal-family-k4-3633[3.3.3.3.3.3.3.4α]@0° | isotoxal-family-k4-3633[3.3.3.3.3.3.3.4α]@180° | isotoxal-family-k4-3634[3.3.3.3.3.3.3.4α]@0° | isotoxal-family-k4-3634[3.3.3.3.3.3.3.4α]@180° | isotoxal-family-k4-3635[3.3.3.3.3.3.3.4α]@0° | isotoxal-family-k4-3635[3.3.3.3.3.3.3.4α]@180° | isotoxal-family-k4-3636[3.3.3.3.3.3.3.4α]@0° | isotoxal-family-k4-3636[3.3.3.3.3.3.3.4α]@180° | isotoxal-family-k4-503[3.3.3.3.3.3.3.3.4α]@180° | isotoxal-family-k4-504[3.3.3.3.3.3.3.3.4α]@180° | isotoxal-family-k4-505[3.3.3.3.3.3.3.3.4α]@0° | isotoxal-family-k4-505[3.3.3.3.3.3.3.3.4α]@180° | isotoxal-family-k4-506[3.3.3.3.3.3.3.3.4α]@0° | isotoxal-family-k4-506[3.3.3.3.3.3.3.3.4α]@180° | isotoxal-family-k4-746[3.3.3.3.3.3.3.3.3.4α]@0° | isotoxal-family-k4-748[3.3.3.3.3.3.3.3.3.4α]@0° | isotoxal-family-k4-748[3.3.3.3.3.3.3.3.3.4α]@180° | isotoxal-family-k4-749[3.3.3.3.3.3.3.3.3.4α]@0° | isotoxal-family-k4-749[3.3.3.3.3.3.3.3.3.4α]@180° | isotoxal-family-k4-750[3.3.3.3.3.3.3.3.3.4α]@0° | isotoxal-family-k4-750[3.3.3.3.3.3.3.3.3.4α]@180° | isotoxal-family-k4-751[3.3.3.3.3.3.3.3.3.4α]@0° | isotoxal-family-k4-751[3.3.3.3.3.3.3.3.3.4α]@180° | isotoxal-family-k4-752[3.3.3.3.3.3.3.3.3.4α]@0° | isotoxal-family-k4-752[3.3.3.3.3.3.3.3.3.4α]@180°
  isotoxal-family-k4-507[3.3.3.3.3.3.4α]@0° | isotoxal-family-k4-508[3.3.3.3.3.3.4α]@0° | isotoxal-family-k4-508[3.3.3.3.3.3.4α]@180° | isotoxal-family-k4-509[3.3.3.3.3.3.4α]@0° | isotoxal-family-k4-509[3.3.3.3.3.3.4α]@180°
  isotoxal-family-k4-1009[3.3.3.3.3.3.3.3.4α]@0° | isotoxal-family-k4-1010[3.3.3.3.3.3.3.3.4α]@0° | isotoxal-family-k4-1010[3.3.3.3.3.3.3.3.4α]@180° | isotoxal-family-k4-1011[3.3.3.3.3.3.3.3.4α]@0° | isotoxal-family-k4-2487[3.3.3.3.3.3.3.4α]@0° | isotoxal-family-k4-2487[3.3.3.3.3.3.3.4α]@180° | isotoxal-family-k4-2488[3.3.3.3.3.3.3.4α]@180° | isotoxal-family-k4-2495[3.3.3.3.3.3.3.4α]@0° | isotoxal-family-k4-2496[3.3.3.3.3.3.3.4α]@0° | isotoxal-family-k4-2497[3.3.3.3.3.3.3.4α]@0° | isotoxal-family-k4-2498[3.3.3.3.3.3.3.4α]@0° | isotoxal-family-k4-2498[3.3.3.3.3.3.3.4α]@180° | isotoxal-family-k4-2944[3.3.3.3.3.3.3.4α]@0° | isotoxal-family-k4-2944[3.3.3.3.3.3.3.4α]@180° | isotoxal-family-k4-2945[3.3.3.3.3.3.3.4α]@0° | isotoxal-family-k4-2945[3.3.3.3.3.3.3.4α]@180° | isotoxal-family-k4-2952[3.3.3.3.3.3.3.4α]@0° | isotoxal-family-k4-2952[3.3.3.3.3.3.3.4α]@180° | isotoxal-family-k4-2953[3.3.3.3.3.3.3.4α]@0° | isotoxal-family-k4-2955[3.3.3.3.3.3.3.4α]@180° | isotoxal-family-k4-510[3.3.3.3.3.3.3.3.4α]@180° | isotoxal-family-k4-511[3.3.3.3.3.3.3.3.4α]@180° | isotoxal-family-k4-512[3.3.3.3.3.3.3.3.4α]@180° | isotoxal-family-k4-513[3.3.3.3.3.3.3.3.4α]@0° | isotoxal-family-k4-513[3.3.3.3.3.3.3.3.4α]@180° | isotoxal-family-k4-515[3.3.3.3.3.3.3.3.4α]@0° | isotoxal-family-k4-515[3.3.3.3.3.3.3.3.4α]@180° | isotoxal-family-k4-516[3.3.3.3.3.3.3.3.4α]@0° | isotoxal-family-k4-516[3.3.3.3.3.3.3.3.4α]@180°
  isotoxal-family-k4-1011[3.3.3.3.3.3.3.3.4α]@180° | isotoxal-family-k4-2488[3.3.3.3.3.3.3.4α]@0° | isotoxal-family-k4-2497[3.3.3.3.3.3.3.4α]@180° | isotoxal-family-k4-2955[3.3.3.3.3.3.3.4α]@0° | isotoxal-family-k4-511[3.3.3.3.3.3.3.3.4α]@0° | isotoxal-family-k4-512[3.3.3.3.3.3.3.3.4α]@0°
  isotoxal-family-k4-517[3.3.3.3.3.3.3.3.3.3.4α]@0° | isotoxal-family-k4-813[3.3.3.3.3.3.3.3.3.3.4α]@0°
  isotoxal-family-k4-518[3.3.3.3.3.3.3.4.4.4α]@0° | isotoxal-family-k4-532[3.3.3.3.3.3.3.4.4.4α]@0°
  isotoxal-family-k4-518[3.3.3.3.3.3.3.4.4.4α]@180° | isotoxal-family-k4-532[3.3.3.3.3.3.3.4.4.4α]@180°
  isotoxal-family-k4-2209[3.3.3.3.3.3.4α]@0° | isotoxal-family-k4-2209[3.3.3.3.3.3.4α]@180° | isotoxal-family-k4-519[3.3.3.3.3.3.3.4α]@0° | isotoxal-family-k4-519[3.3.3.3.3.3.3.4α]@180° | isotoxal-family-k4-520[3.3.3.3.3.3.3.4α]@180° | isotoxal-family-k4-545[3.3.3.3.3.3.3.3.4α]@180° | isotoxal-family-k4-546[3.3.3.3.3.3.3.3.4α]@0° | isotoxal-family-k4-546[3.3.3.3.3.3.3.3.4α]@180° | isotoxal-family-k4-815[3.3.3.3.3.3.3.4α]@0° | isotoxal-family-k4-815[3.3.3.3.3.3.3.4α]@180° | isotoxal-family-k4-816[3.3.3.3.3.3.3.4α]@0° | isotoxal-family-k4-816[3.3.3.3.3.3.3.4α]@180° | isotoxal-family-k4-841[3.3.3.3.3.3.3.3.4α]@0° | isotoxal-family-k4-841[3.3.3.3.3.3.3.3.4α]@180° | isotoxal-family-k4-842[3.3.3.3.3.3.3.3.4α]@0° | isotoxal-family-k4-842[3.3.3.3.3.3.3.3.4α]@180°
  isotoxal-family-k4-2206[3.3.3.3.3.3.4α]@180° | isotoxal-family-k4-520[3.3.3.3.3.3.3.4α]@0° | isotoxal-family-k4-545[3.3.3.3.3.3.3.3.4α]@0°
  isotoxal-family-k4-521[3.3.3.3.3.3.3.3.3.4α]@0° | isotoxal-family-k4-522[3.3.3.3.3.3.3.3.3.4α]@0° | isotoxal-family-k4-522[3.3.3.3.3.3.3.3.3.4α]@180° | isotoxal-family-k4-575[3.3.3.3.3.3.3.3.3.4α]@180° | isotoxal-family-k4-817[3.3.3.3.3.3.3.3.3.4α]@0° | isotoxal-family-k4-873[3.3.3.3.3.3.3.3.3.4α]@0° | isotoxal-family-k4-873[3.3.3.3.3.3.3.3.3.4α]@180°
  isotoxal-family-k4-521[3.3.3.3.3.3.3.3.3.4α]@180° | isotoxal-family-k4-574[3.3.3.3.3.3.3.3.3.4α]@180°
  isotoxal-family-k4-523[3.3.3.3.3.3.3.4.4α]@0° | isotoxal-family-k4-523[3.3.3.3.3.3.3.4.4α]@180° | isotoxal-family-k4-820[3.3.3.3.3.3.3.4.4α]@180°
  isotoxal-family-k4-524[3.3.3.3.3.3.3.4.4α]@0° | isotoxal-family-k4-524[3.3.3.3.3.3.3.4.4α]@180° | isotoxal-family-k4-578[3.3.3.3.3.3.3.3.4.4α]@180° | isotoxal-family-k4-819[3.3.3.3.3.3.3.4.4α]@0° | isotoxal-family-k4-876[3.3.3.3.3.3.3.3.4.4α]@0° | isotoxal-family-k4-876[3.3.3.3.3.3.3.3.4.4α]@180° | isotoxal-family-k4-877[3.3.3.3.3.3.3.3.4.4α]@0°
  isotoxal-family-k4-2225[3.3.3.3.3.3.4α]@0° | isotoxal-family-k4-2387[3.3.3.3.3.3.3.3.4α]@0° | isotoxal-family-k4-525[3.3.3.3.3.3.3.4α]@0° | isotoxal-family-k4-525[3.3.3.3.3.3.3.4α]@180° | isotoxal-family-k4-579[3.3.3.3.3.3.3.3.4α]@180° | isotoxal-family-k4-580[3.3.3.3.3.3.3.3.4α]@180°
  isotoxal-family-k4-2224[3.3.3.3.3.3.4α]@0° | isotoxal-family-k4-2226[3.3.3.3.3.3.4α]@180° | isotoxal-family-k4-2227[3.3.3.3.3.3.4α]@0° | isotoxal-family-k4-2227[3.3.3.3.3.3.4α]@180° | isotoxal-family-k4-2380[3.3.3.3.3.3.3.3.4α]@0° | isotoxal-family-k4-2381[3.3.3.3.3.3.3.3.4α]@0° | isotoxal-family-k4-2381[3.3.3.3.3.3.3.3.4α]@180° | isotoxal-family-k4-2386[3.3.3.3.3.3.3.3.4α]@0° | isotoxal-family-k4-526[3.3.3.3.3.3.3.4α]@0° | isotoxal-family-k4-763[3.3.3.3.3.3.3.4α]@0° | isotoxal-family-k4-763[3.3.3.3.3.3.3.4α]@180° | isotoxal-family-k4-764[3.3.3.3.3.3.3.4α]@0° | isotoxal-family-k4-764[3.3.3.3.3.3.3.4α]@180° | isotoxal-family-k4-765[3.3.3.3.3.3.3.4α]@180° | isotoxal-family-k4-766[3.3.3.3.3.3.3.4α]@0° | isotoxal-family-k4-766[3.3.3.3.3.3.3.4α]@180° | isotoxal-family-k4-821[3.3.3.3.3.3.3.4α]@0° | isotoxal-family-k4-822[3.3.3.3.3.3.3.4α]@0° | isotoxal-family-k4-878[3.3.3.3.3.3.3.3.4α]@0° | isotoxal-family-k4-878[3.3.3.3.3.3.3.3.4α]@180° | isotoxal-family-k4-879[3.3.3.3.3.3.3.3.4α]@0° | isotoxal-family-k4-879[3.3.3.3.3.3.3.3.4α]@180°
  isotoxal-family-k4-2225[3.3.3.3.3.3.4α]@180° | isotoxal-family-k4-526[3.3.3.3.3.3.3.4α]@180° | isotoxal-family-k4-579[3.3.3.3.3.3.3.3.4α]@0° | isotoxal-family-k4-769[3.3.3.3.3.3.3.3.4α]@0° | isotoxal-family-k4-782[3.3.3.3.3.3.3.3.4α]@0°
  isotoxal-family-k4-527[3.3.3.3.3.3.3.4α]@0° | isotoxal-family-k4-527[3.3.3.3.3.3.3.4α]@180° | isotoxal-family-k4-530[3.3.3.3.3.3.3.4α]@0° | isotoxal-family-k4-581[3.3.3.3.3.3.3.3.4α]@180°
  isotoxal-family-k4-530[3.3.3.3.3.3.3.4α]@180° | isotoxal-family-k4-826[3.3.3.3.3.3.3.4α]@180° | isotoxal-family-k4-880[3.3.3.3.3.3.3.3.4α]@180°
  isotoxal-family-k4-531[3.3.3.3.3.3.3.3.4α]@0° | isotoxal-family-k4-827[3.3.3.3.3.3.3.3.4α]@0°
  isotoxal-family-k4-2206[3.3.3.3.3.3.4α]@0° | isotoxal-family-k4-531[3.3.3.3.3.3.3.3.4α]@180°
  isotoxal-family-k4-533[3.3.3.4.4.4α]@0° | isotoxal-family-k4-534[3.3.3.4.4.4α]@180° | isotoxal-family-k4-547[3.3.3.3.4.4.4α]@180° | isotoxal-family-k4-548[3.3.3.3.4.4.4α]@0°
  isotoxal-family-k4-533[3.3.3.4.4.4α]@180° | isotoxal-family-k4-534[3.3.3.4.4.4α]@0° | isotoxal-family-k4-547[3.3.3.3.4.4.4α]@0° | isotoxal-family-k4-548[3.3.3.3.4.4.4α]@180°
  isotoxal-family-k4-535[3.3.3.3.3.4.4.4α]@0° | isotoxal-family-k4-535[3.3.3.3.3.4.4.4α]@180° | isotoxal-family-k4-585[3.3.3.3.3.3.4.4.4α]@0°
  isotoxal-family-k4-536[3.3.3.3.3.4.4.4α]@0° | isotoxal-family-k4-536[3.3.3.3.3.4.4.4α]@180° | isotoxal-family-k4-586[3.3.3.3.3.3.4.4.4α]@180° | isotoxal-family-k4-831[3.3.3.3.3.4.4.4α]@0° | isotoxal-family-k4-831[3.3.3.3.3.4.4.4α]@180° | isotoxal-family-k4-885[3.3.3.3.3.3.4.4.4α]@0° | isotoxal-family-k4-885[3.3.3.3.3.3.4.4.4α]@180° | isotoxal-family-k4-886[3.3.3.3.3.3.4.4.4α]@0°
  isotoxal-family-k4-2254[3.3.4.4.4α]@180° | isotoxal-family-k4-539[3.3.3.4.4.4α]@0° | isotoxal-family-k4-539[3.3.3.4.4.4α]@180° | isotoxal-family-k4-587[3.3.3.3.4.4.4α]@0°
  isotoxal-family-k4-2254[3.3.4.4.4α]@0° | isotoxal-family-k4-540[3.3.3.4.4.4α]@0° | isotoxal-family-k4-540[3.3.3.4.4.4α]@180° | isotoxal-family-k4-588[3.3.3.3.4.4.4α]@180°
  isotoxal-family-k4-541[3.3.3.4.4.4α]@0° | isotoxal-family-k4-544[3.3.3.4.4.4α]@0°
  isotoxal-family-k4-541[3.3.3.4.4.4α]@180° | isotoxal-family-k4-544[3.3.3.4.4.4α]@180° | isotoxal-family-k4-589[3.3.3.3.4.4.4α]@180° | isotoxal-family-k4-590[3.3.3.3.4.4.4α]@180° | isotoxal-family-k4-837[3.3.3.4.4.4α]@0° | isotoxal-family-k4-837[3.3.3.4.4.4α]@180° | isotoxal-family-k4-840[3.3.3.4.4.4α]@180° | isotoxal-family-k4-889[3.3.3.3.4.4.4α]@0° | isotoxal-family-k4-889[3.3.3.3.4.4.4α]@180° | isotoxal-family-k4-890[3.3.3.3.4.4.4α]@180°
  isotoxal-family-k4-2277[3.3.3.4α]@180° | isotoxal-family-k4-549[3.3.3.3.4α]@0° | isotoxal-family-k4-549[3.3.3.3.4α]@180° | isotoxal-family-k4-550[3.3.3.3.4α]@0° | isotoxal-family-k4-551[3.3.3.3.4α]@180° | isotoxal-family-k4-552[3.3.3.3.4α]@0°
  isotoxal-family-k4-2276[3.3.3.4α]@0° | isotoxal-family-k4-2286[3.3.3.4α]@0° | isotoxal-family-k4-2287[3.3.3.4α]@0° | isotoxal-family-k4-2287[3.3.3.4α]@180° | isotoxal-family-k4-2346[3.3.3.4α]@0° | isotoxal-family-k4-2346[3.3.3.4α]@180° | isotoxal-family-k4-2349[3.3.3.4α]@0° | isotoxal-family-k4-2349[3.3.3.4α]@180° | isotoxal-family-k4-550[3.3.3.3.4α]@180° | isotoxal-family-k4-846[3.3.3.3.4α]@0° | isotoxal-family-k4-846[3.3.3.3.4α]@180° | isotoxal-family-k4-847[3.3.3.3.4α]@0° | isotoxal-family-k4-847[3.3.3.3.4α]@180° | isotoxal-family-k4-848[3.3.3.3.4α]@0° | isotoxal-family-k4-848[3.3.3.3.4α]@180°
  isotoxal-family-k4-2277[3.3.3.4α]@0° | isotoxal-family-k4-551[3.3.3.3.4α]@0° | isotoxal-family-k4-552[3.3.3.3.4α]@180°
  isotoxal-family-k4-553[3.3.3.3.3.3.4α]@0° | isotoxal-family-k4-591[3.3.3.3.3.3.4α]@180° | isotoxal-family-k4-601[3.3.3.3.3.3.4α]@180° | isotoxal-family-k4-860[3.3.3.3.3.3.4α]@0° | isotoxal-family-k4-860[3.3.3.3.3.3.4α]@180°
  isotoxal-family-k4-2337[3.3.3.3.3.4α]@0° | isotoxal-family-k4-2337[3.3.3.3.3.4α]@180° | isotoxal-family-k4-2370[3.3.3.3.3.4α]@0° | isotoxal-family-k4-2371[3.3.3.3.3.4α]@0° | isotoxal-family-k4-554[3.3.3.3.3.3.4α]@0° | isotoxal-family-k4-563[3.3.3.3.3.3.4α]@0° | isotoxal-family-k4-564[3.3.3.3.3.3.4α]@0° | isotoxal-family-k4-564[3.3.3.3.3.3.4α]@180° | isotoxal-family-k4-584[3.3.3.3.3.3.3.4α]@180° | isotoxal-family-k4-592[3.3.3.3.3.3.4α]@180° | isotoxal-family-k4-602[3.3.3.3.3.3.4α]@180° | isotoxal-family-k4-729[3.3.3.3.3.3.4α]@0° | isotoxal-family-k4-729[3.3.3.3.3.3.4α]@180° | isotoxal-family-k4-730[3.3.3.3.3.3.4α]@0° | isotoxal-family-k4-730[3.3.3.3.3.3.4α]@180° | isotoxal-family-k4-731[3.3.3.3.3.3.4α]@180° | isotoxal-family-k4-732[3.3.3.3.3.3.4α]@180° | isotoxal-family-k4-849[3.3.3.3.3.3.4α]@0° | isotoxal-family-k4-859[3.3.3.3.3.3.4α]@0° | isotoxal-family-k4-859[3.3.3.3.3.3.4α]@180° | isotoxal-family-k4-883[3.3.3.3.3.3.3.4α]@0° | isotoxal-family-k4-883[3.3.3.3.3.3.3.4α]@180° | isotoxal-family-k4-891[3.3.3.3.3.3.4α]@0° | isotoxal-family-k4-891[3.3.3.3.3.3.4α]@180° | isotoxal-family-k4-892[3.3.3.3.3.3.4α]@180° | isotoxal-family-k4-901[3.3.3.3.3.3.4α]@0° | isotoxal-family-k4-901[3.3.3.3.3.3.4α]@180° | isotoxal-family-k4-902[3.3.3.3.3.3.4α]@180°
  isotoxal-family-k4-2339[3.3.3.4.4α]@180° | isotoxal-family-k4-2372[3.3.3.4.4α]@0° | isotoxal-family-k4-2372[3.3.3.4.4α]@180° | isotoxal-family-k4-555[3.3.3.3.4.4α]@0° | isotoxal-family-k4-556[3.3.3.3.4.4α]@0° | isotoxal-family-k4-566[3.3.3.3.4.4α]@0° | isotoxal-family-k4-566[3.3.3.3.4.4α]@180° | isotoxal-family-k4-593[3.3.3.3.4.4α]@180° | isotoxal-family-k4-594[3.3.3.3.4.4α]@180° | isotoxal-family-k4-604[3.3.3.3.4.4α]@180° | isotoxal-family-k4-851[3.3.3.3.4.4α]@0° | isotoxal-family-k4-852[3.3.3.3.4.4α]@0° | isotoxal-family-k4-861[3.3.3.3.4.4α]@0° | isotoxal-family-k4-861[3.3.3.3.4.4α]@180° | isotoxal-family-k4-893[3.3.3.3.4.4α]@0° | isotoxal-family-k4-893[3.3.3.3.4.4α]@180° | isotoxal-family-k4-894[3.3.3.3.4.4α]@0° | isotoxal-family-k4-903[3.3.3.3.4.4α]@0° | isotoxal-family-k4-903[3.3.3.3.4.4α]@180° | isotoxal-family-k4-904[3.3.3.3.4.4α]@0°
  isotoxal-family-k4-2309[3.3.3.4α]@180° | isotoxal-family-k4-2341[3.3.3.4α]@0° | isotoxal-family-k4-2365[3.3.3.4α]@180° | isotoxal-family-k4-2432[3.3.3.4α]@180° | isotoxal-family-k4-557[3.3.3.3.4α]@0° | isotoxal-family-k4-568[3.3.3.3.4α]@180° | isotoxal-family-k4-595[3.3.3.3.4α]@180° | isotoxal-family-k4-853[3.3.3.3.4α]@180° | isotoxal-family-k4-854[3.3.3.3.4α]@180°
  isotoxal-family-k4-2308[3.3.3.4α]@180° | isotoxal-family-k4-557[3.3.3.3.4α]@180° | isotoxal-family-k4-558[3.3.3.3.4α]@180°
  isotoxal-family-k4-2326[3.3.3.4α]@0° | isotoxal-family-k4-2326[3.3.3.4α]@180° | isotoxal-family-k4-2329[3.3.3.4α]@0° | isotoxal-family-k4-2329[3.3.3.4α]@180° | isotoxal-family-k4-2364[3.3.3.4α]@0° | isotoxal-family-k4-2364[3.3.3.4α]@180° | isotoxal-family-k4-2366[3.3.3.4α]@0° | isotoxal-family-k4-2367[3.3.3.4α]@0° | isotoxal-family-k4-2367[3.3.3.4α]@180° | isotoxal-family-k4-2374[3.3.3.4α]@0° | isotoxal-family-k4-2375[3.3.3.4α]@0° | isotoxal-family-k4-2375[3.3.3.4α]@180° | isotoxal-family-k4-2415[3.3.3.4α]@0° | isotoxal-family-k4-2416[3.3.3.4α]@0° | isotoxal-family-k4-2418[3.3.3.4α]@0° | isotoxal-family-k4-2418[3.3.3.4α]@180° | isotoxal-family-k4-2431[3.3.3.4α]@0° | isotoxal-family-k4-2434[3.3.3.4α]@0° | isotoxal-family-k4-2434[3.3.3.4α]@180° | isotoxal-family-k4-558[3.3.3.3.4α]@0° | isotoxal-family-k4-568[3.3.3.3.4α]@0° | isotoxal-family-k4-598[3.3.3.3.4α]@180° | isotoxal-family-k4-608[3.3.3.3.4α]@180° | isotoxal-family-k4-853[3.3.3.3.4α]@0° | isotoxal-family-k4-854[3.3.3.3.4α]@0° | isotoxal-family-k4-863[3.3.3.3.4α]@0° | isotoxal-family-k4-863[3.3.3.3.4α]@180° | isotoxal-family-k4-864[3.3.3.3.4α]@0° | isotoxal-family-k4-864[3.3.3.3.4α]@180° | isotoxal-family-k4-895[3.3.3.3.4α]@0° | isotoxal-family-k4-895[3.3.3.3.4α]@180° | isotoxal-family-k4-898[3.3.3.3.4α]@0° | isotoxal-family-k4-898[3.3.3.3.4α]@180° | isotoxal-family-k4-905[3.3.3.3.4α]@0° | isotoxal-family-k4-905[3.3.3.3.4α]@180° | isotoxal-family-k4-908[3.3.3.3.4α]@0° | isotoxal-family-k4-908[3.3.3.3.4α]@180°
  isotoxal-family-k4-559[3.3.3.3.4α]@0° | isotoxal-family-k4-599[3.3.3.3.4α]@180° | isotoxal-family-k4-609[3.3.3.3.4α]@0° | isotoxal-family-k4-610[3.3.3.3.4α]@0°
  isotoxal-family-k4-559[3.3.3.3.4α]@180° | isotoxal-family-k4-562[3.3.3.3.4α]@180°
  isotoxal-family-k4-2344[3.3.3.4α]@0° | isotoxal-family-k4-2344[3.3.3.4α]@180° | isotoxal-family-k4-2377[3.3.3.4α]@0° | isotoxal-family-k4-2377[3.3.3.4α]@180° | isotoxal-family-k4-2378[3.3.3.4α]@180° | isotoxal-family-k4-3077[3.3.3.3.4α]@0° | isotoxal-family-k4-3078[3.3.3.3.4α]@0° | isotoxal-family-k4-3079[3.3.3.3.4α]@0° | isotoxal-family-k4-3079[3.3.3.3.4α]@180° | isotoxal-family-k4-3080[3.3.3.3.4α]@0° | isotoxal-family-k4-3080[3.3.3.3.4α]@180° | isotoxal-family-k4-561[3.3.3.3.4α]@0° | isotoxal-family-k4-570[3.3.3.3.4α]@0° | isotoxal-family-k4-570[3.3.3.3.4α]@180° | isotoxal-family-k4-571[3.3.3.3.4α]@0° | isotoxal-family-k4-571[3.3.3.3.4α]@180° | isotoxal-family-k4-597[3.3.3.3.4α]@180° | isotoxal-family-k4-607[3.3.3.3.4α]@180° | isotoxal-family-k4-856[3.3.3.3.4α]@0° | isotoxal-family-k4-866[3.3.3.3.4α]@0° | isotoxal-family-k4-866[3.3.3.3.4α]@180° | isotoxal-family-k4-867[3.3.3.3.4α]@0° | isotoxal-family-k4-867[3.3.3.3.4α]@180° | isotoxal-family-k4-896[3.3.3.3.4α]@0° | isotoxal-family-k4-896[3.3.3.3.4α]@180° | isotoxal-family-k4-906[3.3.3.3.4α]@0° | isotoxal-family-k4-906[3.3.3.3.4α]@180°
  isotoxal-family-k4-562[3.3.3.3.4α]@0° | isotoxal-family-k4-855[3.3.3.3.4α]@0° | isotoxal-family-k4-858[3.3.3.3.4α]@0° | isotoxal-family-k4-899[3.3.3.3.4α]@180°
  isotoxal-family-k4-2336[3.3.3.3.3.4α]@180° | isotoxal-family-k4-563[3.3.3.3.3.3.4α]@180° | isotoxal-family-k4-583[3.3.3.3.3.3.3.4α]@0° | isotoxal-family-k4-601[3.3.3.3.3.3.4α]@0° | isotoxal-family-k4-773[3.3.3.3.3.3.4α]@0° | isotoxal-family-k4-774[3.3.3.3.3.3.4α]@180° | isotoxal-family-k4-850[3.3.3.3.3.3.4α]@180°
  isotoxal-family-k4-2338[3.3.3.4.4α]@0° | isotoxal-family-k4-2338[3.3.3.4.4α]@180° | isotoxal-family-k4-2373[3.3.3.4.4α]@0° | isotoxal-family-k4-2373[3.3.3.4.4α]@180° | isotoxal-family-k4-565[3.3.3.3.4.4α]@0° | isotoxal-family-k4-565[3.3.3.3.4.4α]@180° | isotoxal-family-k4-862[3.3.3.3.4.4α]@0° | isotoxal-family-k4-894[3.3.3.3.4.4α]@180° | isotoxal-family-k4-904[3.3.3.3.4.4α]@180°
  isotoxal-family-k4-2327[3.3.3.4α]@0° | isotoxal-family-k4-2327[3.3.3.4α]@180° | isotoxal-family-k4-2328[3.3.3.4α]@0° | isotoxal-family-k4-2340[3.3.3.4α]@0° | isotoxal-family-k4-2341[3.3.3.4α]@180° | isotoxal-family-k4-2416[3.3.3.4α]@180° | isotoxal-family-k4-2432[3.3.3.4α]@0° | isotoxal-family-k4-567[3.3.3.3.4α]@0° | isotoxal-family-k4-605[3.3.3.3.4α]@180°
  isotoxal-family-k4-2328[3.3.3.4α]@180° | isotoxal-family-k4-2340[3.3.3.4α]@180° | isotoxal-family-k4-567[3.3.3.3.4α]@180° | isotoxal-family-k4-598[3.3.3.3.4α]@0° | isotoxal-family-k4-608[3.3.3.3.4α]@0°
  isotoxal-family-k4-569[3.3.3.3.4α]@0° | isotoxal-family-k4-572[3.3.3.3.4α]@180° | isotoxal-family-k4-599[3.3.3.3.4α]@0° | isotoxal-family-k4-609[3.3.3.3.4α]@180°
  isotoxal-family-k4-2345[3.3.3.4α]@180° | isotoxal-family-k4-2376[3.3.3.4α]@180° | isotoxal-family-k4-2379[3.3.3.4α]@0° | isotoxal-family-k4-2379[3.3.3.4α]@180° | isotoxal-family-k4-569[3.3.3.3.4α]@180° | isotoxal-family-k4-572[3.3.3.3.4α]@0° | isotoxal-family-k4-610[3.3.3.3.4α]@180° | isotoxal-family-k4-865[3.3.3.3.4α]@0° | isotoxal-family-k4-865[3.3.3.3.4α]@180° | isotoxal-family-k4-868[3.3.3.3.4α]@0° | isotoxal-family-k4-868[3.3.3.3.4α]@180° | isotoxal-family-k4-899[3.3.3.3.4α]@0° | isotoxal-family-k4-900[3.3.3.3.4α]@0° | isotoxal-family-k4-900[3.3.3.3.4α]@180° | isotoxal-family-k4-909[3.3.3.3.4α]@0° | isotoxal-family-k4-909[3.3.3.3.4α]@180° | isotoxal-family-k4-910[3.3.3.3.4α]@0° | isotoxal-family-k4-910[3.3.3.3.4α]@180°
  isotoxal-family-k4-573[3.3.3.3.3.3.3.3.3.4α]@0° | isotoxal-family-k4-824[3.3.3.3.3.3.3.4α]@180°
  isotoxal-family-k4-575[3.3.3.3.3.3.3.3.3.4α]@0° | isotoxal-family-k4-817[3.3.3.3.3.3.3.3.3.4α]@180°
  isotoxal-family-k4-577[3.3.3.3.3.3.3.3.4.4α]@180° | isotoxal-family-k4-820[3.3.3.3.3.3.3.4.4α]@0° | isotoxal-family-k4-877[3.3.3.3.3.3.3.3.4.4α]@180°
  isotoxal-family-k4-578[3.3.3.3.3.3.3.3.4.4α]@0° | isotoxal-family-k4-819[3.3.3.3.3.3.3.4.4α]@180°
  isotoxal-family-k4-2226[3.3.3.3.3.3.4α]@0° | isotoxal-family-k4-580[3.3.3.3.3.3.3.3.4α]@0° | isotoxal-family-k4-765[3.3.3.3.3.3.3.4α]@0° | isotoxal-family-k4-782[3.3.3.3.3.3.3.3.4α]@180°
  isotoxal-family-k4-581[3.3.3.3.3.3.3.3.4α]@0° | isotoxal-family-k4-582[3.3.3.3.3.3.3.3.4α]@0° | isotoxal-family-k4-582[3.3.3.3.3.3.3.3.4α]@180°
  isotoxal-family-k4-2336[3.3.3.3.3.4α]@0° | isotoxal-family-k4-583[3.3.3.3.3.3.3.4α]@180° | isotoxal-family-k4-773[3.3.3.3.3.3.4α]@180° | isotoxal-family-k4-785[3.3.3.3.3.3.4α]@0° | isotoxal-family-k4-786[3.3.3.3.3.3.4α]@0° | isotoxal-family-k4-849[3.3.3.3.3.3.4α]@180°
  isotoxal-family-k4-2370[3.3.3.3.3.4α]@180° | isotoxal-family-k4-584[3.3.3.3.3.3.3.4α]@0° | isotoxal-family-k4-592[3.3.3.3.3.3.4α]@0° | isotoxal-family-k4-602[3.3.3.3.3.3.4α]@0° | isotoxal-family-k4-732[3.3.3.3.3.3.4α]@0° | isotoxal-family-k4-785[3.3.3.3.3.3.4α]@180° | isotoxal-family-k4-786[3.3.3.3.3.3.4α]@180° | isotoxal-family-k4-850[3.3.3.3.3.3.4α]@0°
  isotoxal-family-k4-585[3.3.3.3.3.3.4.4.4α]@180° | isotoxal-family-k4-832[3.3.3.3.3.4.4.4α]@0° | isotoxal-family-k4-832[3.3.3.3.3.4.4.4α]@180° | isotoxal-family-k4-886[3.3.3.3.3.3.4.4.4α]@180°
  isotoxal-family-k4-2371[3.3.3.3.3.4α]@180° | isotoxal-family-k4-591[3.3.3.3.3.3.4α]@0° | isotoxal-family-k4-731[3.3.3.3.3.3.4α]@0° | isotoxal-family-k4-774[3.3.3.3.3.3.4α]@0° | isotoxal-family-k4-884[3.3.3.3.3.3.3.4α]@0° | isotoxal-family-k4-884[3.3.3.3.3.3.3.4α]@180° | isotoxal-family-k4-892[3.3.3.3.3.3.4α]@0° | isotoxal-family-k4-902[3.3.3.3.3.3.4α]@0°
  isotoxal-family-k4-593[3.3.3.3.4.4α]@0° | isotoxal-family-k4-594[3.3.3.3.4.4α]@0° | isotoxal-family-k4-603[3.3.3.3.4.4α]@0° | isotoxal-family-k4-604[3.3.3.3.4.4α]@0°
  isotoxal-family-k4-2307[3.3.3.4α]@0° | isotoxal-family-k4-2365[3.3.3.4α]@0° | isotoxal-family-k4-2366[3.3.3.4α]@180° | isotoxal-family-k4-2417[3.3.3.4α]@0° | isotoxal-family-k4-2417[3.3.3.4α]@180° | isotoxal-family-k4-2433[3.3.3.4α]@0° | isotoxal-family-k4-2433[3.3.3.4α]@180° | isotoxal-family-k4-595[3.3.3.3.4α]@0° | isotoxal-family-k4-605[3.3.3.3.4α]@0°
  isotoxal-family-k4-2378[3.3.3.4α]@0° | isotoxal-family-k4-596[3.3.3.3.4α]@0° | isotoxal-family-k4-606[3.3.3.3.4α]@0°
  isotoxal-family-k4-2343[3.3.3.4α]@0° | isotoxal-family-k4-2343[3.3.3.4α]@180° | isotoxal-family-k4-3077[3.3.3.3.4α]@180° | isotoxal-family-k4-3078[3.3.3.3.4α]@180° | isotoxal-family-k4-596[3.3.3.3.4α]@180° | isotoxal-family-k4-857[3.3.3.3.4α]@180° | isotoxal-family-k4-897[3.3.3.3.4α]@0° | isotoxal-family-k4-897[3.3.3.3.4α]@180° | isotoxal-family-k4-907[3.3.3.3.4α]@0° | isotoxal-family-k4-907[3.3.3.3.4α]@180°
  isotoxal-family-k4-597[3.3.3.3.4α]@0° | isotoxal-family-k4-607[3.3.3.3.4α]@0° | isotoxal-family-k4-857[3.3.3.3.4α]@0°
  isotoxal-family-k4-2342[3.3.3.4α]@180° | isotoxal-family-k4-600[3.3.3.3.4α]@180°
  isotoxal-family-k4-606[3.3.3.3.4α]@180° | isotoxal-family-k4-856[3.3.3.3.4α]@180°
  isotoxal-family-k4-611[3.3.3.3.3.3.4α]@0° | isotoxal-family-k4-922[3.3.3.3.3.3.4α]@0°
  isotoxal-family-k4-611[3.3.3.3.3.3.4α]@180° | isotoxal-family-k4-912[3.3.3.3.3.3.4α]@0°
  isotoxal-family-k4-612[3.3.3.3.3.3.4α]@0° | isotoxal-family-k4-622[3.3.3.3.3.3.4α]@0°
  isotoxal-family-k4-612[3.3.3.3.3.3.4α]@180° | isotoxal-family-k4-622[3.3.3.3.3.3.4α]@180° | isotoxal-family-k4-911[3.3.3.3.3.3.4α]@0° | isotoxal-family-k4-911[3.3.3.3.3.3.4α]@180° | isotoxal-family-k4-912[3.3.3.3.3.3.4α]@180° | isotoxal-family-k4-921[3.3.3.3.3.3.4α]@0° | isotoxal-family-k4-921[3.3.3.3.3.3.4α]@180°
  isotoxal-family-k4-613[3.3.3.3.4.4α]@180° | isotoxal-family-k4-614[3.3.3.3.4.4α]@180° | isotoxal-family-k4-623[3.3.3.3.4.4α]@180° | isotoxal-family-k4-624[3.3.3.3.4.4α]@180° | isotoxal-family-k4-913[3.3.3.3.4.4α]@0° | isotoxal-family-k4-913[3.3.3.3.4.4α]@180° | isotoxal-family-k4-914[3.3.3.3.4.4α]@0° | isotoxal-family-k4-923[3.3.3.3.4.4α]@0° | isotoxal-family-k4-923[3.3.3.3.4.4α]@180°
  isotoxal-family-k4-614[3.3.3.3.4.4α]@0° | isotoxal-family-k4-624[3.3.3.3.4.4α]@0°
  isotoxal-family-k4-2456[3.3.3.4α]@0° | isotoxal-family-k4-2457[3.3.3.4α]@180° | isotoxal-family-k4-2477[3.3.3.4α]@0° | isotoxal-family-k4-2477[3.3.3.4α]@180° | isotoxal-family-k4-615[3.3.3.3.4α]@0°
  isotoxal-family-k4-2455[3.3.3.4α]@0° | isotoxal-family-k4-2457[3.3.3.4α]@0° | isotoxal-family-k4-2475[3.3.3.4α]@0° | isotoxal-family-k4-615[3.3.3.3.4α]@180° | isotoxal-family-k4-625[3.3.3.3.4α]@180°
  isotoxal-family-k4-2456[3.3.3.4α]@180° | isotoxal-family-k4-2458[3.3.3.4α]@0° | isotoxal-family-k4-2458[3.3.3.4α]@180° | isotoxal-family-k4-2478[3.3.3.4α]@0° | isotoxal-family-k4-2478[3.3.3.4α]@180° | isotoxal-family-k4-616[3.3.3.3.4α]@180° | isotoxal-family-k4-915[3.3.3.3.4α]@0° | isotoxal-family-k4-915[3.3.3.3.4α]@180° | isotoxal-family-k4-916[3.3.3.3.4α]@0° | isotoxal-family-k4-916[3.3.3.3.4α]@180° | isotoxal-family-k4-925[3.3.3.3.4α]@0° | isotoxal-family-k4-925[3.3.3.3.4α]@180° | isotoxal-family-k4-926[3.3.3.3.4α]@0° | isotoxal-family-k4-926[3.3.3.3.4α]@180°
  isotoxal-family-k4-617[3.3.3.3.4α]@180° | isotoxal-family-k4-620[3.3.3.3.4α]@180° | isotoxal-family-k4-627[3.3.3.3.4α]@180° | isotoxal-family-k4-630[3.3.3.3.4α]@180° | isotoxal-family-k4-917[3.3.3.3.4α]@180° | isotoxal-family-k4-920[3.3.3.3.4α]@0° | isotoxal-family-k4-920[3.3.3.3.4α]@180° | isotoxal-family-k4-927[3.3.3.3.4α]@180° | isotoxal-family-k4-930[3.3.3.3.4α]@0° | isotoxal-family-k4-930[3.3.3.3.4α]@180°
  isotoxal-family-k4-3230[3.3.4α]@0° | isotoxal-family-k4-3230[3.3.4α]@180° | isotoxal-family-k4-3231[3.3.4α]@0° | isotoxal-family-k4-3231[3.3.4α]@180° | isotoxal-family-k4-3673[3.3.4α]@0° | isotoxal-family-k4-3673[3.3.4α]@180° | isotoxal-family-k4-3674[3.3.4α]@0° | isotoxal-family-k4-3674[3.3.4α]@180° | isotoxal-family-k4-618[3.3.3.3.4α]@180° | isotoxal-family-k4-619[3.3.3.3.4α]@180° | isotoxal-family-k4-629[3.3.3.3.4α]@180° | isotoxal-family-k4-918[3.3.3.3.4α]@0° | isotoxal-family-k4-918[3.3.3.3.4α]@180° | isotoxal-family-k4-919[3.3.3.3.4α]@180° | isotoxal-family-k4-928[3.3.3.3.4α]@0° | isotoxal-family-k4-928[3.3.3.3.4α]@180° | isotoxal-family-k4-929[3.3.3.3.4α]@180°
  isotoxal-family-k4-619[3.3.3.3.4α]@0° | isotoxal-family-k4-629[3.3.3.3.4α]@0°
  isotoxal-family-k4-621[3.3.3.3.3.3.4α]@180° | isotoxal-family-k4-922[3.3.3.3.3.3.4α]@180°
  isotoxal-family-k4-2455[3.3.3.4α]@180° | isotoxal-family-k4-2475[3.3.3.4α]@180° | isotoxal-family-k4-626[3.3.3.3.4α]@180°
  isotoxal-family-k4-628[3.3.3.3.4α]@180° | isotoxal-family-k4-919[3.3.3.3.4α]@0°
  isotoxal-family-k4-631[3.3.3.3.3.3.3.3.3.3.4α]@0° | isotoxal-family-k4-631[3.3.3.3.3.3.3.3.3.3.4α]@180° | isotoxal-family-k4-632[3.3.3.3.3.3.3.3.3.3.4α]@0° | isotoxal-family-k4-632[3.3.3.3.3.3.3.3.3.3.4α]@180° | isotoxal-family-k4-738[3.3.3.3.3.3.3.3.3.3.4α]@0° | isotoxal-family-k4-738[3.3.3.3.3.3.3.3.3.3.4α]@180°
  isotoxal-family-k4-633[3.3.3.3.3.3.3.3.3.4α]@0° | isotoxal-family-k4-634[3.3.3.3.3.3.3.3.3.4α]@0° | isotoxal-family-k4-737[3.3.3.3.3.3.3.3.3.3.4α]@0° | isotoxal-family-k4-737[3.3.3.3.3.3.3.3.3.3.4α]@180° | isotoxal-family-k4-740[3.3.3.3.3.3.3.3.3.3.4α]@0° | isotoxal-family-k4-740[3.3.3.3.3.3.3.3.3.3.4α]@180°
  isotoxal-family-k4-635[3.3.3.3.3.3.3.3.4.4α]@0° | isotoxal-family-k4-635[3.3.3.3.3.3.3.3.4.4α]@180° | isotoxal-family-k4-636[3.3.3.3.3.3.3.3.4.4α]@0° | isotoxal-family-k4-636[3.3.3.3.3.3.3.3.4.4α]@180° | isotoxal-family-k4-741[3.3.3.3.3.3.3.3.3.4.4α]@0° | isotoxal-family-k4-741[3.3.3.3.3.3.3.3.3.4.4α]@180° | isotoxal-family-k4-742[3.3.3.3.3.3.3.3.3.4.4α]@0° | isotoxal-family-k4-742[3.3.3.3.3.3.3.3.3.4.4α]@180°
  isotoxal-family-k4-2200[3.3.3.3.3.3.4.4.4α]@0° | isotoxal-family-k4-2200[3.3.3.3.3.3.4.4.4α]@180° | isotoxal-family-k4-2201[3.3.3.3.3.3.4.4.4α]@0° | isotoxal-family-k4-2201[3.3.3.3.3.3.4.4.4α]@180° | isotoxal-family-k4-2230[3.3.3.3.3.3.4.4.4α]@0° | isotoxal-family-k4-2230[3.3.3.3.3.3.4.4.4α]@180° | isotoxal-family-k4-2231[3.3.3.3.3.3.4.4.4α]@0° | isotoxal-family-k4-2231[3.3.3.3.3.3.4.4.4α]@180° | isotoxal-family-k4-637[3.3.3.3.3.3.4.4.4α]@0° | isotoxal-family-k4-637[3.3.3.3.3.3.4.4.4α]@180° | isotoxal-family-k4-638[3.3.3.3.3.3.4.4.4α]@0° | isotoxal-family-k4-649[3.3.3.3.3.3.3.4.4.4α]@0° | isotoxal-family-k4-649[3.3.3.3.3.3.3.4.4.4α]@180° | isotoxal-family-k4-650[3.3.3.3.3.3.3.4.4.4α]@0°
  isotoxal-family-k4-638[3.3.3.3.3.3.4.4.4α]@180° | isotoxal-family-k4-650[3.3.3.3.3.3.3.4.4.4α]@180°
  isotoxal-family-k4-643[3.3.3.3.3.4.4.4α]@0° | isotoxal-family-k4-643[3.3.3.3.3.4.4.4α]@180° | isotoxal-family-k4-644[3.3.3.3.3.4.4.4α]@0° | isotoxal-family-k4-644[3.3.3.3.3.4.4.4α]@180° | isotoxal-family-k4-651[3.3.3.3.3.4.4.4α]@0° | isotoxal-family-k4-651[3.3.3.3.3.4.4.4α]@180° | isotoxal-family-k4-652[3.3.3.3.3.4.4.4α]@0° | isotoxal-family-k4-652[3.3.3.3.3.4.4.4α]@180°
  isotoxal-family-k4-2232[3.3.3.3.3.4.4α]@0° | isotoxal-family-k4-2233[3.3.3.3.3.4.4α]@0° | isotoxal-family-k4-645[3.3.3.3.3.4.4α]@0° | isotoxal-family-k4-646[3.3.3.3.3.4.4α]@0° | isotoxal-family-k4-647[3.3.3.3.3.4.4α]@0° | isotoxal-family-k4-647[3.3.3.3.3.4.4α]@180° | isotoxal-family-k4-648[3.3.3.3.3.4.4α]@0° | isotoxal-family-k4-648[3.3.3.3.3.4.4α]@180° | isotoxal-family-k4-695[3.3.3.3.3.3.4.4α]@0° | isotoxal-family-k4-695[3.3.3.3.3.3.4.4α]@180° | isotoxal-family-k4-696[3.3.3.3.3.3.4.4α]@0° | isotoxal-family-k4-696[3.3.3.3.3.3.4.4α]@180° | isotoxal-family-k4-697[3.3.3.3.3.3.4.4α]@0° | isotoxal-family-k4-697[3.3.3.3.3.3.4.4α]@180° | isotoxal-family-k4-698[3.3.3.3.3.3.4.4α]@0° | isotoxal-family-k4-698[3.3.3.3.3.3.4.4α]@180°
  isotoxal-family-k4-2214[3.3.3.3.3.3.4.4α]@0° | isotoxal-family-k4-2214[3.3.3.3.3.3.4.4α]@180° | isotoxal-family-k4-2217[3.3.3.3.3.3.4.4α]@180° | isotoxal-family-k4-2388[3.3.3.3.3.3.3.4.4α]@0° | isotoxal-family-k4-2389[3.3.3.3.3.3.3.4.4α]@0° | isotoxal-family-k4-2390[3.3.3.3.3.3.3.4.4α]@180° | isotoxal-family-k4-2391[3.3.3.3.3.3.3.4.4α]@0° | isotoxal-family-k4-2391[3.3.3.3.3.3.3.4.4α]@180° | isotoxal-family-k4-653[3.3.3.3.3.3.3.4.4α]@0° | isotoxal-family-k4-654[3.3.3.3.3.3.3.4.4α]@0° | isotoxal-family-k4-656[3.3.3.3.3.3.3.4.4α]@0° | isotoxal-family-k4-656[3.3.3.3.3.3.3.4.4α]@180° | isotoxal-family-k4-753[3.3.3.3.3.3.3.4.4α]@180° | isotoxal-family-k4-754[3.3.3.3.3.3.3.4.4α]@0° | isotoxal-family-k4-754[3.3.3.3.3.3.3.4.4α]@180° | isotoxal-family-k4-755[3.3.3.3.3.3.3.4.4α]@180° | isotoxal-family-k4-756[3.3.3.3.3.3.3.4.4α]@0° | isotoxal-family-k4-756[3.3.3.3.3.3.3.4.4α]@180°
  isotoxal-family-k4-2388[3.3.3.3.3.3.3.4.4α]@180° | isotoxal-family-k4-2389[3.3.3.3.3.3.3.4.4α]@180° | isotoxal-family-k4-653[3.3.3.3.3.3.3.4.4α]@180° | isotoxal-family-k4-753[3.3.3.3.3.3.3.4.4α]@0°
  isotoxal-family-k4-2216[3.3.3.3.3.3.4.4α]@0° | isotoxal-family-k4-2216[3.3.3.3.3.3.4.4α]@180° | isotoxal-family-k4-654[3.3.3.3.3.3.3.4.4α]@180°
  isotoxal-family-k4-2215[3.3.3.3.3.3.4.4α]@0° | isotoxal-family-k4-2390[3.3.3.3.3.3.3.4.4α]@0° | isotoxal-family-k4-655[3.3.3.3.3.3.3.4.4α]@0°
  isotoxal-family-k4-655[3.3.3.3.3.3.3.4.4α]@180° | isotoxal-family-k4-755[3.3.3.3.3.3.3.4.4α]@0°
  isotoxal-family-k4-2238[3.3.3.3.4.4.4α]@0° | isotoxal-family-k4-2401[3.3.3.3.3.4.4.4α]@0° | isotoxal-family-k4-2402[3.3.3.3.3.4.4.4α]@0° | isotoxal-family-k4-2404[3.3.3.3.3.4.4.4α]@0° | isotoxal-family-k4-2404[3.3.3.3.3.4.4.4α]@180° | isotoxal-family-k4-657[3.3.3.3.3.4.4.4α]@0° | isotoxal-family-k4-657[3.3.3.3.3.4.4.4α]@180° | isotoxal-family-k4-659[3.3.3.3.3.4.4.4α]@0° | isotoxal-family-k4-660[3.3.3.3.3.4.4.4α]@180° | isotoxal-family-k4-661[3.3.3.3.3.4.4.4α]@0° | isotoxal-family-k4-661[3.3.3.3.3.4.4.4α]@180° | isotoxal-family-k4-662[3.3.3.3.3.4.4.4α]@0° | isotoxal-family-k4-662[3.3.3.3.3.4.4.4α]@180° | isotoxal-family-k4-663[3.3.3.3.3.4.4.4α]@0° | isotoxal-family-k4-663[3.3.3.3.3.4.4.4α]@180° | isotoxal-family-k4-664[3.3.3.3.3.4.4.4α]@0° | isotoxal-family-k4-664[3.3.3.3.3.4.4.4α]@180° | isotoxal-family-k4-948[3.3.3.3.4.4.4α]@0° | isotoxal-family-k4-948[3.3.3.3.4.4.4α]@180° | isotoxal-family-k4-949[3.3.3.3.4.4.4α]@0° | isotoxal-family-k4-949[3.3.3.3.4.4.4α]@180° | isotoxal-family-k4-950[3.3.3.3.4.4.4α]@0° | isotoxal-family-k4-950[3.3.3.3.4.4.4α]@180° | isotoxal-family-k4-951[3.3.3.3.4.4.4α]@0° | isotoxal-family-k4-951[3.3.3.3.4.4.4α]@180°
  isotoxal-family-k4-2239[3.3.3.3.4.4.4α]@0° | isotoxal-family-k4-2403[3.3.3.3.3.4.4.4α]@0° | isotoxal-family-k4-658[3.3.3.3.3.4.4.4α]@0° | isotoxal-family-k4-659[3.3.3.3.3.4.4.4α]@180° | isotoxal-family-k4-940[3.3.3.3.4.4.4α]@180° | isotoxal-family-k4-941[3.3.3.3.4.4.4α]@180° | isotoxal-family-k4-946[3.3.3.3.4.4.4α]@0° | isotoxal-family-k4-947[3.3.3.3.4.4.4α]@0° | isotoxal-family-k4-952[3.3.3.3.4.4.4α]@0° | isotoxal-family-k4-952[3.3.3.3.4.4.4α]@180° | isotoxal-family-k4-953[3.3.3.3.4.4.4α]@0° | isotoxal-family-k4-953[3.3.3.3.4.4.4α]@180°
  isotoxal-family-k4-2241[3.3.3.3.4.4.4α]@180° | isotoxal-family-k4-2403[3.3.3.3.3.4.4.4α]@180° | isotoxal-family-k4-658[3.3.3.3.3.4.4.4α]@180° | isotoxal-family-k4-660[3.3.3.3.3.4.4.4α]@0° | isotoxal-family-k4-934[3.3.3.3.4.4.4α]@180° | isotoxal-family-k4-935[3.3.3.3.4.4.4α]@180° | isotoxal-family-k4-936[3.3.3.3.4.4.4α]@0° | isotoxal-family-k4-936[3.3.3.3.4.4.4α]@180° | isotoxal-family-k4-937[3.3.3.3.4.4.4α]@0° | isotoxal-family-k4-937[3.3.3.3.4.4.4α]@180° | isotoxal-family-k4-938[3.3.3.3.4.4.4α]@0° | isotoxal-family-k4-938[3.3.3.3.4.4.4α]@180° | isotoxal-family-k4-939[3.3.3.3.4.4.4α]@0° | isotoxal-family-k4-939[3.3.3.3.4.4.4α]@180° | isotoxal-family-k4-946[3.3.3.3.4.4.4α]@180° | isotoxal-family-k4-947[3.3.3.3.4.4.4α]@180°
  isotoxal-family-k4-665[3.3.3.3.3.4.4α]@0° | isotoxal-family-k4-666[3.3.3.3.3.4.4α]@0° | isotoxal-family-k4-667[3.3.3.3.3.4.4α]@0° | isotoxal-family-k4-667[3.3.3.3.3.4.4α]@180° | isotoxal-family-k4-668[3.3.3.3.3.4.4α]@180° | isotoxal-family-k4-711[3.3.3.3.3.3.4.4α]@0° | isotoxal-family-k4-711[3.3.3.3.3.3.4.4α]@180° | isotoxal-family-k4-712[3.3.3.3.3.3.4.4α]@180° | isotoxal-family-k4-713[3.3.3.3.3.3.4.4α]@0° | isotoxal-family-k4-713[3.3.3.3.3.3.4.4α]@180° | isotoxal-family-k4-714[3.3.3.3.3.3.4.4α]@180°
  isotoxal-family-k4-666[3.3.3.3.3.4.4α]@180° | isotoxal-family-k4-714[3.3.3.3.3.3.4.4α]@0°
  isotoxal-family-k4-668[3.3.3.3.3.4.4α]@0° | isotoxal-family-k4-712[3.3.3.3.3.3.4.4α]@0°
  isotoxal-family-k4-669[3.3.3.3.3.4.4α]@0° | isotoxal-family-k4-796[3.3.3.3.3.3.4.4α]@0°
  isotoxal-family-k4-669[3.3.3.3.3.4.4α]@180° | isotoxal-family-k4-675[3.3.3.3.3.4.4α]@0° | isotoxal-family-k4-675[3.3.3.3.3.4.4α]@180° | isotoxal-family-k4-676[3.3.3.3.3.4.4α]@0° | isotoxal-family-k4-795[3.3.3.3.3.3.4.4α]@0° | isotoxal-family-k4-795[3.3.3.3.3.3.4.4α]@180° | isotoxal-family-k4-797[3.3.3.3.3.3.4.4α]@0° | isotoxal-family-k4-797[3.3.3.3.3.3.4.4α]@180°
  isotoxal-family-k4-670[3.3.3.3.3.4.4α]@0° | isotoxal-family-k4-670[3.3.3.3.3.4.4α]@180° | isotoxal-family-k4-798[3.3.3.3.3.3.4.4α]@180°
  isotoxal-family-k4-671[3.3.3.3.3.4.4α]@0° | isotoxal-family-k4-671[3.3.3.3.3.4.4α]@180° | isotoxal-family-k4-672[3.3.3.3.3.4.4α]@0° | isotoxal-family-k4-673[3.3.3.3.3.4.4α]@0° | isotoxal-family-k4-674[3.3.3.3.3.4.4α]@0° | isotoxal-family-k4-674[3.3.3.3.3.4.4α]@180°
  isotoxal-family-k4-672[3.3.3.3.3.4.4α]@180° | isotoxal-family-k4-784[3.3.3.3.3.3.4.4α]@0°
  isotoxal-family-k4-673[3.3.3.3.3.4.4α]@180° | isotoxal-family-k4-771[3.3.3.3.3.3.4.4α]@180° | isotoxal-family-k4-772[3.3.3.3.3.3.4.4α]@180° | isotoxal-family-k4-783[3.3.3.3.3.3.4.4α]@0°
  isotoxal-family-k4-677[3.3.3.3.3.3.3.3.3.4α]@0° | isotoxal-family-k4-677[3.3.3.3.3.3.3.3.3.4α]@180° | isotoxal-family-k4-678[3.3.3.3.3.3.3.3.3.4α]@0° | isotoxal-family-k4-678[3.3.3.3.3.3.3.3.3.4α]@180° | isotoxal-family-k4-743[3.3.3.3.3.3.3.3.3.4α]@0° | isotoxal-family-k4-743[3.3.3.3.3.3.3.3.3.4α]@180° | isotoxal-family-k4-744[3.3.3.3.3.3.3.3.3.4α]@0° | isotoxal-family-k4-744[3.3.3.3.3.3.3.3.3.4α]@180°
  isotoxal-family-k4-2202[3.3.3.3.3.3.4α]@0° | isotoxal-family-k4-2202[3.3.3.3.3.3.4α]@180° | isotoxal-family-k4-2203[3.3.3.3.3.3.4α]@0° | isotoxal-family-k4-2204[3.3.3.3.3.3.4α]@0° | isotoxal-family-k4-2204[3.3.3.3.3.3.4α]@180° | isotoxal-family-k4-2207[3.3.3.3.3.3.4α]@0° | isotoxal-family-k4-2207[3.3.3.3.3.3.4α]@180° | isotoxal-family-k4-2208[3.3.3.3.3.3.4α]@0° | isotoxal-family-k4-2208[3.3.3.3.3.3.4α]@180° | isotoxal-family-k4-2270[3.3.3.3.3.3.3.4α]@0° | isotoxal-family-k4-2270[3.3.3.3.3.3.3.4α]@180° | isotoxal-family-k4-2271[3.3.3.3.3.3.3.4α]@0° | isotoxal-family-k4-2271[3.3.3.3.3.3.3.4α]@180° | isotoxal-family-k4-2273[3.3.3.3.3.3.3.4α]@0° | isotoxal-family-k4-2332[3.3.3.3.3.3.3.4α]@0° | isotoxal-family-k4-2332[3.3.3.3.3.3.3.4α]@180° | isotoxal-family-k4-2333[3.3.3.3.3.3.3.4α]@0° | isotoxal-family-k4-2333[3.3.3.3.3.3.3.4α]@180° | isotoxal-family-k4-679[3.3.3.3.3.3.3.4α]@0° | isotoxal-family-k4-679[3.3.3.3.3.3.3.4α]@180° | isotoxal-family-k4-680[3.3.3.3.3.3.3.4α]@0° | isotoxal-family-k4-680[3.3.3.3.3.3.3.4α]@180° | isotoxal-family-k4-681[3.3.3.3.3.3.3.4α]@0° | isotoxal-family-k4-681[3.3.3.3.3.3.3.4α]@180° | isotoxal-family-k4-682[3.3.3.3.3.3.3.4α]@0° | isotoxal-family-k4-682[3.3.3.3.3.3.3.4α]@180° | isotoxal-family-k4-691[3.3.3.3.3.3.3.3.4α]@0° | isotoxal-family-k4-691[3.3.3.3.3.3.3.3.4α]@180° | isotoxal-family-k4-693[3.3.3.3.3.3.3.3.4α]@0° | isotoxal-family-k4-693[3.3.3.3.3.3.3.3.4α]@180° | isotoxal-family-k4-694[3.3.3.3.3.3.3.3.4α]@0° | isotoxal-family-k4-694[3.3.3.3.3.3.3.3.4α]@180° | isotoxal-family-k4-779[3.3.3.3.3.3.3.4α]@0° | isotoxal-family-k4-779[3.3.3.3.3.3.3.4α]@180°
  isotoxal-family-k4-2334[3.3.3.3.3.3.4α]@0° | isotoxal-family-k4-2334[3.3.3.3.3.3.4α]@180° | isotoxal-family-k4-2335[3.3.3.3.3.3.4α]@0° | isotoxal-family-k4-2335[3.3.3.3.3.3.4α]@180° | isotoxal-family-k4-683[3.3.3.3.3.3.4α]@0° | isotoxal-family-k4-683[3.3.3.3.3.3.4α]@180° | isotoxal-family-k4-684[3.3.3.3.3.3.4α]@0° | isotoxal-family-k4-684[3.3.3.3.3.3.4α]@180° | isotoxal-family-k4-685[3.3.3.3.3.3.4α]@0° | isotoxal-family-k4-685[3.3.3.3.3.3.4α]@180° | isotoxal-family-k4-686[3.3.3.3.3.3.4α]@0° | isotoxal-family-k4-686[3.3.3.3.3.3.4α]@180° | isotoxal-family-k4-701[3.3.3.3.3.3.4α]@0° | isotoxal-family-k4-701[3.3.3.3.3.3.4α]@180° | isotoxal-family-k4-702[3.3.3.3.3.3.4α]@0° | isotoxal-family-k4-702[3.3.3.3.3.3.4α]@180° | isotoxal-family-k4-703[3.3.3.3.3.3.4α]@0° | isotoxal-family-k4-703[3.3.3.3.3.3.4α]@180° | isotoxal-family-k4-704[3.3.3.3.3.3.4α]@0° | isotoxal-family-k4-704[3.3.3.3.3.3.4α]@180°
  isotoxal-family-k4-2274[3.3.3.3.3.3.4α]@0° | isotoxal-family-k4-2275[3.3.3.3.3.3.4α]@0° | isotoxal-family-k4-2275[3.3.3.3.3.3.4α]@180° | isotoxal-family-k4-687[3.3.3.3.3.3.4α]@0° | isotoxal-family-k4-688[3.3.3.3.3.3.4α]@0° | isotoxal-family-k4-688[3.3.3.3.3.3.4α]@180° | isotoxal-family-k4-689[3.3.3.3.3.3.4α]@0° | isotoxal-family-k4-689[3.3.3.3.3.3.4α]@180° | isotoxal-family-k4-690[3.3.3.3.3.3.4α]@0° | isotoxal-family-k4-690[3.3.3.3.3.3.4α]@180° | isotoxal-family-k4-699[3.3.3.3.3.3.4α]@0° | isotoxal-family-k4-699[3.3.3.3.3.3.4α]@180° | isotoxal-family-k4-700[3.3.3.3.3.3.4α]@0° | isotoxal-family-k4-700[3.3.3.3.3.3.4α]@180° | isotoxal-family-k4-705[3.3.3.3.3.3.4α]@0° | isotoxal-family-k4-705[3.3.3.3.3.3.4α]@180° | isotoxal-family-k4-706[3.3.3.3.3.3.4α]@0° | isotoxal-family-k4-706[3.3.3.3.3.3.4α]@180°
  isotoxal-family-k4-2203[3.3.3.3.3.3.4α]@180° | isotoxal-family-k4-2205[3.3.3.3.3.3.4α]@180° | isotoxal-family-k4-2272[3.3.3.3.3.3.3.4α]@180° | isotoxal-family-k4-2273[3.3.3.3.3.3.3.4α]@180° | isotoxal-family-k4-692[3.3.3.3.3.3.3.3.4α]@0° | isotoxal-family-k4-692[3.3.3.3.3.3.3.3.4α]@180° | isotoxal-family-k4-780[3.3.3.3.3.3.3.4α]@0° | isotoxal-family-k4-780[3.3.3.3.3.3.3.4α]@180°
  isotoxal-family-k4-2218[3.3.3.3.3.3.4α]@0° | isotoxal-family-k4-2218[3.3.3.3.3.3.4α]@180° | isotoxal-family-k4-2220[3.3.3.3.3.3.4α]@0° | isotoxal-family-k4-2220[3.3.3.3.3.3.4α]@180° | isotoxal-family-k4-2392[3.3.3.3.3.3.3.4α]@0° | isotoxal-family-k4-2393[3.3.3.3.3.3.3.4α]@0° | isotoxal-family-k4-2394[3.3.3.3.3.3.3.4α]@0° | isotoxal-family-k4-2395[3.3.3.3.3.3.3.4α]@0° | isotoxal-family-k4-2773[3.3.3.3.3.3.4α]@180° | isotoxal-family-k4-2774[3.3.3.3.3.3.4α]@180° | isotoxal-family-k4-2775[3.3.3.3.3.3.4α]@0° | isotoxal-family-k4-2775[3.3.3.3.3.3.4α]@180° | isotoxal-family-k4-2776[3.3.3.3.3.3.4α]@0° | isotoxal-family-k4-2776[3.3.3.3.3.3.4α]@180° | isotoxal-family-k4-2777[3.3.3.3.3.4α]@180° | isotoxal-family-k4-2778[3.3.3.3.3.4α]@180° | isotoxal-family-k4-2780[3.3.3.3.3.4α]@180° | isotoxal-family-k4-2781[3.3.3.3.3.4α]@180° | isotoxal-family-k4-3197[3.3.3.3.3.3.4α]@0° | isotoxal-family-k4-3197[3.3.3.3.3.3.4α]@180° | isotoxal-family-k4-3198[3.3.3.3.3.3.4α]@0° | isotoxal-family-k4-3198[3.3.3.3.3.3.4α]@180° | isotoxal-family-k4-3201[3.3.3.3.3.3.4α]@0° | isotoxal-family-k4-3201[3.3.3.3.3.3.4α]@180° | isotoxal-family-k4-3202[3.3.3.3.3.3.4α]@0° | isotoxal-family-k4-3202[3.3.3.3.3.3.4α]@180° | isotoxal-family-k4-3638[3.3.3.3.3.3.4α]@0° | isotoxal-family-k4-3638[3.3.3.3.3.3.4α]@180° | isotoxal-family-k4-3639[3.3.3.3.3.3.4α]@0° | isotoxal-family-k4-3639[3.3.3.3.3.3.4α]@180° | isotoxal-family-k4-3642[3.3.3.3.3.3.4α]@0° | isotoxal-family-k4-3642[3.3.3.3.3.3.4α]@180° | isotoxal-family-k4-3643[3.3.3.3.3.3.4α]@0° | isotoxal-family-k4-3643[3.3.3.3.3.3.4α]@180° | isotoxal-family-k4-707[3.3.3.3.3.3.3.3.4α]@0° | isotoxal-family-k4-708[3.3.3.3.3.3.3.3.4α]@0° | isotoxal-family-k4-709[3.3.3.3.3.3.3.3.4α]@0° | isotoxal-family-k4-709[3.3.3.3.3.3.3.3.4α]@180° | isotoxal-family-k4-710[3.3.3.3.3.3.3.3.4α]@180° | isotoxal-family-k4-735[3.3.3.3.3.3.4α]@0° | isotoxal-family-k4-735[3.3.3.3.3.3.4α]@180° | isotoxal-family-k4-736[3.3.3.3.3.3.4α]@0° | isotoxal-family-k4-736[3.3.3.3.3.3.4α]@180° | isotoxal-family-k4-759[3.3.3.3.3.3.3.4α]@0° | isotoxal-family-k4-760[3.3.3.3.3.3.3.4α]@0° | isotoxal-family-k4-811[3.3.3.3.3.3.4α]@0° | isotoxal-family-k4-812[3.3.3.3.3.3.4α]@0°
  isotoxal-family-k4-2392[3.3.3.3.3.3.3.4α]@180° | isotoxal-family-k4-2393[3.3.3.3.3.3.3.4α]@180° | isotoxal-family-k4-707[3.3.3.3.3.3.3.3.4α]@180° | isotoxal-family-k4-759[3.3.3.3.3.3.3.4α]@180°
  isotoxal-family-k4-708[3.3.3.3.3.3.3.3.4α]@180° | isotoxal-family-k4-710[3.3.3.3.3.3.3.3.4α]@0° | isotoxal-family-k4-760[3.3.3.3.3.3.3.4α]@180°
  isotoxal-family-k4-2262[3.3.3.3.4α]@0° | isotoxal-family-k4-2262[3.3.3.3.4α]@180° | isotoxal-family-k4-2263[3.3.3.3.4α]@0° | isotoxal-family-k4-2263[3.3.3.3.4α]@180° | isotoxal-family-k4-2264[3.3.3.3.4α]@0° | isotoxal-family-k4-2264[3.3.3.3.4α]@180° | isotoxal-family-k4-2265[3.3.3.3.4α]@0° | isotoxal-family-k4-2265[3.3.3.3.4α]@180° | isotoxal-family-k4-2294[3.3.3.3.3.4α]@0° | isotoxal-family-k4-2295[3.3.3.3.3.4α]@0° | isotoxal-family-k4-2315[3.3.3.3.3.4α]@180° | isotoxal-family-k4-2350[3.3.3.3.3.4α]@0° | isotoxal-family-k4-2353[3.3.3.3.3.4α]@0° | isotoxal-family-k4-2353[3.3.3.3.3.4α]@180° | isotoxal-family-k4-2409[3.3.3.3.3.4α]@0° | isotoxal-family-k4-2410[3.3.3.3.3.4α]@0° | isotoxal-family-k4-2412[3.3.3.3.3.4α]@0° | isotoxal-family-k4-2412[3.3.3.3.3.4α]@180° | isotoxal-family-k4-2425[3.3.3.3.3.4α]@0° | isotoxal-family-k4-2426[3.3.3.3.3.4α]@0° | isotoxal-family-k4-2427[3.3.3.3.3.4α]@0° | isotoxal-family-k4-2428[3.3.3.3.3.4α]@0° | isotoxal-family-k4-2428[3.3.3.3.3.4α]@180° | isotoxal-family-k4-2769[3.3.3.3.3.4α]@180° | isotoxal-family-k4-2770[3.3.3.3.3.4α]@180° | isotoxal-family-k4-2771[3.3.3.3.3.4α]@0° | isotoxal-family-k4-2772[3.3.3.3.3.4α]@0° | isotoxal-family-k4-2784[3.3.3.3.3.4α]@0° | isotoxal-family-k4-2785[3.3.3.3.3.4α]@0° | isotoxal-family-k4-2786[3.3.3.3.3.4α]@0° | isotoxal-family-k4-2786[3.3.3.3.3.4α]@180° | isotoxal-family-k4-2787[3.3.3.3.3.4α]@0° | isotoxal-family-k4-2787[3.3.3.3.3.4α]@180° | isotoxal-family-k4-2792[3.3.3.3.4α]@0° | isotoxal-family-k4-2792[3.3.3.3.4α]@180° | isotoxal-family-k4-2793[3.3.3.3.4α]@0° | isotoxal-family-k4-2793[3.3.3.3.4α]@180° | isotoxal-family-k4-2794[3.3.3.3.4α]@0° | isotoxal-family-k4-2794[3.3.3.3.4α]@180° | isotoxal-family-k4-2795[3.3.3.3.4α]@0° | isotoxal-family-k4-2795[3.3.3.3.4α]@180° | isotoxal-family-k4-715[3.3.3.3.3.3.4α]@0° | isotoxal-family-k4-716[3.3.3.3.3.3.4α]@0° | isotoxal-family-k4-716[3.3.3.3.3.3.4α]@180° | isotoxal-family-k4-717[3.3.3.3.3.3.4α]@0° | isotoxal-family-k4-717[3.3.3.3.3.3.4α]@180° | isotoxal-family-k4-719[3.3.3.3.3.3.4α]@0° | isotoxal-family-k4-719[3.3.3.3.3.3.4α]@180° | isotoxal-family-k4-720[3.3.3.3.3.3.4α]@0° | isotoxal-family-k4-720[3.3.3.3.3.3.4α]@180° | isotoxal-family-k4-721[3.3.3.3.3.3.4α]@0° | isotoxal-family-k4-721[3.3.3.3.3.3.4α]@180° | isotoxal-family-k4-722[3.3.3.3.3.3.4α]@0° | isotoxal-family-k4-722[3.3.3.3.3.3.4α]@180° | isotoxal-family-k4-723[3.3.3.3.3.3.4α]@0° | isotoxal-family-k4-723[3.3.3.3.3.3.4α]@180° | isotoxal-family-k4-724[3.3.3.3.3.3.4α]@0° | isotoxal-family-k4-724[3.3.3.3.3.3.4α]@180° | isotoxal-family-k4-725[3.3.3.3.3.3.4α]@0° | isotoxal-family-k4-725[3.3.3.3.3.3.4α]@180° | isotoxal-family-k4-726[3.3.3.3.3.3.4α]@0° | isotoxal-family-k4-726[3.3.3.3.3.3.4α]@180°
  isotoxal-family-k4-2292[3.3.3.3.3.4α]@0° | isotoxal-family-k4-2312[3.3.3.3.3.4α]@180° | isotoxal-family-k4-2350[3.3.3.3.3.4α]@180° | isotoxal-family-k4-2409[3.3.3.3.3.4α]@180° | isotoxal-family-k4-2410[3.3.3.3.3.4α]@180° | isotoxal-family-k4-2425[3.3.3.3.3.4α]@180° | isotoxal-family-k4-2426[3.3.3.3.3.4α]@180° | isotoxal-family-k4-2769[3.3.3.3.3.4α]@0° | isotoxal-family-k4-2770[3.3.3.3.3.4α]@0° | isotoxal-family-k4-715[3.3.3.3.3.3.4α]@180° | isotoxal-family-k4-718[3.3.3.3.3.3.4α]@0°
  isotoxal-family-k4-2258[3.3.3.3.4α]@0° | isotoxal-family-k4-2258[3.3.3.3.4α]@180° | isotoxal-family-k4-2259[3.3.3.3.4α]@0° | isotoxal-family-k4-2259[3.3.3.3.4α]@180° | isotoxal-family-k4-2260[3.3.3.3.4α]@0° | isotoxal-family-k4-2260[3.3.3.3.4α]@180° | isotoxal-family-k4-2261[3.3.3.3.4α]@0° | isotoxal-family-k4-2261[3.3.3.3.4α]@180° | isotoxal-family-k4-2293[3.3.3.3.3.4α]@180° | isotoxal-family-k4-2295[3.3.3.3.3.4α]@180° | isotoxal-family-k4-2312[3.3.3.3.3.4α]@0° | isotoxal-family-k4-2314[3.3.3.3.3.4α]@0° | isotoxal-family-k4-2315[3.3.3.3.3.4α]@0° | isotoxal-family-k4-2351[3.3.3.3.3.4α]@180° | isotoxal-family-k4-2411[3.3.3.3.3.4α]@180° | isotoxal-family-k4-2771[3.3.3.3.3.4α]@180° | isotoxal-family-k4-2772[3.3.3.3.3.4α]@180° | isotoxal-family-k4-2784[3.3.3.3.3.4α]@180° | isotoxal-family-k4-2785[3.3.3.3.3.4α]@180° | isotoxal-family-k4-2788[3.3.3.3.4α]@0° | isotoxal-family-k4-2788[3.3.3.3.4α]@180° | isotoxal-family-k4-2789[3.3.3.3.4α]@0° | isotoxal-family-k4-2789[3.3.3.3.4α]@180° | isotoxal-family-k4-2790[3.3.3.3.4α]@0° | isotoxal-family-k4-2790[3.3.3.3.4α]@180° | isotoxal-family-k4-2791[3.3.3.3.4α]@0° | isotoxal-family-k4-2791[3.3.3.3.4α]@180° | isotoxal-family-k4-718[3.3.3.3.3.3.4α]@180°
  isotoxal-family-k4-727[3.3.3.3.3.3.4α]@0° | isotoxal-family-k4-728[3.3.3.3.3.3.4α]@180° | isotoxal-family-k4-800[3.3.3.3.3.3.4α]@180°
  isotoxal-family-k4-727[3.3.3.3.3.3.4α]@180° | isotoxal-family-k4-728[3.3.3.3.3.3.4α]@0° | isotoxal-family-k4-733[3.3.3.3.3.3.4α]@0° | isotoxal-family-k4-733[3.3.3.3.3.3.4α]@180° | isotoxal-family-k4-734[3.3.3.3.3.3.4α]@180° | isotoxal-family-k4-799[3.3.3.3.3.3.4α]@0° | isotoxal-family-k4-801[3.3.3.3.3.3.4α]@0° | isotoxal-family-k4-801[3.3.3.3.3.3.4α]@180° | isotoxal-family-k4-802[3.3.3.3.3.3.4α]@0° | isotoxal-family-k4-802[3.3.3.3.3.3.4α]@180°
  isotoxal-family-k4-2211[3.3.3.3.3.3.3.3.4α]@180° | isotoxal-family-k4-746[3.3.3.3.3.3.3.3.3.4α]@180°
  isotoxal-family-k4-2221[3.3.3.3.3.3.4α]@0° | isotoxal-family-k4-2773[3.3.3.3.3.3.4α]@0° | isotoxal-family-k4-2774[3.3.3.3.3.3.4α]@0° | isotoxal-family-k4-2777[3.3.3.3.3.4α]@0° | isotoxal-family-k4-2778[3.3.3.3.3.4α]@0° | isotoxal-family-k4-2780[3.3.3.3.3.4α]@0° | isotoxal-family-k4-2781[3.3.3.3.3.4α]@0° | isotoxal-family-k4-757[3.3.3.3.3.3.3.4α]@0° | isotoxal-family-k4-757[3.3.3.3.3.3.3.4α]@180° | isotoxal-family-k4-758[3.3.3.3.3.3.3.4α]@0° | isotoxal-family-k4-758[3.3.3.3.3.3.3.4α]@180° | isotoxal-family-k4-811[3.3.3.3.3.3.4α]@180° | isotoxal-family-k4-812[3.3.3.3.3.3.4α]@180°
  isotoxal-family-k4-2222[3.3.3.3.3.3.4α]@0° | isotoxal-family-k4-2228[3.3.3.3.3.3.4α]@0° | isotoxal-family-k4-2228[3.3.3.3.3.3.4α]@180° | isotoxal-family-k4-2396[3.3.3.3.3.3.3.4α]@0° | isotoxal-family-k4-2397[3.3.3.3.3.3.3.4α]@0° | isotoxal-family-k4-2398[3.3.3.3.3.3.3.4α]@0° | isotoxal-family-k4-761[3.3.3.3.3.3.3.4α]@0° | isotoxal-family-k4-761[3.3.3.3.3.3.3.4α]@180° | isotoxal-family-k4-762[3.3.3.3.3.3.3.4α]@180° | isotoxal-family-k4-767[3.3.3.3.3.3.3.4α]@180° | isotoxal-family-k4-768[3.3.3.3.3.3.3.4α]@180° | isotoxal-family-k4-791[3.3.3.3.3.3.3.3.4α]@0° | isotoxal-family-k4-793[3.3.3.3.3.3.3.3.4α]@0° | isotoxal-family-k4-793[3.3.3.3.3.3.3.3.4α]@180°
  isotoxal-family-k4-2399[3.3.3.3.3.3.3.4α]@180° | isotoxal-family-k4-762[3.3.3.3.3.3.3.4α]@0° | isotoxal-family-k4-792[3.3.3.3.3.3.3.3.4α]@0° | isotoxal-family-k4-792[3.3.3.3.3.3.3.3.4α]@180° | isotoxal-family-k4-794[3.3.3.3.3.3.3.3.4α]@180°
  isotoxal-family-k4-2222[3.3.3.3.3.3.4α]@180° | isotoxal-family-k4-2397[3.3.3.3.3.3.3.4α]@180° | isotoxal-family-k4-767[3.3.3.3.3.3.3.4α]@0° | isotoxal-family-k4-768[3.3.3.3.3.3.3.4α]@0° | isotoxal-family-k4-791[3.3.3.3.3.3.3.3.4α]@180° | isotoxal-family-k4-794[3.3.3.3.3.3.3.3.4α]@0°
  isotoxal-family-k4-2387[3.3.3.3.3.3.3.3.4α]@180° | isotoxal-family-k4-769[3.3.3.3.3.3.3.3.4α]@180° | isotoxal-family-k4-770[3.3.3.3.3.3.3.3.4α]@180° | isotoxal-family-k4-781[3.3.3.3.3.3.3.3.4α]@0°
  isotoxal-family-k4-2224[3.3.3.3.3.3.4α]@180° | isotoxal-family-k4-2380[3.3.3.3.3.3.3.3.4α]@180° | isotoxal-family-k4-2386[3.3.3.3.3.3.3.3.4α]@180° | isotoxal-family-k4-770[3.3.3.3.3.3.3.3.4α]@0° | isotoxal-family-k4-781[3.3.3.3.3.3.3.3.4α]@180° | isotoxal-family-k4-821[3.3.3.3.3.3.3.4α]@180° | isotoxal-family-k4-822[3.3.3.3.3.3.3.4α]@180°
  isotoxal-family-k4-771[3.3.3.3.3.3.4.4α]@0° | isotoxal-family-k4-772[3.3.3.3.3.3.4.4α]@0° | isotoxal-family-k4-783[3.3.3.3.3.3.4.4α]@180°
  isotoxal-family-k4-775[3.3.3.3.3.3.4α]@180° | isotoxal-family-k4-778[3.3.3.3.3.3.4α]@180° | isotoxal-family-k4-807[3.3.3.3.3.3.4α]@180°
  isotoxal-family-k4-2765[3.3.3.3.3.4α]@180° | isotoxal-family-k4-2766[3.3.3.3.3.4α]@180° | isotoxal-family-k4-2767[3.3.3.3.3.4α]@0° | isotoxal-family-k4-2768[3.3.3.3.3.4α]@0° | isotoxal-family-k4-776[3.3.3.3.3.3.4α]@180° | isotoxal-family-k4-789[3.3.3.3.3.3.4α]@0°
  isotoxal-family-k4-2767[3.3.3.3.3.4α]@180° | isotoxal-family-k4-2768[3.3.3.3.3.4α]@180° | isotoxal-family-k4-777[3.3.3.3.3.3.4α]@0° | isotoxal-family-k4-777[3.3.3.3.3.3.4α]@180° | isotoxal-family-k4-788[3.3.3.3.3.3.4α]@0° | isotoxal-family-k4-788[3.3.3.3.3.3.4α]@180° | isotoxal-family-k4-870[3.3.3.3.3.3.4α]@0° | isotoxal-family-k4-870[3.3.3.3.3.3.4α]@180° | isotoxal-family-k4-871[3.3.3.3.3.3.4α]@0° | isotoxal-family-k4-871[3.3.3.3.3.3.4α]@180° | isotoxal-family-k4-882[3.3.3.3.3.3.3.3.4α]@180° | isotoxal-family-k4-931[3.3.3.3.3.3.4α]@0° | isotoxal-family-k4-932[3.3.3.3.3.3.4α]@0°
  isotoxal-family-k4-778[3.3.3.3.3.3.4α]@0° | isotoxal-family-k4-808[3.3.3.3.3.3.4α]@0°
  isotoxal-family-k4-787[3.3.3.3.3.3.4α]@0° | isotoxal-family-k4-790[3.3.3.3.3.3.4α]@0° | isotoxal-family-k4-807[3.3.3.3.3.3.4α]@0° | isotoxal-family-k4-869[3.3.3.3.3.3.3.4α]@0°
  isotoxal-family-k4-787[3.3.3.3.3.3.4α]@180° | isotoxal-family-k4-790[3.3.3.3.3.3.4α]@180°
  isotoxal-family-k4-789[3.3.3.3.3.3.4α]@180° | isotoxal-family-k4-882[3.3.3.3.3.3.3.3.4α]@0°
  isotoxal-family-k4-799[3.3.3.3.3.3.4α]@180° | isotoxal-family-k4-800[3.3.3.3.3.3.4α]@0°
  isotoxal-family-k4-2441[3.3.3.3.3.4α]@0° | isotoxal-family-k4-3136[3.3.3.3.4α]@0° | isotoxal-family-k4-3138[3.3.3.3.4α]@0° | isotoxal-family-k4-3141[3.3.3.3.4α]@0° | isotoxal-family-k4-3148[3.3.3.3.4α]@0° | isotoxal-family-k4-3149[3.3.3.3.4α]@0° | isotoxal-family-k4-3150[3.3.3.3.4α]@0° | isotoxal-family-k4-3164[3.3.3.3.4α]@0° | isotoxal-family-k4-3165[3.3.3.3.4α]@0° | isotoxal-family-k4-3168[3.3.3.3.4α]@0° | isotoxal-family-k4-3169[3.3.3.3.4α]@0° | isotoxal-family-k4-3182[3.3.3.3.3.4α]@0° | isotoxal-family-k4-3652[3.3.3.3.4α]@0° | isotoxal-family-k4-803[3.3.3.3.3.3.4α]@0° | isotoxal-family-k4-804[3.3.3.3.3.3.4α]@180°
  isotoxal-family-k4-2444[3.3.3.3.3.4α]@0° | isotoxal-family-k4-2444[3.3.3.3.3.4α]@180° | isotoxal-family-k4-2461[3.3.3.3.3.4α]@0° | isotoxal-family-k4-2464[3.3.3.3.3.4α]@0° | isotoxal-family-k4-3125[3.3.3.3.4α]@0° | isotoxal-family-k4-3125[3.3.3.3.4α]@180° | isotoxal-family-k4-3126[3.3.3.3.4α]@0° | isotoxal-family-k4-3126[3.3.3.3.4α]@180° | isotoxal-family-k4-3127[3.3.3.3.4α]@0° | isotoxal-family-k4-3127[3.3.3.3.4α]@180° | isotoxal-family-k4-3129[3.3.3.3.4α]@0° | isotoxal-family-k4-3129[3.3.3.3.4α]@180° | isotoxal-family-k4-3130[3.3.3.3.4α]@180° | isotoxal-family-k4-3136[3.3.3.3.4α]@180° | isotoxal-family-k4-3137[3.3.3.3.4α]@0° | isotoxal-family-k4-3137[3.3.3.3.4α]@180° | isotoxal-family-k4-3138[3.3.3.3.4α]@180° | isotoxal-family-k4-3139[3.3.3.3.4α]@0° | isotoxal-family-k4-3139[3.3.3.3.4α]@180° | isotoxal-family-k4-3141[3.3.3.3.4α]@180° | isotoxal-family-k4-3146[3.3.3.3.4α]@180° | isotoxal-family-k4-3148[3.3.3.3.4α]@180° | isotoxal-family-k4-3149[3.3.3.3.4α]@180° | isotoxal-family-k4-3150[3.3.3.3.4α]@180° | isotoxal-family-k4-3164[3.3.3.3.4α]@180° | isotoxal-family-k4-3165[3.3.3.3.4α]@180° | isotoxal-family-k4-3168[3.3.3.3.4α]@180° | isotoxal-family-k4-3178[3.3.3.3.3.4α]@0° | isotoxal-family-k4-3178[3.3.3.3.3.4α]@180° | isotoxal-family-k4-3180[3.3.3.3.4α]@180° | isotoxal-family-k4-3189[3.3.3.3.4α]@0° | isotoxal-family-k4-3189[3.3.3.3.4α]@180° | isotoxal-family-k4-3190[3.3.3.3.4α]@0° | isotoxal-family-k4-3190[3.3.3.3.4α]@180° | isotoxal-family-k4-3191[3.3.3.3.4α]@0° | isotoxal-family-k4-3191[3.3.3.3.4α]@180° | isotoxal-family-k4-3192[3.3.3.3.4α]@0° | isotoxal-family-k4-3192[3.3.3.3.4α]@180° | isotoxal-family-k4-3199[3.3.3.3.4α]@0° | isotoxal-family-k4-3199[3.3.3.3.4α]@180° | isotoxal-family-k4-3200[3.3.3.3.4α]@0° | isotoxal-family-k4-3200[3.3.3.3.4α]@180° | isotoxal-family-k4-3203[3.3.3.3.4α]@0° | isotoxal-family-k4-3203[3.3.3.3.4α]@180° | isotoxal-family-k4-3204[3.3.3.3.4α]@0° | isotoxal-family-k4-3204[3.3.3.3.4α]@180° | isotoxal-family-k4-3207[3.3.3.3.4α]@0° | isotoxal-family-k4-3207[3.3.3.3.4α]@180° | isotoxal-family-k4-3208[3.3.3.3.4α]@0° | isotoxal-family-k4-3208[3.3.3.3.4α]@180° | isotoxal-family-k4-3209[3.3.3.3.4α]@0° | isotoxal-family-k4-3209[3.3.3.3.4α]@180° | isotoxal-family-k4-3210[3.3.3.3.4α]@0° | isotoxal-family-k4-3210[3.3.3.3.4α]@180° | isotoxal-family-k4-3211[3.3.3.3.4α]@0° | isotoxal-family-k4-3211[3.3.3.3.4α]@180° | isotoxal-family-k4-3212[3.3.3.3.4α]@0° | isotoxal-family-k4-3212[3.3.3.3.4α]@180° | isotoxal-family-k4-3213[3.3.3.3.4α]@0° | isotoxal-family-k4-3213[3.3.3.3.4α]@180° | isotoxal-family-k4-3218[3.3.3.3.4α]@0° | isotoxal-family-k4-3218[3.3.3.3.4α]@180° | isotoxal-family-k4-3225[3.3.3.3.4α]@0° | isotoxal-family-k4-3225[3.3.3.3.4α]@180° | isotoxal-family-k4-3640[3.3.3.3.4α]@0° | isotoxal-family-k4-3640[3.3.3.3.4α]@180° | isotoxal-family-k4-3641[3.3.3.3.4α]@0° | isotoxal-family-k4-3641[3.3.3.3.4α]@180° | isotoxal-family-k4-3644[3.3.3.3.4α]@0° | isotoxal-family-k4-3644[3.3.3.3.4α]@180° | isotoxal-family-k4-3645[3.3.3.3.4α]@0° | isotoxal-family-k4-3645[3.3.3.3.4α]@180° | isotoxal-family-k4-3648[3.3.3.3.3.4α]@0° | isotoxal-family-k4-3648[3.3.3.3.3.4α]@180° | isotoxal-family-k4-3649[3.3.3.3.3.4α]@180° | isotoxal-family-k4-3660[3.3.3.3.4α]@0° | isotoxal-family-k4-3660[3.3.3.3.4α]@180° | isotoxal-family-k4-3661[3.3.3.3.4α]@0° | isotoxal-family-k4-3661[3.3.3.3.4α]@180° | isotoxal-family-k4-3662[3.3.3.3.4α]@0° | isotoxal-family-k4-3662[3.3.3.3.4α]@180° | isotoxal-family-k4-3663[3.3.3.3.4α]@0° | isotoxal-family-k4-3663[3.3.3.3.4α]@180° | isotoxal-family-k4-3664[3.3.3.3.4α]@0° | isotoxal-family-k4-3664[3.3.3.3.4α]@180° | isotoxal-family-k4-803[3.3.3.3.3.3.4α]@180° | isotoxal-family-k4-804[3.3.3.3.3.3.4α]@0° | isotoxal-family-k4-809[3.3.3.3.3.3.4α]@0° | isotoxal-family-k4-809[3.3.3.3.3.3.4α]@180° | isotoxal-family-k4-810[3.3.3.3.3.3.4α]@180°
  isotoxal-family-k4-805[3.3.3.3.3.3.4α]@0° | isotoxal-family-k4-805[3.3.3.3.3.3.4α]@180° | isotoxal-family-k4-806[3.3.3.3.3.3.4α]@0° | isotoxal-family-k4-806[3.3.3.3.3.3.4α]@180° | isotoxal-family-k4-808[3.3.3.3.3.3.4α]@180° | isotoxal-family-k4-869[3.3.3.3.3.3.3.4α]@180°
  isotoxal-family-k4-2441[3.3.3.3.3.4α]@180° | isotoxal-family-k4-810[3.3.3.3.3.3.4α]@0°
  isotoxal-family-k4-814[3.3.3.3.3.3.3.4.4.4α]@0° | isotoxal-family-k4-814[3.3.3.3.3.3.3.4.4.4α]@180° | isotoxal-family-k4-828[3.3.3.3.3.3.3.4.4.4α]@0° | isotoxal-family-k4-828[3.3.3.3.3.3.3.4.4.4α]@180°
  isotoxal-family-k4-818[3.3.3.3.3.3.3.3.3.4α]@0° | isotoxal-family-k4-818[3.3.3.3.3.3.3.3.3.4α]@180° | isotoxal-family-k4-874[3.3.3.3.3.3.3.3.3.4α]@0° | isotoxal-family-k4-874[3.3.3.3.3.3.3.3.3.4α]@180°
  isotoxal-family-k4-823[3.3.3.3.3.3.3.4α]@0° | isotoxal-family-k4-826[3.3.3.3.3.3.3.4α]@0° | isotoxal-family-k4-880[3.3.3.3.3.3.3.3.4α]@0° | isotoxal-family-k4-881[3.3.3.3.3.3.3.3.4α]@0° | isotoxal-family-k4-881[3.3.3.3.3.3.3.3.4α]@180°
  isotoxal-family-k4-829[3.3.3.4.4.4α]@0° | isotoxal-family-k4-844[3.3.3.3.4.4.4α]@0°
  isotoxal-family-k4-2234[3.3.4.4.4α]@0° | isotoxal-family-k4-2234[3.3.4.4.4α]@180° | isotoxal-family-k4-2237[3.3.4.4.4α]@0° | isotoxal-family-k4-2237[3.3.4.4.4α]@180° | isotoxal-family-k4-829[3.3.3.4.4.4α]@180° | isotoxal-family-k4-830[3.3.3.4.4.4α]@0° | isotoxal-family-k4-830[3.3.3.4.4.4α]@180° | isotoxal-family-k4-843[3.3.3.3.4.4.4α]@0° | isotoxal-family-k4-843[3.3.3.3.4.4.4α]@180° | isotoxal-family-k4-844[3.3.3.3.4.4.4α]@180°
  isotoxal-family-k4-840[3.3.3.4.4.4α]@0° | isotoxal-family-k4-890[3.3.3.3.4.4.4α]@0°
  isotoxal-family-k4-2276[3.3.3.4α]@180° | isotoxal-family-k4-2286[3.3.3.4α]@180° | isotoxal-family-k4-845[3.3.3.3.4α]@0° | isotoxal-family-k4-845[3.3.3.3.4α]@180°
  isotoxal-family-k4-2339[3.3.3.4.4α]@0° | isotoxal-family-k4-851[3.3.3.3.4.4α]@180° | isotoxal-family-k4-852[3.3.3.3.4.4α]@180° | isotoxal-family-k4-862[3.3.3.3.4.4α]@180°
  isotoxal-family-k4-2376[3.3.3.4α]@0° | isotoxal-family-k4-858[3.3.3.3.4α]@180°
  isotoxal-family-k4-917[3.3.3.3.4α]@0° | isotoxal-family-k4-927[3.3.3.3.4α]@0°
  isotoxal-family-k4-2765[3.3.3.3.3.4α]@0° | isotoxal-family-k4-2766[3.3.3.3.3.4α]@0° | isotoxal-family-k4-931[3.3.3.3.3.3.4α]@180° | isotoxal-family-k4-932[3.3.3.3.3.3.4α]@180°
  isotoxal-family-k4-934[3.3.3.3.4.4.4α]@0° | isotoxal-family-k4-935[3.3.3.3.4.4.4α]@0° | isotoxal-family-k4-940[3.3.3.3.4.4.4α]@0° | isotoxal-family-k4-941[3.3.3.3.4.4.4α]@0°
  isotoxal-family-k4-942[3.3.4.4.4.4.4α]@0° | isotoxal-family-k4-943[3.3.4.4.4.4.4α]@0° | isotoxal-family-k4-944[3.3.4.4.4.4.4α]@0° | isotoxal-family-k4-944[3.3.4.4.4.4.4α]@180° | isotoxal-family-k4-945[3.3.4.4.4.4.4α]@0° | isotoxal-family-k4-945[3.3.4.4.4.4.4α]@180°
  isotoxal-family-k4-942[3.3.4.4.4.4.4α]@180° | isotoxal-family-k4-943[3.3.4.4.4.4.4α]@180°
  isotoxal-family-k4-1443[4.4.4.4.4α]@30° | isotoxal-family-k4-1443[4.4.4.4.4α]@120° | isotoxal-family-k4-1444[4.4.4.4.4α]@30° | isotoxal-family-k4-1444[4.4.4.4.4α]@120° | isotoxal-family-k4-957[4.4.4.4.4.4.4α]@30° | isotoxal-family-k4-957[4.4.4.4.4.4.4α]@120° | isotoxal-family-k4-958[4.4.4.4.4.4.4α]@30° | isotoxal-family-k4-958[4.4.4.4.4.4.4α]@120°
  isotoxal-family-k4-3096[4.4.4.4.4α]@120° | isotoxal-family-k4-961[4.4.4.4.4α]@120°
  isotoxal-family-k4-2194[4.4.4.4α]@30° | isotoxal-family-k4-2194[4.4.4.4α]@120° | isotoxal-family-k4-2195[4.4.4.4α]@30° | isotoxal-family-k4-2195[4.4.4.4α]@120° | isotoxal-family-k4-3095[4.4.4.4.4α]@30° | isotoxal-family-k4-3095[4.4.4.4.4α]@120° | isotoxal-family-k4-3096[4.4.4.4.4α]@30° | isotoxal-family-k4-3097[4.4.4.4.4α]@30° | isotoxal-family-k4-3097[4.4.4.4.4α]@120° | isotoxal-family-k4-3098[4.4.4.4.4α]@30° | isotoxal-family-k4-3098[4.4.4.4.4α]@120° | isotoxal-family-k4-3099[4.4.4.4.4α]@30° | isotoxal-family-k4-3099[4.4.4.4.4α]@120° | isotoxal-family-k4-3101[4.4.4.4α]@30° | isotoxal-family-k4-3101[4.4.4.4α]@120° | isotoxal-family-k4-3103[4.4.4.4α]@30° | isotoxal-family-k4-3103[4.4.4.4α]@120° | isotoxal-family-k4-3106[4.4.4.4.4α]@30° | isotoxal-family-k4-3106[4.4.4.4.4α]@120° | isotoxal-family-k4-3107[4.4.4.4.4α]@30° | isotoxal-family-k4-3107[4.4.4.4.4α]@120° | isotoxal-family-k4-3109[4.4.4.4α]@30° | isotoxal-family-k4-3109[4.4.4.4α]@120° | isotoxal-family-k4-3110[4.4.4.4α]@30° | isotoxal-family-k4-3110[4.4.4.4α]@120° | isotoxal-family-k4-3111[4.4.4.4α]@30° | isotoxal-family-k4-3111[4.4.4.4α]@120° | isotoxal-family-k4-3112[4.4.4.4.4α]@30° | isotoxal-family-k4-3112[4.4.4.4.4α]@120° | isotoxal-family-k4-962[4.4.4.4.4α]@30° | isotoxal-family-k4-962[4.4.4.4.4α]@120°
  isotoxal-family-k4-965[3.3.3.6.6.4α]@0° | isotoxal-family-k4-965[3.3.3.6.6.4α]@180° | isotoxal-family-k4-966[3.3.3.6.6.4α]@0° | isotoxal-family-k4-966[3.3.3.6.6.4α]@180°
  isotoxal-family-k4-967[3.3.3.3.3.3.3.3.6.4α]@0° | isotoxal-family-k4-967[3.3.3.3.3.3.3.3.6.4α]@180° | isotoxal-family-k4-970[3.3.3.3.3.3.3.3.6.4α]@0°
  isotoxal-family-k4-1032[3.3.3.3.3.3.3.4α]@0° | isotoxal-family-k4-969[3.3.3.3.3.3.3.6.6.4α]@0° | isotoxal-family-k4-969[3.3.3.3.3.3.3.6.6.4α]@180°
  isotoxal-family-k4-2626[3.3.3.3.3.3.3.3.4α]@0° | isotoxal-family-k4-2626[3.3.3.3.3.3.3.3.4α]@180° | isotoxal-family-k4-2627[3.3.3.3.3.3.3.3.4α]@0° | isotoxal-family-k4-2627[3.3.3.3.3.3.3.3.4α]@180° | isotoxal-family-k4-2811[3.3.3.3.3.3.3.3.4α]@0° | isotoxal-family-k4-2811[3.3.3.3.3.3.3.3.4α]@180° | isotoxal-family-k4-2812[3.3.3.3.3.3.3.3.4α]@0° | isotoxal-family-k4-2812[3.3.3.3.3.3.3.3.4α]@180° | isotoxal-family-k4-973[3.3.3.3.3.3.3.3.3.3.4α]@0° | isotoxal-family-k4-973[3.3.3.3.3.3.3.3.3.3.4α]@180° | isotoxal-family-k4-974[3.3.3.3.3.3.3.3.3.3.4α]@0° | isotoxal-family-k4-974[3.3.3.3.3.3.3.3.3.3.4α]@180° | isotoxal-family-k4-983[3.3.3.3.3.3.3.3.3.3.4α]@0° | isotoxal-family-k4-984[3.3.3.3.3.3.3.3.3.3.4α]@0° | isotoxal-family-k4-985[3.3.3.3.3.3.3.3.3.3.4α]@0° | isotoxal-family-k4-986[3.3.3.3.3.3.3.3.3.3.4α]@0° | isotoxal-family-k4-986[3.3.3.3.3.3.3.3.3.3.4α]@180° | isotoxal-family-k4-991[3.3.3.3.3.3.3.3.3.3.4α]@0° | isotoxal-family-k4-991[3.3.3.3.3.3.3.3.3.3.4α]@180° | isotoxal-family-k4-992[3.3.3.3.3.3.3.3.3.3.4α]@0° | isotoxal-family-k4-992[3.3.3.3.3.3.3.3.3.3.4α]@180°
  isotoxal-family-k4-975[3.3.3.3.3.3.3.3.3.3.3.4α]@0° | isotoxal-family-k4-975[3.3.3.3.3.3.3.3.3.3.3.4α]@180° | isotoxal-family-k4-978[3.3.3.3.3.3.3.3.3.3.3.4α]@0° | isotoxal-family-k4-978[3.3.3.3.3.3.3.3.3.3.3.4α]@180°
  isotoxal-family-k4-976[3.3.3.3.3.3.3.3.3.3.3.4α]@0° | isotoxal-family-k4-976[3.3.3.3.3.3.3.3.3.3.3.4α]@180° | isotoxal-family-k4-977[3.3.3.3.3.3.3.3.3.3.3.4α]@0° | isotoxal-family-k4-977[3.3.3.3.3.3.3.3.3.3.3.4α]@180°
  isotoxal-family-k4-981[3.3.3.3.3.3.3.3.3.3.4α]@0° | isotoxal-family-k4-981[3.3.3.3.3.3.3.3.3.3.4α]@180° | isotoxal-family-k4-987[3.3.3.3.3.3.3.3.3.3.4α]@0° | isotoxal-family-k4-987[3.3.3.3.3.3.3.3.3.3.4α]@180° | isotoxal-family-k4-988[3.3.3.3.3.3.3.3.3.3.4α]@0° | isotoxal-family-k4-988[3.3.3.3.3.3.3.3.3.3.4α]@180° | isotoxal-family-k4-989[3.3.3.3.3.3.3.3.3.3.4α]@0° | isotoxal-family-k4-989[3.3.3.3.3.3.3.3.3.3.4α]@180° | isotoxal-family-k4-990[3.3.3.3.3.3.3.3.3.3.4α]@0° | isotoxal-family-k4-990[3.3.3.3.3.3.3.3.3.3.4α]@180°
  isotoxal-family-k4-2625[3.3.3.3.3.3.3.3.4α]@0° | isotoxal-family-k4-2628[3.3.3.3.3.3.3.3.4α]@0° | isotoxal-family-k4-2628[3.3.3.3.3.3.3.3.4α]@180° | isotoxal-family-k4-2810[3.3.3.3.3.3.3.3.4α]@0° | isotoxal-family-k4-2810[3.3.3.3.3.3.3.3.4α]@180° | isotoxal-family-k4-2813[3.3.3.3.3.3.3.3.4α]@0° | isotoxal-family-k4-2813[3.3.3.3.3.3.3.3.4α]@180° | isotoxal-family-k4-982[3.3.3.3.3.3.3.3.3.3.4α]@0°
  isotoxal-family-k4-2625[3.3.3.3.3.3.3.3.4α]@180° | isotoxal-family-k4-982[3.3.3.3.3.3.3.3.3.3.4α]@180°
  isotoxal-family-k4-984[3.3.3.3.3.3.3.3.3.3.4α]@180° | isotoxal-family-k4-985[3.3.3.3.3.3.3.3.3.3.4α]@180°
  isotoxal-family-k4-1003[3.3.3.3.3.3.3.3.3.4α]@0° | isotoxal-family-k4-1004[3.3.3.3.3.3.3.3.3.4α]@0° | isotoxal-family-k4-1005[3.3.3.3.3.3.3.3.3.4α]@0° | isotoxal-family-k4-1005[3.3.3.3.3.3.3.3.3.4α]@180° | isotoxal-family-k4-1006[3.3.3.3.3.3.3.3.3.4α]@0° | isotoxal-family-k4-1006[3.3.3.3.3.3.3.3.3.4α]@180° | isotoxal-family-k4-2482[3.3.3.3.3.3.3.3.4α]@0° | isotoxal-family-k4-2482[3.3.3.3.3.3.3.3.4α]@180° | isotoxal-family-k4-2483[3.3.3.3.3.3.3.3.4α]@180° | isotoxal-family-k4-2939[3.3.3.3.3.3.3.3.4α]@0° | isotoxal-family-k4-2939[3.3.3.3.3.3.3.3.4α]@180° | isotoxal-family-k4-2940[3.3.3.3.3.3.3.3.4α]@180° | isotoxal-family-k4-993[3.3.3.3.3.3.3.3.3.4α]@0° | isotoxal-family-k4-993[3.3.3.3.3.3.3.3.3.4α]@180° | isotoxal-family-k4-994[3.3.3.3.3.3.3.3.3.4α]@0° | isotoxal-family-k4-994[3.3.3.3.3.3.3.3.3.4α]@180° | isotoxal-family-k4-995[3.3.3.3.3.3.3.3.3.4α]@0° | isotoxal-family-k4-996[3.3.3.3.3.3.3.3.3.4α]@0° | isotoxal-family-k4-996[3.3.3.3.3.3.3.3.3.4α]@180°
  isotoxal-family-k4-2483[3.3.3.3.3.3.3.3.4α]@0° | isotoxal-family-k4-2940[3.3.3.3.3.3.3.3.4α]@0° | isotoxal-family-k4-995[3.3.3.3.3.3.3.3.3.4α]@180°
  isotoxal-family-k4-1001[3.3.3.3.3.3.3.3.3.4α]@0° | isotoxal-family-k4-1002[3.3.3.3.3.3.3.3.3.4α]@0° | isotoxal-family-k4-1002[3.3.3.3.3.3.3.3.3.4α]@180° | isotoxal-family-k4-1007[3.3.3.3.3.3.3.3.3.4α]@0° | isotoxal-family-k4-1008[3.3.3.3.3.3.3.3.3.4α]@0° | isotoxal-family-k4-1008[3.3.3.3.3.3.3.3.3.4α]@180° | isotoxal-family-k4-2481[3.3.3.3.3.3.3.3.4α]@0° | isotoxal-family-k4-2481[3.3.3.3.3.3.3.3.4α]@180° | isotoxal-family-k4-2484[3.3.3.3.3.3.3.3.4α]@0° | isotoxal-family-k4-2484[3.3.3.3.3.3.3.3.4α]@180° | isotoxal-family-k4-2631[3.3.3.3.3.3.3.4α]@0° | isotoxal-family-k4-2631[3.3.3.3.3.3.3.4α]@180° | isotoxal-family-k4-2632[3.3.3.3.3.3.3.4α]@0° | isotoxal-family-k4-2632[3.3.3.3.3.3.3.4α]@180° | isotoxal-family-k4-2816[3.3.3.3.3.3.3.4α]@0° | isotoxal-family-k4-2817[3.3.3.3.3.3.3.4α]@180° | isotoxal-family-k4-2938[3.3.3.3.3.3.3.3.4α]@0° | isotoxal-family-k4-2938[3.3.3.3.3.3.3.3.4α]@180° | isotoxal-family-k4-2941[3.3.3.3.3.3.3.3.4α]@0° | isotoxal-family-k4-2941[3.3.3.3.3.3.3.3.4α]@180°
  isotoxal-family-k4-1001[3.3.3.3.3.3.3.3.3.4α]@180° | isotoxal-family-k4-2816[3.3.3.3.3.3.3.4α]@180° | isotoxal-family-k4-2817[3.3.3.3.3.3.3.4α]@0°
  isotoxal-family-k4-1003[3.3.3.3.3.3.3.3.3.4α]@180° | isotoxal-family-k4-1004[3.3.3.3.3.3.3.3.3.4α]@180°
  isotoxal-family-k4-1009[3.3.3.3.3.3.3.3.4α]@180° | isotoxal-family-k4-2953[3.3.3.3.3.3.3.4α]@180° | isotoxal-family-k4-2954[3.3.3.3.3.3.3.4α]@0° | isotoxal-family-k4-2954[3.3.3.3.3.3.3.4α]@180°
  isotoxal-family-k4-1033[3.3.3.3.3.3.6.4α]@0° | isotoxal-family-k4-1033[3.3.3.3.3.3.6.4α]@180° | isotoxal-family-k4-1034[3.3.3.3.3.3.6.4α]@0° | isotoxal-family-k4-1034[3.3.3.3.3.3.6.4α]@180° | isotoxal-family-k4-1035[3.3.3.3.3.3.6.4α]@0° | isotoxal-family-k4-1035[3.3.3.3.3.3.6.4α]@180°
  isotoxal-family-k4-1036[3.3.3.6.4α]@0° | isotoxal-family-k4-1036[3.3.3.6.4α]@180° | isotoxal-family-k4-1037[3.3.3.6.4α]@0° | isotoxal-family-k4-1037[3.3.3.6.4α]@180° | isotoxal-family-k4-1038[3.3.3.6.4α]@0° | isotoxal-family-k4-1038[3.3.3.6.4α]@180°
  isotoxal-family-k4-1039[3.3.3.6.4α]@0° | isotoxal-family-k4-1041[3.3.3.6.4α]@180°
  isotoxal-family-k4-1039[3.3.3.6.4α]@180° | isotoxal-family-k4-1040[3.3.3.6.4α]@0° | isotoxal-family-k4-1040[3.3.3.6.4α]@180° | isotoxal-family-k4-1041[3.3.3.6.4α]@0°
  isotoxal-family-k4-1056[3.3.3.3.3.3.4.4.4α]@0° | isotoxal-family-k4-1056[3.3.3.3.3.3.4.4.4α]@180° | isotoxal-family-k4-1057[3.3.3.3.3.3.4.4.4α]@0° | isotoxal-family-k4-1057[3.3.3.3.3.3.4.4.4α]@180° | isotoxal-family-k4-1058[3.3.3.3.3.3.4.4.4α]@0° | isotoxal-family-k4-1059[3.3.3.3.3.3.4.4.4α]@0° | isotoxal-family-k4-1144[3.3.3.3.3.3.4.4.4α]@0° | isotoxal-family-k4-1145[3.3.3.3.3.3.4.4.4α]@0° | isotoxal-family-k4-1146[3.3.3.3.3.3.4.4.4α]@0° | isotoxal-family-k4-1146[3.3.3.3.3.3.4.4.4α]@180° | isotoxal-family-k4-1147[3.3.3.3.3.3.4.4.4α]@0° | isotoxal-family-k4-1147[3.3.3.3.3.3.4.4.4α]@180° | isotoxal-family-k4-1152[3.3.3.3.3.3.4.4.4α]@0° | isotoxal-family-k4-1153[3.3.3.3.3.3.4.4.4α]@0° | isotoxal-family-k4-1154[3.3.3.3.3.3.4.4.4α]@0° | isotoxal-family-k4-1154[3.3.3.3.3.3.4.4.4α]@180° | isotoxal-family-k4-1155[3.3.3.3.3.3.4.4.4α]@0° | isotoxal-family-k4-1155[3.3.3.3.3.3.4.4.4α]@180° | isotoxal-family-k4-1267[3.3.3.3.3.4.4.4α]@0° | isotoxal-family-k4-1267[3.3.3.3.3.4.4.4α]@180° | isotoxal-family-k4-1268[3.3.3.3.3.4.4.4α]@0° | isotoxal-family-k4-1268[3.3.3.3.3.4.4.4α]@180° | isotoxal-family-k4-1269[3.3.3.3.3.4.4.4α]@0° | isotoxal-family-k4-1269[3.3.3.3.3.4.4.4α]@180° | isotoxal-family-k4-1270[3.3.3.3.3.4.4.4α]@0° | isotoxal-family-k4-1270[3.3.3.3.3.4.4.4α]@180° | isotoxal-family-k4-1446[3.3.3.3.3.4.4.4α]@0° | isotoxal-family-k4-1446[3.3.3.3.3.4.4.4α]@180° | isotoxal-family-k4-1447[3.3.3.3.3.4.4.4α]@0° | isotoxal-family-k4-1447[3.3.3.3.3.4.4.4α]@180° | isotoxal-family-k4-1675[3.3.3.3.3.4.4.4α]@0° | isotoxal-family-k4-1675[3.3.3.3.3.4.4.4α]@180° | isotoxal-family-k4-1676[3.3.3.3.3.4.4.4α]@0° | isotoxal-family-k4-1676[3.3.3.3.3.4.4.4α]@180° | isotoxal-family-k4-2491[3.3.3.3.3.3.4.4.4α]@0° | isotoxal-family-k4-2491[3.3.3.3.3.3.4.4.4α]@180° | isotoxal-family-k4-2492[3.3.3.3.3.3.4.4.4α]@0° | isotoxal-family-k4-2492[3.3.3.3.3.3.4.4.4α]@180° | isotoxal-family-k4-2948[3.3.3.3.3.3.4.4.4α]@0° | isotoxal-family-k4-2948[3.3.3.3.3.3.4.4.4α]@180° | isotoxal-family-k4-2949[3.3.3.3.3.3.4.4.4α]@0° | isotoxal-family-k4-2949[3.3.3.3.3.3.4.4.4α]@180°
  isotoxal-family-k4-1058[3.3.3.3.3.3.4.4.4α]@180° | isotoxal-family-k4-1144[3.3.3.3.3.3.4.4.4α]@180° | isotoxal-family-k4-1145[3.3.3.3.3.3.4.4.4α]@180° | isotoxal-family-k4-1152[3.3.3.3.3.3.4.4.4α]@180°
  isotoxal-family-k4-1059[3.3.3.3.3.3.4.4.4α]@180° | isotoxal-family-k4-1153[3.3.3.3.3.3.4.4.4α]@180°
  isotoxal-family-k4-1062[3.3.3.3.4.4.4.4α]@180° | isotoxal-family-k4-1258[3.3.3.3.4.4.4.4α]@180°
  isotoxal-family-k4-1064[3.3.3.3.4.4.4α]@0° | isotoxal-family-k4-1064[3.3.3.3.4.4.4α]@180° | isotoxal-family-k4-1065[3.3.3.3.4.4.4α]@0° | isotoxal-family-k4-1070[3.3.3.3.4.4.4α]@0° | isotoxal-family-k4-1071[3.3.3.3.4.4.4α]@0° | isotoxal-family-k4-1164[3.3.3.3.4.4.4α]@0° | isotoxal-family-k4-1165[3.3.3.3.4.4.4α]@0° | isotoxal-family-k4-1190[3.3.3.3.4.4.4α]@0° | isotoxal-family-k4-1191[3.3.3.3.4.4.4α]@0° | isotoxal-family-k4-1277[3.3.3.3.4.4.4α]@0° | isotoxal-family-k4-1277[3.3.3.3.4.4.4α]@180° | isotoxal-family-k4-1278[3.3.3.3.4.4.4α]@0° | isotoxal-family-k4-1279[3.3.3.3.4.4.4α]@0° | isotoxal-family-k4-1279[3.3.3.3.4.4.4α]@180° | isotoxal-family-k4-1280[3.3.3.3.4.4.4α]@0° | isotoxal-family-k4-1280[3.3.3.3.4.4.4α]@180° | isotoxal-family-k4-1451[3.3.3.3.4.4.4α]@0° | isotoxal-family-k4-1452[3.3.3.3.4.4.4α]@0° | isotoxal-family-k4-1452[3.3.3.3.4.4.4α]@180° | isotoxal-family-k4-1453[3.3.3.3.4.4.4α]@0° | isotoxal-family-k4-1454[3.3.3.3.4.4.4α]@0° | isotoxal-family-k4-1454[3.3.3.3.4.4.4α]@180° | isotoxal-family-k4-1455[3.3.3.3.4.4.4α]@0° | isotoxal-family-k4-1455[3.3.3.3.4.4.4α]@180° | isotoxal-family-k4-1456[3.3.3.3.4.4.4α]@0° | isotoxal-family-k4-1456[3.3.3.3.4.4.4α]@180° | isotoxal-family-k4-1457[3.3.3.3.4.4.4α]@0° | isotoxal-family-k4-1457[3.3.3.3.4.4.4α]@180° | isotoxal-family-k4-1458[3.3.3.3.4.4.4α]@0° | isotoxal-family-k4-1458[3.3.3.3.4.4.4α]@180° | isotoxal-family-k4-1481[3.3.3.3.4.4.4α]@0° | isotoxal-family-k4-1481[3.3.3.3.4.4.4α]@180° | isotoxal-family-k4-1482[3.3.3.3.4.4.4α]@0° | isotoxal-family-k4-1482[3.3.3.3.4.4.4α]@180° | isotoxal-family-k4-1483[3.3.3.3.4.4.4α]@0° | isotoxal-family-k4-1484[3.3.3.3.4.4.4α]@0° | isotoxal-family-k4-1484[3.3.3.3.4.4.4α]@180° | isotoxal-family-k4-1680[3.3.3.3.4.4.4α]@0° | isotoxal-family-k4-1680[3.3.3.3.4.4.4α]@180° | isotoxal-family-k4-1681[3.3.3.3.4.4.4α]@0° | isotoxal-family-k4-1682[3.3.3.3.4.4.4α]@0° | isotoxal-family-k4-1682[3.3.3.3.4.4.4α]@180° | isotoxal-family-k4-1683[3.3.3.3.4.4.4α]@0° | isotoxal-family-k4-1684[3.3.3.3.4.4.4α]@0° | isotoxal-family-k4-1684[3.3.3.3.4.4.4α]@180° | isotoxal-family-k4-1685[3.3.3.3.4.4.4α]@0° | isotoxal-family-k4-1686[3.3.3.3.4.4.4α]@0° | isotoxal-family-k4-1686[3.3.3.3.4.4.4α]@180° | isotoxal-family-k4-1687[3.3.3.3.4.4.4α]@0° | isotoxal-family-k4-1687[3.3.3.3.4.4.4α]@180° | isotoxal-family-k4-1710[3.3.3.3.4.4.4α]@0° | isotoxal-family-k4-1710[3.3.3.3.4.4.4α]@180° | isotoxal-family-k4-1711[3.3.3.3.4.4.4α]@0° | isotoxal-family-k4-1711[3.3.3.3.4.4.4α]@180° | isotoxal-family-k4-1712[3.3.3.3.4.4.4α]@180° | isotoxal-family-k4-1713[3.3.3.3.4.4.4α]@0° | isotoxal-family-k4-1713[3.3.3.3.4.4.4α]@180°
  isotoxal-family-k4-1065[3.3.3.3.4.4.4α]@180° | isotoxal-family-k4-1070[3.3.3.3.4.4.4α]@180° | isotoxal-family-k4-1071[3.3.3.3.4.4.4α]@180° | isotoxal-family-k4-1164[3.3.3.3.4.4.4α]@180° | isotoxal-family-k4-1190[3.3.3.3.4.4.4α]@180° | isotoxal-family-k4-1278[3.3.3.3.4.4.4α]@180° | isotoxal-family-k4-1451[3.3.3.3.4.4.4α]@180° | isotoxal-family-k4-1683[3.3.3.3.4.4.4α]@180° | isotoxal-family-k4-1685[3.3.3.3.4.4.4α]@180°
  isotoxal-family-k4-1156[3.3.3.3.3.3.4.4α]@0° | isotoxal-family-k4-1157[3.3.3.3.3.3.4.4α]@0° | isotoxal-family-k4-1158[3.3.3.3.3.3.4.4α]@0° | isotoxal-family-k4-1159[3.3.3.3.3.3.4.4α]@0° | isotoxal-family-k4-1160[3.3.3.3.3.3.4.4α]@0° | isotoxal-family-k4-1161[3.3.3.3.3.3.4.4α]@0° | isotoxal-family-k4-1162[3.3.3.3.3.3.4.4α]@0° | isotoxal-family-k4-1162[3.3.3.3.3.3.4.4α]@180° | isotoxal-family-k4-1163[3.3.3.3.3.3.4.4α]@0° | isotoxal-family-k4-1163[3.3.3.3.3.3.4.4α]@180° | isotoxal-family-k4-1475[3.3.3.3.3.4.4α]@0° | isotoxal-family-k4-1475[3.3.3.3.3.4.4α]@180° | isotoxal-family-k4-1476[3.3.3.3.3.4.4α]@0° | isotoxal-family-k4-1476[3.3.3.3.3.4.4α]@180° | isotoxal-family-k4-1477[3.3.3.3.3.4.4α]@0° | isotoxal-family-k4-1478[3.3.3.3.3.4.4α]@0° | isotoxal-family-k4-1478[3.3.3.3.3.4.4α]@180° | isotoxal-family-k4-1704[3.3.3.3.3.4.4α]@0° | isotoxal-family-k4-1704[3.3.3.3.3.4.4α]@180° | isotoxal-family-k4-1705[3.3.3.3.3.4.4α]@0° | isotoxal-family-k4-1705[3.3.3.3.3.4.4α]@180° | isotoxal-family-k4-1706[3.3.3.3.3.4.4α]@0° | isotoxal-family-k4-1706[3.3.3.3.3.4.4α]@180° | isotoxal-family-k4-1707[3.3.3.3.3.4.4α]@0° | isotoxal-family-k4-1707[3.3.3.3.3.4.4α]@180° | isotoxal-family-k4-2501[3.3.3.3.3.3.4.4α]@0° | isotoxal-family-k4-2502[3.3.3.3.3.3.4.4α]@0° | isotoxal-family-k4-2503[3.3.3.3.3.3.4.4α]@0° | isotoxal-family-k4-2503[3.3.3.3.3.3.4.4α]@180° | isotoxal-family-k4-2504[3.3.3.3.3.3.4.4α]@0° | isotoxal-family-k4-2504[3.3.3.3.3.3.4.4α]@180° | isotoxal-family-k4-2958[3.3.3.3.3.3.4.4α]@0° | isotoxal-family-k4-2958[3.3.3.3.3.3.4.4α]@180° | isotoxal-family-k4-2960[3.3.3.3.3.3.4.4α]@180° | isotoxal-family-k4-2961[3.3.3.3.3.3.4.4α]@180°
  isotoxal-family-k4-1156[3.3.3.3.3.3.4.4α]@180° | isotoxal-family-k4-1159[3.3.3.3.3.3.4.4α]@180° | isotoxal-family-k4-1160[3.3.3.3.3.3.4.4α]@180° | isotoxal-family-k4-2502[3.3.3.3.3.3.4.4α]@180° | isotoxal-family-k4-2960[3.3.3.3.3.3.4.4α]@0° | isotoxal-family-k4-2961[3.3.3.3.3.3.4.4α]@0°
  isotoxal-family-k4-1157[3.3.3.3.3.3.4.4α]@180° | isotoxal-family-k4-1158[3.3.3.3.3.3.4.4α]@180° | isotoxal-family-k4-1161[3.3.3.3.3.3.4.4α]@180° | isotoxal-family-k4-1477[3.3.3.3.3.4.4α]@180° | isotoxal-family-k4-2959[3.3.3.3.3.3.4.4α]@0° | isotoxal-family-k4-2959[3.3.3.3.3.3.4.4α]@180°
  isotoxal-family-k4-1165[3.3.3.3.4.4.4α]@180° | isotoxal-family-k4-1191[3.3.3.3.4.4.4α]@180° | isotoxal-family-k4-1453[3.3.3.3.4.4.4α]@180° | isotoxal-family-k4-1483[3.3.3.3.4.4.4α]@180° | isotoxal-family-k4-1681[3.3.3.3.4.4.4α]@180° | isotoxal-family-k4-1712[3.3.3.3.4.4.4α]@0°
  isotoxal-family-k4-1166[3.3.3.3.4.4α]@0° | isotoxal-family-k4-1167[3.3.3.3.4.4α]@0° | isotoxal-family-k4-1168[3.3.3.3.4.4α]@0° | isotoxal-family-k4-1169[3.3.3.3.4.4α]@0° | isotoxal-family-k4-1169[3.3.3.3.4.4α]@180° | isotoxal-family-k4-1178[3.3.3.3.4.4α]@0° | isotoxal-family-k4-1179[3.3.3.3.4.4α]@0° | isotoxal-family-k4-1180[3.3.3.3.4.4α]@0° | isotoxal-family-k4-1485[3.3.3.3.4.4α]@0° | isotoxal-family-k4-1486[3.3.3.3.4.4α]@0° | isotoxal-family-k4-1486[3.3.3.3.4.4α]@180° | isotoxal-family-k4-1487[3.3.3.3.4.4α]@0° | isotoxal-family-k4-1488[3.3.3.3.4.4α]@0° | isotoxal-family-k4-1714[3.3.3.3.4.4α]@0° | isotoxal-family-k4-1714[3.3.3.3.4.4α]@180° | isotoxal-family-k4-1715[3.3.3.3.4.4α]@0° | isotoxal-family-k4-1716[3.3.3.3.4.4α]@0° | isotoxal-family-k4-1716[3.3.3.3.4.4α]@180° | isotoxal-family-k4-2531[3.3.3.3.4.4α]@0° | isotoxal-family-k4-2531[3.3.3.3.4.4α]@180° | isotoxal-family-k4-2532[3.3.3.3.4.4α]@0° | isotoxal-family-k4-2532[3.3.3.3.4.4α]@180° | isotoxal-family-k4-2576[3.3.3.3.4.4α]@0° | isotoxal-family-k4-2576[3.3.3.3.4.4α]@180° | isotoxal-family-k4-2577[3.3.3.3.4.4α]@0° | isotoxal-family-k4-2577[3.3.3.3.4.4α]@180° | isotoxal-family-k4-2578[3.3.3.3.4.4α]@0° | isotoxal-family-k4-2578[3.3.3.3.4.4α]@180° | isotoxal-family-k4-2579[3.3.3.3.4.4α]@180° | isotoxal-family-k4-2990[3.3.3.3.4.4α]@0° | isotoxal-family-k4-2990[3.3.3.3.4.4α]@180° | isotoxal-family-k4-2991[3.3.3.3.4.4α]@0°
  isotoxal-family-k4-1166[3.3.3.3.4.4α]@180° | isotoxal-family-k4-1180[3.3.3.3.4.4α]@180°
  isotoxal-family-k4-1167[3.3.3.3.4.4α]@180° | isotoxal-family-k4-1179[3.3.3.3.4.4α]@180°
  isotoxal-family-k4-1168[3.3.3.3.4.4α]@180° | isotoxal-family-k4-1178[3.3.3.3.4.4α]@180° | isotoxal-family-k4-1485[3.3.3.3.4.4α]@180° | isotoxal-family-k4-1487[3.3.3.3.4.4α]@180° | isotoxal-family-k4-1715[3.3.3.3.4.4α]@180°
  isotoxal-family-k4-1170[3.3.3.3.4.4α]@0° | isotoxal-family-k4-1171[3.3.3.3.4.4α]@0° | isotoxal-family-k4-1172[3.3.3.3.4.4α]@0° | isotoxal-family-k4-1172[3.3.3.3.4.4α]@180° | isotoxal-family-k4-1173[3.3.3.3.4.4α]@0° | isotoxal-family-k4-1173[3.3.3.3.4.4α]@180° | isotoxal-family-k4-1174[3.3.3.3.4.4α]@0° | isotoxal-family-k4-1175[3.3.3.3.4.4α]@0° | isotoxal-family-k4-1176[3.3.3.3.4.4α]@0° | isotoxal-family-k4-1177[3.3.3.3.4.4α]@0° | isotoxal-family-k4-1473[3.3.3.3.3.4.4α]@0° | isotoxal-family-k4-1473[3.3.3.3.3.4.4α]@180° | isotoxal-family-k4-1474[3.3.3.3.3.4.4α]@0° | isotoxal-family-k4-1474[3.3.3.3.3.4.4α]@180° | isotoxal-family-k4-1479[3.3.3.3.3.4.4α]@0° | isotoxal-family-k4-1479[3.3.3.3.3.4.4α]@180° | isotoxal-family-k4-1480[3.3.3.3.3.4.4α]@0° | isotoxal-family-k4-1480[3.3.3.3.3.4.4α]@180° | isotoxal-family-k4-1702[3.3.3.3.3.4.4α]@0° | isotoxal-family-k4-1702[3.3.3.3.3.4.4α]@180° | isotoxal-family-k4-1703[3.3.3.3.3.4.4α]@0° | isotoxal-family-k4-1703[3.3.3.3.3.4.4α]@180° | isotoxal-family-k4-1708[3.3.3.3.3.4.4α]@0° | isotoxal-family-k4-1708[3.3.3.3.3.4.4α]@180° | isotoxal-family-k4-1709[3.3.3.3.3.4.4α]@0° | isotoxal-family-k4-1709[3.3.3.3.3.4.4α]@180° | isotoxal-family-k4-2558[3.3.3.3.4.4α]@0° | isotoxal-family-k4-2558[3.3.3.3.4.4α]@180° | isotoxal-family-k4-2559[3.3.3.3.4.4α]@0° | isotoxal-family-k4-2559[3.3.3.3.4.4α]@180° | isotoxal-family-k4-2665[3.3.3.3.4.4α]@0° | isotoxal-family-k4-2665[3.3.3.3.4.4α]@180° | isotoxal-family-k4-2666[3.3.3.3.4.4α]@0° | isotoxal-family-k4-2666[3.3.3.3.4.4α]@180° | isotoxal-family-k4-2696[3.3.3.3.4.4α]@0° | isotoxal-family-k4-2696[3.3.3.3.4.4α]@180° | isotoxal-family-k4-2697[3.3.3.3.4.4α]@0° | isotoxal-family-k4-2697[3.3.3.3.4.4α]@180° | isotoxal-family-k4-2854[3.3.3.3.4.4α]@0° | isotoxal-family-k4-2855[3.3.3.3.4.4α]@0° | isotoxal-family-k4-2855[3.3.3.3.4.4α]@180°
  isotoxal-family-k4-1171[3.3.3.3.4.4α]@180° | isotoxal-family-k4-1175[3.3.3.3.4.4α]@180° | isotoxal-family-k4-1176[3.3.3.3.4.4α]@180° | isotoxal-family-k4-1177[3.3.3.3.4.4α]@180°
  isotoxal-family-k4-1174[3.3.3.3.4.4α]@180° | isotoxal-family-k4-2854[3.3.3.3.4.4α]@180°
  isotoxal-family-k4-1181[3.3.3.3.4.4α]@0° | isotoxal-family-k4-1181[3.3.3.3.4.4α]@180° | isotoxal-family-k4-1488[3.3.3.3.4.4α]@180° | isotoxal-family-k4-1717[3.3.3.3.4.4α]@0° | isotoxal-family-k4-1717[3.3.3.3.4.4α]@180° | isotoxal-family-k4-2579[3.3.3.3.4.4α]@0° | isotoxal-family-k4-2991[3.3.3.3.4.4α]@180°
  isotoxal-family-k4-1240[3.3.3.4.4.4α]@0° | isotoxal-family-k4-1240[3.3.3.4.4.4α]@180° | isotoxal-family-k4-1241[3.3.3.4.4.4α]@0° | isotoxal-family-k4-1241[3.3.3.4.4.4α]@180° | isotoxal-family-k4-1242[3.3.3.4.4.4α]@0° | isotoxal-family-k4-1242[3.3.3.4.4.4α]@180° | isotoxal-family-k4-1243[3.3.3.4.4.4α]@0° | isotoxal-family-k4-1243[3.3.3.4.4.4α]@180° | isotoxal-family-k4-1952[3.3.4.4.4α]@0° | isotoxal-family-k4-1952[3.3.4.4.4α]@180° | isotoxal-family-k4-1953[3.3.4.4.4α]@0° | isotoxal-family-k4-1953[3.3.4.4.4α]@180° | isotoxal-family-k4-2091[3.3.4.4.4α]@0° | isotoxal-family-k4-2091[3.3.4.4.4α]@180° | isotoxal-family-k4-2092[3.3.4.4.4α]@0° | isotoxal-family-k4-2092[3.3.4.4.4α]@180° | isotoxal-family-k4-2235[3.3.4.4.4α]@0° | isotoxal-family-k4-2235[3.3.4.4.4α]@180° | isotoxal-family-k4-2236[3.3.4.4.4α]@0° | isotoxal-family-k4-2236[3.3.4.4.4α]@180°
  isotoxal-family-k4-1328[3.3.4.4.4α]@0° | isotoxal-family-k4-1328[3.3.4.4.4α]@180° | isotoxal-family-k4-1329[3.3.4.4.4α]@0° | isotoxal-family-k4-1329[3.3.4.4.4α]@180° | isotoxal-family-k4-1330[3.3.4.4.4α]@0° | isotoxal-family-k4-1330[3.3.4.4.4α]@180° | isotoxal-family-k4-1331[3.3.4.4.4α]@180° | isotoxal-family-k4-1348[3.3.4.4.4α]@0° | isotoxal-family-k4-1348[3.3.4.4.4α]@180° | isotoxal-family-k4-1349[3.3.4.4.4α]@0° | isotoxal-family-k4-1349[3.3.4.4.4α]@180° | isotoxal-family-k4-1350[3.3.4.4.4α]@0° | isotoxal-family-k4-1350[3.3.4.4.4α]@180° | isotoxal-family-k4-1351[3.3.4.4.4α]@180° | isotoxal-family-k4-1459[3.3.4.4.4α]@0° | isotoxal-family-k4-1459[3.3.4.4.4α]@180° | isotoxal-family-k4-1460[3.3.4.4.4α]@0° | isotoxal-family-k4-1460[3.3.4.4.4α]@180° | isotoxal-family-k4-1465[3.3.4.4.4α]@0° | isotoxal-family-k4-1465[3.3.4.4.4α]@180° | isotoxal-family-k4-1466[3.3.4.4.4α]@0° | isotoxal-family-k4-1466[3.3.4.4.4α]@180° | isotoxal-family-k4-1497[3.3.4.4.4α]@0° | isotoxal-family-k4-1497[3.3.4.4.4α]@180° | isotoxal-family-k4-1498[3.3.4.4.4α]@0° | isotoxal-family-k4-1499[3.3.4.4.4α]@0° | isotoxal-family-k4-1499[3.3.4.4.4α]@180° | isotoxal-family-k4-1500[3.3.4.4.4α]@0° | isotoxal-family-k4-1500[3.3.4.4.4α]@180° | isotoxal-family-k4-1688[3.3.4.4.4α]@0° | isotoxal-family-k4-1688[3.3.4.4.4α]@180° | isotoxal-family-k4-1689[3.3.4.4.4α]@0° | isotoxal-family-k4-1694[3.3.4.4.4α]@0° | isotoxal-family-k4-1694[3.3.4.4.4α]@180° | isotoxal-family-k4-1695[3.3.4.4.4α]@0° | isotoxal-family-k4-1695[3.3.4.4.4α]@180° | isotoxal-family-k4-1726[3.3.4.4.4α]@0° | isotoxal-family-k4-1726[3.3.4.4.4α]@180° | isotoxal-family-k4-1727[3.3.4.4.4α]@0° | isotoxal-family-k4-1728[3.3.4.4.4α]@0° | isotoxal-family-k4-1728[3.3.4.4.4α]@180° | isotoxal-family-k4-1729[3.3.4.4.4α]@0° | isotoxal-family-k4-1729[3.3.4.4.4α]@180°
  isotoxal-family-k4-1331[3.3.4.4.4α]@0° | isotoxal-family-k4-1498[3.3.4.4.4α]@180°
  isotoxal-family-k4-1336[4.4.4α]@0° | isotoxal-family-k4-1336[4.4.4α]@180° | isotoxal-family-k4-1337[4.4.4α]@0° | isotoxal-family-k4-1337[4.4.4α]@180° | isotoxal-family-k4-1342[4.4.4α]@0° | isotoxal-family-k4-1342[4.4.4α]@180° | isotoxal-family-k4-1343[4.4.4α]@0° | isotoxal-family-k4-1343[4.4.4α]@180° | isotoxal-family-k4-1356[4.4.4α]@0° | isotoxal-family-k4-1356[4.4.4α]@180° | isotoxal-family-k4-1357[4.4.4α]@0° | isotoxal-family-k4-1357[4.4.4α]@180° | isotoxal-family-k4-1362[4.4.4α]@0° | isotoxal-family-k4-1362[4.4.4α]@180° | isotoxal-family-k4-1363[4.4.4α]@0° | isotoxal-family-k4-1363[4.4.4α]@180° | isotoxal-family-k4-1503[4.4.4α]@0° | isotoxal-family-k4-1503[4.4.4α]@180° | isotoxal-family-k4-1504[4.4.4α]@0° | isotoxal-family-k4-1504[4.4.4α]@180° | isotoxal-family-k4-1505[4.4.4α]@0° | isotoxal-family-k4-1505[4.4.4α]@180° | isotoxal-family-k4-1506[4.4.4α]@0° | isotoxal-family-k4-1506[4.4.4α]@180° | isotoxal-family-k4-1515[4.4.4α]@0° | isotoxal-family-k4-1515[4.4.4α]@180° | isotoxal-family-k4-1532[4.4.4α]@0° | isotoxal-family-k4-1532[4.4.4α]@180° | isotoxal-family-k4-1533[4.4.4α]@0° | isotoxal-family-k4-1533[4.4.4α]@180° | isotoxal-family-k4-1534[4.4.4α]@0° | isotoxal-family-k4-1534[4.4.4α]@180° | isotoxal-family-k4-1535[4.4.4α]@0° | isotoxal-family-k4-1535[4.4.4α]@180° | isotoxal-family-k4-1754[4.4.4α]@0° | isotoxal-family-k4-1754[4.4.4α]@180°
  isotoxal-family-k4-1351[3.3.4.4.4α]@0° | isotoxal-family-k4-1689[3.3.4.4.4α]@180° | isotoxal-family-k4-1727[3.3.4.4.4α]@180°
  isotoxal-family-k4-1494[3.3.4.4.4.4α]@180° | isotoxal-family-k4-1495[3.3.4.4.4.4α]@180°
  isotoxal-family-k4-1511[3.3.4.4α]@0° | isotoxal-family-k4-1511[3.3.4.4α]@180° | isotoxal-family-k4-1512[3.3.4.4α]@0° | isotoxal-family-k4-1513[3.3.4.4α]@180° | isotoxal-family-k4-1514[3.3.4.4α]@0° | isotoxal-family-k4-1514[3.3.4.4α]@180° | isotoxal-family-k4-1528[3.3.4.4α]@0° | isotoxal-family-k4-1528[3.3.4.4α]@180° | isotoxal-family-k4-1529[3.3.4.4α]@0° | isotoxal-family-k4-1531[3.3.4.4α]@0° | isotoxal-family-k4-1531[3.3.4.4α]@180° | isotoxal-family-k4-1734[3.3.4.4α]@0° | isotoxal-family-k4-1734[3.3.4.4α]@180° | isotoxal-family-k4-1736[3.3.4.4α]@0° | isotoxal-family-k4-1737[3.3.4.4α]@0° | isotoxal-family-k4-1737[3.3.4.4α]@180° | isotoxal-family-k4-1750[3.3.4.4α]@0° | isotoxal-family-k4-1750[3.3.4.4α]@180° | isotoxal-family-k4-1751[3.3.4.4α]@0° | isotoxal-family-k4-1752[3.3.4.4α]@0° | isotoxal-family-k4-1753[3.3.4.4α]@0° | isotoxal-family-k4-1753[3.3.4.4α]@180°
  isotoxal-family-k4-1512[3.3.4.4α]@180° | isotoxal-family-k4-1513[3.3.4.4α]@0° | isotoxal-family-k4-1530[3.3.4.4α]@0° | isotoxal-family-k4-1530[3.3.4.4α]@180° | isotoxal-family-k4-1735[3.3.4.4α]@0° | isotoxal-family-k4-1736[3.3.4.4α]@180° | isotoxal-family-k4-1752[3.3.4.4α]@180°
  isotoxal-family-k4-1516[4.4α]@0° | isotoxal-family-k4-1516[4.4α]@180° | isotoxal-family-k4-1517[4.4α]@180° | isotoxal-family-k4-1522[4.4α]@0° | isotoxal-family-k4-1522[4.4α]@180° | isotoxal-family-k4-1523[4.4α]@0° | isotoxal-family-k4-1523[4.4α]@180° | isotoxal-family-k4-1536[4.4α]@0° | isotoxal-family-k4-1536[4.4α]@180° | isotoxal-family-k4-1537[4.4α]@0° | isotoxal-family-k4-1537[4.4α]@180° | isotoxal-family-k4-1542[4.4α]@0° | isotoxal-family-k4-1542[4.4α]@180° | isotoxal-family-k4-1543[4.4α]@0° | isotoxal-family-k4-1543[4.4α]@180° | isotoxal-family-k4-1738[4.4α]@0° | isotoxal-family-k4-1738[4.4α]@180° | isotoxal-family-k4-1739[4.4α]@0° | isotoxal-family-k4-1739[4.4α]@180° | isotoxal-family-k4-1744[4.4α]@0° | isotoxal-family-k4-1744[4.4α]@180° | isotoxal-family-k4-1745[4.4α]@0° | isotoxal-family-k4-1745[4.4α]@180° | isotoxal-family-k4-1755[4.4α]@0° | isotoxal-family-k4-1755[4.4α]@180° | isotoxal-family-k4-1756[4.4α]@0° | isotoxal-family-k4-1756[4.4α]@180° | isotoxal-family-k4-1761[4.4α]@0° | isotoxal-family-k4-1761[4.4α]@180° | isotoxal-family-k4-1762[4.4α]@0° | isotoxal-family-k4-1762[4.4α]@180°
  isotoxal-family-k4-1518[4.4α]@0° | isotoxal-family-k4-1518[4.4α]@180° | isotoxal-family-k4-1519[4.4α]@180° | isotoxal-family-k4-1520[4.4α]@0° | isotoxal-family-k4-1520[4.4α]@180° | isotoxal-family-k4-1521[4.4α]@0° | isotoxal-family-k4-1521[4.4α]@180° | isotoxal-family-k4-1538[4.4α]@0° | isotoxal-family-k4-1538[4.4α]@180° | isotoxal-family-k4-1539[4.4α]@0° | isotoxal-family-k4-1539[4.4α]@180° | isotoxal-family-k4-1540[4.4α]@0° | isotoxal-family-k4-1540[4.4α]@180° | isotoxal-family-k4-1541[4.4α]@0° | isotoxal-family-k4-1541[4.4α]@180° | isotoxal-family-k4-1740[4.4α]@0° | isotoxal-family-k4-1740[4.4α]@180° | isotoxal-family-k4-1741[4.4α]@0° | isotoxal-family-k4-1741[4.4α]@180° | isotoxal-family-k4-1742[4.4α]@0° | isotoxal-family-k4-1742[4.4α]@180° | isotoxal-family-k4-1743[4.4α]@0° | isotoxal-family-k4-1743[4.4α]@180° | isotoxal-family-k4-1757[4.4α]@0° | isotoxal-family-k4-1757[4.4α]@180° | isotoxal-family-k4-1758[4.4α]@0° | isotoxal-family-k4-1758[4.4α]@180° | isotoxal-family-k4-1759[4.4α]@0° | isotoxal-family-k4-1759[4.4α]@180° | isotoxal-family-k4-1760[4.4α]@0° | isotoxal-family-k4-1760[4.4α]@180°
  isotoxal-family-k4-1529[3.3.4.4α]@180° | isotoxal-family-k4-1735[3.3.4.4α]@180° | isotoxal-family-k4-1751[3.3.4.4α]@180°
  isotoxal-family-k4-1837[3.3.3.4.4.4α]@0° | isotoxal-family-k4-1837[3.3.3.4.4.4α]@180° | isotoxal-family-k4-1838[3.3.3.4.4.4α]@0° | isotoxal-family-k4-1838[3.3.3.4.4.4α]@180° | isotoxal-family-k4-1839[3.3.3.4.4.4α]@0° | isotoxal-family-k4-1839[3.3.3.4.4.4α]@180° | isotoxal-family-k4-1840[3.3.3.4.4.4α]@0° | isotoxal-family-k4-1840[3.3.3.4.4.4α]@180° | isotoxal-family-k4-2246[3.3.4.4.4α]@0° | isotoxal-family-k4-2248[3.3.4.4.4α]@0°
  isotoxal-family-k4-1982[3.3.3.4.4α]@0° | isotoxal-family-k4-1982[3.3.3.4.4α]@180° | isotoxal-family-k4-1983[3.3.3.4.4α]@0° | isotoxal-family-k4-1983[3.3.3.4.4α]@180° | isotoxal-family-k4-1984[3.3.3.4.4α]@0° | isotoxal-family-k4-1985[3.3.3.4.4α]@0° | isotoxal-family-k4-1985[3.3.3.4.4α]@180° | isotoxal-family-k4-2117[3.3.3.4.4α]@0° | isotoxal-family-k4-2117[3.3.3.4.4α]@180° | isotoxal-family-k4-2118[3.3.3.4.4α]@0° | isotoxal-family-k4-2118[3.3.3.4.4α]@180° | isotoxal-family-k4-2119[3.3.3.4.4α]@0° | isotoxal-family-k4-2119[3.3.3.4.4α]@180° | isotoxal-family-k4-2120[3.3.3.4.4α]@0° | isotoxal-family-k4-2120[3.3.3.4.4α]@180° | isotoxal-family-k4-2298[3.3.3.4.4α]@0° | isotoxal-family-k4-2299[3.3.3.4.4α]@0° | isotoxal-family-k4-2319[3.3.3.4.4α]@180° | isotoxal-family-k4-2354[3.3.3.4.4α]@0° | isotoxal-family-k4-2354[3.3.3.4.4α]@180° | isotoxal-family-k4-2357[3.3.3.4.4α]@180°
  isotoxal-family-k4-1984[3.3.3.4.4α]@180° | isotoxal-family-k4-2298[3.3.3.4.4α]@180° | isotoxal-family-k4-2317[3.3.3.4.4α]@0° | isotoxal-family-k4-2318[3.3.3.4.4α]@0° | isotoxal-family-k4-2318[3.3.3.4.4α]@180° | isotoxal-family-k4-2355[3.3.3.4.4α]@0° | isotoxal-family-k4-2356[3.3.3.4.4α]@180°
  isotoxal-family-k4-2205[3.3.3.3.3.3.4α]@0° | isotoxal-family-k4-2272[3.3.3.3.3.3.3.4α]@0°
  isotoxal-family-k4-2215[3.3.3.3.3.3.4.4α]@180° | isotoxal-family-k4-2217[3.3.3.3.3.3.4.4α]@0°
  isotoxal-family-k4-2219[3.3.3.3.3.3.4α]@0° | isotoxal-family-k4-2219[3.3.3.3.3.3.4α]@180° | isotoxal-family-k4-2394[3.3.3.3.3.3.3.4α]@180° | isotoxal-family-k4-2395[3.3.3.3.3.3.3.4α]@180°
  isotoxal-family-k4-2229[3.3.3.3.3.3.4α]@180° | isotoxal-family-k4-2399[3.3.3.3.3.3.3.4α]@0°
  isotoxal-family-k4-2238[3.3.3.3.4.4.4α]@180° | isotoxal-family-k4-2240[3.3.3.3.4.4.4α]@0° | isotoxal-family-k4-2241[3.3.3.3.4.4.4α]@0° | isotoxal-family-k4-2401[3.3.3.3.3.4.4.4α]@180°
  isotoxal-family-k4-2239[3.3.3.3.4.4.4α]@180° | isotoxal-family-k4-2240[3.3.3.3.4.4.4α]@180° | isotoxal-family-k4-2402[3.3.3.3.3.4.4.4α]@180°
  isotoxal-family-k4-2242[3.3.4.4.4.4α]@180° | isotoxal-family-k4-2245[3.3.4.4.4.4α]@0°
  isotoxal-family-k4-2243[3.3.4.4.4.4α]@180° | isotoxal-family-k4-2244[3.3.4.4.4.4α]@0°
  isotoxal-family-k4-2246[3.3.4.4.4α]@180° | isotoxal-family-k4-2247[3.3.4.4.4α]@0° | isotoxal-family-k4-2248[3.3.4.4.4α]@180°
  isotoxal-family-k4-2250[3.3.4.4.4α]@0° | isotoxal-family-k4-2405[3.3.3.4.4.4α]@0°
  isotoxal-family-k4-2250[3.3.4.4.4α]@180° | isotoxal-family-k4-2256[3.3.4.4.4α]@180° | isotoxal-family-k4-2405[3.3.3.4.4.4α]@180° | isotoxal-family-k4-2406[3.3.3.4.4.4α]@180°
  isotoxal-family-k4-2251[3.3.4.4.4α]@180° | isotoxal-family-k4-2257[3.3.4.4.4α]@0°
  isotoxal-family-k4-2253[3.3.4.4.4α]@180° | isotoxal-family-k4-2255[3.3.4.4.4α]@0°
  isotoxal-family-k4-2256[3.3.4.4.4α]@0° | isotoxal-family-k4-2257[3.3.4.4.4α]@180° | isotoxal-family-k4-2406[3.3.3.4.4.4α]@0° | isotoxal-family-k4-2408[3.3.3.4.4.4α]@0°
  isotoxal-family-k4-2266[3.3.4α]@0° | isotoxal-family-k4-2266[3.3.4α]@180° | isotoxal-family-k4-2267[3.3.4α]@0° | isotoxal-family-k4-2267[3.3.4α]@180° | isotoxal-family-k4-2303[3.3.3.4α]@0° | isotoxal-family-k4-2358[3.3.3.4α]@0° | isotoxal-family-k4-2360[3.3.3.4α]@0° | isotoxal-family-k4-2360[3.3.3.4α]@180° | isotoxal-family-k4-2413[3.3.3.4α]@0° | isotoxal-family-k4-2419[3.3.3.4α]@0° | isotoxal-family-k4-2429[3.3.3.4α]@0° | isotoxal-family-k4-2430[3.3.3.4α]@0° | isotoxal-family-k4-2435[3.3.3.4α]@0° | isotoxal-family-k4-2436[3.3.3.4α]@0° | isotoxal-family-k4-2436[3.3.3.4α]@180° | isotoxal-family-k4-2796[3.3.4α]@180° | isotoxal-family-k4-2797[3.3.4α]@180° | isotoxal-family-k4-2798[3.3.4α]@180° | isotoxal-family-k4-2799[3.3.4α]@180° | isotoxal-family-k4-2800[3.3.3.4α]@0° | isotoxal-family-k4-2800[3.3.3.4α]@180° | isotoxal-family-k4-2801[3.3.3.4α]@0° | isotoxal-family-k4-2801[3.3.3.4α]@180° | isotoxal-family-k4-2804[3.3.3.4α]@180° | isotoxal-family-k4-2805[3.3.3.4α]@180° | isotoxal-family-k4-3081[3.3.3.4α]@180° | isotoxal-family-k4-3082[3.3.3.4α]@180° | isotoxal-family-k4-3083[3.3.3.4α]@0° | isotoxal-family-k4-3084[3.3.3.4α]@0°
  isotoxal-family-k4-2268[3.3.4α]@0° | isotoxal-family-k4-2268[3.3.4α]@180° | isotoxal-family-k4-2269[3.3.4α]@0° | isotoxal-family-k4-2269[3.3.4α]@180° | isotoxal-family-k4-2303[3.3.3.4α]@180° | isotoxal-family-k4-2320[3.3.3.4α]@0° | isotoxal-family-k4-2322[3.3.3.4α]@0° | isotoxal-family-k4-2323[3.3.3.4α]@0° | isotoxal-family-k4-2323[3.3.3.4α]@180° | isotoxal-family-k4-2361[3.3.3.4α]@180° | isotoxal-family-k4-2796[3.3.4α]@0° | isotoxal-family-k4-2797[3.3.4α]@0° | isotoxal-family-k4-2798[3.3.4α]@0° | isotoxal-family-k4-2799[3.3.4α]@0° | isotoxal-family-k4-2804[3.3.3.4α]@0° | isotoxal-family-k4-2805[3.3.3.4α]@0° | isotoxal-family-k4-3083[3.3.3.4α]@180° | isotoxal-family-k4-3084[3.3.3.4α]@180°
  isotoxal-family-k4-2278[3.3.3.4α]@0° | isotoxal-family-k4-2278[3.3.3.4α]@180° | isotoxal-family-k4-2279[3.3.3.4α]@180° | isotoxal-family-k4-2280[3.3.3.4α]@180° | isotoxal-family-k4-2281[3.3.3.4α]@180°
  isotoxal-family-k4-2279[3.3.3.4α]@0° | isotoxal-family-k4-2281[3.3.3.4α]@0° | isotoxal-family-k4-2283[3.3.3.4α]@180°
  isotoxal-family-k4-2280[3.3.3.4α]@0° | isotoxal-family-k4-2282[3.3.3.4α]@0° | isotoxal-family-k4-2282[3.3.3.4α]@180° | isotoxal-family-k4-2284[3.3.3.4α]@0° | isotoxal-family-k4-2284[3.3.3.4α]@180° | isotoxal-family-k4-2285[3.3.3.4α]@0° | isotoxal-family-k4-2285[3.3.3.4α]@180° | isotoxal-family-k4-2288[3.3.3.4α]@0° | isotoxal-family-k4-2288[3.3.3.4α]@180° | isotoxal-family-k4-2289[3.3.3.4α]@0° | isotoxal-family-k4-2289[3.3.3.4α]@180° | isotoxal-family-k4-2290[3.3.3.4α]@0° | isotoxal-family-k4-2290[3.3.3.4α]@180° | isotoxal-family-k4-2291[3.3.3.4α]@0° | isotoxal-family-k4-2291[3.3.3.4α]@180° | isotoxal-family-k4-2347[3.3.3.4α]@0° | isotoxal-family-k4-2347[3.3.3.4α]@180° | isotoxal-family-k4-2348[3.3.3.4α]@0° | isotoxal-family-k4-2348[3.3.3.4α]@180°
  isotoxal-family-k4-2294[3.3.3.3.3.4α]@180° | isotoxal-family-k4-2351[3.3.3.3.3.4α]@0° | isotoxal-family-k4-2411[3.3.3.3.3.4α]@0° | isotoxal-family-k4-2427[3.3.3.3.3.4α]@180°
  isotoxal-family-k4-2296[3.3.3.4.4α]@0° | isotoxal-family-k4-2316[3.3.3.4.4α]@180°
  isotoxal-family-k4-2299[3.3.3.4.4α]@180° | isotoxal-family-k4-2316[3.3.3.4.4α]@0° | isotoxal-family-k4-2319[3.3.3.4.4α]@0° | isotoxal-family-k4-2357[3.3.3.4.4α]@0°
  isotoxal-family-k4-2300[3.3.3.4α]@0° | isotoxal-family-k4-2302[3.3.3.4α]@0° | isotoxal-family-k4-2320[3.3.3.4α]@180° | isotoxal-family-k4-2322[3.3.3.4α]@180° | isotoxal-family-k4-2358[3.3.3.4α]@180° | isotoxal-family-k4-2413[3.3.3.4α]@180° | isotoxal-family-k4-2419[3.3.3.4α]@180° | isotoxal-family-k4-2429[3.3.3.4α]@180° | isotoxal-family-k4-2435[3.3.3.4α]@180° | isotoxal-family-k4-3081[3.3.3.4α]@0° | isotoxal-family-k4-3082[3.3.3.4α]@0°
  isotoxal-family-k4-2300[3.3.3.4α]@180° | isotoxal-family-k4-2302[3.3.3.4α]@180°
  isotoxal-family-k4-2301[3.3.3.4α]@0° | isotoxal-family-k4-2301[3.3.3.4α]@180° | isotoxal-family-k4-2321[3.3.3.4α]@0° | isotoxal-family-k4-2414[3.3.3.4α]@0° | isotoxal-family-k4-2420[3.3.3.4α]@0° | isotoxal-family-k4-2420[3.3.3.4α]@180° | isotoxal-family-k4-2430[3.3.3.4α]@180°
  isotoxal-family-k4-2304[3.3.3.4α]@0° | isotoxal-family-k4-2310[3.3.3.4α]@0° | isotoxal-family-k4-2421[3.3.3.4α]@180°
  isotoxal-family-k4-2306[3.3.3.4α]@0° | isotoxal-family-k4-2309[3.3.3.4α]@0° | isotoxal-family-k4-2374[3.3.3.4α]@180° | isotoxal-family-k4-2415[3.3.3.4α]@180° | isotoxal-family-k4-2431[3.3.3.4α]@180°
  isotoxal-family-k4-2311[3.3.3.4α]@180° | isotoxal-family-k4-2324[3.3.3.4α]@0° | isotoxal-family-k4-2325[3.3.3.4α]@0° | isotoxal-family-k4-2330[3.3.3.4α]@0° | isotoxal-family-k4-2362[3.3.3.4α]@0° | isotoxal-family-k4-2440[3.3.3.4α]@180°
  isotoxal-family-k4-2313[3.3.3.3.3.4α]@0° | isotoxal-family-k4-2352[3.3.3.3.3.4α]@180°
  isotoxal-family-k4-2313[3.3.3.3.3.4α]@180° | isotoxal-family-k4-2314[3.3.3.3.3.4α]@180° | isotoxal-family-k4-2400[3.3.3.3.3.3.4α]@0° | isotoxal-family-k4-2400[3.3.3.3.3.3.4α]@180°
  isotoxal-family-k4-2317[3.3.3.4.4α]@180° | isotoxal-family-k4-2355[3.3.3.4.4α]@180° | isotoxal-family-k4-2356[3.3.3.4.4α]@0°
  isotoxal-family-k4-2321[3.3.3.4α]@180° | isotoxal-family-k4-2359[3.3.3.4α]@0° | isotoxal-family-k4-2361[3.3.3.4α]@0°
  isotoxal-family-k4-2324[3.3.3.4α]@180° | isotoxal-family-k4-2330[3.3.3.4α]@180° | isotoxal-family-k4-2369[3.3.3.4α]@0° | isotoxal-family-k4-2422[3.3.3.4α]@180° | isotoxal-family-k4-2423[3.3.3.4α]@180° | isotoxal-family-k4-2437[3.3.3.4α]@180° | isotoxal-family-k4-2439[3.3.3.4α]@180°
  isotoxal-family-k4-2325[3.3.3.4α]@180° | isotoxal-family-k4-2369[3.3.3.4α]@180° | isotoxal-family-k4-2422[3.3.3.4α]@0°
  isotoxal-family-k4-2331[3.3.3.4α]@0° | isotoxal-family-k4-2363[3.3.3.4α]@0°
  isotoxal-family-k4-2331[3.3.3.4α]@180° | isotoxal-family-k4-2362[3.3.3.4α]@180° | isotoxal-family-k4-2368[3.3.3.4α]@0° | isotoxal-family-k4-2368[3.3.3.4α]@180° | isotoxal-family-k4-2421[3.3.3.4α]@0° | isotoxal-family-k4-2423[3.3.3.4α]@0° | isotoxal-family-k4-2437[3.3.3.4α]@0° | isotoxal-family-k4-2438[3.3.3.4α]@180° | isotoxal-family-k4-2439[3.3.3.4α]@0° | isotoxal-family-k4-2440[3.3.3.4α]@0°
  isotoxal-family-k4-2359[3.3.3.4α]@180° | isotoxal-family-k4-2414[3.3.3.4α]@180°
  isotoxal-family-k4-2407[3.3.3.4.4.4α]@0° | isotoxal-family-k4-2408[3.3.3.4.4.4α]@180°
  isotoxal-family-k4-2424[3.3.3.4α]@0° | isotoxal-family-k4-2438[3.3.3.4α]@0°
  isotoxal-family-k4-2442[3.3.3.3.3.4α]@0° | isotoxal-family-k4-2443[3.3.3.3.3.4α]@180° | isotoxal-family-k4-3130[3.3.3.3.4α]@0° | isotoxal-family-k4-3134[3.3.3.3.4α]@0° | isotoxal-family-k4-3134[3.3.3.3.4α]@180° | isotoxal-family-k4-3146[3.3.3.3.4α]@0° | isotoxal-family-k4-3169[3.3.3.3.4α]@180° | isotoxal-family-k4-3649[3.3.3.3.3.4α]@0° | isotoxal-family-k4-3652[3.3.3.3.4α]@180°
  isotoxal-family-k4-2447[3.3.3.4.4α]@0° | isotoxal-family-k4-2466[3.3.3.4.4α]@180°
  isotoxal-family-k4-2448[3.3.3.4.4α]@0° | isotoxal-family-k4-2448[3.3.3.4.4α]@180° | isotoxal-family-k4-2465[3.3.3.4.4α]@0° | isotoxal-family-k4-2466[3.3.3.4.4α]@0° | isotoxal-family-k4-2467[3.3.3.4.4α]@0° | isotoxal-family-k4-2468[3.3.3.4.4α]@0°
  isotoxal-family-k4-2449[3.3.3.4α]@0° | isotoxal-family-k4-2451[3.3.3.4α]@0° | isotoxal-family-k4-2802[3.3.3.4α]@180° | isotoxal-family-k4-3142[3.3.4α]@0° | isotoxal-family-k4-3145[3.3.3.4α]@0° | isotoxal-family-k4-3153[3.3.3.4α]@0° | isotoxal-family-k4-3154[3.3.3.4α]@0° | isotoxal-family-k4-3160[3.3.4α]@0° | isotoxal-family-k4-3162[3.3.4α]@0° | isotoxal-family-k4-3166[3.3.3.4α]@0° | isotoxal-family-k4-3170[3.3.3.4α]@0° | isotoxal-family-k4-3183[3.3.3.4α]@0°
  isotoxal-family-k4-2449[3.3.3.4α]@180° | isotoxal-family-k4-2451[3.3.3.4α]@180° | isotoxal-family-k4-2806[3.3.3.4α]@0°
  isotoxal-family-k4-2450[3.3.3.4α]@0° | isotoxal-family-k4-2470[3.3.3.4α]@0° | isotoxal-family-k4-2472[3.3.3.4α]@0° | isotoxal-family-k4-3183[3.3.3.4α]@180°
  isotoxal-family-k4-2450[3.3.3.4α]@180° | isotoxal-family-k4-2452[3.3.3.4α]@0° | isotoxal-family-k4-2470[3.3.3.4α]@180°
  isotoxal-family-k4-2452[3.3.3.4α]@180° | isotoxal-family-k4-2469[3.3.3.4α]@0° | isotoxal-family-k4-2471[3.3.3.4α]@0° | isotoxal-family-k4-2802[3.3.3.4α]@0° | isotoxal-family-k4-2806[3.3.3.4α]@180° | isotoxal-family-k4-2807[3.3.3.4α]@180° | isotoxal-family-k4-3131[3.3.4α]@0° | isotoxal-family-k4-3131[3.3.4α]@180° | isotoxal-family-k4-3132[3.3.4α]@0° | isotoxal-family-k4-3132[3.3.4α]@180° | isotoxal-family-k4-3133[3.3.4α]@0° | isotoxal-family-k4-3133[3.3.4α]@180° | isotoxal-family-k4-3140[3.3.4α]@0° | isotoxal-family-k4-3140[3.3.4α]@180° | isotoxal-family-k4-3142[3.3.4α]@180° | isotoxal-family-k4-3144[3.3.3.4α]@0° | isotoxal-family-k4-3144[3.3.3.4α]@180° | isotoxal-family-k4-3145[3.3.3.4α]@180° | isotoxal-family-k4-3152[3.3.3.4α]@180° | isotoxal-family-k4-3153[3.3.3.4α]@180° | isotoxal-family-k4-3154[3.3.3.4α]@180° | isotoxal-family-k4-3160[3.3.4α]@180° | isotoxal-family-k4-3162[3.3.4α]@180° | isotoxal-family-k4-3166[3.3.3.4α]@180° | isotoxal-family-k4-3219[3.3.4α]@0° | isotoxal-family-k4-3219[3.3.4α]@180° | isotoxal-family-k4-3220[3.3.4α]@0° | isotoxal-family-k4-3220[3.3.4α]@180° | isotoxal-family-k4-3221[3.3.4α]@0° | isotoxal-family-k4-3221[3.3.4α]@180° | isotoxal-family-k4-3222[3.3.4α]@0° | isotoxal-family-k4-3222[3.3.4α]@180° | isotoxal-family-k4-3223[3.3.4α]@0° | isotoxal-family-k4-3223[3.3.4α]@180° | isotoxal-family-k4-3224[3.3.4α]@0° | isotoxal-family-k4-3224[3.3.4α]@180° | isotoxal-family-k4-3226[3.3.4α]@0° | isotoxal-family-k4-3226[3.3.4α]@180° | isotoxal-family-k4-3227[3.3.4α]@0° | isotoxal-family-k4-3227[3.3.4α]@180° | isotoxal-family-k4-3234[3.3.3.4α]@0° | isotoxal-family-k4-3234[3.3.3.4α]@180° | isotoxal-family-k4-3235[3.3.3.4α]@0° | isotoxal-family-k4-3235[3.3.3.4α]@180° | isotoxal-family-k4-3236[3.3.3.4α]@0° | isotoxal-family-k4-3236[3.3.3.4α]@180° | isotoxal-family-k4-3237[3.3.3.4α]@0° | isotoxal-family-k4-3237[3.3.3.4α]@180° | isotoxal-family-k4-3238[3.3.3.4α]@0° | isotoxal-family-k4-3238[3.3.3.4α]@180° | isotoxal-family-k4-3239[3.3.3.4α]@0° | isotoxal-family-k4-3239[3.3.3.4α]@180° | isotoxal-family-k4-3240[3.3.3.4α]@0° | isotoxal-family-k4-3240[3.3.3.4α]@180° | isotoxal-family-k4-3241[3.3.3.4α]@0° | isotoxal-family-k4-3241[3.3.3.4α]@180° | isotoxal-family-k4-3339[3.3.4α]@0° | isotoxal-family-k4-3339[3.3.4α]@180° | isotoxal-family-k4-3340[3.3.4α]@0° | isotoxal-family-k4-3340[3.3.4α]@180° | isotoxal-family-k4-3650[3.3.3.4α]@180° | isotoxal-family-k4-3665[3.3.4α]@0° | isotoxal-family-k4-3665[3.3.4α]@180° | isotoxal-family-k4-3666[3.3.4α]@0° | isotoxal-family-k4-3666[3.3.4α]@180° | isotoxal-family-k4-3667[3.3.4α]@0° | isotoxal-family-k4-3667[3.3.4α]@180° | isotoxal-family-k4-3668[3.3.4α]@0° | isotoxal-family-k4-3668[3.3.4α]@180° | isotoxal-family-k4-3669[3.3.4α]@0° | isotoxal-family-k4-3669[3.3.4α]@180° | isotoxal-family-k4-3670[3.3.4α]@0° | isotoxal-family-k4-3670[3.3.4α]@180°
  isotoxal-family-k4-2453[3.3.3.4α]@180° | isotoxal-family-k4-2459[3.3.3.4α]@180°
  isotoxal-family-k4-2454[3.3.3.4α]@0° | isotoxal-family-k4-2474[3.3.3.4α]@0° | isotoxal-family-k4-2474[3.3.3.4α]@180° | isotoxal-family-k4-2480[3.3.3.4α]@180°
  isotoxal-family-k4-2454[3.3.3.4α]@180° | isotoxal-family-k4-2460[3.3.3.4α]@0° | isotoxal-family-k4-2479[3.3.3.4α]@0° | isotoxal-family-k4-2480[3.3.3.4α]@0°
  isotoxal-family-k4-2459[3.3.3.4α]@0° | isotoxal-family-k4-2473[3.3.3.4α]@0°
  isotoxal-family-k4-2461[3.3.3.3.3.4α]@180° | isotoxal-family-k4-2462[3.3.3.3.3.4α]@0° | isotoxal-family-k4-2462[3.3.3.3.3.4α]@180° | isotoxal-family-k4-2463[3.3.3.3.3.4α]@0° | isotoxal-family-k4-2463[3.3.3.3.3.4α]@180° | isotoxal-family-k4-2464[3.3.3.3.3.4α]@180°
  isotoxal-family-k4-2465[3.3.3.4.4α]@180° | isotoxal-family-k4-2468[3.3.3.4.4α]@180°
  isotoxal-family-k4-2469[3.3.3.4α]@180° | isotoxal-family-k4-2471[3.3.3.4α]@180°
  isotoxal-family-k4-2473[3.3.3.4α]@180° | isotoxal-family-k4-2479[3.3.3.4α]@180°
  isotoxal-family-k4-2493[3.3.3.3.3.3.3.4α]@0° | isotoxal-family-k4-2494[3.3.3.3.3.3.3.4α]@0° | isotoxal-family-k4-2494[3.3.3.3.3.3.3.4α]@180° | isotoxal-family-k4-2499[3.3.3.3.3.3.3.4α]@0° | isotoxal-family-k4-2500[3.3.3.3.3.3.3.4α]@0° | isotoxal-family-k4-2500[3.3.3.3.3.3.3.4α]@180° | isotoxal-family-k4-2555[3.3.3.3.3.4α]@0° | isotoxal-family-k4-2556[3.3.3.3.3.4α]@0° | isotoxal-family-k4-2556[3.3.3.3.3.4α]@180° | isotoxal-family-k4-2637[3.3.3.3.3.3.4α]@0° | isotoxal-family-k4-2638[3.3.3.3.3.3.4α]@0° | isotoxal-family-k4-2639[3.3.3.3.3.3.4α]@0° | isotoxal-family-k4-2639[3.3.3.3.3.3.4α]@180° | isotoxal-family-k4-2640[3.3.3.3.3.3.4α]@0° | isotoxal-family-k4-2640[3.3.3.3.3.3.4α]@180° | isotoxal-family-k4-2662[3.3.3.3.3.4α]@0° | isotoxal-family-k4-2662[3.3.3.3.3.4α]@180° | isotoxal-family-k4-2663[3.3.3.3.3.4α]@0° | isotoxal-family-k4-2663[3.3.3.3.3.4α]@180° | isotoxal-family-k4-2693[3.3.3.3.3.4α]@0° | isotoxal-family-k4-2693[3.3.3.3.3.4α]@180° | isotoxal-family-k4-2694[3.3.3.3.3.4α]@0° | isotoxal-family-k4-2694[3.3.3.3.3.4α]@180° | isotoxal-family-k4-2824[3.3.3.3.3.3.4α]@0° | isotoxal-family-k4-2825[3.3.3.3.3.3.4α]@0° | isotoxal-family-k4-2825[3.3.3.3.3.3.4α]@180° | isotoxal-family-k4-2826[3.3.3.3.3.3.4α]@0° | isotoxal-family-k4-2827[3.3.3.3.3.3.4α]@0° | isotoxal-family-k4-2827[3.3.3.3.3.3.4α]@180° | isotoxal-family-k4-2851[3.3.3.3.3.4α]@0° | isotoxal-family-k4-2851[3.3.3.3.3.4α]@180° | isotoxal-family-k4-2852[3.3.3.3.3.4α]@0° | isotoxal-family-k4-2852[3.3.3.3.3.4α]@180° | isotoxal-family-k4-2950[3.3.3.3.3.3.3.4α]@0° | isotoxal-family-k4-2951[3.3.3.3.3.3.3.4α]@180° | isotoxal-family-k4-2956[3.3.3.3.3.3.3.4α]@0° | isotoxal-family-k4-2956[3.3.3.3.3.3.3.4α]@180° | isotoxal-family-k4-2957[3.3.3.3.3.3.3.4α]@180°
  isotoxal-family-k4-2493[3.3.3.3.3.3.3.4α]@180° | isotoxal-family-k4-2638[3.3.3.3.3.3.4α]@180° | isotoxal-family-k4-2951[3.3.3.3.3.3.3.4α]@0°
  isotoxal-family-k4-2499[3.3.3.3.3.3.3.4α]@180° | isotoxal-family-k4-2637[3.3.3.3.3.3.4α]@180°
  isotoxal-family-k4-2505[3.3.3.3.3.3.4α]@0° | isotoxal-family-k4-2505[3.3.3.3.3.3.4α]@180° | isotoxal-family-k4-2506[3.3.3.3.3.3.4α]@180° | isotoxal-family-k4-2507[3.3.3.3.3.3.4α]@0° | isotoxal-family-k4-2507[3.3.3.3.3.3.4α]@180° | isotoxal-family-k4-2508[3.3.3.3.3.3.4α]@180° | isotoxal-family-k4-2509[3.3.3.3.3.3.4α]@0° | isotoxal-family-k4-2510[3.3.3.3.3.3.4α]@0° | isotoxal-family-k4-2511[3.3.3.3.3.3.4α]@0° | isotoxal-family-k4-2512[3.3.3.3.3.3.4α]@0° | isotoxal-family-k4-2512[3.3.3.3.3.3.4α]@180° | isotoxal-family-k4-2528[3.3.3.3.3.4α]@0° | isotoxal-family-k4-2528[3.3.3.3.3.4α]@180° | isotoxal-family-k4-2529[3.3.3.3.3.4α]@180° | isotoxal-family-k4-2570[3.3.3.3.3.4α]@0° | isotoxal-family-k4-2570[3.3.3.3.3.4α]@180° | isotoxal-family-k4-2571[3.3.3.3.3.4α]@180° | isotoxal-family-k4-2572[3.3.3.3.3.4α]@0° | isotoxal-family-k4-2572[3.3.3.3.3.4α]@180° | isotoxal-family-k4-2573[3.3.3.3.3.4α]@0° | isotoxal-family-k4-2573[3.3.3.3.3.4α]@180° | isotoxal-family-k4-2962[3.3.3.3.3.3.4α]@0° | isotoxal-family-k4-2963[3.3.3.3.3.3.4α]@0° | isotoxal-family-k4-2964[3.3.3.3.3.3.4α]@180° | isotoxal-family-k4-2966[3.3.3.3.3.3.4α]@0° | isotoxal-family-k4-2966[3.3.3.3.3.3.4α]@180° | isotoxal-family-k4-2967[3.3.3.3.3.3.4α]@0° | isotoxal-family-k4-2967[3.3.3.3.3.3.4α]@180° | isotoxal-family-k4-2987[3.3.3.3.3.4α]@0° | isotoxal-family-k4-2987[3.3.3.3.3.4α]@180° | isotoxal-family-k4-2988[3.3.3.3.3.4α]@0° | isotoxal-family-k4-2988[3.3.3.3.3.4α]@180°
  isotoxal-family-k4-2506[3.3.3.3.3.3.4α]@0° | isotoxal-family-k4-2508[3.3.3.3.3.3.4α]@0° | isotoxal-family-k4-2511[3.3.3.3.3.3.4α]@180° | isotoxal-family-k4-2571[3.3.3.3.3.4α]@0° | isotoxal-family-k4-2963[3.3.3.3.3.3.4α]@180° | isotoxal-family-k4-2965[3.3.3.3.3.3.4α]@0° | isotoxal-family-k4-2965[3.3.3.3.3.3.4α]@180° | isotoxal-family-k4-2968[3.3.3.3.3.3.4α]@0° | isotoxal-family-k4-2968[3.3.3.3.3.3.4α]@180° | isotoxal-family-k4-2969[3.3.3.3.3.3.4α]@0° | isotoxal-family-k4-2969[3.3.3.3.3.3.4α]@180°
  isotoxal-family-k4-2513[3.3.3.3.4α]@0° | isotoxal-family-k4-2527[3.3.3.3.3.4α]@0° | isotoxal-family-k4-2530[3.3.3.3.3.4α]@0° | isotoxal-family-k4-2530[3.3.3.3.3.4α]@180° | isotoxal-family-k4-2560[3.3.3.3.4α]@0° | isotoxal-family-k4-2561[3.3.3.3.4α]@0° | isotoxal-family-k4-2561[3.3.3.3.4α]@180° | isotoxal-family-k4-2568[3.3.3.3.3.4α]@0° | isotoxal-family-k4-2569[3.3.3.3.3.4α]@0° | isotoxal-family-k4-2569[3.3.3.3.3.4α]@180° | isotoxal-family-k4-2574[3.3.3.3.3.4α]@0° | isotoxal-family-k4-2574[3.3.3.3.3.4α]@180° | isotoxal-family-k4-2575[3.3.3.3.3.4α]@0° | isotoxal-family-k4-2575[3.3.3.3.3.4α]@180° | isotoxal-family-k4-2641[3.3.3.3.4α]@0° | isotoxal-family-k4-2642[3.3.3.3.4α]@0° | isotoxal-family-k4-2642[3.3.3.3.4α]@180° | isotoxal-family-k4-2645[3.3.3.3.4α]@0° | isotoxal-family-k4-2646[3.3.3.3.4α]@0° | isotoxal-family-k4-2667[3.3.3.3.4α]@0° | isotoxal-family-k4-2668[3.3.3.3.4α]@0° | isotoxal-family-k4-2668[3.3.3.3.4α]@180° | isotoxal-family-k4-2698[3.3.3.3.4α]@0° | isotoxal-family-k4-2698[3.3.3.3.4α]@180° | isotoxal-family-k4-2699[3.3.3.3.4α]@0° | isotoxal-family-k4-2828[3.3.3.3.4α]@0° | isotoxal-family-k4-2986[3.3.3.3.3.4α]@0° | isotoxal-family-k4-2989[3.3.3.3.3.4α]@0° | isotoxal-family-k4-2989[3.3.3.3.3.4α]@180°
  isotoxal-family-k4-2513[3.3.3.3.4α]@180° | isotoxal-family-k4-2514[3.3.3.3.4α]@0° | isotoxal-family-k4-2514[3.3.3.3.4α]@180° | isotoxal-family-k4-2527[3.3.3.3.3.4α]@180° | isotoxal-family-k4-2560[3.3.3.3.4α]@180° | isotoxal-family-k4-2568[3.3.3.3.3.4α]@180° | isotoxal-family-k4-2828[3.3.3.3.4α]@180° | isotoxal-family-k4-2829[3.3.3.3.4α]@0° | isotoxal-family-k4-2856[3.3.3.3.4α]@0° | isotoxal-family-k4-2857[3.3.3.3.4α]@0°
  isotoxal-family-k4-2515[3.3.3.3.4α]@0° | isotoxal-family-k4-2515[3.3.3.3.4α]@180° | isotoxal-family-k4-2516[3.3.3.3.4α]@180° | isotoxal-family-k4-2533[3.3.3.3.4α]@0° | isotoxal-family-k4-2533[3.3.3.3.4α]@180° | isotoxal-family-k4-2534[3.3.3.3.4α]@0° | isotoxal-family-k4-2534[3.3.3.3.4α]@180° | isotoxal-family-k4-2535[3.3.3.3.4α]@0° | isotoxal-family-k4-2580[3.3.3.3.4α]@0° | isotoxal-family-k4-2581[3.3.3.3.4α]@180° | isotoxal-family-k4-2582[3.3.3.3.4α]@0° | isotoxal-family-k4-2583[3.3.3.3.4α]@0° | isotoxal-family-k4-2584[3.3.3.3.4α]@0° | isotoxal-family-k4-2585[3.3.3.3.4α]@0° | isotoxal-family-k4-2586[3.3.3.3.4α]@0° | isotoxal-family-k4-2587[3.3.3.3.4α]@0° | isotoxal-family-k4-2588[3.3.3.3.4α]@0° | isotoxal-family-k4-2588[3.3.3.3.4α]@180° | isotoxal-family-k4-2589[3.3.3.3.4α]@0° | isotoxal-family-k4-2589[3.3.3.3.4α]@180° | isotoxal-family-k4-2992[3.3.3.3.4α]@180° | isotoxal-family-k4-2993[3.3.3.3.4α]@0° | isotoxal-family-k4-2994[3.3.3.3.4α]@180°
  isotoxal-family-k4-2516[3.3.3.3.4α]@0° | isotoxal-family-k4-2535[3.3.3.3.4α]@180° | isotoxal-family-k4-2580[3.3.3.3.4α]@180° | isotoxal-family-k4-2581[3.3.3.3.4α]@0° | isotoxal-family-k4-2585[3.3.3.3.4α]@180° | isotoxal-family-k4-2586[3.3.3.3.4α]@180° | isotoxal-family-k4-2587[3.3.3.3.4α]@180° | isotoxal-family-k4-2992[3.3.3.3.4α]@0° | isotoxal-family-k4-2993[3.3.3.3.4α]@180°
  isotoxal-family-k4-2538[3.3.4α]@0° | isotoxal-family-k4-2538[3.3.4α]@180° | isotoxal-family-k4-2539[3.3.4α]@0° | isotoxal-family-k4-2545[3.3.4α]@0° | isotoxal-family-k4-2545[3.3.4α]@180° | isotoxal-family-k4-2546[3.3.4α]@0° | isotoxal-family-k4-2547[3.3.4α]@0° | isotoxal-family-k4-2548[3.3.4α]@0° | isotoxal-family-k4-2548[3.3.4α]@180° | isotoxal-family-k4-2592[3.3.4α]@0° | isotoxal-family-k4-2593[3.3.4α]@0° | isotoxal-family-k4-2593[3.3.4α]@180° | isotoxal-family-k4-2598[3.3.4α]@0° | isotoxal-family-k4-2598[3.3.4α]@180° | isotoxal-family-k4-2599[3.3.4α]@0° | isotoxal-family-k4-2599[3.3.4α]@180° | isotoxal-family-k4-2602[3.3.4α]@0° | isotoxal-family-k4-2602[3.3.4α]@180° | isotoxal-family-k4-2603[3.3.4α]@0° | isotoxal-family-k4-2603[3.3.4α]@180° | isotoxal-family-k4-2604[3.3.4α]@0° | isotoxal-family-k4-2604[3.3.4α]@180° | isotoxal-family-k4-2605[3.3.4α]@0° | isotoxal-family-k4-2997[3.3.4α]@0° | isotoxal-family-k4-2997[3.3.4α]@180° | isotoxal-family-k4-2998[3.3.4α]@180°
  isotoxal-family-k4-2539[3.3.4α]@180° | isotoxal-family-k4-2546[3.3.4α]@180° | isotoxal-family-k4-2605[3.3.4α]@180° | isotoxal-family-k4-2998[3.3.4α]@0°
  isotoxal-family-k4-2540[4α]@0° | isotoxal-family-k4-2550[4α]@0° | isotoxal-family-k4-2600[4α]@0° | isotoxal-family-k4-2606[4α]@0°
  isotoxal-family-k4-2540[4α]@180° | isotoxal-family-k4-2550[4α]@180° | isotoxal-family-k4-2600[4α]@180° | isotoxal-family-k4-2606[4α]@180°
  isotoxal-family-k4-2543[3.3.4α]@0° | isotoxal-family-k4-2543[3.3.4α]@180° | isotoxal-family-k4-2564[3.3.4α]@0° | isotoxal-family-k4-2565[3.3.4α]@0° | isotoxal-family-k4-2565[3.3.4α]@180° | isotoxal-family-k4-2590[3.3.4α]@0° | isotoxal-family-k4-2591[3.3.4α]@0° | isotoxal-family-k4-2591[3.3.4α]@180° | isotoxal-family-k4-2671[3.3.4α]@0° | isotoxal-family-k4-2671[3.3.4α]@180° | isotoxal-family-k4-2672[3.3.4α]@0° | isotoxal-family-k4-2672[3.3.4α]@180° | isotoxal-family-k4-2676[3.3.4α]@0° | isotoxal-family-k4-2676[3.3.4α]@180° | isotoxal-family-k4-2677[3.3.4α]@0° | isotoxal-family-k4-2702[3.3.4α]@0° | isotoxal-family-k4-2702[3.3.4α]@180° | isotoxal-family-k4-2703[3.3.4α]@0° | isotoxal-family-k4-2707[3.3.4α]@0° | isotoxal-family-k4-2707[3.3.4α]@180° | isotoxal-family-k4-2708[3.3.4α]@0° | isotoxal-family-k4-2860[3.3.4α]@0° | isotoxal-family-k4-2860[3.3.4α]@180° | isotoxal-family-k4-2861[3.3.4α]@0° | isotoxal-family-k4-2861[3.3.4α]@180°
  isotoxal-family-k4-2544[4α]@0° | isotoxal-family-k4-2567[4α]@0° | isotoxal-family-k4-2607[4α]@0°
  isotoxal-family-k4-2544[4α]@180° | isotoxal-family-k4-2566[4α]@180° | isotoxal-family-k4-2567[4α]@180° | isotoxal-family-k4-2607[4α]@180° | isotoxal-family-k4-2673[4α]@180° | isotoxal-family-k4-2680[4α]@180° | isotoxal-family-k4-2710[4α]@180°
  isotoxal-family-k4-2549[4α]@0° | isotoxal-family-k4-2608[4α]@0°
  isotoxal-family-k4-2549[4α]@180° | isotoxal-family-k4-2608[4α]@180°
  isotoxal-family-k4-2554[3.3.3.3.3.4α]@0° | isotoxal-family-k4-2554[3.3.3.3.3.4α]@180° | isotoxal-family-k4-2557[3.3.3.3.3.4α]@0° | isotoxal-family-k4-2557[3.3.3.3.3.4α]@180° | isotoxal-family-k4-2643[3.3.3.3.4α]@0° | isotoxal-family-k4-2644[3.3.3.3.4α]@0° | isotoxal-family-k4-2661[3.3.3.3.3.4α]@0° | isotoxal-family-k4-2661[3.3.3.3.3.4α]@180° | isotoxal-family-k4-2664[3.3.3.3.3.4α]@0° | isotoxal-family-k4-2664[3.3.3.3.3.4α]@180° | isotoxal-family-k4-2692[3.3.3.3.3.4α]@0° | isotoxal-family-k4-2692[3.3.3.3.3.4α]@180° | isotoxal-family-k4-2695[3.3.3.3.3.4α]@0° | isotoxal-family-k4-2695[3.3.3.3.3.4α]@180° | isotoxal-family-k4-2850[3.3.3.3.3.4α]@0° | isotoxal-family-k4-2850[3.3.3.3.3.4α]@180° | isotoxal-family-k4-2853[3.3.3.3.3.4α]@0°
  isotoxal-family-k4-2555[3.3.3.3.3.4α]@180° | isotoxal-family-k4-2824[3.3.3.3.3.3.4α]@180° | isotoxal-family-k4-2826[3.3.3.3.3.3.4α]@180° | isotoxal-family-k4-2950[3.3.3.3.3.3.3.4α]@180° | isotoxal-family-k4-2957[3.3.3.3.3.3.3.4α]@0°
  isotoxal-family-k4-2564[3.3.4α]@180° | isotoxal-family-k4-2590[3.3.4α]@180° | isotoxal-family-k4-2677[3.3.4α]@180° | isotoxal-family-k4-2703[3.3.4α]@180° | isotoxal-family-k4-2708[3.3.4α]@180°
  isotoxal-family-k4-2566[4α]@0° | isotoxal-family-k4-2673[4α]@0° | isotoxal-family-k4-2678[4α]@0° | isotoxal-family-k4-2680[4α]@0° | isotoxal-family-k4-2705[4α]@0° | isotoxal-family-k4-2710[4α]@0° | isotoxal-family-k4-2711[4α]@0°
  isotoxal-family-k4-2582[3.3.3.3.4α]@180° | isotoxal-family-k4-2583[3.3.3.3.4α]@180°
  isotoxal-family-k4-2584[3.3.3.3.4α]@180° | isotoxal-family-k4-2994[3.3.3.3.4α]@0°
  isotoxal-family-k4-2643[3.3.3.3.4α]@180° | isotoxal-family-k4-2644[3.3.3.3.4α]@180°
  isotoxal-family-k4-2646[3.3.3.3.4α]@180° | isotoxal-family-k4-2667[3.3.3.3.4α]@180° | isotoxal-family-k4-2699[3.3.3.3.4α]@180° | isotoxal-family-k4-2829[3.3.3.3.4α]@180° | isotoxal-family-k4-2856[3.3.3.3.4α]@180° | isotoxal-family-k4-2857[3.3.3.3.4α]@180° | isotoxal-family-k4-2986[3.3.3.3.3.4α]@180°
  isotoxal-family-k4-2678[4α]@180° | isotoxal-family-k4-2705[4α]@180° | isotoxal-family-k4-2711[4α]@180°
  isotoxal-family-k4-2681[4α]@0° | isotoxal-family-k4-2709[4α]@0°
  isotoxal-family-k4-2681[4α]@180° | isotoxal-family-k4-2709[4α]@180°
  isotoxal-family-k4-2779[3.3.3.3.3.4α]@0° | isotoxal-family-k4-2779[3.3.3.3.3.4α]@180° | isotoxal-family-k4-3151[3.3.3.3.3.3.3.4α]@180°
  isotoxal-family-k4-2782[3.3.3.3.4α.6α]@0° | isotoxal-family-k4-2783[3.3.3.3.4α.6α]@180° | isotoxal-family-k4-3839[3.3.3.3.3.3.4α.6α]@0° | isotoxal-family-k4-3884[3.3.3.3.3.3.4α.6α]@180°
  isotoxal-family-k4-2803[3.3.3.4α]@0° | isotoxal-family-k4-2803[3.3.3.4α]@180° | isotoxal-family-k4-3143[3.3.3.4α]@0° | isotoxal-family-k4-3143[3.3.3.4α]@180° | isotoxal-family-k4-3152[3.3.3.4α]@0° | isotoxal-family-k4-3170[3.3.3.4α]@180° | isotoxal-family-k4-3650[3.3.3.4α]@0°
  isotoxal-family-k4-2808[3.3.4α.6α]@0° | isotoxal-family-k4-2809[3.3.4α.6α]@180°
  isotoxal-family-k4-2962[3.3.3.3.3.3.4α]@180° | isotoxal-family-k4-2964[3.3.3.3.3.3.4α]@0°
  isotoxal-family-k4-3088[3.3.3.6.4α]@0° | isotoxal-family-k4-3089[3.3.3.6.4α]@0°
  isotoxal-family-k4-3088[3.3.3.6.4α]@180° | isotoxal-family-k4-3089[3.3.3.6.4α]@180° | isotoxal-family-k4-3090[3.3.3.6.4α]@180° | isotoxal-family-k4-3091[3.3.3.6.4α]@0° | isotoxal-family-k4-3120[3.3.3.3.3.6.4α]@0° | isotoxal-family-k4-3120[3.3.3.3.3.6.4α]@180°
  isotoxal-family-k4-3090[3.3.3.6.4α]@0° | isotoxal-family-k4-3091[3.3.3.6.4α]@180°
  isotoxal-family-k4-3094[4.4.4.4.4.4.4α]@30° | isotoxal-family-k4-3094[4.4.4.4.4.4.4α]@120° | isotoxal-family-k4-3102[4.4.4.4.4α]@30° | isotoxal-family-k4-3102[4.4.4.4.4α]@120° | isotoxal-family-k4-3105[4.4.4.4.4.4.4α]@30° | isotoxal-family-k4-3105[4.4.4.4.4.4.4α]@120° | isotoxal-family-k4-3108[4.4.4.4.4α]@30° | isotoxal-family-k4-3108[4.4.4.4.4α]@120°
  isotoxal-family-k4-3100[4.4.4α]@30° | isotoxal-family-k4-3100[4.4.4α]@120° | isotoxal-family-k4-3104[4.4.4α]@30° | isotoxal-family-k4-3104[4.4.4α]@120° | isotoxal-family-k4-3113[4.4.4α]@30° | isotoxal-family-k4-3114[4.4.4α]@30°
  isotoxal-family-k4-3113[4.4.4α]@120° | isotoxal-family-k4-3114[4.4.4α]@120°
  isotoxal-family-k4-3115[4.4.4α]@30° | isotoxal-family-k4-3115[4.4.4α]@120° | isotoxal-family-k4-3116[4.4.4α]@30° | isotoxal-family-k4-3116[4.4.4α]@120°
  isotoxal-family-k4-3123[3.3.3.3.3.3.4α]@0° | isotoxal-family-k4-3123[3.3.3.3.3.3.4α]@180° | isotoxal-family-k4-3124[3.3.3.3.3.3.4α]@0° | isotoxal-family-k4-3124[3.3.3.3.3.3.4α]@180° | isotoxal-family-k4-3128[3.3.3.3.3.3.4α]@0° | isotoxal-family-k4-3128[3.3.3.3.3.3.4α]@180° | isotoxal-family-k4-3135[3.3.3.3.3.3.4α]@0° | isotoxal-family-k4-3135[3.3.3.3.3.3.4α]@180° | isotoxal-family-k4-3147[3.3.3.3.3.3.4α]@180° | isotoxal-family-k4-3177[3.3.3.3.3.3.3.4α]@0° | isotoxal-family-k4-3177[3.3.3.3.3.3.3.4α]@180° | isotoxal-family-k4-3179[3.3.3.3.3.3.4α]@0° | isotoxal-family-k4-3179[3.3.3.3.3.3.4α]@180° | isotoxal-family-k4-3185[3.3.3.3.3.3.4α]@0° | isotoxal-family-k4-3185[3.3.3.3.3.3.4α]@180° | isotoxal-family-k4-3186[3.3.3.3.3.3.4α]@0° | isotoxal-family-k4-3186[3.3.3.3.3.3.4α]@180° | isotoxal-family-k4-3187[3.3.3.3.3.3.4α]@0° | isotoxal-family-k4-3187[3.3.3.3.3.3.4α]@180° | isotoxal-family-k4-3188[3.3.3.3.3.3.4α]@0° | isotoxal-family-k4-3188[3.3.3.3.3.3.4α]@180° | isotoxal-family-k4-3205[3.3.3.3.3.3.4α]@0° | isotoxal-family-k4-3205[3.3.3.3.3.3.4α]@180° | isotoxal-family-k4-3206[3.3.3.3.3.3.4α]@0° | isotoxal-family-k4-3206[3.3.3.3.3.3.4α]@180° | isotoxal-family-k4-3646[3.3.3.3.3.3.3.4α]@180° | isotoxal-family-k4-3647[3.3.3.3.3.3.3.4α]@0° | isotoxal-family-k4-3647[3.3.3.3.3.3.3.4α]@180° | isotoxal-family-k4-3651[3.3.3.3.3.3.4α]@0° | isotoxal-family-k4-3651[3.3.3.3.3.3.4α]@180° | isotoxal-family-k4-3653[3.3.3.3.3.3.4α]@180° | isotoxal-family-k4-3654[3.3.3.3.3.3.4α]@0° | isotoxal-family-k4-3654[3.3.3.3.3.3.4α]@180° | isotoxal-family-k4-3655[3.3.3.3.3.3.4α]@0° | isotoxal-family-k4-3655[3.3.3.3.3.3.4α]@180° | isotoxal-family-k4-3656[3.3.3.3.3.3.4α]@0° | isotoxal-family-k4-3656[3.3.3.3.3.3.4α]@180° | isotoxal-family-k4-3657[3.3.3.3.3.3.4α]@0° | isotoxal-family-k4-3657[3.3.3.3.3.3.4α]@180° | isotoxal-family-k4-3658[3.3.3.3.3.3.4α]@0° | isotoxal-family-k4-3658[3.3.3.3.3.3.4α]@180° | isotoxal-family-k4-3659[3.3.3.3.3.3.4α]@0° | isotoxal-family-k4-3659[3.3.3.3.3.3.4α]@180° | isotoxal-family-k4-3808[3.3.3.3.3.3.4α]@0° | isotoxal-family-k4-3808[3.3.3.3.3.3.4α]@180° | isotoxal-family-k4-3809[3.3.3.3.3.3.4α]@0°
  isotoxal-family-k4-3147[3.3.3.3.3.3.4α]@0° | isotoxal-family-k4-3176[3.3.3.3.3.3.3.4α]@180°
  isotoxal-family-k4-3151[3.3.3.3.3.3.3.4α]@0° | isotoxal-family-k4-3181[3.3.3.3.3.3.3.3.4α]@180° | isotoxal-family-k4-3637[3.3.3.3.3.3.3.3.4α]@180°
  isotoxal-family-k4-3156[3.3.3.3.3.4α.6α]@0° | isotoxal-family-k4-3157[3.3.3.3.3.4α.6α]@180° | isotoxal-family-k4-3818[3.3.3.3.3.3.4α.6α]@0° | isotoxal-family-k4-3836[3.3.3.3.3.4α.6α]@0° | isotoxal-family-k4-3881[3.3.3.3.3.4α.6α]@180°
  isotoxal-family-k4-3172[3.3.3.3.4α.6α]@0° | isotoxal-family-k4-3172[3.3.3.3.4α.6α]@165° | isotoxal-family-k4-3173[3.3.3.3.4α.6α]@0° | isotoxal-family-k4-3173[3.3.3.3.4α.6α]@165°
  isotoxal-family-k4-3174[3.3.3.3.4α.6α]@0° | isotoxal-family-k4-3174[3.3.3.3.4α.6α]@135° | isotoxal-family-k4-3175[3.3.3.3.4α.6α]@0° | isotoxal-family-k4-3175[3.3.3.3.4α.6α]@135° | isotoxal-family-k4-3631[3.3.3.3.4α.6α]@0° | isotoxal-family-k4-3631[3.3.3.3.4α.6α]@135° | isotoxal-family-k4-3632[3.3.3.3.4α.6α]@0° | isotoxal-family-k4-3632[3.3.3.3.4α.6α]@135°
  isotoxal-family-k4-3176[3.3.3.3.3.3.3.4α]@0° | isotoxal-family-k4-3184[3.3.3.3.3.3.4α]@0°
  isotoxal-family-k4-3180[3.3.3.3.4α]@0° | isotoxal-family-k4-3182[3.3.3.3.3.4α]@180°
  isotoxal-family-k4-3181[3.3.3.3.3.3.3.3.4α]@0° | isotoxal-family-k4-3637[3.3.3.3.3.3.3.3.4α]@0°
  isotoxal-family-k4-3214[3.3.4.4.4α]@0° | isotoxal-family-k4-3214[3.3.4.4.4α]@180° | isotoxal-family-k4-3215[3.3.4.4.4α]@0° | isotoxal-family-k4-3216[3.3.4.4.4α]@0° | isotoxal-family-k4-3216[3.3.4.4.4α]@180° | isotoxal-family-k4-3217[3.3.4.4.4α]@0° | isotoxal-family-k4-3244[3.3.4.4.4α]@0° | isotoxal-family-k4-3244[3.3.4.4.4α]@180° | isotoxal-family-k4-3245[3.3.4.4.4α]@0° | isotoxal-family-k4-3245[3.3.4.4.4α]@180° | isotoxal-family-k4-3246[3.3.4.4.4α]@0° | isotoxal-family-k4-3246[3.3.4.4.4α]@180° | isotoxal-family-k4-3247[3.3.4.4.4α]@0° | isotoxal-family-k4-3247[3.3.4.4.4α]@180°
  isotoxal-family-k4-3215[3.3.4.4.4α]@180° | isotoxal-family-k4-3217[3.3.4.4.4α]@180°
  isotoxal-family-k4-3228[3.3.4α]@0° | isotoxal-family-k4-3228[3.3.4α]@180° | isotoxal-family-k4-3229[3.3.4α]@0° | isotoxal-family-k4-3229[3.3.4α]@180° | isotoxal-family-k4-3232[3.3.4α]@0° | isotoxal-family-k4-3232[3.3.4α]@180° | isotoxal-family-k4-3233[3.3.4α]@0° | isotoxal-family-k4-3233[3.3.4α]@180° | isotoxal-family-k4-3671[3.3.4α]@0° | isotoxal-family-k4-3671[3.3.4α]@180° | isotoxal-family-k4-3672[3.3.4α]@0° | isotoxal-family-k4-3672[3.3.4α]@180° | isotoxal-family-k4-3675[3.3.4α]@0° | isotoxal-family-k4-3675[3.3.4α]@180° | isotoxal-family-k4-3676[3.3.4α]@0° | isotoxal-family-k4-3676[3.3.4α]@180°
  isotoxal-family-k4-3242[3.3.3.3.3.3.3.4α.6α]@0° | isotoxal-family-k4-3243[3.3.3.3.3.4α.6α]@0°
  isotoxal-family-k4-3646[3.3.3.3.3.3.3.4α]@0° | isotoxal-family-k4-3653[3.3.3.3.3.3.4α]@0° | isotoxal-family-k4-3809[3.3.3.3.3.3.4α]@180°
  isotoxal-family-k4-3806[3.3.3.3.4α.6α]@165° | isotoxal-family-k4-3807[3.3.3.3.4α.6α]@0° | isotoxal-family-k4-3807[3.3.3.3.4α.6α]@165°
  isotoxal-family-k4-3813[3.3.3.3.3.3.4α.6α]@165° | isotoxal-family-k4-3820[3.3.3.3.3.3.4α.6α]@0° | isotoxal-family-k4-3820[3.3.3.3.3.3.4α.6α]@165°
  isotoxal-family-k4-3814[3.3.3.3.3.4α.6α]@165° | isotoxal-family-k4-3821[3.3.3.3.3.4α.6α]@0° | isotoxal-family-k4-3821[3.3.3.3.3.4α.6α]@165°
  isotoxal-family-k4-3816[3.3.3.3.3.3.3.4α.6α]@0° | isotoxal-family-k4-3817[3.3.3.3.3.3.3.4α.6α]@165° | isotoxal-family-k4-3819[3.3.3.3.3.3.3.4α.6α]@165°
  isotoxal-family-k4-3816[3.3.3.3.3.3.3.4α.6α]@165° | isotoxal-family-k4-3817[3.3.3.3.3.3.3.4α.6α]@0° | isotoxal-family-k4-3819[3.3.3.3.3.3.3.4α.6α]@0°
  isotoxal-family-k4-3825[3.3.3.3.3.3.3.3.4α.6α]@0° | isotoxal-family-k4-3826[3.3.3.3.3.3.3.3.4α.6α]@0° | isotoxal-family-k4-3829[3.3.3.3.3.3.3.4α.6α]@0° | isotoxal-family-k4-3830[3.3.3.3.3.3.3.4α.6α]@0° | isotoxal-family-k4-3869[3.3.3.3.3.3.3.3.4α.6α]@180° | isotoxal-family-k4-3870[3.3.3.3.3.3.3.3.4α.6α]@180°
  isotoxal-family-k4-3827[3.3.3.3.3.3.3.3.4α.6α]@0° | isotoxal-family-k4-3828[3.3.3.3.3.3.3.4α.6α]@0° | isotoxal-family-k4-3831[3.3.3.3.3.3.3.4α.6α]@0° | isotoxal-family-k4-3832[3.3.3.3.3.3.4α.6α]@0° | isotoxal-family-k4-3871[3.3.3.3.3.3.3.3.4α.6α]@180° | isotoxal-family-k4-3872[3.3.3.3.3.3.3.4α.6α]@180° | isotoxal-family-k4-3875[3.3.3.3.3.3.3.4α.6α]@180° | isotoxal-family-k4-3876[3.3.3.3.3.3.4α.6α]@180°
  isotoxal-family-k4-3833[3.3.3.3.3.3.3.3.4α.6α]@0° | isotoxal-family-k4-3878[3.3.3.3.3.3.3.3.4α.6α]@180°
  isotoxal-family-k4-3834[3.3.3.3.3.3.3.3.4α.6α]@0° | isotoxal-family-k4-3868[3.3.3.3.3.3.3.3.3.4α.6α]@180° | isotoxal-family-k4-3879[3.3.3.3.3.3.3.3.4α.6α]@180°
  isotoxal-family-k4-3835[3.3.3.3.3.3.3.3.3.4α.6α]@0° | isotoxal-family-k4-3880[3.3.3.3.3.3.3.3.3.4α.6α]@180°
  isotoxal-family-k4-3837[3.3.3.4α.6α]@0° | isotoxal-family-k4-3882[3.3.3.4α.6α]@180° | isotoxal-family-k4-3883[3.3.4α.6α]@180°
  isotoxal-family-k4-3841[3.3.3.4α.6α]@0° | isotoxal-family-k4-3886[3.3.3.4α.6α]@180°
  isotoxal-family-k4-3842[3.3.4α.6α]@0° | isotoxal-family-k4-3851[3.3.3.4α.6α]@0° | isotoxal-family-k4-3854[3.3.3.4α.6α]@0° | isotoxal-family-k4-3887[3.3.4α.6α]@180° | isotoxal-family-k4-3894[3.3.3.4α.6α]@180° | isotoxal-family-k4-3896[3.3.3.4α.6α]@180°
  isotoxal-family-k4-3843[4α.6α]@0° | isotoxal-family-k4-3888[4α.6α]@180°
  isotoxal-family-k4-3844[3.3.4α.6α]@0° | isotoxal-family-k4-3889[3.3.4α.6α]@180°
  isotoxal-family-k4-3845[3.3.3.3.4α.6α]@0° | isotoxal-family-k4-3890[3.3.3.3.4α.6α]@180°
  isotoxal-family-k4-3849[3.3.3.3.3.4α.6α]@0° | isotoxal-family-k4-3853[3.3.3.3.4α.6α]@0° | isotoxal-family-k4-3893[3.3.3.3.3.4α.6α]@180° | isotoxal-family-k4-3895[3.3.3.3.4α.6α]@180°
  isotoxal-family-k4-3858[3.3.3.3.3.3.3.4α.6α]@0° | isotoxal-family-k4-3862[3.3.3.3.3.3.3.4α.6α]@0° | isotoxal-family-k4-3863[3.3.3.3.3.3.3.4α.6α]@135° | isotoxal-family-k4-3865[3.3.3.3.3.3.3.4α.6α]@135°
  isotoxal-family-k4-3858[3.3.3.3.3.3.3.4α.6α]@135° | isotoxal-family-k4-3863[3.3.3.3.3.3.3.4α.6α]@0° | isotoxal-family-k4-3865[3.3.3.3.3.3.3.4α.6α]@0°
  isotoxal-family-k4-3859[3.3.3.3.3.3.4α.6α]@0° | isotoxal-family-k4-3866[3.3.3.3.3.3.4α.6α]@135°
  isotoxal-family-k4-3859[3.3.3.3.3.3.4α.6α]@135° | isotoxal-family-k4-3860[3.3.3.3.3.4α.6α]@0° | isotoxal-family-k4-3860[3.3.3.3.3.4α.6α]@135° | isotoxal-family-k4-3866[3.3.3.3.3.3.4α.6α]@0° | isotoxal-family-k4-3867[3.3.3.3.3.4α.6α]@0° | isotoxal-family-k4-3867[3.3.3.3.3.4α.6α]@135°

=== DUPLICATES — same family shipped twice (forward, or with α reversed) ===
  α-forward: isotoxal-family-k4-04 [0, 180] == isotoxal-family-k4-06 [0, 180]   [3.3.3.3.3.3.3.3.3.4.4α]
  α-forward: isotoxal-family-k4-07 [0, 180] == isotoxal-family-k4-08 [0, 180]   [3.3.3.3.3.3.3.3.3.4.4.4α]
  α-forward: isotoxal-family-k4-09 [0, 180] == isotoxal-family-k4-10 [0, 180]   [3.3.3.3.3.3.3.3.4.4.4.4α]
  α-forward: isotoxal-family-k4-16 [0, 180] == isotoxal-family-k4-17 [0, 180]   [3.3.3.3.3.3.3.3.3.4.4.4α]
  α-forward: isotoxal-family-k4-38 [0, 180] == isotoxal-family-k4-383 [0, 180]   [3.3.3.3.3.3.3.4.4.4.4α]
  α-reversed: isotoxal-family-k4-50 [0, 180] == isotoxal-family-k4-152 [0, 180]   [3.3.3.3.4.4.4.4.4.4α]
  α-forward: isotoxal-family-k4-50 [0, 180] == isotoxal-family-k4-395 [0, 180]   [3.3.3.3.4.4.4.4.4.4α]
  α-forward: isotoxal-family-k4-51 [0, 180] == isotoxal-family-k4-154 [0, 180]   [4.4.4.4.4.4.4.4α]
  α-reversed: isotoxal-family-k4-51 [0, 180] == isotoxal-family-k4-396 [0, 180]   [4.4.4.4.4.4.4.4α]
  α-reversed: isotoxal-family-k4-54 [0, 180] == isotoxal-family-k4-162 [0, 180]   [4.4.4.4.4.4.4α]
  α-reversed: isotoxal-family-k4-54 [0, 180] == isotoxal-family-k4-163 [0, 180]   [4.4.4.4.4.4.4α]
  α-reversed: isotoxal-family-k4-54 [0, 180] == isotoxal-family-k4-400 [0, 180]   [4.4.4.4.4.4.4α]
  α-reversed: isotoxal-family-k4-55 [0, 180] == isotoxal-family-k4-399 [0, 180]   [4.4.4.4.4.4.4α]
  α-reversed: isotoxal-family-k4-56 [0, 180] == isotoxal-family-k4-166 [0, 180]   [4.4.4.4.4.4α]
  α-reversed: isotoxal-family-k4-59 [0, 180] == isotoxal-family-k4-172 [0, 180]   [4.4.4.4.4.4α]
  α-forward: isotoxal-family-k4-73 [0, 180] == isotoxal-family-k4-74 [0, 180]   [3.3.4.4.4.4.4.4α]
  α-reversed: isotoxal-family-k4-76 [0, 180] == isotoxal-family-k4-422 [0, 180]   [4.4.4.4.4.4.4α]
  α-forward: isotoxal-family-k4-91 [0, 180] == isotoxal-family-k4-438 [0, 180]   [3.3.4.4.4.4α]
  α-reversed: isotoxal-family-k4-92 [0, 180] == isotoxal-family-k4-437 [0, 180]   [3.3.4.4.4.4α]
  α-forward: isotoxal-family-k4-93 [0, 180] == isotoxal-family-k4-440 [0, 180]   [4.4.4.4.4α]
  α-reversed: isotoxal-family-k4-94 [0, 180] == isotoxal-family-k4-439 [0, 180]   [4.4.4.4.4α]
  α-reversed: isotoxal-family-k4-97 [0, 180] == isotoxal-family-k4-442 [0, 180]   [4.4.4.4α]
  α-forward: isotoxal-family-k4-155 [0, 180] == isotoxal-family-k4-156 [0, 180]   [3.3.4.4.4.4.4.4.4α]
  α-forward: isotoxal-family-k4-162 [0, 180] == isotoxal-family-k4-163 [0, 180]   [4.4.4.4.4.4.4α]
  α-forward: isotoxal-family-k4-162 [0, 180] == isotoxal-family-k4-400 [0, 180]   [4.4.4.4.4.4.4α]
  α-forward: isotoxal-family-k4-163 [0, 180] == isotoxal-family-k4-400 [0, 180]   [4.4.4.4.4.4.4α]
  α-forward: isotoxal-family-k4-181 [0, 180] == isotoxal-family-k4-184 [0, 180]   [3.3.3.3.3.4.4.4.4.4α]
  α-forward: isotoxal-family-k4-182 [0, 180] == isotoxal-family-k4-183 [0, 180]   [3.3.3.3.3.4.4.4.4.4α]
  α-forward: isotoxal-family-k4-185 [0, 180] == isotoxal-family-k4-186 [0, 180]   [3.3.3.3.4.4.4.4.4.4α]
  α-forward: isotoxal-family-k4-188 [0, 180] == isotoxal-family-k4-190 [0, 180]   [3.3.3.3.4.4.4.4.4α]
  α-reversed: isotoxal-family-k4-191 [0, 180] == isotoxal-family-k4-193 [0, 180]   [3.3.3.3.4.4.4.4.4α]
  α-forward: isotoxal-family-k4-196 [0, 180] == isotoxal-family-k4-197 [0, 180]   [3.3.4.4.4.4.4.4α]
  α-forward: isotoxal-family-k4-196 [0, 180] == isotoxal-family-k4-198 [0, 180]   [3.3.4.4.4.4.4.4α]
  α-reversed: isotoxal-family-k4-201 [0, 180] == isotoxal-family-k4-202 [0, 180]   [3.3.4.4.4.4.4α]
  α-forward: isotoxal-family-k4-203 [0, 180] == isotoxal-family-k4-204 [0, 180]   [3.3.4.4.4.4.4α]
  α-forward: isotoxal-family-k4-223 [0, 180] == isotoxal-family-k4-224 [0, 180]   [3.3.3.3.4.4.4.4.4α]
  α-forward: isotoxal-family-k4-234 [0, 180] == isotoxal-family-k4-235 [0, 180]   [3.3.4.4.4.4.4.4α]
  α-forward: isotoxal-family-k4-235 [0, 180] == isotoxal-family-k4-236 [0, 180]   [3.3.4.4.4.4.4.4α]
  α-reversed: isotoxal-family-k4-244 [0, 180] == isotoxal-family-k4-246 [0, 180]   [4.4.4.4.4.4α]
  α-forward: isotoxal-family-k4-289 [0, 180] == isotoxal-family-k4-290 [0, 180]   [3.3.4.4.4.4α]
  α-forward: isotoxal-family-k4-291 [0, 180] == isotoxal-family-k4-292 [0, 180]   [4.4.4.4.4α]
  α-forward: isotoxal-family-k4-291 [0, 180] == isotoxal-family-k4-293 [0, 180]   [4.4.4.4.4α]
  α-forward: isotoxal-family-k4-292 [0, 180] == isotoxal-family-k4-293 [0, 180]   [4.4.4.4.4α]
  α-forward: isotoxal-family-k4-293 [0, 180] == isotoxal-family-k4-294 [0, 180]   [4.4.4.4.4α]
  α-forward: isotoxal-family-k4-297 [0, 180] == isotoxal-family-k4-299 [0, 180]   [4.4.4.4α]
  α-forward: isotoxal-family-k4-298 [0, 180] == isotoxal-family-k4-299 [0, 180]   [4.4.4.4α]
  α-forward: isotoxal-family-k4-371 [0, 180] == isotoxal-family-k4-372 [0, 180]   [3.3.3.4.4.4.4.4α]
  α-forward: isotoxal-family-k4-373 [0, 180] == isotoxal-family-k4-374 [0, 180]   [3.3.4.4.4.4.4α]
  α-forward: isotoxal-family-k4-418 [0, 180] == isotoxal-family-k4-419 [0, 180]   [3.3.4.4.4.4.4.4α]
  α-forward: isotoxal-family-k4-474 [0, 180] == isotoxal-family-k4-480 [0, 180]   [3.3.3.3.4α]
  α-reversed: isotoxal-family-k4-483 [60, 120] == isotoxal-family-k4-484 [60, 120]   [3.3.3.3.3.4α.12α]
  α-reversed: isotoxal-family-k4-486 [60, 120] == isotoxal-family-k4-494 [60, 120]   [3.3.3.3.3.4α.12α]
  α-reversed: isotoxal-family-k4-487 [60, 120] == isotoxal-family-k4-495 [60, 120]   [3.3.3.3.4α.12α]
  α-reversed: isotoxal-family-k4-488 [60, 120] == isotoxal-family-k4-496 [60, 120]   [3.4α.12α]
  α-reversed: isotoxal-family-k4-499 [0, 180] == isotoxal-family-k4-501 [0, 180]   [3.3.3.3.3.3.3.3.3.4α]
  α-reversed: isotoxal-family-k4-500 [0, 180] == isotoxal-family-k4-502 [0, 180]   [3.3.3.3.3.3.3.3.3.4α]
  α-reversed: isotoxal-family-k4-504 [0, 180] == isotoxal-family-k4-506 [0, 180]   [3.3.3.3.3.3.3.3.4α]
  α-reversed: isotoxal-family-k4-510 [0, 180] == isotoxal-family-k4-511 [0, 180]   [3.3.3.3.3.3.3.3.4α]
  α-reversed: isotoxal-family-k4-512 [0, 180] == isotoxal-family-k4-513 [0, 180]   [3.3.3.3.3.3.3.3.4α]
  α-reversed: isotoxal-family-k4-515 [0, 180] == isotoxal-family-k4-516 [0, 180]   [3.3.3.3.3.3.3.3.4α]
  α-reversed: isotoxal-family-k4-519 [0, 180] == isotoxal-family-k4-520 [0, 180]   [3.3.3.3.3.3.3.4α]
  α-reversed: isotoxal-family-k4-525 [0, 180] == isotoxal-family-k4-526 [0, 180]   [3.3.3.3.3.3.3.4α]
  α-reversed: isotoxal-family-k4-533 [0, 180] == isotoxal-family-k4-534 [0, 180]   [3.3.3.4.4.4α]
  α-reversed: isotoxal-family-k4-539 [0, 180] == isotoxal-family-k4-540 [0, 180]   [3.3.3.4.4.4α]
  α-reversed: isotoxal-family-k4-545 [0, 180] == isotoxal-family-k4-546 [0, 180]   [3.3.3.3.3.3.3.3.4α]
  α-reversed: isotoxal-family-k4-547 [0, 180] == isotoxal-family-k4-548 [0, 180]   [3.3.3.3.4.4.4α]
  α-reversed: isotoxal-family-k4-549 [0, 180] == isotoxal-family-k4-550 [0, 180]   [3.3.3.3.4α]
  α-reversed: isotoxal-family-k4-551 [0, 180] == isotoxal-family-k4-552 [0, 180]   [3.3.3.3.4α]
  α-reversed: isotoxal-family-k4-553 [0, 180] == isotoxal-family-k4-563 [0, 180]   [3.3.3.3.3.3.4α]
  α-reversed: isotoxal-family-k4-554 [0, 180] == isotoxal-family-k4-564 [0, 180]   [3.3.3.3.3.3.4α]
  α-reversed: isotoxal-family-k4-555 [0, 180] == isotoxal-family-k4-565 [0, 180]   [3.3.3.3.4.4α]
  α-reversed: isotoxal-family-k4-556 [0, 180] == isotoxal-family-k4-566 [0, 180]   [3.3.3.3.4.4α]
  α-reversed: isotoxal-family-k4-557 [0, 180] == isotoxal-family-k4-568 [0, 180]   [3.3.3.3.4α]
  α-reversed: isotoxal-family-k4-558 [0, 180] == isotoxal-family-k4-567 [0, 180]   [3.3.3.3.4α]
  α-reversed: isotoxal-family-k4-559 [0, 180] == isotoxal-family-k4-569 [0, 180]   [3.3.3.3.4α]
  α-reversed: isotoxal-family-k4-560 [0, 180] == isotoxal-family-k4-570 [0, 180]   [3.3.3.3.4α]
  α-reversed: isotoxal-family-k4-561 [0, 180] == isotoxal-family-k4-571 [0, 180]   [3.3.3.3.4α]
  α-reversed: isotoxal-family-k4-562 [0, 180] == isotoxal-family-k4-572 [0, 180]   [3.3.3.3.4α]
  α-reversed: isotoxal-family-k4-579 [0, 180] == isotoxal-family-k4-580 [0, 180]   [3.3.3.3.3.3.3.3.4α]
  α-reversed: isotoxal-family-k4-587 [0, 180] == isotoxal-family-k4-588 [0, 180]   [3.3.3.3.4.4.4α]
  α-reversed: isotoxal-family-k4-591 [0, 180] == isotoxal-family-k4-601 [0, 180]   [3.3.3.3.3.3.4α]
  α-reversed: isotoxal-family-k4-593 [0, 180] == isotoxal-family-k4-603 [0, 180]   [3.3.3.3.4.4α]
  α-reversed: isotoxal-family-k4-595 [0, 180] == isotoxal-family-k4-605 [0, 180]   [3.3.3.3.4α]
  α-reversed: isotoxal-family-k4-597 [0, 180] == isotoxal-family-k4-607 [0, 180]   [3.3.3.3.4α]
  α-reversed: isotoxal-family-k4-598 [0, 180] == isotoxal-family-k4-608 [0, 180]   [3.3.3.3.4α]
  α-reversed: isotoxal-family-k4-599 [0, 180] == isotoxal-family-k4-610 [0, 180]   [3.3.3.3.4α]
  α-reversed: isotoxal-family-k4-600 [0, 180] == isotoxal-family-k4-609 [0, 180]   [3.3.3.3.4α]
  α-forward: isotoxal-family-k4-623 [0, 180] == isotoxal-family-k4-924 [0, 180]   [3.3.3.3.4.4α]
  α-reversed: isotoxal-family-k4-624 [0, 180] == isotoxal-family-k4-923 [0, 180]   [3.3.3.3.4.4α]
  α-reversed: isotoxal-family-k4-625 [0, 180] == isotoxal-family-k4-626 [0, 180]   [3.3.3.3.4α]
  α-reversed: isotoxal-family-k4-643 [0, 180] == isotoxal-family-k4-644 [0, 180]   [3.3.3.3.3.4.4.4α]
  α-reversed: isotoxal-family-k4-645 [0, 180] == isotoxal-family-k4-647 [0, 180]   [3.3.3.3.3.4.4α]
  α-reversed: isotoxal-family-k4-646 [0, 180] == isotoxal-family-k4-648 [0, 180]   [3.3.3.3.3.4.4α]
  α-forward: isotoxal-family-k4-651 [0, 180] == isotoxal-family-k4-652 [0, 180]   [3.3.3.3.3.4.4.4α]
  α-reversed: isotoxal-family-k4-666 [0, 180] == isotoxal-family-k4-668 [0, 180]   [3.3.3.3.3.4.4α]
  α-reversed: isotoxal-family-k4-677 [0, 180] == isotoxal-family-k4-678 [0, 180]   [3.3.3.3.3.3.3.3.3.4α]
  α-reversed: isotoxal-family-k4-679 [0, 180] == isotoxal-family-k4-681 [0, 180]   [3.3.3.3.3.3.3.4α]
  α-reversed: isotoxal-family-k4-680 [0, 180] == isotoxal-family-k4-682 [0, 180]   [3.3.3.3.3.3.3.4α]
  α-reversed: isotoxal-family-k4-683 [0, 180] == isotoxal-family-k4-684 [0, 180]   [3.3.3.3.3.3.4α]
  α-reversed: isotoxal-family-k4-685 [0, 180] == isotoxal-family-k4-686 [0, 180]   [3.3.3.3.3.3.4α]
  α-reversed: isotoxal-family-k4-687 [0, 180] == isotoxal-family-k4-689 [0, 180]   [3.3.3.3.3.3.4α]
  α-reversed: isotoxal-family-k4-688 [0, 180] == isotoxal-family-k4-690 [0, 180]   [3.3.3.3.3.3.4α]
  α-reversed: isotoxal-family-k4-691 [0, 180] == isotoxal-family-k4-693 [0, 180]   [3.3.3.3.3.3.3.3.4α]
  α-reversed: isotoxal-family-k4-692 [0, 180] == isotoxal-family-k4-694 [0, 180]   [3.3.3.3.3.3.3.3.4α]
  α-reversed: isotoxal-family-k4-695 [0, 180] == isotoxal-family-k4-697 [0, 180]   [3.3.3.3.3.3.4.4α]
  α-reversed: isotoxal-family-k4-696 [0, 180] == isotoxal-family-k4-698 [0, 180]   [3.3.3.3.3.3.4.4α]
  α-reversed: isotoxal-family-k4-699 [0, 180] == isotoxal-family-k4-700 [0, 180]   [3.3.3.3.3.3.4α]
  α-reversed: isotoxal-family-k4-701 [0, 180] == isotoxal-family-k4-702 [0, 180]   [3.3.3.3.3.3.4α]
  α-reversed: isotoxal-family-k4-703 [0, 180] == isotoxal-family-k4-704 [0, 180]   [3.3.3.3.3.3.4α]
  α-reversed: isotoxal-family-k4-705 [0, 180] == isotoxal-family-k4-706 [0, 180]   [3.3.3.3.3.3.4α]
  α-reversed: isotoxal-family-k4-707 [0, 180] == isotoxal-family-k4-709 [0, 180]   [3.3.3.3.3.3.3.3.4α]
  α-reversed: isotoxal-family-k4-708 [0, 180] == isotoxal-family-k4-710 [0, 180]   [3.3.3.3.3.3.3.3.4α]
  α-reversed: isotoxal-family-k4-711 [0, 180] == isotoxal-family-k4-713 [0, 180]   [3.3.3.3.3.3.4.4α]
  α-reversed: isotoxal-family-k4-712 [0, 180] == isotoxal-family-k4-714 [0, 180]   [3.3.3.3.3.3.4.4α]
  α-reversed: isotoxal-family-k4-715 [0, 180] == isotoxal-family-k4-724 [0, 180]   [3.3.3.3.3.3.4α]
  α-reversed: isotoxal-family-k4-716 [0, 180] == isotoxal-family-k4-725 [0, 180]   [3.3.3.3.3.3.4α]
  α-reversed: isotoxal-family-k4-717 [0, 180] == isotoxal-family-k4-726 [0, 180]   [3.3.3.3.3.3.4α]
  α-reversed: isotoxal-family-k4-718 [0, 180] == isotoxal-family-k4-721 [0, 180]   [3.3.3.3.3.3.4α]
  α-reversed: isotoxal-family-k4-719 [0, 180] == isotoxal-family-k4-722 [0, 180]   [3.3.3.3.3.3.4α]
  α-reversed: isotoxal-family-k4-720 [0, 180] == isotoxal-family-k4-723 [0, 180]   [3.3.3.3.3.3.4α]
  α-reversed: isotoxal-family-k4-727 [0, 180] == isotoxal-family-k4-728 [0, 180]   [3.3.3.3.3.3.4α]
  α-reversed: isotoxal-family-k4-729 [0, 180] == isotoxal-family-k4-730 [0, 180]   [3.3.3.3.3.3.4α]
  α-reversed: isotoxal-family-k4-731 [0, 180] == isotoxal-family-k4-732 [0, 180]   [3.3.3.3.3.3.4α]
  α-reversed: isotoxal-family-k4-733 [0, 180] == isotoxal-family-k4-734 [0, 180]   [3.3.3.3.3.3.4α]
  α-reversed: isotoxal-family-k4-735 [0, 180] == isotoxal-family-k4-811 [0, 180]   [3.3.3.3.3.3.4α]
  α-reversed: isotoxal-family-k4-736 [0, 180] == isotoxal-family-k4-812 [0, 180]   [3.3.3.3.3.3.4α]
  α-reversed: isotoxal-family-k4-736 [0, 180] == isotoxal-family-k4-3201 [0, 180]   [3.3.3.3.3.3.4α]
  α-forward: isotoxal-family-k4-736 [0, 180] == isotoxal-family-k4-3643 [0, 180]   [3.3.3.3.3.3.4α]
  α-forward: isotoxal-family-k4-737 [0, 180] == isotoxal-family-k4-739 [0, 180]   [3.3.3.3.3.3.3.3.3.3.4α]
  α-forward: isotoxal-family-k4-812 [0, 180] == isotoxal-family-k4-3201 [0, 180]   [3.3.3.3.3.3.4α]
  α-reversed: isotoxal-family-k4-812 [0, 180] == isotoxal-family-k4-3643 [0, 180]   [3.3.3.3.3.3.4α]
  α-reversed: isotoxal-family-k4-815 [0, 180] == isotoxal-family-k4-816 [0, 180]   [3.3.3.3.3.3.3.4α]
  α-reversed: isotoxal-family-k4-829 [0, 180] == isotoxal-family-k4-830 [0, 180]   [3.3.3.4.4.4α]
  α-reversed: isotoxal-family-k4-841 [0, 180] == isotoxal-family-k4-842 [0, 180]   [3.3.3.3.3.3.3.3.4α]
  α-reversed: isotoxal-family-k4-843 [0, 180] == isotoxal-family-k4-844 [0, 180]   [3.3.3.3.4.4.4α]
  α-reversed: isotoxal-family-k4-845 [0, 180] == isotoxal-family-k4-846 [0, 180]   [3.3.3.3.4α]
  α-reversed: isotoxal-family-k4-847 [0, 180] == isotoxal-family-k4-848 [0, 180]   [3.3.3.3.4α]
  α-reversed: isotoxal-family-k4-849 [0, 180] == isotoxal-family-k4-859 [0, 180]   [3.3.3.3.3.3.4α]
  α-reversed: isotoxal-family-k4-850 [0, 180] == isotoxal-family-k4-860 [0, 180]   [3.3.3.3.3.3.4α]
  α-reversed: isotoxal-family-k4-851 [0, 180] == isotoxal-family-k4-861 [0, 180]   [3.3.3.3.4.4α]
  α-forward: isotoxal-family-k4-852 [0, 180] == isotoxal-family-k4-862 [0, 180]   [3.3.3.3.4.4α]
  α-reversed: isotoxal-family-k4-853 [0, 180] == isotoxal-family-k4-864 [0, 180]   [3.3.3.3.4α]
  α-reversed: isotoxal-family-k4-854 [0, 180] == isotoxal-family-k4-863 [0, 180]   [3.3.3.3.4α]
  α-reversed: isotoxal-family-k4-855 [0, 180] == isotoxal-family-k4-865 [0, 180]   [3.3.3.3.4α]
  α-reversed: isotoxal-family-k4-856 [0, 180] == isotoxal-family-k4-866 [0, 180]   [3.3.3.3.4α]
  α-forward: isotoxal-family-k4-857 [0, 180] == isotoxal-family-k4-867 [0, 180]   [3.3.3.3.4α]
  α-reversed: isotoxal-family-k4-858 [0, 180] == isotoxal-family-k4-868 [0, 180]   [3.3.3.3.4α]
  α-reversed: isotoxal-family-k4-870 [0, 180] == isotoxal-family-k4-931 [0, 180]   [3.3.3.3.3.3.4α]
  α-reversed: isotoxal-family-k4-871 [0, 180] == isotoxal-family-k4-932 [0, 180]   [3.3.3.3.3.3.4α]
  α-forward: isotoxal-family-k4-934 [0, 180] == isotoxal-family-k4-935 [0, 180]   [3.3.3.3.4.4.4α]
  α-reversed: isotoxal-family-k4-934 [0, 180] == isotoxal-family-k4-946 [0, 180]   [3.3.3.3.4.4.4α]
  α-reversed: isotoxal-family-k4-934 [0, 180] == isotoxal-family-k4-947 [0, 180]   [3.3.3.3.4.4.4α]
  α-forward: isotoxal-family-k4-935 [0, 180] == isotoxal-family-k4-941 [0, 180]   [3.3.3.3.4.4.4α]
  α-reversed: isotoxal-family-k4-935 [0, 180] == isotoxal-family-k4-946 [0, 180]   [3.3.3.3.4.4.4α]
  α-reversed: isotoxal-family-k4-935 [0, 180] == isotoxal-family-k4-947 [0, 180]   [3.3.3.3.4.4.4α]
  α-reversed: isotoxal-family-k4-935 [0, 180] == isotoxal-family-k4-953 [0, 180]   [3.3.3.3.4.4.4α]
  α-reversed: isotoxal-family-k4-936 [0, 180] == isotoxal-family-k4-948 [0, 180]   [3.3.3.3.4.4.4α]
  α-forward: isotoxal-family-k4-937 [0, 180] == isotoxal-family-k4-939 [0, 180]   [3.3.3.3.4.4.4α]
  α-reversed: isotoxal-family-k4-937 [0, 180] == isotoxal-family-k4-951 [0, 180]   [3.3.3.3.4.4.4α]
  α-forward: isotoxal-family-k4-938 [0, 180] == isotoxal-family-k4-939 [0, 180]   [3.3.3.3.4.4.4α]
  α-reversed: isotoxal-family-k4-938 [0, 180] == isotoxal-family-k4-951 [0, 180]   [3.3.3.3.4.4.4α]
  α-reversed: isotoxal-family-k4-939 [0, 180] == isotoxal-family-k4-951 [0, 180]   [3.3.3.3.4.4.4α]
  α-reversed: isotoxal-family-k4-940 [0, 180] == isotoxal-family-k4-952 [0, 180]   [3.3.3.3.4.4.4α]
  α-reversed: isotoxal-family-k4-941 [0, 180] == isotoxal-family-k4-947 [0, 180]   [3.3.3.3.4.4.4α]
  α-reversed: isotoxal-family-k4-941 [0, 180] == isotoxal-family-k4-953 [0, 180]   [3.3.3.3.4.4.4α]
  α-reversed: isotoxal-family-k4-942 [0, 180] == isotoxal-family-k4-944 [0, 180]   [3.3.4.4.4.4.4α]
  α-forward: isotoxal-family-k4-946 [0, 180] == isotoxal-family-k4-947 [0, 180]   [3.3.3.3.4.4.4α]
  α-forward: isotoxal-family-k4-947 [0, 180] == isotoxal-family-k4-953 [0, 180]   [3.3.3.3.4.4.4α]
  α-forward: isotoxal-family-k4-975 [0, 180] == isotoxal-family-k4-976 [0, 180]   [3.3.3.3.3.3.3.3.3.3.3.4α]
  α-forward: isotoxal-family-k4-975 [0, 180] == isotoxal-family-k4-977 [0, 180]   [3.3.3.3.3.3.3.3.3.3.3.4α]
  α-forward: isotoxal-family-k4-975 [0, 180] == isotoxal-family-k4-978 [0, 180]   [3.3.3.3.3.3.3.3.3.3.3.4α]
  α-forward: isotoxal-family-k4-976 [0, 180] == isotoxal-family-k4-977 [0, 180]   [3.3.3.3.3.3.3.3.3.3.3.4α]
  α-forward: isotoxal-family-k4-976 [0, 180] == isotoxal-family-k4-978 [0, 180]   [3.3.3.3.3.3.3.3.3.3.3.4α]
  α-forward: isotoxal-family-k4-977 [0, 180] == isotoxal-family-k4-978 [0, 180]   [3.3.3.3.3.3.3.3.3.3.3.4α]
  α-reversed: isotoxal-family-k4-1033 [0, 180] == isotoxal-family-k4-1034 [0, 180]   [3.3.3.3.3.3.6.4α]
  α-forward: isotoxal-family-k4-1042 [0, 180] == isotoxal-family-k4-1043 [0, 180]   [3.3.3.3.3.3.3.3.4.4.4α]
  α-forward: isotoxal-family-k4-1042 [0, 180] == isotoxal-family-k4-1044 [0, 180]   [3.3.3.3.3.3.3.3.4.4.4α]
  α-forward: isotoxal-family-k4-1042 [0, 180] == isotoxal-family-k4-1045 [0, 180]   [3.3.3.3.3.3.3.3.4.4.4α]
  α-forward: isotoxal-family-k4-1043 [0, 180] == isotoxal-family-k4-1044 [0, 180]   [3.3.3.3.3.3.3.3.4.4.4α]
  α-forward: isotoxal-family-k4-1043 [0, 180] == isotoxal-family-k4-1045 [0, 180]   [3.3.3.3.3.3.3.3.4.4.4α]
  α-forward: isotoxal-family-k4-1044 [0, 180] == isotoxal-family-k4-1045 [0, 180]   [3.3.3.3.3.3.3.3.4.4.4α]
  α-forward: isotoxal-family-k4-1046 [0, 180] == isotoxal-family-k4-1047 [0, 180]   [3.3.3.3.3.3.3.4.4.4.4α]
  α-forward: isotoxal-family-k4-1052 [0, 180] == isotoxal-family-k4-1053 [0, 180]   [3.3.3.3.3.3.4.4.4.4.4α]
  α-forward: isotoxal-family-k4-1098 [0, 180] == isotoxal-family-k4-1100 [0, 180]   [3.3.3.3.3.3.3.3.4.4α]
  α-forward: isotoxal-family-k4-1099 [0, 180] == isotoxal-family-k4-1101 [0, 180]   [3.3.3.3.3.3.3.3.4.4α]
  α-forward: isotoxal-family-k4-1124 [0, 180] == isotoxal-family-k4-1130 [0, 180]   [3.3.3.3.3.3.3.4.4.4α]
  α-forward: isotoxal-family-k4-1125 [0, 180] == isotoxal-family-k4-1131 [0, 180]   [3.3.3.3.3.3.3.4.4.4α]
  α-forward: isotoxal-family-k4-1126 [0, 180] == isotoxal-family-k4-1127 [0, 180]   [3.3.3.3.3.3.3.4.4.4α]
  α-forward: isotoxal-family-k4-1128 [0, 180] == isotoxal-family-k4-1129 [0, 180]   [3.3.3.3.3.3.3.4.4.4α]
  α-forward: isotoxal-family-k4-1132 [0, 180] == isotoxal-family-k4-1133 [0, 180]   [3.3.3.3.3.3.4.4.4.4α]
  α-forward: isotoxal-family-k4-1134 [0, 180] == isotoxal-family-k4-1135 [0, 180]   [3.3.3.3.3.3.4.4.4.4α]
  α-forward: isotoxal-family-k4-1136 [0, 180] == isotoxal-family-k4-1137 [0, 180]   [3.3.3.3.3.3.4.4.4.4α]
  α-forward: isotoxal-family-k4-1138 [0, 180] == isotoxal-family-k4-1139 [0, 180]   [3.3.3.3.3.3.4.4.4.4α]
  α-reversed: isotoxal-family-k4-1240 [0, 180] == isotoxal-family-k4-1241 [0, 180]   [3.3.3.4.4.4α]
  α-reversed: isotoxal-family-k4-1242 [0, 180] == isotoxal-family-k4-1243 [0, 180]   [3.3.3.4.4.4α]
  α-reversed: isotoxal-family-k4-1245 [0, 180] == isotoxal-family-k4-1251 [0, 180]   [3.3.3.3.3.4.4.4.4α]
  α-forward: isotoxal-family-k4-1246 [0, 180] == isotoxal-family-k4-1247 [0, 180]   [3.3.3.3.3.4.4.4.4α]
  α-forward: isotoxal-family-k4-1248 [0, 180] == isotoxal-family-k4-1249 [0, 180]   [3.3.3.3.3.4.4.4.4α]
  α-forward: isotoxal-family-k4-1252 [0, 180] == isotoxal-family-k4-1253 [0, 180]   [3.3.3.3.4.4.4.4.4α]
  α-forward: isotoxal-family-k4-1254 [0, 180] == isotoxal-family-k4-1255 [0, 180]   [3.3.3.3.4.4.4.4.4α]
  α-forward: isotoxal-family-k4-1275 [0, 180] == isotoxal-family-k4-1276 [0, 180]   [3.3.3.3.4.4.4.4α]
  α-forward: isotoxal-family-k4-1285 [0, 180] == isotoxal-family-k4-1286 [0, 180]   [3.3.4.4.4.4.4α]
  α-forward: isotoxal-family-k4-1287 [0, 180] == isotoxal-family-k4-1288 [0, 180]   [3.3.4.4.4.4.4α]
  α-forward: isotoxal-family-k4-1291 [0, 180] == isotoxal-family-k4-1292 [0, 180]   [3.3.4.4.4.4α]
  α-forward: isotoxal-family-k4-1291 [0, 180] == isotoxal-family-k4-1295 [0, 180]   [3.3.4.4.4.4α]
  α-reversed: isotoxal-family-k4-1291 [0, 180] == isotoxal-family-k4-1296 [0, 180]   [3.3.4.4.4.4α]
  α-forward: isotoxal-family-k4-1292 [0, 180] == isotoxal-family-k4-1295 [0, 180]   [3.3.4.4.4.4α]
  α-reversed: isotoxal-family-k4-1292 [0, 180] == isotoxal-family-k4-1296 [0, 180]   [3.3.4.4.4.4α]
  α-reversed: isotoxal-family-k4-1295 [0, 180] == isotoxal-family-k4-1296 [0, 180]   [3.3.4.4.4.4α]
  α-reversed: isotoxal-family-k4-1305 [0, 180] == isotoxal-family-k4-1311 [0, 180]   [4.4.4.4α]
  α-forward: isotoxal-family-k4-1310 [0, 180] == isotoxal-family-k4-1311 [0, 180]   [4.4.4.4α]
  α-forward: isotoxal-family-k4-1446 [0, 180] == isotoxal-family-k4-1447 [0, 180]   [3.3.3.3.3.4.4.4α]
  α-forward: isotoxal-family-k4-1449 [0, 180] == isotoxal-family-k4-1450 [0, 180]   [3.3.3.3.4.4.4.4α]
  α-forward: isotoxal-family-k4-1603 [0, 180] == isotoxal-family-k4-1604 [0, 180]   [3.3.3.3.3.4.4.4α]
  α-forward: isotoxal-family-k4-1606 [0, 180] == isotoxal-family-k4-1607 [0, 180]   [3.3.3.3.4.4.4.4α]
  α-forward: isotoxal-family-k4-1642 [0, 180] == isotoxal-family-k4-1645 [0, 180]   [3.3.3.3.3.4.4.4α]
  α-forward: isotoxal-family-k4-1643 [0, 180] == isotoxal-family-k4-1644 [0, 180]   [3.3.3.3.3.4.4.4α]
  α-forward: isotoxal-family-k4-1646 [0, 180] == isotoxal-family-k4-1647 [0, 180]   [3.3.3.3.4.4.4.4α]
  α-reversed: isotoxal-family-k4-1653 [0, 180] == isotoxal-family-k4-1655 [0, 180]   [3.3.4.4.4α]
  α-forward: isotoxal-family-k4-1674 [0, 180] == isotoxal-family-k4-1677 [0, 180]   [3.3.3.3.3.4.4.4α]
  α-forward: isotoxal-family-k4-1675 [0, 180] == isotoxal-family-k4-1676 [0, 180]   [3.3.3.3.3.4.4.4α]
  α-forward: isotoxal-family-k4-1678 [0, 180] == isotoxal-family-k4-1679 [0, 180]   [3.3.3.3.4.4.4.4α]
  α-reversed: isotoxal-family-k4-1680 [0, 180] == isotoxal-family-k4-1683 [0, 180]   [3.3.3.3.4.4.4α]
  α-forward: isotoxal-family-k4-1681 [0, 180] == isotoxal-family-k4-1682 [0, 180]   [3.3.3.3.4.4.4α]
  α-reversed: isotoxal-family-k4-1690 [0, 180] == isotoxal-family-k4-1693 [0, 180]   [3.3.4.4.4α]
  α-forward: isotoxal-family-k4-1691 [0, 180] == isotoxal-family-k4-1692 [0, 180]   [3.3.4.4.4α]
  α-reversed: isotoxal-family-k4-1702 [0, 180] == isotoxal-family-k4-1703 [0, 180]   [3.3.3.3.3.4.4α]
  α-forward: isotoxal-family-k4-1702 [0, 180] == isotoxal-family-k4-1708 [0, 180]   [3.3.3.3.3.4.4α]
  α-forward: isotoxal-family-k4-1702 [0, 180] == isotoxal-family-k4-1709 [0, 180]   [3.3.3.3.3.4.4α]
  α-reversed: isotoxal-family-k4-1703 [0, 180] == isotoxal-family-k4-1708 [0, 180]   [3.3.3.3.3.4.4α]
  α-reversed: isotoxal-family-k4-1703 [0, 180] == isotoxal-family-k4-1709 [0, 180]   [3.3.3.3.3.4.4α]
  α-forward: isotoxal-family-k4-1704 [0, 180] == isotoxal-family-k4-1705 [0, 180]   [3.3.3.3.3.4.4α]
  α-forward: isotoxal-family-k4-1704 [0, 180] == isotoxal-family-k4-1706 [0, 180]   [3.3.3.3.3.4.4α]
  α-reversed: isotoxal-family-k4-1704 [0, 180] == isotoxal-family-k4-1707 [0, 180]   [3.3.3.3.3.4.4α]
  α-forward: isotoxal-family-k4-1705 [0, 180] == isotoxal-family-k4-1706 [0, 180]   [3.3.3.3.3.4.4α]
  α-reversed: isotoxal-family-k4-1705 [0, 180] == isotoxal-family-k4-1707 [0, 180]   [3.3.3.3.3.4.4α]
  α-forward: isotoxal-family-k4-1706 [0, 180] == isotoxal-family-k4-1707 [0, 180]   [3.3.3.3.3.4.4α]
  α-forward: isotoxal-family-k4-1708 [0, 180] == isotoxal-family-k4-1709 [0, 180]   [3.3.3.3.3.4.4α]
  α-forward: isotoxal-family-k4-1710 [0, 180] == isotoxal-family-k4-1711 [0, 180]   [3.3.3.3.4.4.4α]
  α-forward: isotoxal-family-k4-1710 [0, 180] == isotoxal-family-k4-1712 [0, 180]   [3.3.3.3.4.4.4α]
  α-reversed: isotoxal-family-k4-1710 [0, 180] == isotoxal-family-k4-1713 [0, 180]   [3.3.3.3.4.4.4α]
  α-forward: isotoxal-family-k4-1711 [0, 180] == isotoxal-family-k4-1712 [0, 180]   [3.3.3.3.4.4.4α]
  α-reversed: isotoxal-family-k4-1711 [0, 180] == isotoxal-family-k4-1713 [0, 180]   [3.3.3.3.4.4.4α]
  α-forward: isotoxal-family-k4-1712 [0, 180] == isotoxal-family-k4-1713 [0, 180]   [3.3.3.3.4.4.4α]
  α-forward: isotoxal-family-k4-1714 [0, 180] == isotoxal-family-k4-1716 [0, 180]   [3.3.3.3.4.4α]
  α-forward: isotoxal-family-k4-1715 [0, 180] == isotoxal-family-k4-1717 [0, 180]   [3.3.3.3.4.4α]
  α-forward: isotoxal-family-k4-1722 [0, 180] == isotoxal-family-k4-1723 [0, 180]   [3.3.4.4.4.4α]
  α-forward: isotoxal-family-k4-1722 [0, 180] == isotoxal-family-k4-1724 [0, 180]   [3.3.4.4.4.4α]
  α-forward: isotoxal-family-k4-1722 [0, 180] == isotoxal-family-k4-1725 [0, 180]   [3.3.4.4.4.4α]
  α-forward: isotoxal-family-k4-1723 [0, 180] == isotoxal-family-k4-1724 [0, 180]   [3.3.4.4.4.4α]
  α-forward: isotoxal-family-k4-1723 [0, 180] == isotoxal-family-k4-1725 [0, 180]   [3.3.4.4.4.4α]
  α-forward: isotoxal-family-k4-1724 [0, 180] == isotoxal-family-k4-1725 [0, 180]   [3.3.4.4.4.4α]
  α-forward: isotoxal-family-k4-1743 [0, 180] == isotoxal-family-k4-1760 [0, 180]   [4.4α]
  α-reversed: isotoxal-family-k4-1837 [0, 180] == isotoxal-family-k4-1839 [0, 180]   [3.3.3.4.4.4α]
  α-reversed: isotoxal-family-k4-1838 [0, 180] == isotoxal-family-k4-1840 [0, 180]   [3.3.3.4.4.4α]
  α-reversed: isotoxal-family-k4-1952 [0, 180] == isotoxal-family-k4-2091 [0, 180]   [3.3.4.4.4α]
  α-reversed: isotoxal-family-k4-1953 [0, 180] == isotoxal-family-k4-2092 [0, 180]   [3.3.4.4.4α]
  α-reversed: isotoxal-family-k4-1982 [0, 180] == isotoxal-family-k4-2117 [0, 180]   [3.3.3.4.4α]
  α-reversed: isotoxal-family-k4-1983 [0, 180] == isotoxal-family-k4-2118 [0, 180]   [3.3.3.4.4α]
  α-reversed: isotoxal-family-k4-1984 [0, 180] == isotoxal-family-k4-2119 [0, 180]   [3.3.3.4.4α]
  α-reversed: isotoxal-family-k4-1985 [0, 180] == isotoxal-family-k4-2120 [0, 180]   [3.3.3.4.4α]
  α-reversed: isotoxal-family-k4-2202 [0, 180] == isotoxal-family-k4-2204 [0, 180]   [3.3.3.3.3.3.4α]
  α-reversed: isotoxal-family-k4-2203 [0, 180] == isotoxal-family-k4-2205 [0, 180]   [3.3.3.3.3.3.4α]
  α-reversed: isotoxal-family-k4-2247 [0, 180] == isotoxal-family-k4-2249 [0, 180]   [3.3.4.4.4α]
  α-reversed: isotoxal-family-k4-2258 [0, 180] == isotoxal-family-k4-2262 [0, 180]   [3.3.3.3.4α]
  α-forward: isotoxal-family-k4-2259 [0, 180] == isotoxal-family-k4-2261 [0, 180]   [3.3.3.3.4α]
  α-reversed: isotoxal-family-k4-2259 [0, 180] == isotoxal-family-k4-2265 [0, 180]   [3.3.3.3.4α]
  α-forward: isotoxal-family-k4-2260 [0, 180] == isotoxal-family-k4-2261 [0, 180]   [3.3.3.3.4α]
  α-reversed: isotoxal-family-k4-2260 [0, 180] == isotoxal-family-k4-2265 [0, 180]   [3.3.3.3.4α]
  α-reversed: isotoxal-family-k4-2261 [0, 180] == isotoxal-family-k4-2265 [0, 180]   [3.3.3.3.4α]
  α-reversed: isotoxal-family-k4-2266 [0, 180] == isotoxal-family-k4-2268 [0, 180]   [3.3.4α]
  α-reversed: isotoxal-family-k4-2270 [0, 180] == isotoxal-family-k4-2271 [0, 180]   [3.3.3.3.3.3.3.4α]
  α-forward: isotoxal-family-k4-2272 [0, 180] == isotoxal-family-k4-2273 [0, 180]   [3.3.3.3.3.3.3.4α]
  α-reversed: isotoxal-family-k4-2274 [0, 180] == isotoxal-family-k4-2275 [0, 180]   [3.3.3.3.3.3.4α]
  α-reversed: isotoxal-family-k4-2276 [0, 180] == isotoxal-family-k4-2277 [0, 180]   [3.3.3.4α]
  α-reversed: isotoxal-family-k4-2278 [0, 180] == isotoxal-family-k4-2282 [0, 180]   [3.3.3.4α]
  α-reversed: isotoxal-family-k4-2279 [0, 180] == isotoxal-family-k4-2283 [0, 180]   [3.3.3.4α]
  α-reversed: isotoxal-family-k4-2280 [0, 180] == isotoxal-family-k4-2284 [0, 180]   [3.3.3.4α]
  α-forward: isotoxal-family-k4-2281 [0, 180] == isotoxal-family-k4-2285 [0, 180]   [3.3.3.4α]
  α-reversed: isotoxal-family-k4-2286 [0, 180] == isotoxal-family-k4-2287 [0, 180]   [3.3.3.4α]
  α-reversed: isotoxal-family-k4-2288 [0, 180] == isotoxal-family-k4-2290 [0, 180]   [3.3.3.4α]
  α-reversed: isotoxal-family-k4-2289 [0, 180] == isotoxal-family-k4-2291 [0, 180]   [3.3.3.4α]
  α-reversed: isotoxal-family-k4-2292 [0, 180] == isotoxal-family-k4-2312 [0, 180]   [3.3.3.3.3.4α]
  α-reversed: isotoxal-family-k4-2293 [0, 180] == isotoxal-family-k4-2313 [0, 180]   [3.3.3.3.3.4α]
  α-reversed: isotoxal-family-k4-2294 [0, 180] == isotoxal-family-k4-2314 [0, 180]   [3.3.3.3.3.4α]
  α-reversed: isotoxal-family-k4-2295 [0, 180] == isotoxal-family-k4-2315 [0, 180]   [3.3.3.3.3.4α]
  α-reversed: isotoxal-family-k4-2296 [0, 180] == isotoxal-family-k4-2316 [0, 180]   [3.3.3.4.4α]
  α-forward: isotoxal-family-k4-2297 [0, 180] == isotoxal-family-k4-2317 [0, 180]   [3.3.3.4.4α]
  α-reversed: isotoxal-family-k4-2298 [0, 180] == isotoxal-family-k4-2318 [0, 180]   [3.3.3.4.4α]
  α-reversed: isotoxal-family-k4-2299 [0, 180] == isotoxal-family-k4-2319 [0, 180]   [3.3.3.4.4α]
  α-reversed: isotoxal-family-k4-2300 [0, 180] == isotoxal-family-k4-2322 [0, 180]   [3.3.3.4α]
  α-reversed: isotoxal-family-k4-2301 [0, 180] == isotoxal-family-k4-2323 [0, 180]   [3.3.3.4α]
  α-reversed: isotoxal-family-k4-2302 [0, 180] == isotoxal-family-k4-2320 [0, 180]   [3.3.3.4α]
  α-reversed: isotoxal-family-k4-2303 [0, 180] == isotoxal-family-k4-2321 [0, 180]   [3.3.3.4α]
  α-reversed: isotoxal-family-k4-2304 [0, 180] == isotoxal-family-k4-2324 [0, 180]   [3.3.3.4α]
  α-reversed: isotoxal-family-k4-2305 [0, 180] == isotoxal-family-k4-2325 [0, 180]   [3.3.3.4α]
  α-reversed: isotoxal-family-k4-2306 [0, 180] == isotoxal-family-k4-2326 [0, 180]   [3.3.3.4α]
  α-reversed: isotoxal-family-k4-2307 [0, 180] == isotoxal-family-k4-2327 [0, 180]   [3.3.3.4α]
  α-forward: isotoxal-family-k4-2308 [0, 180] == isotoxal-family-k4-2328 [0, 180]   [3.3.3.4α]
  α-reversed: isotoxal-family-k4-2309 [0, 180] == isotoxal-family-k4-2329 [0, 180]   [3.3.3.4α]
  α-reversed: isotoxal-family-k4-2310 [0, 180] == isotoxal-family-k4-2330 [0, 180]   [3.3.3.4α]
  α-reversed: isotoxal-family-k4-2311 [0, 180] == isotoxal-family-k4-2331 [0, 180]   [3.3.3.4α]
  α-forward: isotoxal-family-k4-2346 [0, 180] == isotoxal-family-k4-2348 [0, 180]   [3.3.3.4α]
  α-reversed: isotoxal-family-k4-2465 [0, 180] == isotoxal-family-k4-2468 [0, 180]   [3.3.3.4.4α]
  α-forward: isotoxal-family-k4-2466 [0, 180] == isotoxal-family-k4-2467 [0, 180]   [3.3.3.4.4α]
  α-forward: isotoxal-family-k4-2482 [0, 180] == isotoxal-family-k4-2483 [0, 180]   [3.3.3.3.3.3.3.3.4α]
  α-forward: isotoxal-family-k4-2491 [0, 180] == isotoxal-family-k4-2492 [0, 180]   [3.3.3.3.3.3.4.4.4α]
  α-forward: isotoxal-family-k4-2558 [0, 180] == isotoxal-family-k4-2559 [0, 180]   [3.3.3.3.4.4α]
  α-forward: isotoxal-family-k4-2576 [0, 180] == isotoxal-family-k4-2577 [0, 180]   [3.3.3.3.4.4α]
  α-forward: isotoxal-family-k4-2635 [0, 180] == isotoxal-family-k4-2636 [0, 180]   [3.3.3.3.3.3.4.4.4α]
  α-reversed: isotoxal-family-k4-2765 [0, 180] == isotoxal-family-k4-2767 [0, 180]   [3.3.3.3.3.4α]
  α-reversed: isotoxal-family-k4-2766 [0, 180] == isotoxal-family-k4-2768 [0, 180]   [3.3.3.3.3.4α]
  α-reversed: isotoxal-family-k4-2769 [0, 180] == isotoxal-family-k4-2771 [0, 180]   [3.3.3.3.3.4α]
  α-reversed: isotoxal-family-k4-2774 [0, 180] == isotoxal-family-k4-2776 [0, 180]   [3.3.3.3.3.3.4α]
  α-reversed: isotoxal-family-k4-2777 [0, 180] == isotoxal-family-k4-2780 [0, 180]   [3.3.3.3.3.4α]
  α-reversed: isotoxal-family-k4-2784 [0, 180] == isotoxal-family-k4-2786 [0, 180]   [3.3.3.3.3.4α]
  α-reversed: isotoxal-family-k4-2785 [0, 180] == isotoxal-family-k4-2787 [0, 180]   [3.3.3.3.3.4α]
  α-forward: isotoxal-family-k4-2789 [0, 180] == isotoxal-family-k4-2791 [0, 180]   [3.3.3.3.4α]
  α-reversed: isotoxal-family-k4-2789 [0, 180] == isotoxal-family-k4-2793 [0, 180]   [3.3.3.3.4α]
  α-forward: isotoxal-family-k4-2790 [0, 180] == isotoxal-family-k4-2791 [0, 180]   [3.3.3.3.4α]
  α-reversed: isotoxal-family-k4-2790 [0, 180] == isotoxal-family-k4-2794 [0, 180]   [3.3.3.3.4α]
  α-reversed: isotoxal-family-k4-2791 [0, 180] == isotoxal-family-k4-2793 [0, 180]   [3.3.3.3.4α]
  α-reversed: isotoxal-family-k4-2791 [0, 180] == isotoxal-family-k4-2794 [0, 180]   [3.3.3.3.4α]
  α-reversed: isotoxal-family-k4-2796 [0, 180] == isotoxal-family-k4-2798 [0, 180]   [3.3.4α]
  α-reversed: isotoxal-family-k4-2801 [0, 180] == isotoxal-family-k4-2805 [0, 180]   [3.3.3.4α]
  α-reversed: isotoxal-family-k4-2802 [0, 180] == isotoxal-family-k4-2806 [0, 180]   [3.3.3.4α]
  α-forward: isotoxal-family-k4-2803 [0, 180] == isotoxal-family-k4-2807 [0, 180]   [3.3.3.4α]
  α-forward: isotoxal-family-k4-2820 [0, 180] == isotoxal-family-k4-2821 [0, 180]   [3.3.3.3.3.3.4.4.4α]
  α-forward: isotoxal-family-k4-2854 [0, 180] == isotoxal-family-k4-2855 [0, 180]   [3.3.3.3.4.4α]
  α-forward: isotoxal-family-k4-2939 [0, 180] == isotoxal-family-k4-2940 [0, 180]   [3.3.3.3.3.3.3.3.4α]
  α-forward: isotoxal-family-k4-2942 [0, 180] == isotoxal-family-k4-2943 [0, 180]   [3.3.3.3.3.3.3.4.4α]
  α-forward: isotoxal-family-k4-2948 [0, 180] == isotoxal-family-k4-2949 [0, 180]   [3.3.3.3.3.3.4.4.4α]
  α-forward: isotoxal-family-k4-2958 [0, 180] == isotoxal-family-k4-2959 [0, 180]   [3.3.3.3.3.3.4.4α]
  α-forward: isotoxal-family-k4-2960 [0, 180] == isotoxal-family-k4-2961 [0, 180]   [3.3.3.3.3.3.4.4α]
  α-forward: isotoxal-family-k4-2990 [0, 180] == isotoxal-family-k4-2991 [0, 180]   [3.3.3.3.4.4α]
  α-reversed: isotoxal-family-k4-3077 [0, 180] == isotoxal-family-k4-3079 [0, 180]   [3.3.3.3.4α]
  α-reversed: isotoxal-family-k4-3078 [0, 180] == isotoxal-family-k4-3080 [0, 180]   [3.3.3.3.4α]
  α-reversed: isotoxal-family-k4-3081 [0, 180] == isotoxal-family-k4-3083 [0, 180]   [3.3.3.4α]
  α-reversed: isotoxal-family-k4-3088 [0, 180] == isotoxal-family-k4-3089 [0, 180]   [3.3.3.6.4α]
  α-reversed: isotoxal-family-k4-3090 [0, 180] == isotoxal-family-k4-3091 [0, 180]   [3.3.3.6.4α]
  α-forward: isotoxal-family-k4-3092 [60, 180] == isotoxal-family-k4-3093 [60, 180]   [6.4α.6α]
  α-reversed: isotoxal-family-k4-3119 [0, 120] == isotoxal-family-k4-3122 [60, 180]   [3.3.3.6.4α.6α]
  α-forward: isotoxal-family-k4-3123 [0, 180] == isotoxal-family-k4-3128 [0, 180]   [3.3.3.3.3.3.4α]
  α-forward: isotoxal-family-k4-3131 [0, 180] == isotoxal-family-k4-3132 [0, 180]   [3.3.4α]
  α-reversed: isotoxal-family-k4-3139 [0, 180] == isotoxal-family-k4-3141 [0, 180]   [3.3.3.3.4α]
  α-reversed: isotoxal-family-k4-3140 [0, 180] == isotoxal-family-k4-3142 [0, 180]   [3.3.4α]
  α-reversed: isotoxal-family-k4-3156 [0, 120] == isotoxal-family-k4-3157 [60, 180]   [3.3.3.3.3.4α.6α]
  α-reversed: isotoxal-family-k4-3172 [0, 165] == isotoxal-family-k4-3173 [0, 165]   [3.3.3.3.4α.6α]
  α-reversed: isotoxal-family-k4-3174 [0, 135] == isotoxal-family-k4-3175 [0, 135]   [3.3.3.3.4α.6α]
  α-reversed: isotoxal-family-k4-3176 [0, 180] == isotoxal-family-k4-3646 [0, 180]   [3.3.3.3.3.3.3.4α]
  α-reversed: isotoxal-family-k4-3177 [0, 180] == isotoxal-family-k4-3647 [0, 180]   [3.3.3.3.3.3.3.4α]
  α-reversed: isotoxal-family-k4-3178 [0, 180] == isotoxal-family-k4-3648 [0, 180]   [3.3.3.3.3.4α]
  α-reversed: isotoxal-family-k4-3179 [0, 180] == isotoxal-family-k4-3651 [0, 180]   [3.3.3.3.3.3.4α]
  α-reversed: isotoxal-family-k4-3180 [0, 180] == isotoxal-family-k4-3652 [0, 180]   [3.3.3.3.4α]
  α-reversed: isotoxal-family-k4-3181 [0, 180] == isotoxal-family-k4-3637 [0, 180]   [3.3.3.3.3.3.3.3.4α]
  α-reversed: isotoxal-family-k4-3182 [0, 180] == isotoxal-family-k4-3649 [0, 180]   [3.3.3.3.3.4α]
  α-reversed: isotoxal-family-k4-3183 [0, 180] == isotoxal-family-k4-3650 [0, 180]   [3.3.3.4α]
  α-reversed: isotoxal-family-k4-3184 [0, 180] == isotoxal-family-k4-3653 [0, 180]   [3.3.3.3.3.3.4α]
  α-reversed: isotoxal-family-k4-3185 [0, 180] == isotoxal-family-k4-3657 [0, 180]   [3.3.3.3.3.3.4α]
  α-forward: isotoxal-family-k4-3186 [0, 180] == isotoxal-family-k4-3205 [0, 180]   [3.3.3.3.3.3.4α]
  α-reversed: isotoxal-family-k4-3186 [0, 180] == isotoxal-family-k4-3655 [0, 180]   [3.3.3.3.3.3.4α]
  α-reversed: isotoxal-family-k4-3186 [0, 180] == isotoxal-family-k4-3656 [0, 180]   [3.3.3.3.3.3.4α]
  α-forward: isotoxal-family-k4-3187 [0, 180] == isotoxal-family-k4-3205 [0, 180]   [3.3.3.3.3.3.4α]
  α-reversed: isotoxal-family-k4-3187 [0, 180] == isotoxal-family-k4-3655 [0, 180]   [3.3.3.3.3.3.4α]
  α-reversed: isotoxal-family-k4-3187 [0, 180] == isotoxal-family-k4-3659 [0, 180]   [3.3.3.3.3.3.4α]
  α-reversed: isotoxal-family-k4-3188 [0, 180] == isotoxal-family-k4-3658 [0, 180]   [3.3.3.3.3.3.4α]
  α-reversed: isotoxal-family-k4-3189 [0, 180] == isotoxal-family-k4-3663 [0, 180]   [3.3.3.3.4α]
  α-forward: isotoxal-family-k4-3190 [0, 180] == isotoxal-family-k4-3192 [0, 180]   [3.3.3.3.4α]
  α-forward: isotoxal-family-k4-3190 [0, 180] == isotoxal-family-k4-3218 [0, 180]   [3.3.3.3.4α]
  α-reversed: isotoxal-family-k4-3190 [0, 180] == isotoxal-family-k4-3660 [0, 180]   [3.3.3.3.4α]
  α-reversed: isotoxal-family-k4-3190 [0, 180] == isotoxal-family-k4-3661 [0, 180]   [3.3.3.3.4α]
  α-reversed: isotoxal-family-k4-3191 [0, 180] == isotoxal-family-k4-3662 [0, 180]   [3.3.3.3.4α]
  α-forward: isotoxal-family-k4-3192 [0, 180] == isotoxal-family-k4-3218 [0, 180]   [3.3.3.3.4α]
  α-reversed: isotoxal-family-k4-3192 [0, 180] == isotoxal-family-k4-3660 [0, 180]   [3.3.3.3.4α]
  α-reversed: isotoxal-family-k4-3192 [0, 180] == isotoxal-family-k4-3661 [0, 180]   [3.3.3.3.4α]
  α-reversed: isotoxal-family-k4-3193 [0, 180] == isotoxal-family-k4-3633 [0, 180]   [3.3.3.3.3.3.3.4α]
  α-forward: isotoxal-family-k4-3194 [0, 180] == isotoxal-family-k4-3196 [0, 180]   [3.3.3.3.3.3.3.4α]
  α-reversed: isotoxal-family-k4-3194 [0, 180] == isotoxal-family-k4-3634 [0, 180]   [3.3.3.3.3.3.3.4α]
  α-reversed: isotoxal-family-k4-3194 [0, 180] == isotoxal-family-k4-3636 [0, 180]   [3.3.3.3.3.3.3.4α]
  α-reversed: isotoxal-family-k4-3195 [0, 180] == isotoxal-family-k4-3635 [0, 180]   [3.3.3.3.3.3.3.4α]
  α-reversed: isotoxal-family-k4-3196 [0, 180] == isotoxal-family-k4-3634 [0, 180]   [3.3.3.3.3.3.3.4α]
  α-reversed: isotoxal-family-k4-3196 [0, 180] == isotoxal-family-k4-3636 [0, 180]   [3.3.3.3.3.3.3.4α]
  α-reversed: isotoxal-family-k4-3197 [0, 180] == isotoxal-family-k4-3639 [0, 180]   [3.3.3.3.3.3.4α]
  α-reversed: isotoxal-family-k4-3198 [0, 180] == isotoxal-family-k4-3638 [0, 180]   [3.3.3.3.3.3.4α]
  α-reversed: isotoxal-family-k4-3199 [0, 180] == isotoxal-family-k4-3640 [0, 180]   [3.3.3.3.4α]
  α-reversed: isotoxal-family-k4-3200 [0, 180] == isotoxal-family-k4-3641 [0, 180]   [3.3.3.3.4α]
  α-reversed: isotoxal-family-k4-3201 [0, 180] == isotoxal-family-k4-3643 [0, 180]   [3.3.3.3.3.3.4α]
  α-reversed: isotoxal-family-k4-3202 [0, 180] == isotoxal-family-k4-3642 [0, 180]   [3.3.3.3.3.3.4α]
  α-reversed: isotoxal-family-k4-3203 [0, 180] == isotoxal-family-k4-3644 [0, 180]   [3.3.3.3.4α]
  α-reversed: isotoxal-family-k4-3204 [0, 180] == isotoxal-family-k4-3645 [0, 180]   [3.3.3.3.4α]
  α-reversed: isotoxal-family-k4-3205 [0, 180] == isotoxal-family-k4-3655 [0, 180]   [3.3.3.3.3.3.4α]
  α-reversed: isotoxal-family-k4-3205 [0, 180] == isotoxal-family-k4-3656 [0, 180]   [3.3.3.3.3.3.4α]
  α-reversed: isotoxal-family-k4-3205 [0, 180] == isotoxal-family-k4-3659 [0, 180]   [3.3.3.3.3.3.4α]
  α-reversed: isotoxal-family-k4-3206 [0, 180] == isotoxal-family-k4-3654 [0, 180]   [3.3.3.3.3.3.4α]
  α-forward: isotoxal-family-k4-3208 [0, 180] == isotoxal-family-k4-3209 [0, 180]   [3.3.3.3.4α]
  α-reversed: isotoxal-family-k4-3208 [0, 180] == isotoxal-family-k4-3211 [0, 180]   [3.3.3.3.4α]
  α-forward: isotoxal-family-k4-3209 [0, 180] == isotoxal-family-k4-3211 [0, 180]   [3.3.3.3.4α]
  α-reversed: isotoxal-family-k4-3214 [0, 180] == isotoxal-family-k4-3244 [0, 180]   [3.3.4.4.4α]
  α-reversed: isotoxal-family-k4-3215 [0, 180] == isotoxal-family-k4-3245 [0, 180]   [3.3.4.4.4α]
  α-reversed: isotoxal-family-k4-3216 [0, 180] == isotoxal-family-k4-3246 [0, 180]   [3.3.4.4.4α]
  α-reversed: isotoxal-family-k4-3217 [0, 180] == isotoxal-family-k4-3247 [0, 180]   [3.3.4.4.4α]
  α-reversed: isotoxal-family-k4-3218 [0, 180] == isotoxal-family-k4-3660 [0, 180]   [3.3.3.3.4α]
  α-reversed: isotoxal-family-k4-3218 [0, 180] == isotoxal-family-k4-3661 [0, 180]   [3.3.3.3.4α]
  α-reversed: isotoxal-family-k4-3218 [0, 180] == isotoxal-family-k4-3664 [0, 180]   [3.3.3.3.4α]
  α-forward: isotoxal-family-k4-3219 [0, 180] == isotoxal-family-k4-3221 [0, 180]   [3.3.4α]
  α-reversed: isotoxal-family-k4-3219 [0, 180] == isotoxal-family-k4-3666 [0, 180]   [3.3.4α]
  α-reversed: isotoxal-family-k4-3219 [0, 180] == isotoxal-family-k4-3667 [0, 180]   [3.3.4α]
  α-forward: isotoxal-family-k4-3220 [0, 180] == isotoxal-family-k4-3222 [0, 180]   [3.3.4α]
  α-forward: isotoxal-family-k4-3220 [0, 180] == isotoxal-family-k4-3224 [0, 180]   [3.3.4α]
  α-reversed: isotoxal-family-k4-3220 [0, 180] == isotoxal-family-k4-3665 [0, 180]   [3.3.4α]
  α-reversed: isotoxal-family-k4-3220 [0, 180] == isotoxal-family-k4-3668 [0, 180]   [3.3.4α]
  α-reversed: isotoxal-family-k4-3220 [0, 180] == isotoxal-family-k4-3669 [0, 180]   [3.3.4α]
  α-reversed: isotoxal-family-k4-3221 [0, 180] == isotoxal-family-k4-3666 [0, 180]   [3.3.4α]
  α-reversed: isotoxal-family-k4-3221 [0, 180] == isotoxal-family-k4-3667 [0, 180]   [3.3.4α]
  α-forward: isotoxal-family-k4-3222 [0, 180] == isotoxal-family-k4-3224 [0, 180]   [3.3.4α]
  α-reversed: isotoxal-family-k4-3222 [0, 180] == isotoxal-family-k4-3665 [0, 180]   [3.3.4α]
  α-reversed: isotoxal-family-k4-3222 [0, 180] == isotoxal-family-k4-3668 [0, 180]   [3.3.4α]
  α-reversed: isotoxal-family-k4-3222 [0, 180] == isotoxal-family-k4-3669 [0, 180]   [3.3.4α]
  α-reversed: isotoxal-family-k4-3223 [0, 180] == isotoxal-family-k4-3670 [0, 180]   [3.3.4α]
  α-reversed: isotoxal-family-k4-3224 [0, 180] == isotoxal-family-k4-3665 [0, 180]   [3.3.4α]
  α-reversed: isotoxal-family-k4-3224 [0, 180] == isotoxal-family-k4-3668 [0, 180]   [3.3.4α]
  α-reversed: isotoxal-family-k4-3224 [0, 180] == isotoxal-family-k4-3669 [0, 180]   [3.3.4α]
  α-reversed: isotoxal-family-k4-3226 [0, 180] == isotoxal-family-k4-3339 [0, 180]   [3.3.4α]
  α-reversed: isotoxal-family-k4-3227 [0, 180] == isotoxal-family-k4-3340 [0, 180]   [3.3.4α]
  α-reversed: isotoxal-family-k4-3231 [0, 180] == isotoxal-family-k4-3674 [0, 180]   [3.3.4α]
  α-reversed: isotoxal-family-k4-3232 [0, 180] == isotoxal-family-k4-3675 [0, 180]   [3.3.4α]
  α-reversed: isotoxal-family-k4-3233 [0, 180] == isotoxal-family-k4-3676 [0, 180]   [3.3.4α]
  α-reversed: isotoxal-family-k4-3234 [0, 180] == isotoxal-family-k4-3241 [0, 180]   [3.3.3.4α]
  α-reversed: isotoxal-family-k4-3235 [0, 180] == isotoxal-family-k4-3239 [0, 180]   [3.3.3.4α]
  α-reversed: isotoxal-family-k4-3236 [0, 180] == isotoxal-family-k4-3238 [0, 180]   [3.3.3.4α]
  α-reversed: isotoxal-family-k4-3237 [0, 180] == isotoxal-family-k4-3240 [0, 180]   [3.3.3.4α]
  α-reversed: isotoxal-family-k4-3242 [0, 120] == isotoxal-family-k4-3677 [60, 180]   [3.3.3.3.3.3.3.4α.6α]
  α-reversed: isotoxal-family-k4-3243 [0, 120] == isotoxal-family-k4-3678 [60, 180]   [3.3.3.3.3.4α.6α]
  α-reversed: isotoxal-family-k4-3631 [0, 135] == isotoxal-family-k4-3632 [0, 135]   [3.3.3.3.4α.6α]
  α-forward: isotoxal-family-k4-3634 [0, 180] == isotoxal-family-k4-3636 [0, 180]   [3.3.3.3.3.3.3.4α]
  α-forward: isotoxal-family-k4-3655 [0, 180] == isotoxal-family-k4-3656 [0, 180]   [3.3.3.3.3.3.4α]
  α-forward: isotoxal-family-k4-3655 [0, 180] == isotoxal-family-k4-3659 [0, 180]   [3.3.3.3.3.3.4α]
  α-forward: isotoxal-family-k4-3660 [0, 180] == isotoxal-family-k4-3661 [0, 180]   [3.3.3.3.4α]
  α-forward: isotoxal-family-k4-3665 [0, 180] == isotoxal-family-k4-3668 [0, 180]   [3.3.4α]
  α-forward: isotoxal-family-k4-3665 [0, 180] == isotoxal-family-k4-3669 [0, 180]   [3.3.4α]
  α-forward: isotoxal-family-k4-3666 [0, 180] == isotoxal-family-k4-3667 [0, 180]   [3.3.4α]
  α-forward: isotoxal-family-k4-3668 [0, 180] == isotoxal-family-k4-3669 [0, 180]   [3.3.4α]
  α-reversed: isotoxal-family-k4-3806 [0, 165] == isotoxal-family-k4-3807 [0, 165]   [3.3.3.3.4α.6α]
  α-reversed: isotoxal-family-k4-3812 [0, 165] == isotoxal-family-k4-3819 [0, 165]   [3.3.3.3.3.3.3.4α.6α]
  α-reversed: isotoxal-family-k4-3813 [0, 165] == isotoxal-family-k4-3820 [0, 165]   [3.3.3.3.3.3.4α.6α]
  α-reversed: isotoxal-family-k4-3814 [0, 165] == isotoxal-family-k4-3821 [0, 165]   [3.3.3.3.3.4α.6α]
  α-reversed: isotoxal-family-k4-3816 [0, 165] == isotoxal-family-k4-3817 [0, 165]   [3.3.3.3.3.3.3.4α.6α]
  α-reversed: isotoxal-family-k4-3823 [0, 120] == isotoxal-family-k4-3868 [60, 180]   [3.3.3.3.3.3.3.3.3.4α.6α]
  α-reversed: isotoxal-family-k4-3828 [0, 120] == isotoxal-family-k4-3872 [60, 180]   [3.3.3.3.3.3.3.4α.6α]
  α-reversed: isotoxal-family-k4-3829 [0, 120] == isotoxal-family-k4-3873 [60, 180]   [3.3.3.3.3.3.3.4α.6α]
  α-reversed: isotoxal-family-k4-3831 [0, 120] == isotoxal-family-k4-3875 [60, 180]   [3.3.3.3.3.3.3.4α.6α]
  α-reversed: isotoxal-family-k4-3832 [0, 120] == isotoxal-family-k4-3876 [60, 180]   [3.3.3.3.3.3.4α.6α]
  α-reversed: isotoxal-family-k4-3842 [0, 120] == isotoxal-family-k4-3887 [60, 180]   [3.3.4α.6α]
  α-reversed: isotoxal-family-k4-3843 [0, 120] == isotoxal-family-k4-3888 [60, 180]   [4α.6α]
  α-reversed: isotoxal-family-k4-3846 [60, 120] == isotoxal-family-k4-3855 [60, 120]   [3.3.3.3.6.6α]
  α-reversed: isotoxal-family-k4-3847 [60, 120] == isotoxal-family-k4-3856 [60, 120]   [3.3.3.6.4α.6α]
  α-reversed: isotoxal-family-k4-3848 [60, 120] == isotoxal-family-k4-3857 [60, 120]   [6.4α.6α]
  α-reversed: isotoxal-family-k4-3849 [0, 120] == isotoxal-family-k4-3893 [60, 180]   [3.3.3.3.3.4α.6α]
  α-reversed: isotoxal-family-k4-3851 [0, 120] == isotoxal-family-k4-3894 [60, 180]   [3.3.3.4α.6α]
  α-reversed: isotoxal-family-k4-3853 [0, 120] == isotoxal-family-k4-3895 [60, 180]   [3.3.3.3.4α.6α]
  α-reversed: isotoxal-family-k4-3854 [0, 120] == isotoxal-family-k4-3896 [60, 180]   [3.3.3.4α.6α]
  α-reversed: isotoxal-family-k4-3858 [0, 135] == isotoxal-family-k4-3865 [0, 135]   [3.3.3.3.3.3.3.4α.6α]
  α-reversed: isotoxal-family-k4-3859 [0, 135] == isotoxal-family-k4-3866 [0, 135]   [3.3.3.3.3.3.4α.6α]
  α-reversed: isotoxal-family-k4-3860 [0, 135] == isotoxal-family-k4-3867 [0, 135]   [3.3.3.3.3.4α.6α]
  α-reversed: isotoxal-family-k4-3862 [0, 135] == isotoxal-family-k4-3863 [0, 135]   [3.3.3.3.3.3.3.4α.6α]
  -> 465 duplicate pair(s) among the 2145 single-parameter families

=== MERGE PLAN — a JOIN whose branches share the rigid/flexing partition ===
  isotoxal-family-k4-3840 + isotoxal-family-k4-3885  →  sweep ∈ (0°, 240°), join at 120°, default 75°
      isotoxal-family-k4-3840 u∈[0,120]  α = 0 + u   (α-range [0, 120])
      isotoxal-family-k4-3885 u∈[120,240]  α = -60 + u   (α-range [60, 180])
  isotoxal-family-k4-3845 + isotoxal-family-k4-3890  →  sweep ∈ (0°, 240°), join at 120°, default 75°
      isotoxal-family-k4-3845 u∈[0,120]  α = 0 + u   (α-range [0, 120])
      isotoxal-family-k4-3890 u∈[120,240]  α = -60 + u   (α-range [60, 180])
  -> 2 merge(s)

=== ABSORBED — ids that no longer ship, and where a link to them lands ===
  isotoxal-family-k4-06 → isotoxal-family-k4-04   u = 0 + α
  isotoxal-family-k4-08 → isotoxal-family-k4-07   u = 0 + α
  isotoxal-family-k4-10 → isotoxal-family-k4-09   u = 0 + α
  isotoxal-family-k4-1034 → isotoxal-family-k4-1033   u = 180 − α
  isotoxal-family-k4-1043 → isotoxal-family-k4-1042   u = 0 + α
  isotoxal-family-k4-1044 → isotoxal-family-k4-1042   u = 0 + α
  isotoxal-family-k4-1045 → isotoxal-family-k4-1042   u = 0 + α
  isotoxal-family-k4-1047 → isotoxal-family-k4-1046   u = 0 + α
  isotoxal-family-k4-1053 → isotoxal-family-k4-1052   u = 0 + α
  isotoxal-family-k4-1100 → isotoxal-family-k4-1098   u = 0 + α
  isotoxal-family-k4-1101 → isotoxal-family-k4-1099   u = 0 + α
  isotoxal-family-k4-1127 → isotoxal-family-k4-1126   u = 0 + α
  isotoxal-family-k4-1129 → isotoxal-family-k4-1128   u = 0 + α
  isotoxal-family-k4-1130 → isotoxal-family-k4-1124   u = 0 + α
  isotoxal-family-k4-1131 → isotoxal-family-k4-1125   u = 0 + α
  isotoxal-family-k4-1133 → isotoxal-family-k4-1132   u = 0 + α
  isotoxal-family-k4-1135 → isotoxal-family-k4-1134   u = 0 + α
  isotoxal-family-k4-1137 → isotoxal-family-k4-1136   u = 0 + α
  isotoxal-family-k4-1139 → isotoxal-family-k4-1138   u = 0 + α
  isotoxal-family-k4-1241 → isotoxal-family-k4-1240   u = 180 − α
  isotoxal-family-k4-1243 → isotoxal-family-k4-1242   u = 180 − α
  isotoxal-family-k4-1247 → isotoxal-family-k4-1246   u = 0 + α
  isotoxal-family-k4-1249 → isotoxal-family-k4-1248   u = 0 + α
  isotoxal-family-k4-1251 → isotoxal-family-k4-1245   u = 180 − α
  isotoxal-family-k4-1253 → isotoxal-family-k4-1252   u = 0 + α
  isotoxal-family-k4-1255 → isotoxal-family-k4-1254   u = 0 + α
  isotoxal-family-k4-1276 → isotoxal-family-k4-1275   u = 0 + α
  isotoxal-family-k4-1286 → isotoxal-family-k4-1285   u = 0 + α
  isotoxal-family-k4-1288 → isotoxal-family-k4-1287   u = 0 + α
  isotoxal-family-k4-1292 → isotoxal-family-k4-1291   u = 0 + α
  isotoxal-family-k4-1295 → isotoxal-family-k4-1291   u = 0 + α
  isotoxal-family-k4-1296 → isotoxal-family-k4-1291   u = 180 − α
  isotoxal-family-k4-1310 → isotoxal-family-k4-1305   u = 180 − α
  isotoxal-family-k4-1311 → isotoxal-family-k4-1305   u = 180 − α
  isotoxal-family-k4-1447 → isotoxal-family-k4-1446   u = 0 + α
  isotoxal-family-k4-1450 → isotoxal-family-k4-1449   u = 0 + α
  isotoxal-family-k4-156 → isotoxal-family-k4-155   u = 0 + α
  isotoxal-family-k4-1604 → isotoxal-family-k4-1603   u = 0 + α
  isotoxal-family-k4-1607 → isotoxal-family-k4-1606   u = 0 + α
  isotoxal-family-k4-163 → isotoxal-family-k4-162   u = 0 + α
  isotoxal-family-k4-1644 → isotoxal-family-k4-1643   u = 0 + α
  isotoxal-family-k4-1645 → isotoxal-family-k4-1642   u = 0 + α
  isotoxal-family-k4-1647 → isotoxal-family-k4-1646   u = 0 + α
  isotoxal-family-k4-1655 → isotoxal-family-k4-1653   u = 180 − α
  isotoxal-family-k4-1676 → isotoxal-family-k4-1675   u = 0 + α
  isotoxal-family-k4-1677 → isotoxal-family-k4-1674   u = 0 + α
  isotoxal-family-k4-1679 → isotoxal-family-k4-1678   u = 0 + α
  isotoxal-family-k4-1682 → isotoxal-family-k4-1681   u = 0 + α
  isotoxal-family-k4-1683 → isotoxal-family-k4-1680   u = 180 − α
  isotoxal-family-k4-1692 → isotoxal-family-k4-1691   u = 0 + α
  isotoxal-family-k4-1693 → isotoxal-family-k4-1690   u = 180 − α
  isotoxal-family-k4-17 → isotoxal-family-k4-16   u = 0 + α
  isotoxal-family-k4-1703 → isotoxal-family-k4-1702   u = 180 − α
  isotoxal-family-k4-1705 → isotoxal-family-k4-1704   u = 0 + α
  isotoxal-family-k4-1706 → isotoxal-family-k4-1704   u = 0 + α
  isotoxal-family-k4-1707 → isotoxal-family-k4-1704   u = 180 − α
  isotoxal-family-k4-1708 → isotoxal-family-k4-1702   u = 0 + α
  isotoxal-family-k4-1709 → isotoxal-family-k4-1702   u = 0 + α
  isotoxal-family-k4-1711 → isotoxal-family-k4-1710   u = 0 + α
  isotoxal-family-k4-1712 → isotoxal-family-k4-1710   u = 0 + α
  isotoxal-family-k4-1713 → isotoxal-family-k4-1710   u = 180 − α
  isotoxal-family-k4-1716 → isotoxal-family-k4-1714   u = 0 + α
  isotoxal-family-k4-1717 → isotoxal-family-k4-1715   u = 0 + α
  isotoxal-family-k4-1723 → isotoxal-family-k4-1722   u = 0 + α
  isotoxal-family-k4-1724 → isotoxal-family-k4-1722   u = 0 + α
  isotoxal-family-k4-1725 → isotoxal-family-k4-1722   u = 0 + α
  isotoxal-family-k4-1760 → isotoxal-family-k4-1743   u = 0 + α
  isotoxal-family-k4-183 → isotoxal-family-k4-182   u = 0 + α
  isotoxal-family-k4-1839 → isotoxal-family-k4-1837   u = 180 − α
  isotoxal-family-k4-184 → isotoxal-family-k4-181   u = 0 + α
  isotoxal-family-k4-1840 → isotoxal-family-k4-1838   u = 180 − α
  isotoxal-family-k4-186 → isotoxal-family-k4-185   u = 0 + α
  isotoxal-family-k4-190 → isotoxal-family-k4-188   u = 0 + α
  isotoxal-family-k4-193 → isotoxal-family-k4-191   u = 180 − α
  isotoxal-family-k4-197 → isotoxal-family-k4-196   u = 0 + α
  isotoxal-family-k4-198 → isotoxal-family-k4-196   u = 0 + α
  isotoxal-family-k4-202 → isotoxal-family-k4-201   u = 180 − α
  isotoxal-family-k4-204 → isotoxal-family-k4-203   u = 0 + α
  isotoxal-family-k4-2091 → isotoxal-family-k4-1952   u = 180 − α
  isotoxal-family-k4-2092 → isotoxal-family-k4-1953   u = 180 − α
  isotoxal-family-k4-2117 → isotoxal-family-k4-1982   u = 180 − α
  isotoxal-family-k4-2118 → isotoxal-family-k4-1983   u = 180 − α
  isotoxal-family-k4-2119 → isotoxal-family-k4-1984   u = 180 − α
  isotoxal-family-k4-2120 → isotoxal-family-k4-1985   u = 180 − α
  isotoxal-family-k4-2204 → isotoxal-family-k4-2202   u = 180 − α
  isotoxal-family-k4-2205 → isotoxal-family-k4-2203   u = 180 − α
  isotoxal-family-k4-224 → isotoxal-family-k4-223   u = 0 + α
  isotoxal-family-k4-2249 → isotoxal-family-k4-2247   u = 180 − α
  isotoxal-family-k4-2260 → isotoxal-family-k4-2259   u = 0 + α
  isotoxal-family-k4-2261 → isotoxal-family-k4-2259   u = 0 + α
  isotoxal-family-k4-2262 → isotoxal-family-k4-2258   u = 180 − α
  isotoxal-family-k4-2265 → isotoxal-family-k4-2259   u = 180 − α
  isotoxal-family-k4-2268 → isotoxal-family-k4-2266   u = 180 − α
  isotoxal-family-k4-2271 → isotoxal-family-k4-2270   u = 180 − α
  isotoxal-family-k4-2273 → isotoxal-family-k4-2272   u = 0 + α
  isotoxal-family-k4-2275 → isotoxal-family-k4-2274   u = 180 − α
  isotoxal-family-k4-2277 → isotoxal-family-k4-2276   u = 180 − α
  isotoxal-family-k4-2282 → isotoxal-family-k4-2278   u = 180 − α
  isotoxal-family-k4-2283 → isotoxal-family-k4-2279   u = 180 − α
  isotoxal-family-k4-2284 → isotoxal-family-k4-2280   u = 180 − α
  isotoxal-family-k4-2285 → isotoxal-family-k4-2281   u = 0 + α
  isotoxal-family-k4-2287 → isotoxal-family-k4-2286   u = 180 − α
  isotoxal-family-k4-2290 → isotoxal-family-k4-2288   u = 180 − α
  isotoxal-family-k4-2291 → isotoxal-family-k4-2289   u = 180 − α
  isotoxal-family-k4-2312 → isotoxal-family-k4-2292   u = 180 − α
  isotoxal-family-k4-2313 → isotoxal-family-k4-2293   u = 180 − α
  isotoxal-family-k4-2314 → isotoxal-family-k4-2294   u = 180 − α
  isotoxal-family-k4-2315 → isotoxal-family-k4-2295   u = 180 − α
  isotoxal-family-k4-2316 → isotoxal-family-k4-2296   u = 180 − α
  isotoxal-family-k4-2317 → isotoxal-family-k4-2297   u = 0 + α
  isotoxal-family-k4-2318 → isotoxal-family-k4-2298   u = 180 − α
  isotoxal-family-k4-2319 → isotoxal-family-k4-2299   u = 180 − α
  isotoxal-family-k4-2320 → isotoxal-family-k4-2302   u = 180 − α
  isotoxal-family-k4-2321 → isotoxal-family-k4-2303   u = 180 − α
  isotoxal-family-k4-2322 → isotoxal-family-k4-2300   u = 180 − α
  isotoxal-family-k4-2323 → isotoxal-family-k4-2301   u = 180 − α
  isotoxal-family-k4-2324 → isotoxal-family-k4-2304   u = 180 − α
  isotoxal-family-k4-2325 → isotoxal-family-k4-2305   u = 180 − α
  isotoxal-family-k4-2326 → isotoxal-family-k4-2306   u = 180 − α
  isotoxal-family-k4-2327 → isotoxal-family-k4-2307   u = 180 − α
  isotoxal-family-k4-2328 → isotoxal-family-k4-2308   u = 0 + α
  isotoxal-family-k4-2329 → isotoxal-family-k4-2309   u = 180 − α
  isotoxal-family-k4-2330 → isotoxal-family-k4-2310   u = 180 − α
  isotoxal-family-k4-2331 → isotoxal-family-k4-2311   u = 180 − α
  isotoxal-family-k4-2348 → isotoxal-family-k4-2346   u = 0 + α
  isotoxal-family-k4-235 → isotoxal-family-k4-234   u = 0 + α
  isotoxal-family-k4-236 → isotoxal-family-k4-234   u = 0 + α
  isotoxal-family-k4-246 → isotoxal-family-k4-244   u = 180 − α
  isotoxal-family-k4-2467 → isotoxal-family-k4-2466   u = 0 + α
  isotoxal-family-k4-2468 → isotoxal-family-k4-2465   u = 180 − α
  isotoxal-family-k4-2483 → isotoxal-family-k4-2482   u = 0 + α
  isotoxal-family-k4-2492 → isotoxal-family-k4-2491   u = 0 + α
  isotoxal-family-k4-2559 → isotoxal-family-k4-2558   u = 0 + α
  isotoxal-family-k4-2577 → isotoxal-family-k4-2576   u = 0 + α
  isotoxal-family-k4-2636 → isotoxal-family-k4-2635   u = 0 + α
  isotoxal-family-k4-2767 → isotoxal-family-k4-2765   u = 180 − α
  isotoxal-family-k4-2768 → isotoxal-family-k4-2766   u = 180 − α
  isotoxal-family-k4-2771 → isotoxal-family-k4-2769   u = 180 − α
  isotoxal-family-k4-2776 → isotoxal-family-k4-2774   u = 180 − α
  isotoxal-family-k4-2780 → isotoxal-family-k4-2777   u = 180 − α
  isotoxal-family-k4-2786 → isotoxal-family-k4-2784   u = 180 − α
  isotoxal-family-k4-2787 → isotoxal-family-k4-2785   u = 180 − α
  isotoxal-family-k4-2790 → isotoxal-family-k4-2789   u = 0 + α
  isotoxal-family-k4-2791 → isotoxal-family-k4-2789   u = 0 + α
  isotoxal-family-k4-2793 → isotoxal-family-k4-2789   u = 180 − α
  isotoxal-family-k4-2794 → isotoxal-family-k4-2789   u = 180 − α
  isotoxal-family-k4-2798 → isotoxal-family-k4-2796   u = 180 − α
  isotoxal-family-k4-2805 → isotoxal-family-k4-2801   u = 180 − α
  isotoxal-family-k4-2806 → isotoxal-family-k4-2802   u = 180 − α
  isotoxal-family-k4-2807 → isotoxal-family-k4-2803   u = 0 + α
  isotoxal-family-k4-2821 → isotoxal-family-k4-2820   u = 0 + α
  isotoxal-family-k4-2855 → isotoxal-family-k4-2854   u = 0 + α
  isotoxal-family-k4-290 → isotoxal-family-k4-289   u = 0 + α
  isotoxal-family-k4-292 → isotoxal-family-k4-291   u = 0 + α
  isotoxal-family-k4-293 → isotoxal-family-k4-291   u = 0 + α
  isotoxal-family-k4-294 → isotoxal-family-k4-291   u = 0 + α
  isotoxal-family-k4-2940 → isotoxal-family-k4-2939   u = 0 + α
  isotoxal-family-k4-2943 → isotoxal-family-k4-2942   u = 0 + α
  isotoxal-family-k4-2949 → isotoxal-family-k4-2948   u = 0 + α
  isotoxal-family-k4-2959 → isotoxal-family-k4-2958   u = 0 + α
  isotoxal-family-k4-2961 → isotoxal-family-k4-2960   u = 0 + α
  isotoxal-family-k4-298 → isotoxal-family-k4-297   u = 0 + α
  isotoxal-family-k4-299 → isotoxal-family-k4-297   u = 0 + α
  isotoxal-family-k4-2991 → isotoxal-family-k4-2990   u = 0 + α
  isotoxal-family-k4-3079 → isotoxal-family-k4-3077   u = 180 − α
  isotoxal-family-k4-3080 → isotoxal-family-k4-3078   u = 180 − α
  isotoxal-family-k4-3083 → isotoxal-family-k4-3081   u = 180 − α
  isotoxal-family-k4-3089 → isotoxal-family-k4-3088   u = 180 − α
  isotoxal-family-k4-3091 → isotoxal-family-k4-3090   u = 180 − α
  isotoxal-family-k4-3093 → isotoxal-family-k4-3092   u = 0 + α
  isotoxal-family-k4-3122 → isotoxal-family-k4-3119   u = 240 − α
  isotoxal-family-k4-3128 → isotoxal-family-k4-3123   u = 0 + α
  isotoxal-family-k4-3132 → isotoxal-family-k4-3131   u = 0 + α
  isotoxal-family-k4-3141 → isotoxal-family-k4-3139   u = 180 − α
  isotoxal-family-k4-3142 → isotoxal-family-k4-3140   u = 180 − α
  isotoxal-family-k4-3157 → isotoxal-family-k4-3156   u = 240 − α
  isotoxal-family-k4-3173 → isotoxal-family-k4-3172   u = 165 − α
  isotoxal-family-k4-3175 → isotoxal-family-k4-3174   u = 135 − α
  isotoxal-family-k4-3187 → isotoxal-family-k4-3186   u = 0 + α
  isotoxal-family-k4-3192 → isotoxal-family-k4-3190   u = 0 + α
  isotoxal-family-k4-3196 → isotoxal-family-k4-3194   u = 0 + α
  isotoxal-family-k4-3205 → isotoxal-family-k4-3186   u = 0 + α
  isotoxal-family-k4-3209 → isotoxal-family-k4-3208   u = 0 + α
  isotoxal-family-k4-3211 → isotoxal-family-k4-3208   u = 180 − α
  isotoxal-family-k4-3218 → isotoxal-family-k4-3190   u = 0 + α
  isotoxal-family-k4-3221 → isotoxal-family-k4-3219   u = 0 + α
  isotoxal-family-k4-3222 → isotoxal-family-k4-3220   u = 0 + α
  isotoxal-family-k4-3224 → isotoxal-family-k4-3220   u = 0 + α
  isotoxal-family-k4-3238 → isotoxal-family-k4-3236   u = 180 − α
  isotoxal-family-k4-3239 → isotoxal-family-k4-3235   u = 180 − α
  isotoxal-family-k4-3240 → isotoxal-family-k4-3237   u = 180 − α
  isotoxal-family-k4-3241 → isotoxal-family-k4-3234   u = 180 − α
  isotoxal-family-k4-3244 → isotoxal-family-k4-3214   u = 180 − α
  isotoxal-family-k4-3245 → isotoxal-family-k4-3215   u = 180 − α
  isotoxal-family-k4-3246 → isotoxal-family-k4-3216   u = 180 − α
  isotoxal-family-k4-3247 → isotoxal-family-k4-3217   u = 180 − α
  isotoxal-family-k4-3339 → isotoxal-family-k4-3226   u = 180 − α
  isotoxal-family-k4-3340 → isotoxal-family-k4-3227   u = 180 − α
  isotoxal-family-k4-3632 → isotoxal-family-k4-3631   u = 135 − α
  isotoxal-family-k4-3633 → isotoxal-family-k4-3193   u = 180 − α
  isotoxal-family-k4-3634 → isotoxal-family-k4-3194   u = 180 − α
  isotoxal-family-k4-3635 → isotoxal-family-k4-3195   u = 180 − α
  isotoxal-family-k4-3636 → isotoxal-family-k4-3194   u = 180 − α
  isotoxal-family-k4-3637 → isotoxal-family-k4-3181   u = 180 − α
  isotoxal-family-k4-3638 → isotoxal-family-k4-3198   u = 180 − α
  isotoxal-family-k4-3639 → isotoxal-family-k4-3197   u = 180 − α
  isotoxal-family-k4-3640 → isotoxal-family-k4-3199   u = 180 − α
  isotoxal-family-k4-3641 → isotoxal-family-k4-3200   u = 180 − α
  isotoxal-family-k4-3642 → isotoxal-family-k4-3202   u = 180 − α
  isotoxal-family-k4-3643 → isotoxal-family-k4-3201   u = 180 − α
  isotoxal-family-k4-3644 → isotoxal-family-k4-3203   u = 180 − α
  isotoxal-family-k4-3645 → isotoxal-family-k4-3204   u = 180 − α
  isotoxal-family-k4-3646 → isotoxal-family-k4-3176   u = 180 − α
  isotoxal-family-k4-3647 → isotoxal-family-k4-3177   u = 180 − α
  isotoxal-family-k4-3648 → isotoxal-family-k4-3178   u = 180 − α
  isotoxal-family-k4-3649 → isotoxal-family-k4-3182   u = 180 − α
  isotoxal-family-k4-3650 → isotoxal-family-k4-3183   u = 180 − α
  isotoxal-family-k4-3651 → isotoxal-family-k4-3179   u = 180 − α
  isotoxal-family-k4-3652 → isotoxal-family-k4-3180   u = 180 − α
  isotoxal-family-k4-3653 → isotoxal-family-k4-3184   u = 180 − α
  isotoxal-family-k4-3654 → isotoxal-family-k4-3206   u = 180 − α
  isotoxal-family-k4-3655 → isotoxal-family-k4-3186   u = 180 − α
  isotoxal-family-k4-3656 → isotoxal-family-k4-3186   u = 180 − α
  isotoxal-family-k4-3657 → isotoxal-family-k4-3185   u = 180 − α
  isotoxal-family-k4-3658 → isotoxal-family-k4-3188   u = 180 − α
  isotoxal-family-k4-3659 → isotoxal-family-k4-3186   u = 180 − α
  isotoxal-family-k4-3660 → isotoxal-family-k4-3190   u = 180 − α
  isotoxal-family-k4-3661 → isotoxal-family-k4-3190   u = 180 − α
  isotoxal-family-k4-3662 → isotoxal-family-k4-3191   u = 180 − α
  isotoxal-family-k4-3663 → isotoxal-family-k4-3189   u = 180 − α
  isotoxal-family-k4-3664 → isotoxal-family-k4-3190   u = 180 − α
  isotoxal-family-k4-3665 → isotoxal-family-k4-3220   u = 180 − α
  isotoxal-family-k4-3666 → isotoxal-family-k4-3219   u = 180 − α
  isotoxal-family-k4-3667 → isotoxal-family-k4-3219   u = 180 − α
  isotoxal-family-k4-3668 → isotoxal-family-k4-3220   u = 180 − α
  isotoxal-family-k4-3669 → isotoxal-family-k4-3220   u = 180 − α
  isotoxal-family-k4-3670 → isotoxal-family-k4-3223   u = 180 − α
  isotoxal-family-k4-3674 → isotoxal-family-k4-3231   u = 180 − α
  isotoxal-family-k4-3675 → isotoxal-family-k4-3232   u = 180 − α
  isotoxal-family-k4-3676 → isotoxal-family-k4-3233   u = 180 − α
  isotoxal-family-k4-3677 → isotoxal-family-k4-3242   u = 240 − α
  isotoxal-family-k4-3678 → isotoxal-family-k4-3243   u = 240 − α
  isotoxal-family-k4-372 → isotoxal-family-k4-371   u = 0 + α
  isotoxal-family-k4-374 → isotoxal-family-k4-373   u = 0 + α
  isotoxal-family-k4-3807 → isotoxal-family-k4-3806   u = 165 − α
  isotoxal-family-k4-3817 → isotoxal-family-k4-3816   u = 165 − α
  isotoxal-family-k4-3819 → isotoxal-family-k4-3812   u = 165 − α
  isotoxal-family-k4-3820 → isotoxal-family-k4-3813   u = 165 − α
  isotoxal-family-k4-3821 → isotoxal-family-k4-3814   u = 165 − α
  isotoxal-family-k4-383 → isotoxal-family-k4-38   u = 0 + α
  isotoxal-family-k4-3855 → isotoxal-family-k4-3846   u = 180 − α
  isotoxal-family-k4-3856 → isotoxal-family-k4-3847   u = 180 − α
  isotoxal-family-k4-3857 → isotoxal-family-k4-3848   u = 180 − α
  isotoxal-family-k4-3863 → isotoxal-family-k4-3862   u = 135 − α
  isotoxal-family-k4-3865 → isotoxal-family-k4-3858   u = 135 − α
  isotoxal-family-k4-3866 → isotoxal-family-k4-3859   u = 135 − α
  isotoxal-family-k4-3867 → isotoxal-family-k4-3860   u = 135 − α
  isotoxal-family-k4-3868 → isotoxal-family-k4-3823   u = 240 − α
  isotoxal-family-k4-3872 → isotoxal-family-k4-3828   u = 240 − α
  isotoxal-family-k4-3873 → isotoxal-family-k4-3829   u = 240 − α
  isotoxal-family-k4-3875 → isotoxal-family-k4-3831   u = 240 − α
  isotoxal-family-k4-3876 → isotoxal-family-k4-3832   u = 240 − α
  isotoxal-family-k4-3885 → isotoxal-family-k4-3840   u = 60 + α
  isotoxal-family-k4-3887 → isotoxal-family-k4-3842   u = 240 − α
  isotoxal-family-k4-3888 → isotoxal-family-k4-3843   u = 240 − α
  isotoxal-family-k4-3890 → isotoxal-family-k4-3845   u = 60 + α
  isotoxal-family-k4-3893 → isotoxal-family-k4-3849   u = 240 − α
  isotoxal-family-k4-3894 → isotoxal-family-k4-3851   u = 240 − α
  isotoxal-family-k4-3895 → isotoxal-family-k4-3853   u = 240 − α
  isotoxal-family-k4-3896 → isotoxal-family-k4-3854   u = 240 − α
  isotoxal-family-k4-395 → isotoxal-family-k4-152   u = 180 − α
  isotoxal-family-k4-396 → isotoxal-family-k4-154   u = 180 − α
  isotoxal-family-k4-400 → isotoxal-family-k4-162   u = 0 + α
  isotoxal-family-k4-419 → isotoxal-family-k4-418   u = 0 + α
  isotoxal-family-k4-480 → isotoxal-family-k4-474   u = 0 + α
  isotoxal-family-k4-484 → isotoxal-family-k4-483   u = 180 − α
  isotoxal-family-k4-494 → isotoxal-family-k4-486   u = 180 − α
  isotoxal-family-k4-495 → isotoxal-family-k4-487   u = 180 − α
  isotoxal-family-k4-496 → isotoxal-family-k4-488   u = 180 − α
  isotoxal-family-k4-50 → isotoxal-family-k4-152   u = 180 − α
  isotoxal-family-k4-501 → isotoxal-family-k4-499   u = 180 − α
  isotoxal-family-k4-502 → isotoxal-family-k4-500   u = 180 − α
  isotoxal-family-k4-506 → isotoxal-family-k4-504   u = 180 − α
  isotoxal-family-k4-51 → isotoxal-family-k4-154   u = 0 + α
  isotoxal-family-k4-511 → isotoxal-family-k4-510   u = 180 − α
  isotoxal-family-k4-513 → isotoxal-family-k4-512   u = 180 − α
  isotoxal-family-k4-516 → isotoxal-family-k4-515   u = 180 − α
  isotoxal-family-k4-520 → isotoxal-family-k4-519   u = 180 − α
  isotoxal-family-k4-526 → isotoxal-family-k4-525   u = 180 − α
  isotoxal-family-k4-534 → isotoxal-family-k4-533   u = 180 − α
  isotoxal-family-k4-54 → isotoxal-family-k4-162   u = 180 − α
  isotoxal-family-k4-540 → isotoxal-family-k4-539   u = 180 − α
  isotoxal-family-k4-546 → isotoxal-family-k4-545   u = 180 − α
  isotoxal-family-k4-548 → isotoxal-family-k4-547   u = 180 − α
  isotoxal-family-k4-55 → isotoxal-family-k4-399   u = 180 − α
  isotoxal-family-k4-550 → isotoxal-family-k4-549   u = 180 − α
  isotoxal-family-k4-552 → isotoxal-family-k4-551   u = 180 − α
  isotoxal-family-k4-56 → isotoxal-family-k4-166   u = 180 − α
  isotoxal-family-k4-563 → isotoxal-family-k4-553   u = 180 − α
  isotoxal-family-k4-564 → isotoxal-family-k4-554   u = 180 − α
  isotoxal-family-k4-565 → isotoxal-family-k4-555   u = 180 − α
  isotoxal-family-k4-566 → isotoxal-family-k4-556   u = 180 − α
  isotoxal-family-k4-567 → isotoxal-family-k4-558   u = 180 − α
  isotoxal-family-k4-568 → isotoxal-family-k4-557   u = 180 − α
  isotoxal-family-k4-569 → isotoxal-family-k4-559   u = 180 − α
  isotoxal-family-k4-570 → isotoxal-family-k4-560   u = 180 − α
  isotoxal-family-k4-571 → isotoxal-family-k4-561   u = 180 − α
  isotoxal-family-k4-572 → isotoxal-family-k4-562   u = 180 − α
  isotoxal-family-k4-580 → isotoxal-family-k4-579   u = 180 − α
  isotoxal-family-k4-588 → isotoxal-family-k4-587   u = 180 − α
  isotoxal-family-k4-59 → isotoxal-family-k4-172   u = 180 − α
  isotoxal-family-k4-601 → isotoxal-family-k4-591   u = 180 − α
  isotoxal-family-k4-603 → isotoxal-family-k4-593   u = 180 − α
  isotoxal-family-k4-605 → isotoxal-family-k4-595   u = 180 − α
  isotoxal-family-k4-607 → isotoxal-family-k4-597   u = 180 − α
  isotoxal-family-k4-608 → isotoxal-family-k4-598   u = 180 − α
  isotoxal-family-k4-609 → isotoxal-family-k4-600   u = 180 − α
  isotoxal-family-k4-610 → isotoxal-family-k4-599   u = 180 − α
  isotoxal-family-k4-626 → isotoxal-family-k4-625   u = 180 − α
  isotoxal-family-k4-644 → isotoxal-family-k4-643   u = 180 − α
  isotoxal-family-k4-647 → isotoxal-family-k4-645   u = 180 − α
  isotoxal-family-k4-648 → isotoxal-family-k4-646   u = 180 − α
  isotoxal-family-k4-652 → isotoxal-family-k4-651   u = 0 + α
  isotoxal-family-k4-668 → isotoxal-family-k4-666   u = 180 − α
  isotoxal-family-k4-678 → isotoxal-family-k4-677   u = 180 − α
  isotoxal-family-k4-681 → isotoxal-family-k4-679   u = 180 − α
  isotoxal-family-k4-682 → isotoxal-family-k4-680   u = 180 − α
  isotoxal-family-k4-684 → isotoxal-family-k4-683   u = 180 − α
  isotoxal-family-k4-686 → isotoxal-family-k4-685   u = 180 − α
  isotoxal-family-k4-689 → isotoxal-family-k4-687   u = 180 − α
  isotoxal-family-k4-690 → isotoxal-family-k4-688   u = 180 − α
  isotoxal-family-k4-693 → isotoxal-family-k4-691   u = 180 − α
  isotoxal-family-k4-694 → isotoxal-family-k4-692   u = 180 − α
  isotoxal-family-k4-697 → isotoxal-family-k4-695   u = 180 − α
  isotoxal-family-k4-698 → isotoxal-family-k4-696   u = 180 − α
  isotoxal-family-k4-700 → isotoxal-family-k4-699   u = 180 − α
  isotoxal-family-k4-702 → isotoxal-family-k4-701   u = 180 − α
  isotoxal-family-k4-704 → isotoxal-family-k4-703   u = 180 − α
  isotoxal-family-k4-706 → isotoxal-family-k4-705   u = 180 − α
  isotoxal-family-k4-709 → isotoxal-family-k4-707   u = 180 − α
  isotoxal-family-k4-710 → isotoxal-family-k4-708   u = 180 − α
  isotoxal-family-k4-713 → isotoxal-family-k4-711   u = 180 − α
  isotoxal-family-k4-714 → isotoxal-family-k4-712   u = 180 − α
  isotoxal-family-k4-721 → isotoxal-family-k4-718   u = 180 − α
  isotoxal-family-k4-722 → isotoxal-family-k4-719   u = 180 − α
  isotoxal-family-k4-723 → isotoxal-family-k4-720   u = 180 − α
  isotoxal-family-k4-724 → isotoxal-family-k4-715   u = 180 − α
  isotoxal-family-k4-725 → isotoxal-family-k4-716   u = 180 − α
  isotoxal-family-k4-726 → isotoxal-family-k4-717   u = 180 − α
  isotoxal-family-k4-728 → isotoxal-family-k4-727   u = 180 − α
  isotoxal-family-k4-730 → isotoxal-family-k4-729   u = 180 − α
  isotoxal-family-k4-732 → isotoxal-family-k4-731   u = 180 − α
  isotoxal-family-k4-734 → isotoxal-family-k4-733   u = 180 − α
  isotoxal-family-k4-736 → isotoxal-family-k4-3201   u = 180 − α
  isotoxal-family-k4-739 → isotoxal-family-k4-737   u = 0 + α
  isotoxal-family-k4-74 → isotoxal-family-k4-73   u = 0 + α
  isotoxal-family-k4-76 → isotoxal-family-k4-422   u = 180 − α
  isotoxal-family-k4-811 → isotoxal-family-k4-735   u = 180 − α
  isotoxal-family-k4-812 → isotoxal-family-k4-3201   u = 0 + α
  isotoxal-family-k4-816 → isotoxal-family-k4-815   u = 180 − α
  isotoxal-family-k4-830 → isotoxal-family-k4-829   u = 180 − α
  isotoxal-family-k4-842 → isotoxal-family-k4-841   u = 180 − α
  isotoxal-family-k4-844 → isotoxal-family-k4-843   u = 180 − α
  isotoxal-family-k4-846 → isotoxal-family-k4-845   u = 180 − α
  isotoxal-family-k4-848 → isotoxal-family-k4-847   u = 180 − α
  isotoxal-family-k4-859 → isotoxal-family-k4-849   u = 180 − α
  isotoxal-family-k4-860 → isotoxal-family-k4-850   u = 180 − α
  isotoxal-family-k4-861 → isotoxal-family-k4-851   u = 180 − α
  isotoxal-family-k4-862 → isotoxal-family-k4-852   u = 0 + α
  isotoxal-family-k4-863 → isotoxal-family-k4-854   u = 180 − α
  isotoxal-family-k4-864 → isotoxal-family-k4-853   u = 180 − α
  isotoxal-family-k4-865 → isotoxal-family-k4-855   u = 180 − α
  isotoxal-family-k4-866 → isotoxal-family-k4-856   u = 180 − α
  isotoxal-family-k4-867 → isotoxal-family-k4-857   u = 0 + α
  isotoxal-family-k4-868 → isotoxal-family-k4-858   u = 180 − α
  isotoxal-family-k4-91 → isotoxal-family-k4-438   u = 0 + α
  isotoxal-family-k4-92 → isotoxal-family-k4-437   u = 180 − α
  isotoxal-family-k4-923 → isotoxal-family-k4-624   u = 180 − α
  isotoxal-family-k4-924 → isotoxal-family-k4-623   u = 0 + α
  isotoxal-family-k4-93 → isotoxal-family-k4-440   u = 0 + α
  isotoxal-family-k4-931 → isotoxal-family-k4-870   u = 180 − α
  isotoxal-family-k4-932 → isotoxal-family-k4-871   u = 180 − α
  isotoxal-family-k4-935 → isotoxal-family-k4-934   u = 0 + α
  isotoxal-family-k4-938 → isotoxal-family-k4-937   u = 0 + α
  isotoxal-family-k4-939 → isotoxal-family-k4-937   u = 0 + α
  isotoxal-family-k4-94 → isotoxal-family-k4-439   u = 180 − α
  isotoxal-family-k4-941 → isotoxal-family-k4-934   u = 0 + α
  isotoxal-family-k4-944 → isotoxal-family-k4-942   u = 180 − α
  isotoxal-family-k4-946 → isotoxal-family-k4-934   u = 180 − α
  isotoxal-family-k4-947 → isotoxal-family-k4-934   u = 180 − α
  isotoxal-family-k4-948 → isotoxal-family-k4-936   u = 180 − α
  isotoxal-family-k4-951 → isotoxal-family-k4-937   u = 180 − α
  isotoxal-family-k4-952 → isotoxal-family-k4-940   u = 180 − α
  isotoxal-family-k4-953 → isotoxal-family-k4-934   u = 180 − α
  isotoxal-family-k4-97 → isotoxal-family-k4-442   u = 180 − α
  isotoxal-family-k4-976 → isotoxal-family-k4-975   u = 0 + α
  isotoxal-family-k4-977 → isotoxal-family-k4-975   u = 0 + α
  isotoxal-family-k4-978 → isotoxal-family-k4-975   u = 0 + α
  -> 398 absorbed, 3520 entries ship

SUMMARY: 3918 shipped entries = 3522 distinct families = 3520 arcs after merging
wrote merge plan → /private/tmp/claude-501/-Users-alessandro-Desktop-University-Thesis-TilingAtlas/c5bff048-2f31-4da2-9307-e47acd0d0487/scratchpad/isotoxal-k4-plan.json
