[14:06:17] === MIXED (isotoxal+star) family export; tables=tables/isotoxal-star-z24 ===
[14:06:18] k=4: 4319 MIXED (cx+star) blocks in run-par-k4-isotoxal-star-z24/out/pruned
[14:06:18]   flexing: (3*d14,4,3)F, (6*p6,cx4-60.120@1,3,4)F, (3*p2,4,cx4-60.120@1,cx4-60.120@0,3)F, (6*d14,cx4-60.120@0,4)F  (dev 0.0s, primary cx4-60.120)
[14:06:18]   flexing: (4*d14,4*p2,cx4-60.120@1)F, (4*d16,cx4-60.120@0,3)F, (4*p2,cx4-60.120@1,3,4,3)F, (4*p4,4*d16,cx4-60.120@0)F  (dev 0.0s, primary cx4-60.120)
[14:06:19]   flexing: (8*d20,3)F, (8*p1,3,cx4-75.105@1,cx4-60.120@1,3)F, (8*p1,3,cx4-75.105@0,4,cx4-60.120@0,3)F, (8*d20,3)F, (4*p3,cx4-75.105@1,4,cx4-60.120@1)F, (4*d15,cx4-75.105@0,cx4-60.120@0)F  (dev 0.0s, primary cx4-60.120)
[14:06:19]   flexing: (6*d14,cx4-60.120@0,4)F, (6*p6,cx4-60.120@1,3,4)F, (cx6-90.150@0,cx4-60.120@0,3,3,4)F, (cx6-90.150@1,cx4-60.120@1,4)F  (dev 0.0s, primary cx4-60.120)
[14:06:19]   flexing: (4*d16,cx4-60.120@0,3)F, (cx8-120.150@0,cx4-60.120@1,3,3)F, (4*p2,cx4-60.120@1,4,3,3)F, (cx8-120.150@1,cx4-60.120@0,4,3)F  (dev 0.0s, primary cx4-60.120)
[14:06:19]   flexing: (4*d14,4*p3,cx4-75.105@1)F, (4*d15,cx4-75.105@0,3)F, (4*p3,cx4-75.105@1,3,4,3)F, (4*p4,4*d15,cx4-75.105@0)F  (dev 0.0s, primary cx4-75.105)
[14:06:19]   flexing: (3*d14,4,3)F, (cx12-135.165@0,cx4-75.105@0,3,4)F, (3*p2,4,cx4-75.105@0,cx4-75.105@1,3)F, (cx12-135.165@1,cx4-75.105@1,4)F  (dev 0.0s, primary cx4-75.105)
[14:06:20]   flexing: (6*d16,6)F, (6*p4,6,3,6)F, (cx4-60.120@1,cx4-60.120@0,3,6)F, (cx4-60.120@1,cx4-60.120@0,6,3)F, (cx4-60.120@1,6,cx4-60.120@0,3)F  (dev 0.0s, primary cx4-60.120)
[14:06:20]   flexing: (3*d15,cx4-75.105@0,3)F, (cx4-75.105@1,cx4-75.105@0,cx4-60.120@1,3)F, (3*p1,cx4-75.105@1,cx4-60.120@0,3,cx4-60.120@0,3)F, (cx4-60.120@1,3,6,3)F  (dev 0.0s, primary cx4-75.105)
[14:06:20]   flexing: (3*d15,cx4-75.105@0,3)F, (cx4-75.105@1,cx4-75.105@0,3,cx4-60.120@0,3)F, (3*p1,cx4-75.105@1,3,cx4-60.120@1,3)F, (cx4-60.120@1,6,cx4-60.120@0,3)F  (dev 0.0s, primary cx4-75.105)
[14:06:20]   flexing: (3*d15,cx4-75.105@0,3)F, (cx4-75.105@1,cx4-75.105@0,cx4-60.120@0,3,3)F, (3*p1,cx4-75.105@1,cx4-60.120@1,3,3)F, (cx4-60.120@1,6,cx4-60.120@0,3)F  (dev 0.0s, primary cx4-75.105)
[14:06:20]   flexing: (3*d15,cx4-75.105@0,cx4-60.120@0)F, (3*p1,cx4-75.105@1,3,3,cx4-60.120@1)F, (cx4-75.105@1,cx4-75.105@0,3,cx4-60.120@1)F, (cx4-60.120@0,3,6,3,3)F  (dev 0.0s, primary cx4-75.105)
[14:06:20]   flexing: (3*d15,3*p1,6)F, (3*d15,3*p1,cx4-60.120@1)F, (3*p1,cx4-75.105@1,cx4-60.120@1,3,cx4-60.120@0)F, (3*d15,cx4-75.105@0,cx4-60.120@0)F  (dev 0.0s, primary cx4-75.105)
[14:06:20]   flexing: (3*d15,cx6-105.135@1)F, (3*p1,cx6-105.135@0,3*p1,cx4-75.105@1,cx4-60.120@1)F, (3*d15,cx4-75.105@0,3)F, (3*p1,cx4-75.105@1,3,6,3)F, (3*d15,cx4-75.105@0,cx4-60.120@0)F  (dev 0.0s, primary cx4-75.105)
[14:06:20]   flexing: (3*d15,cx6-75.165@0,3)F, (cx6-75.165@1,cx6-75.165@0,cx4-60.120@0,3)F, (3*p1,cx6-75.165@1,cx4-60.120@1,3)F, (cx6-75.165@1,cx6-75.165@0,6)F  (dev 0.0s, primary cx6-75.165)
[14:06:20]   flexing: (3*d15,3*p1,6)F, (3*d15,3*p1,3,cx4-60.120@0)F, (3*p1,cx6-75.165@1,3,cx4-60.120@1)F, (3*d15,cx6-75.165@0,3)F  (dev 0.0s, primary cx6-75.165)
[14:06:20]   flexing: (3*d14,3*p2,6)F, (3*d14,3*p2,3,cx4-60.120@0)F, (3*p2,cx6-90.150@1,3,cx4-60.120@1)F, (3*d14,cx6-90.150@0,3)F  (dev 0.0s, primary cx6-90.150)
[14:06:20]   flexing: (3*d14,cx6-90.150@0,3)F, (cx6-90.150@1,cx6-90.150@0,cx4-60.120@0,3)F, (3*p2,cx6-90.150@1,cx4-60.120@1,3)F, (cx6-90.150@1,cx6-90.150@0,6)F  (dev 0.0s, primary cx6-90.150)
[14:06:20]   flexing: (3*d15,cx4-75.105@0,3)F, (cx4-75.105@1,cx4-75.105@0,3,3,3)F, (3*p1,cx4-75.105@1,3,3,3,3)F, (6,3,3,3,3)F  (dev 0.0s, primary cx4-75.105)
[14:06:20]   flexing: (3*d15,3*p1,6)F, (3*d15,3*p1,3,3)F, (3*p1,cx4-75.105@1,3,3,3,3)F, (3*d15,cx4-75.105@0,3)F  (dev 0.0s, primary cx4-75.105)
[14:06:20]   flexing: (6*d16,6)F, (6*p4,6,3,6)F, (cx4-75.105@1,cx4-75.105@0,3,6)F, (cx4-75.105@1,cx4-75.105@0,6,3)F, (cx4-75.105@1,6,cx4-75.105@0,3)F  (dev 0.0s, primary cx4-75.105)
[14:06:20]   flexing: (6*d16,6)F, (6*p4,6,3,6)F, (cx4-75.105@1,cx4-75.105@0,3,6)F, (cx6-75.165@0,cx4-75.105@1,3,6)F, (cx6-75.165@1,cx4-75.105@0,6)F  (dev 0.0s, primary cx4-75.105)
[14:06:20]   flexing: (6*d15,cx4-75.105@0,3)F, (cx6-75.165@0,cx4-75.105@1,3,6)F, (6*p5,cx4-75.105@1,6,3)F, (cx6-75.165@1,cx4-75.105@0,6)F  (dev 0.0s, primary cx4-75.105)
[14:06:20]   flexing: (3*d15,cx4-75.105@0,3)F, (cx6-105.135@1,cx4-75.105@1,3,3)F, (3*p1,cx4-75.105@1,6,3,3)F, (cx6-105.135@0,cx4-75.105@0,6,3)F  (dev 0.0s, primary cx4-75.105)
[14:06:20]   flexing: (3*d15,cx6-105.135@1)F, (3*p1,cx6-105.135@0,3*p1,cx4-75.105@1,3,3)F, (3*d15,cx4-75.105@0,3)F, (3*d15,cx4-75.105@0,3)F, (3*p1,cx4-75.105@1,3,6,3)F  (dev 0.0s, primary cx4-75.105)
[14:06:20]   flexing: (6*d16,6)F, (6*p4,6,3,6)F, (cx4-75.105@1,cx4-75.105@0,6,3)F, (cx6-105.135@0,cx4-75.105@0,3,6)F, (cx6-105.135@1,cx4-75.105@1,6)F  (dev 0.0s, primary cx4-75.105)
[14:06:20]   flexing: (6*d15,cx6-105.135@1)F, (6*p5,cx6-105.135@0,cx4-75.105@0,cx6-105.135@0)F, (cx6-105.135@1,cx4-75.105@1,6)F, (cx6-105.135@0,6,cx4-75.105@0,3)F, (cx6-105.135@1,cx4-75.105@1,3,3)F  (dev 0.0s, primary cx4-75.105)
[14:06:20]   flexing: (3*d15,cx12-135.165@0)F, (3*p1,cx12-135.165@1,3*p1,cx12-135.165@1)R2, (3*d15,cx12-135.165@0)F, (3*p1,cx12-135.165@1,3*p1,cx4-75.105@1,3)F, (3*d15,cx4-75.105@0,3)F, (cx4-75.105@1,6,cx4-75.105@0,3)F  (dev 0.0s, primary cx4-75.105)
[14:06:20]   flexing: (3*d15,cx12-135.165@0)F, (3*p1,cx12-135.165@1,3*p1,cx12-135.165@1)F, (3*d15,cx12-135.165@0)F, (3*p1,cx12-135.165@1,3*p1,cx4-75.105@1,3)F, (cx4-75.105@1,6,cx4-75.105@0,3)F, (3*d15,cx4-75.105@0,3)F, (3*d15,cx12-135.165@0)F  (dev 0.0s, primary cx4-75.105)
[14:06:20]   flexing: (3*d15,cx6-75.165@0,3)F, (cx6-75.165@1,cx6-75.165@0,3,3)F, (3*p1,cx6-75.165@1,3,3,3)F, (cx6-75.165@1,cx6-75.165@0,6)F  (dev 0.0s, primary cx6-75.165)
[14:06:20]   flexing: (3*d15,3*p1,6)F, (3*d15,3*p1,3,3)F, (3*p1,cx6-75.165@1,3,3,3)F, (3*d15,cx6-75.165@0,3)F  (dev 0.0s, primary cx6-75.165)
[14:06:20]   flexing: (3*d14,3*p2,6)F, (3*d14,3*p2,3,3)F, (3*p2,cx6-90.150@1,3,3,3)F, (3*d14,cx6-90.150@0,3)F  (dev 0.0s, primary cx6-90.150)
[14:06:20]   flexing: (3*d14,cx6-90.150@0,3)F, (cx6-90.150@1,cx6-90.150@0,3,3)F, (3*p2,cx6-90.150@1,3,3,3)F, (cx6-90.150@1,cx6-90.150@0,6)F  (dev 0.0s, primary cx6-90.150)
[14:06:21]   flexing: (4*d16,cx4-60.120@1)F, (4*p2,cx4-60.120@0,cx4-75.105@0,8,cx4-60.120@0)F, (cx4-75.105@1,cx4-60.120@1,8)F, (8*p1,3,cx4-75.105@0,cx4-60.120@0,4*p2,cx4-60.120@0,3)F, (8*p1,3,cx4-75.105@1,cx4-60.120@1,3)F, (8*d20,3)F, (4*d16,cx4-60.120@1)F, (8*d20,3)F  (dev 0.0s, primary cx4-60.120)
[14:06:21]   flexing: (8*d20,3)F, (8*p1,3,cx8-105.165@0,cx4-60.120@1,3)F, (8*p1,3,cx8-105.165@1,cx4-60.120@0,3)F, (8*d20,3)F, (cx8-105.165@1,cx4-60.120@0,8)F, (cx8-105.165@0,cx4-60.120@1,8)F  (dev 0.0s, primary cx4-60.120)
[14:06:21]   flexing: (8*d20,3)F, (8*p1,3,cx8-120.150@0,cx4-75.105@1,3)F, (8*p1,3,cx8-120.150@1,cx4-75.105@0,3)F, (8*d20,3)F, (cx8-120.150@1,cx4-75.105@0,8)F, (cx8-120.150@0,cx4-75.105@1,8)F  (dev 0.0s, primary cx4-75.105)
[14:06:21]   flexing: (3*d15,3*p1,cx4-60.120@1)F, (3*d15,3*p1,3,cx4-60.120@0)F, (cx4-60.120@1,3,cx4-60.120@1,3)R2, (3*d15,3*p1,cx4-60.120@0,3)F  (dev 0.0s, primary 3*1)
[14:06:21]   flexing: (3*d15,3*p1,cx4-60.120@1)F, (3*d15,cx4-60.120@0,3*p1,3)F, (3*d15,3*p1,3,3)F, (3,3,3,3,3,3)R6  (dev 0.0s, primary 3*1)
[14:06:21]   flexing: (3*d15,3*p1,cx4-60.120@1)F, (3*d15,cx4-60.120@0,3*p1,cx4-60.120@0)A, (3*d15,3*p1,3,3)F, (3*d15,3,3*p1,3)A  (dev 0.0s, primary 3*1)
[14:06:21]   flexing: (3*d15,3*p1,cx4-60.120@1)F, (6*p5,3*d15,cx4-60.120@0)F, (6*d15,3*p1,cx4-60.120@1)F, (3*d15,cx4-60.120@0,3*p1,3)F  (dev 0.0s, primary 3*1)
[14:06:21]   flexing: (3*d14,3*p2,cx4-60.120@1)F, (3*d14,3*p2,3,cx4-60.120@0)F, (cx4-60.120@1,3,cx4-60.120@1,3)R2, (3*d14,3*p2,cx4-60.120@0,3)F  (dev 0.0s, primary 3*2)
[14:06:21]   flexing: (3*d14,3*p2,cx4-60.120@1)F, (3*d14,cx4-60.120@0,3*p2,3)F, (3*d14,3*p2,3,3)F, (3,3,3,3,3,3)R6  (dev 0.0s, primary 3*2)
[14:06:21]   flexing: (3*d14,3*p2,cx4-60.120@1)F, (3*d14,cx4-60.120@0,3*p2,cx4-60.120@0)A, (3*d14,3*p2,3,3)F, (3*d14,3,3*p2,3)A  (dev 0.0s, primary 3*2)
[14:06:21]   flexing: (3*d14,3*p2,cx4-60.120@1)F, (3*d14,cx4-60.120@0,3*p2,3)F, (6*p2,3*d14,cx4-60.120@1)F, (6*d18,3*p2,cx4-60.120@0)F  (dev 0.0s, primary 3*2)
[14:06:21]   flexing: (3*d14,3*p2,cx4-60.120@1)F, (6*p6,3*d14,cx4-60.120@0)F, (6*d14,3*p2,cx4-60.120@1)F, (3*d14,cx4-60.120@0,3*p2,3)F  (dev 0.0s, primary 3*2)
[14:06:22]   flexing: (4*d14,4*p2,cx4-60.120@1)F, (4*p4,4*d16,cx4-60.120@0)F, (4*d14,4*p2,3,3)F, (4*p4,4*d16,3)F  (dev 0.0s, primary 4*2)
[14:06:22]   flexing: (6*d16,cx4-60.120@1)F, (6*p4,cx4-60.120@0,cx4-60.120@1,3,cx4-60.120@0)F, (cx4-60.120@1,cx4-60.120@0,3,3,3)F, (cx4-60.120@1,cx4-60.120@0,3,3,3)F, (3,3,3,3,3,3)R3  (dev 0.0s, primary cx4-60.120)
[14:06:23]   flexing: (6*d16,cx4-60.120@0,3)F, (cx4-60.120@1,cx4-60.120@0,3,3,3)F, (6*p4,cx4-60.120@1,3,3,3)F, (3,3,3,3,3,3)R3  (dev 0.0s, primary cx4-60.120)
[14:06:23]   flexing: (3*d15,cx4-75.105@0,3)F, (3*p1,cx4-60.120@1,cx4-75.105@1,3,3)F, (3*d15,3*p1,cx4-75.105@1,3*p1)F, (3*d15,cx4-75.105@0,cx4-60.120@0)F  (dev 0.0s, primary cx4-75.105)
[14:06:23]   flexing: (3*d15,cx4-75.105@0,3)F, (3*p1,cx4-60.120@1,cx4-75.105@1,3,3)F, (3*d15,3*p1,cx4-75.105@1,3*p1)F, (3*d15,cx4-75.105@0,cx4-60.120@0)F  (dev 0.0s, primary cx4-75.105)
[14:06:23]   flexing: (3*d15,cx4-75.105@0,3)F, (3*p1,cx4-75.105@1,3,3,cx4-60.120@1)F, (3*d15,3*p1,3,3)F, (3*d15,3*p1,3,cx4-60.120@0)F  (dev 0.0s, primary cx4-75.105)
[14:06:23]   flexing: (3*d15,3*p1,cx4-60.120@1)F, (3*d15,cx4-75.105@0,cx4-60.120@0)F, (3*p1,cx4-75.105@1,cx4-60.120@1,3,3)F, (3*d15,3*p1,cx4-60.120@0,3)F  (dev 0.0s, primary cx4-75.105)
[14:06:23]   flexing: (3*d15,3*p1,cx4-60.120@1)F, (3*d15,3*p1,3,cx4-60.120@0)F, (3*p1,cx4-75.105@1,3,cx4-60.120@1,cx4-60.120@0)F, (3*d15,cx4-75.105@0,3)F  (dev 0.0s, primary cx4-75.105)
[14:06:23]   flexing: (3*d15,3*p1,cx4-60.120@1)F, (3*d15,cx4-60.120@0,3*p1,3)F, (3*d15,cx4-75.105@0,3)F, (3*p1,cx4-75.105@1,cx4-75.105@0,cx4-75.105@1,3)F  (dev 0.0s, primary cx4-75.105)
[14:06:23]   flexing: (3*d15,3*p1,cx4-60.120@1)F, (3*d15,cx4-60.120@0,3*p1,3)F, (3*d15,cx4-75.105@0,3)F, (3*p1,cx4-75.105@1,cx4-75.105@0,cx4-75.105@1,3)F  (dev 0.0s, primary cx4-75.105)
[14:06:23]   flexing: (3*d15,3*p1,cx4-60.120@1)F, (3*d15,cx4-60.120@0,3*p1,3)F, (3*d15,cx4-75.105@0,3)F, (3*p1,cx4-75.105@1,3,3*p1,cx4-75.105@1,3)R2  (dev 0.0s, primary cx4-75.105)
[14:06:23]   flexing: (3*d15,3*p1,cx4-60.120@1)F, (3*d15,cx4-60.120@0,3*p1,3)F, (3*d15,cx4-75.105@0,3)F, (3*p1,cx4-75.105@1,3*p1,3,cx4-75.105@1,3)A  (dev 0.0s, primary cx4-75.105)
[14:06:23]   flexing: (3*d15,cx4-75.105@0,cx4-60.120@0)F, (6*p4,cx4-60.120@1,3*p1,cx4-75.105@1,3)F, (cx4-75.105@1,cx4-75.105@0,3,cx4-60.120@1)F, (6*d16,cx4-60.120@0,3)F  (dev 0.0s, primary cx4-75.105)
[14:06:23]   flexing: (6*d16,cx4-60.120@1)F, (6*p4,cx4-60.120@0,cx4-75.105@1,cx4-75.105@0,cx4-60.120@0)F, (cx4-75.105@1,cx4-60.120@1,cx4-75.105@0,3)F, (3*p1,cx4-75.105@1,cx4-75.105@0,cx4-75.105@1,3)F, (3*d15,cx4-75.105@0,3)F  (dev 0.0s, primary cx4-75.105)
[14:06:23]   flexing: (3*d15,cx4-75.105@0,3)F, (6*p5,cx4-75.105@1,3,cx4-60.120@1)F, (3*p1,cx4-75.105@1,cx4-60.120@1,cx4-60.120@0,3)F, (6*d15,cx4-75.105@0,cx4-60.120@0)F  (dev 0.0s, primary cx4-60.120)
[14:06:23]   flexing: (3*d15,cx4-75.105@0,3)F, (6*p5,cx4-75.105@1,3,cx4-60.120@0,3)F, (3*p1,cx4-75.105@1,3,cx4-60.120@1,3)F, (6*d15,cx4-75.105@0,3)F  (dev 0.0s, primary cx4-75.105)
[14:06:23]   flexing: (3*d15,cx4-75.105@0,cx4-60.120@0)F, (3*p1,cx4-75.105@1,3,cx4-60.120@0,cx4-60.120@1)F, (6*d15,cx4-75.105@0,3)F, (6*p5,cx4-75.105@1,cx4-60.120@1,3)F  (dev 0.0s, primary cx4-75.105)
[14:06:23]   flexing: (4*d15,cx4-75.105@0,cx4-60.120@0)F, (4*p3,cx4-75.105@1,3,4*p2,cx4-60.120@1)F, (cx4-75.105@1,cx4-75.105@0,3,cx4-60.120@1)F, (4*d16,cx4-60.120@0,3)F  (dev 0.0s, primary cx4-75.105)
[14:06:23]   flexing: (6*d16,cx4-60.120@1)A, (6*p4,cx4-60.120@0,6*p4,cx4-60.120@0,3,cx4-60.120@0)F, (6*d16,cx4-60.120@1)A, (cx4-75.105@1,cx4-75.105@0,3,cx4-60.120@1)F, (cx4-75.105@1,cx4-75.105@0,cx4-60.120@1,3)F, (6*d16,cx4-60.120@1)F, (6*p4,cx4-60.120@0,cx4-75.105@1,cx4-75.105@0,cx4-60.120@0)F, (6*d16,cx4-60.120@1)F  (dev 0.0s, primary cx4-75.105)
[14:06:23]   flexing: (6*d16,cx4-60.120@1)A, (6*p4,cx4-60.120@0,6*p4,cx4-60.120@0,3,cx4-60.120@0)F, (6*d16,cx4-60.120@1)A, (cx4-75.105@1,cx4-75.105@0,3,cx4-60.120@1)F, (cx4-75.105@1,cx4-75.105@0,cx4-60.120@1,3)F, (6*d16,cx4-60.120@1)F, (6*p4,cx4-60.120@0,cx4-75.105@1,cx4-75.105@0,cx4-60.120@0)F, (6*d16,cx4-60.120@1)F  (dev 0.0s, primary cx4-75.105)
[14:06:23]   flexing: (6*d16,cx4-60.120@1)A, (6*p4,cx4-60.120@0,6*p4,cx4-60.120@0,3,cx4-60.120@0)F, (6*d16,cx4-60.120@1)A, (cx4-75.105@1,cx4-75.105@0,3,cx4-60.120@1)F, (cx4-75.105@1,cx4-75.105@0,cx4-60.120@1,3)F, (6*d16,cx4-60.120@1)F, (6*p4,cx4-60.120@0,cx4-75.105@1,cx4-75.105@0,cx4-60.120@0)F, (6*d16,cx4-60.120@1)F  (dev 0.0s, primary cx4-75.105)
[14:06:23]   flexing: (6*d16,cx4-60.120@1)F, (6*p4,cx4-60.120@0,cx4-75.105@1,cx4-75.105@0,cx4-60.120@0)F, (cx4-75.105@1,cx4-60.120@1,cx4-75.105@0,3)F, (cx4-75.105@1,3,cx4-75.105@0,3,3)F, (cx4-75.105@1,cx4-75.105@0,3,3,3)F  (dev 0.0s, primary cx4-75.105)
[14:06:23]   flexing: (6*d16,cx4-60.120@1)F, (6*p4,cx4-60.120@0,cx4-75.105@1,cx4-75.105@0,cx4-60.120@0)F, (cx4-75.105@1,cx4-60.120@1,cx4-75.105@0,3)F, (cx4-75.105@1,cx4-75.105@0,3,3,3)F, (cx4-75.105@1,cx4-75.105@0,cx4-75.105@1,cx4-75.105@0)R2  (dev 0.0s, primary cx4-75.105)
[14:06:23]   flexing: (6*d16,cx4-60.120@1)F, (6*p4,cx4-60.120@0,cx4-75.105@1,cx4-75.105@0,cx4-60.120@0)F, (cx4-75.105@1,cx4-60.120@1,cx4-75.105@0,cx4-60.120@0)F, (cx4-75.105@1,cx4-60.120@1,cx4-75.105@0,3)F, (cx4-75.105@1,cx4-75.105@0,3,3,3)F  (dev 0.0s, primary cx4-75.105)
[14:06:23]   flexing: (6*d16,cx4-60.120@1)F, (6*p4,cx4-60.120@0,cx4-75.105@1,cx4-75.105@0,cx4-60.120@0)F, (cx4-75.105@1,cx4-75.105@0,3,cx4-60.120@1)F, (6*p4,cx4-60.120@0,6*p4,cx4-60.120@0,3,cx4-60.120@0)F, (cx4-75.105@1,cx4-75.105@0,cx4-60.120@1,3)F, (6*d16,cx4-60.120@1)F, (6*d16,cx4-60.120@1)F  (dev 0.0s, primary cx4-75.105)
[14:06:23]   flexing: (6*d16,cx4-60.120@1)F, (6*p4,cx4-60.120@0,cx4-75.105@1,cx4-75.105@0,cx4-60.120@0)F, (cx4-75.105@1,cx4-75.105@0,3,cx4-60.120@1)F, (6*p4,cx4-60.120@0,6*p4,cx4-60.120@0,3,cx4-60.120@0)F, (cx4-75.105@1,cx4-75.105@0,cx4-60.120@1,3)F, (6*d16,cx4-60.120@1)F, (6*d16,cx4-60.120@1)F  (dev 0.0s, primary cx4-75.105)
[14:06:23]   flexing: (6*d16,cx4-60.120@1)F, (6*p4,cx4-60.120@0,cx4-75.105@1,cx4-75.105@0,cx4-60.120@0)F, (cx4-75.105@1,cx4-75.105@0,3,cx4-60.120@1)F, (6*p4,cx4-60.120@0,6*p4,cx4-60.120@0,3,cx4-60.120@0)F, (cx4-75.105@1,cx4-75.105@0,cx4-60.120@1,3)F, (6*d16,cx4-60.120@1)F, (6*d16,cx4-60.120@1)F  (dev 0.0s, primary cx4-75.105)
[14:06:23]   flexing: (6*d15,cx4-75.105@0,3)F, (cx4-75.105@1,cx4-75.105@0,cx4-60.120@1,3)F, (6*p5,cx4-75.105@1,cx4-60.120@0,cx4-60.120@0,3)F, (cx4-60.120@1,cx4-60.120@1,cx4-60.120@1)R3  (dev 0.0s, primary cx4-75.105)
[14:06:23]   flexing: (6*d15,cx4-75.105@0,3)F, (cx4-75.105@1,cx4-75.105@0,cx4-60.120@0,cx4-60.120@0,3)F, (6*p5,cx4-75.105@1,cx4-60.120@1,3)F, (cx4-60.120@1,cx4-60.120@1,cx4-60.120@1)R3  (dev 0.0s, primary cx4-75.105)
[14:06:23]   flexing: (6*d15,cx4-75.105@0,cx4-60.120@0)F, (6*p5,cx4-75.105@1,3,cx4-60.120@1)F, (cx4-75.105@1,cx4-75.105@0,3,cx4-60.120@1)F, (cx4-60.120@0,3,cx4-60.120@0,3,cx4-60.120@0,3)R3  (dev 0.0s, primary cx4-75.105)
[14:06:23]   flexing: (3*d15,cx6-105.135@1)F, (3*d15,3*p1,cx6-105.135@0,3*p1)F, (3*d15,cx6-105.135@1)F, (3*p1,cx6-105.135@0,cx4-75.105@0,3,cx6-105.135@0)F, (cx6-105.135@1,cx4-75.105@1,cx4-60.120@0,3)F, (cx4-75.105@1,cx4-75.105@0,cx4-60.120@1,3)F  (dev 0.0s, primary cx4-75.105)
[14:06:23]   flexing: (3*d15,cx6-105.135@1)F, (3*d15,3*p1,cx6-105.135@0,3*p1)F, (3*d15,cx6-105.135@1)F, (3*p1,cx6-105.135@0,cx4-75.105@0,3,cx6-105.135@0)F, (cx6-105.135@1,cx4-75.105@1,cx4-60.120@0,3)F, (cx4-75.105@1,cx4-75.105@0,cx4-60.120@1,3)F  (dev 0.0s, primary cx4-75.105)
[14:06:23]   flexing: (3*d15,cx6-105.135@1)F, (3*p1,cx6-105.135@0,cx6-105.135@1,cx6-105.135@0)F, (3*d15,cx6-105.135@1)F, (3*p1,cx6-105.135@0,3*p1,cx4-75.105@1,cx4-60.120@0,3)F, (3*d15,cx4-75.105@0,3)F, (cx4-75.105@1,cx4-75.105@0,cx4-60.120@1,3)F  (dev 0.0s, primary cx4-75.105)
[14:06:23]   flexing: (3*d15,cx6-105.135@1)F, (3*p1,cx6-105.135@0,cx6-105.135@1,cx6-105.135@0)F, (3*d15,cx6-105.135@1)F, (3*p1,cx6-105.135@0,3*p1,cx4-75.105@1,cx4-60.120@0,3)F, (3*d15,cx4-75.105@0,3)F, (cx4-75.105@1,cx4-75.105@0,cx4-60.120@1,3)F  (dev 0.0s, primary cx4-75.105)
[14:06:23]   flexing: (3*d15,cx6-105.135@1)F, (3*p1,cx6-105.135@0,3*p1,cx4-75.105@1,cx4-60.120@1)F, (3*d15,cx4-75.105@0,cx4-60.120@0)F, (3*d15,cx6-105.135@1)F, (3*p1,cx6-105.135@0,cx4-75.105@0,3,cx6-105.135@0)F, (cx6-105.135@1,cx4-75.105@1,3,3)F  (dev 0.0s, primary cx4-75.105)
[14:06:23]   flexing: (3*d15,cx6-105.135@1)F, (3*p1,cx6-105.135@0,3*p1,cx4-75.105@1,cx4-60.120@1)F, (3*d15,cx4-75.105@0,cx4-60.120@0)F, (3*d15,cx6-105.135@1)F, (3*p1,cx6-105.135@0,cx4-75.105@0,3,cx6-105.135@0)F, (cx6-105.135@1,cx4-75.105@1,3,3)F  (dev 0.0s, primary cx4-75.105)
[14:06:23]   flexing: (3*d15,cx6-105.135@1)F, (3*p1,cx6-105.135@0,cx4-75.105@0,cx4-60.120@0,cx6-105.135@0)F, (cx6-105.135@1,cx4-75.105@1,cx4-60.120@1)F, (3*p1,cx6-105.135@0,3*p1,cx4-75.105@1,3,3)F, (3*d15,cx6-105.135@1)F, (3*d15,cx4-75.105@0,3)F  (dev 0.0s, primary cx4-75.105)
[14:06:23]   flexing: (3*d15,cx6-105.135@1)F, (3*p1,cx6-105.135@0,cx4-75.105@0,cx4-60.120@0,cx6-105.135@0)F, (cx6-105.135@1,cx4-75.105@1,cx4-60.120@1)F, (3*p1,cx6-105.135@0,3*p1,cx4-75.105@1,3,3)F, (3*d15,cx6-105.135@1)F, (3*d15,cx4-75.105@0,3)F  (dev 0.0s, primary cx4-75.105)
[14:06:23]   flexing: (3*d15,cx6-105.135@1)F, (3*p1,cx6-105.135@0,cx4-75.105@0,3,cx6-105.135@0)F, (cx6-105.135@1,cx4-75.105@1,3,3)F, (cx6-105.135@1,cx4-75.105@1,cx4-60.120@1)F, (6*p4,cx4-60.120@0,cx6-105.135@0,cx4-75.105@0,cx4-60.120@0)F, (6*d16,cx4-60.120@1)F  (dev 0.0s, primary cx4-75.105)
[14:06:23]   flexing: (6*d15,cx4-75.105@0,3)F, (cx6-105.135@1,cx4-75.105@1,3,3)F, (6*p5,cx4-75.105@1,cx4-60.120@0,3,3)F, (cx6-105.135@0,cx4-75.105@0,cx4-60.120@1,3)F  (dev 0.0s, primary cx4-75.105)
[14:06:23]   flexing: (6*d15,cx4-75.105@0,3)F, (cx6-105.135@1,cx4-75.105@1,3,cx4-60.120@0)F, (6*p5,cx4-75.105@1,cx4-60.120@1,3)F, (cx6-105.135@0,cx4-75.105@0,cx4-60.120@0,cx4-60.120@1)F  (dev 0.0s, primary cx4-75.105)
[14:06:23]   flexing: (6*d15,cx4-75.105@0,cx4-60.120@0)F, (6*p5,cx4-75.105@1,3,cx4-60.120@1)F, (cx6-105.135@0,cx4-75.105@0,3,3,cx4-60.120@0)F, (cx6-105.135@1,cx4-75.105@1,cx4-60.120@1)F  (dev 0.0s, primary cx4-60.120)
[14:06:23]   flexing: (4*d16,cx4-60.120@1)F, (8*p1,3,cx4-75.105@0,cx4-60.120@0,4*p2,cx4-60.120@0,3)F, (8*p1,3,cx4-75.105@1,cx4-60.120@1,3)F, (8*d20,3)F, (8*d20,3)F, (8*p1,3,cx8-120.150@0,cx4-75.105@1,3)F, (8*p1,3,cx8-120.150@1,cx4-75.105@0,3)F, (8*d20,3)F, (8*d20,3)F  (dev 0.0s, primary cx4-60.120)
[14:06:23]   flexing: (3*d15,cx4-75.105@0,3)F, (cx12-135.165@0,cx4-75.105@1,3,3)F, (3*p1,cx4-75.105@1,cx4-60.120@1,3,3)F, (cx12-135.165@1,cx4-75.105@0,cx4-60.120@0,3)F  (dev 0.0s, primary cx4-75.105)
[14:06:23]   flexing: (3*d15,cx4-75.105@0,3)F, (cx12-135.165@0,cx4-75.105@1,3,cx4-60.120@0)F, (3*p1,cx4-75.105@1,cx4-60.120@0,cx4-60.120@1,3)F, (cx12-135.165@1,cx4-75.105@0,cx4-60.120@1)F  (dev 0.0s, primary cx4-60.120)
[14:06:23]   flexing: (3*d15,cx4-75.105@0,cx4-60.120@0)F, (3*p1,cx4-75.105@1,3,3,cx4-60.120@1)F, (cx12-135.165@1,cx4-75.105@0,3,cx4-60.120@0)F, (cx12-135.165@0,cx4-75.105@1,cx4-60.120@1)F  (dev 0.0s, primary cx4-60.120)
[14:06:23]   flexing: (3*d15,cx12-135.165@0)F, (3*p1,cx12-135.165@1,3*p1,cx4-75.105@1,cx4-60.120@0)F, (3*d15,cx4-75.105@0,cx4-60.120@0)F, (cx4-75.105@1,cx4-60.120@1,cx4-75.105@0,3)F, (3*d15,3*p1,cx4-60.120@1)F  (dev 0.0s, primary cx4-75.105)
[14:06:23]   flexing: (6*d15,cx6-75.165@0,cx4-60.120@0)F, (cx6-75.165@1,cx6-75.165@0,cx4-60.120@1)F, (cx6-75.165@1,cx4-60.120@0,cx6-75.165@0,3)F, (6*p5,cx6-75.165@1,cx4-60.120@1)F  (dev 0.0s, primary cx6-75.165)
[14:06:23]   flexing: (6*d14,cx6-90.150@0,cx4-60.120@0)F, (cx6-90.150@1,cx6-90.150@0,cx4-60.120@1)F, (cx6-90.150@1,cx4-60.120@0,cx6-90.150@0,3)F, (6*p6,cx6-90.150@1,cx4-60.120@1)F  (dev 0.0s, primary cx6-90.150)
[14:06:23]   flexing: (4*d14,cx6-90.150@1)A, (4*p4,cx6-90.150@0,cx4-60.120@1,cx6-90.150@0)A, (4*p2,cx4-60.120@0,cx6-90.150@1,3,cx4-60.120@0)F, (cx8-120.150@1,3,cx6-90.150@0,3)A, (4*d16,cx4-60.120@1)A, (cx8-120.150@0,3,cx4-60.120@1,3)A, (4*d16,cx4-60.120@1)A  (dev 0.0s, primary cx4-60.120)
[14:06:23]   flexing: (4*d14,cx6-90.150@1)A, (4*p4,cx6-90.150@0,cx8-120.150@0,cx6-90.150@0)A, (cx8-120.150@1,cx6-90.150@1,3)F, (4*p2,cx4-60.120@0,3,cx6-90.150@0,3,cx4-60.120@0)A, (cx8-120.150@0,3,cx4-60.120@1,3)A, (4*d16,cx4-60.120@1)A  (dev 0.0s, primary cx4-60.120)
[14:06:23]   flexing: (4*d16,cx8-120.150@0)A, (4*p2,cx8-120.150@1,cx4-60.120@0,cx4-60.120@1)F, (cx8-120.150@0,cx4-60.120@1,3,3)F, (4*d16,cx4-60.120@0,3)F, (4*p2,cx8-120.150@1,3,3,3)F, (4*d16,cx8-120.150@0)A  (dev 0.0s, primary cx4-60.120)
[14:06:23]   flexing: (4*d16,cx8-120.150@0)F, (4*p2,cx8-120.150@1,cx4-60.120@0,cx4-60.120@1)F, (cx8-120.150@0,cx4-60.120@1,3,3)F, (4*d16,cx4-60.120@0,3)F, (4*p2,cx8-120.150@1,3,3,3)F  (dev 0.0s, primary cx4-60.120)
[14:06:24]   flexing: (3*d15,cx4-75.105@0,3)F, (3*p1,cx4-75.105@1,cx4-75.105@0,cx4-75.105@1,3)F, (3*d15,3,3*p1,3)A, (cx4-75.105@1,cx4-75.105@0,cx4-75.105@1,cx4-75.105@0)R2  (dev 0.0s, primary cx4-75.105)
[14:06:24]   flexing: (3*d15,cx4-75.105@0,3)F, (3*p1,cx4-75.105@1,cx4-75.105@0,cx4-75.105@1,3)F, (3*d15,3,3*p1,3)A, (cx4-75.105@1,cx4-75.105@0,cx4-75.105@1,cx4-75.105@0)Aa  (dev 0.0s, primary cx4-75.105)
[14:06:24]   flexing: (3*d15,cx4-75.105@0,3)F, (3*p1,cx4-75.105@1,cx4-75.105@0,cx4-75.105@1,3)F, (3*d15,3,3*p1,3)A, (cx4-75.105@1,cx4-75.105@0,cx4-75.105@1,cx4-75.105@0)F  (dev 0.0s, primary cx4-75.105)
[14:06:24]   flexing: (3*d15,cx4-75.105@0,3)F, (3*p1,cx4-75.105@1,cx4-75.105@0,cx4-75.105@1,3)F, (3*d15,3,3*p1,3)A, (cx4-75.105@1,cx4-75.105@0,cx4-75.105@1,cx4-75.105@0)F  (dev 0.0s, primary cx4-75.105)
[14:06:24]   flexing: (3*d15,cx4-75.105@0,3)F, (3*p1,cx4-75.105@1,cx4-75.105@0,cx4-75.105@1,3)F, (3*d15,3,3*p1,3)F, (3*d15,3,3*p1,3)F  (dev 0.0s, primary cx4-75.105)
[14:06:24]   flexing: (3*d15,cx4-75.105@0,3)F, (3*p1,cx4-75.105@1,cx4-75.105@0,cx4-75.105@1,3)F, (3*d15,3,3*p1,3)F, (3*d15,3*p1,3,3)F  (dev 0.0s, primary cx4-75.105)
[14:06:24]   flexing: (3*d15,cx4-75.105@0,3)F, (3*p1,cx4-75.105@1,cx4-75.105@0,cx4-75.105@1,3)F, (3*d15,3,3*p1,3)F, (3*d15,3,3*p1,3)F  (dev 0.0s, primary cx4-75.105)
[14:06:24]   flexing: (3*d15,cx4-75.105@0,3)F, (3*p1,cx4-75.105@1,cx4-75.105@0,cx4-75.105@1,3)F, (3*d15,3,3*p1,3)F, (3*d15,3*p1,3,3)F  (dev 0.0s, primary cx4-75.105)
[14:06:24]   flexing: (3*d15,cx4-75.105@0,3)F, (cx4-75.105@1,3,cx4-75.105@0,3,3)F, (3*p1,cx4-75.105@1,3,3*p1,cx4-75.105@1,3)R2, (3,3,3,3,3,3)R6  (dev 0.0s, primary cx4-75.105)
[14:06:24]   flexing: (3*d15,cx4-75.105@0,3)F, (3*p1,cx4-75.105@1,3,3,3,3)F, (3*d15,3*p1,3,3)F, (3*d15,3*p1,3,3)F  (dev 0.0s, primary cx4-75.105)
[14:06:24]   flexing: (3*d15,cx4-75.105@0,3)F, (3*p1,cx4-75.105@1,3,3*p1,cx4-75.105@1,3)R2, (3*d15,3,3*p1,3)F, (3*d15,3,3*p1,3)F  (dev 0.0s, primary cx4-75.105)
[14:06:24]   flexing: (3*d15,cx4-75.105@0,3)F, (3*p1,cx4-75.105@1,3,3*p1,cx4-75.105@1,3)R2, (3*d15,3,3*p1,3)F, (3*d15,3*p1,3,3)F  (dev 0.0s, primary cx4-75.105)
[14:06:24]   flexing: (3*d15,cx4-75.105@0,3)F, (3*p1,cx4-75.105@1,3*p1,3,cx4-75.105@1,3)A, (3*d15,3,3*p1,3)F, (3*d15,3,3*p1,3)F  (dev 0.0s, primary cx4-75.105)
[14:06:24]   flexing: (3*d15,cx4-75.105@0,3)F, (3*p1,cx4-75.105@1,3*p1,3,cx4-75.105@1,3)A, (3*d15,3,3*p1,3)F, (3*d15,3*p1,3,3)F  (dev 0.0s, primary cx4-75.105)
[14:06:24]   flexing: (3*d14,cx4-75.105@0,cx4-75.105@0)A, (3*p2,cx4-75.105@1,3,3,cx4-75.105@1)A, (3*d15,cx4-75.105@0,3)F, (3*p1,cx4-75.105@1,cx4-75.105@1,3*p1,3,3)A  (dev 0.0s, primary cx4-75.105)
[14:06:24]   flexing: (3*d15,cx4-75.105@0,3)F, (cx4-75.105@1,cx4-75.105@0,3,3,3)F, (6*p4,3,cx4-75.105@1,3*p1,3,3)F, (6*d16,3,3)F  (dev 0.0s, primary cx4-75.105)
[14:06:24]   flexing: (3*d15,cx4-75.105@0,3)F, (6*p5,cx4-75.105@1,3,3,3)F, (3*p1,cx4-75.105@1,3,3,3,3)F, (6*d15,cx4-75.105@0,3)F  (dev 0.0s, primary cx4-75.105)
[14:06:24]   flexing: (3*d15,cx4-75.105@0,3)F, (6*p6,cx4-75.105@1,3,cx4-75.105@1)F, (3*p1,cx4-75.105@1,cx4-75.105@1,cx4-75.105@0,3)F, (6*d14,cx4-75.105@0,cx4-75.105@0)F  (dev 0.0s, primary cx4-75.105)
[14:06:24]   flexing: (4*d15,cx4-75.105@0,3)F, (cx4-75.105@1,cx4-75.105@0,3,3,3)F, (4*p3,cx4-75.105@1,3,4*p2,3,3)F, (4*d16,3,3)F  (dev 0.0s, primary cx4-75.105)
[14:06:24]   flexing: (6*d15,cx4-75.105@0,3)F, (cx4-75.105@1,cx4-75.105@0,3,3,3)F, (6*p5,cx4-75.105@1,3,3,3)F, (3,3,3,3,3,3)R3  (dev 0.0s, primary cx4-75.105)
[14:06:24]   flexing: (3*d14,cx6-90.150@1)F, (3*p2,cx6-90.150@0,cx4-75.105@0,3,cx4-75.105@1)F, (cx6-90.150@1,cx4-75.105@1,cx4-75.105@1)A, (3*p2,cx6-90.150@0,3*p2,cx6-90.150@0,3*p2,cx6-90.150@0)S3, (3*d14,cx4-75.105@0,cx4-75.105@0)A  (dev 0.0s, primary cx4-75.105)
[14:06:24]   flexing: (6*d14,cx4-75.105@0,cx4-75.105@0)A, (6*p6,cx4-75.105@1,3,cx4-75.105@1)A, (cx6-90.150@0,cx4-75.105@0,3,3,cx4-75.105@0)A, (cx6-90.150@1,cx4-75.105@1,cx4-75.105@1)A  (dev 0.0s, primary cx4-75.105)
[14:06:24]   flexing: (3*d15,cx6-105.135@1)A, (3*p1,cx6-105.135@0,3*p1,3,cx6-105.135@0,3)A, (3*d15,cx4-75.105@0,3)F, (3*p1,cx4-75.105@1,3*p1,cx4-75.105@1,3*p1,cx4-75.105@1)S3, (cx6-105.135@1,3,cx4-75.105@1,3)A  (dev 0.0s, primary cx4-75.105)
[14:06:24]   flexing: (3*d15,cx6-105.135@1)A, (3*p1,cx6-105.135@0,3*p1,cx6-105.135@0,3*p1,cx4-75.105@1)A, (3*d15,cx4-75.105@0,3)F, (3*d15,3,3*p1,3)A, (3*p1,cx6-105.135@0,3*p1,3,cx4-75.105@1,3)A, (3*d15,cx6-105.135@1)F  (dev 0.0s, primary cx4-75.105)
[14:06:24]   flexing: (3*d15,cx6-105.135@1)A, (3*p1,cx6-105.135@0,3*p1,cx6-105.135@0,3*p1,cx4-75.105@1)A, (3*d15,cx4-75.105@0,3)F, (3*p1,3,3,cx4-75.105@1,3,3)A, (3*d15,cx6-105.135@1)F, (3*d15,3*p1,cx6-105.135@0,3*p1)A  (dev 0.0s, primary cx4-75.105)
[14:06:24]   flexing: (3*d15,cx6-105.135@1)A, (3*p1,cx6-105.135@0,3*p1,cx6-105.135@0,3*p1,cx4-75.105@1)A, (3*d15,cx6-105.135@1)F, (3*p1,cx6-105.135@0,3*p1,3,cx4-75.105@1,3)A, (3*d15,3,3*p1,3)F, (3*d15,cx4-75.105@0,3)F  (dev 0.0s, primary cx4-75.105)
[14:06:24]   flexing: (3*d15,cx6-105.135@1)F, (3*d15,3*p1,cx6-105.135@0,3*p1)F, (3*d15,cx6-105.135@1)F, (3*p1,cx6-105.135@0,cx4-75.105@0,3,cx6-105.135@0)F, (cx6-105.135@1,cx4-75.105@1,3,3)F, (cx4-75.105@1,3,cx4-75.105@0,3,3)F  (dev 0.0s, primary cx4-75.105)
[14:06:24]   flexing: (3*d15,cx6-105.135@1)F, (3*d15,3*p1,cx6-105.135@0,3*p1)F, (3*d15,cx6-105.135@1)F, (3*p1,cx6-105.135@0,cx4-75.105@0,3,cx6-105.135@0)F, (cx6-105.135@1,cx4-75.105@1,3,3)F, (cx4-75.105@1,cx4-75.105@0,3,3,3)F  (dev 0.0s, primary cx4-75.105)
[14:06:24]   flexing: (3*d15,cx6-105.135@1)F, (3*d15,3*p1,cx6-105.135@0,3*p1)F, (3*d15,cx6-105.135@1)F, (3*p1,cx6-105.135@0,3*p1,cx6-105.135@0,3*p1,cx6-105.135@0)F, (3*d15,cx6-105.135@1)F, (3*d15,cx6-105.135@1)F, (3*p1,cx6-105.135@0,cx4-75.105@0,3,cx6-105.135@0)F, (3*d15,cx6-105.135@1)F, (cx6-105.135@1,cx4-75.105@1,3,3)F  (dev 0.0s, primary cx4-75.105)
[14:06:24]   flexing: (3*d15,cx6-105.135@1)F, (3*d15,3*p1,cx6-105.135@0,3*p1)F, (3*d15,cx6-105.135@1)F, (3*p1,cx6-105.135@0,cx4-75.105@0,3,cx6-105.135@0)F, (cx6-105.135@1,cx4-75.105@1,3,3)F, (cx4-75.105@1,3,cx4-75.105@0,3,3)F  (dev 0.0s, primary cx4-75.105)
[14:06:24]   flexing: (3*d15,cx6-105.135@1)F, (3*d15,3*p1,cx6-105.135@0,3*p1)F, (3*d15,cx6-105.135@1)F, (3*p1,cx6-105.135@0,cx4-75.105@0,3,cx6-105.135@0)F, (cx6-105.135@1,cx4-75.105@1,3,3)F, (cx4-75.105@1,cx4-75.105@0,3,3,3)F  (dev 0.0s, primary cx4-75.105)
[14:06:24]   flexing: (3*d15,cx6-105.135@1)F, (3*d15,3*p1,cx6-105.135@0,3*p1)F, (3*d15,cx6-105.135@1)F, (3*p1,cx6-105.135@0,3*p1,cx6-105.135@0,3*p1,cx6-105.135@0)F, (3*d15,cx6-105.135@1)F, (3*d15,cx6-105.135@1)F, (3*p1,cx6-105.135@0,cx4-75.105@0,3,cx6-105.135@0)F, (3*d15,cx6-105.135@1)F, (cx6-105.135@1,cx4-75.105@1,3,3)F  (dev 0.0s, primary cx4-75.105)
[14:06:24]   flexing: (3*d15,cx6-105.135@1)F, (3*p1,cx6-105.135@0,cx6-105.135@1,cx6-105.135@0)F, (3*d15,cx6-105.135@1)F, (3*p1,cx6-105.135@0,3*p1,cx4-75.105@1,3,3)F, (3*d15,cx4-75.105@0,3)F, (cx4-75.105@1,3,cx4-75.105@0,3,3)F  (dev 0.0s, primary cx4-75.105)
[14:06:24]   flexing: (3*d15,cx6-105.135@1)F, (3*p1,cx6-105.135@0,cx6-105.135@1,cx6-105.135@0)F, (3*d15,cx6-105.135@1)F, (3*p1,cx6-105.135@0,3*p1,cx4-75.105@1,3,3)F, (3*d15,cx4-75.105@0,3)F, (cx4-75.105@1,cx4-75.105@0,3,3,3)F  (dev 0.0s, primary cx4-75.105)
[14:06:24]   flexing: (3*d15,cx6-105.135@1)F, (3*p1,cx6-105.135@0,cx6-105.135@1,cx6-105.135@0)F, (3*d15,cx6-105.135@1)F, (3*p1,cx6-105.135@0,3*p1,cx4-75.105@1,3,3)F, (3*d15,cx4-75.105@0,3)F, (cx4-75.105@1,3,cx4-75.105@0,3,3)F  (dev 0.0s, primary cx4-75.105)
[14:06:24]   flexing: (3*d15,cx6-105.135@1)F, (3*p1,cx6-105.135@0,cx6-105.135@1,cx6-105.135@0)F, (3*d15,cx6-105.135@1)F, (3*p1,cx6-105.135@0,3*p1,cx4-75.105@1,3,3)F, (3*d15,cx4-75.105@0,3)F, (cx4-75.105@1,cx4-75.105@0,3,3,3)F  (dev 0.0s, primary cx4-75.105)
[14:06:24]   flexing: (3*d15,cx6-105.135@1)F, (3*p1,cx6-105.135@0,cx6-105.135@1,cx6-105.135@0)F, (3*d15,cx6-105.135@1)F, (3*p1,cx6-105.135@0,3*p1,cx6-105.135@0,3*p1,cx6-105.135@0)F, (3*d15,cx6-105.135@1)F, (3*d15,cx6-105.135@1)F, (3*p1,cx6-105.135@0,3*p1,cx4-75.105@1,3,3)F, (3*d15,cx6-105.135@1)F, (3*d15,cx4-75.105@0,3)F  (dev 0.0s, primary cx4-75.105)
[14:06:24]   flexing: (3*d15,cx6-105.135@1)F, (3*p1,cx6-105.135@0,cx6-105.135@1,cx6-105.135@0)F, (3*d15,cx6-105.135@1)F, (3*p1,cx6-105.135@0,3*p1,cx6-105.135@0,3*p1,cx6-105.135@0)F, (3*d15,cx6-105.135@1)F, (3*d15,cx6-105.135@1)F, (3*p1,cx6-105.135@0,3*p1,cx4-75.105@1,3,3)F, (3*d15,cx6-105.135@1)F, (3*d15,cx4-75.105@0,3)F  (dev 0.0s, primary cx4-75.105)
[14:06:24]   flexing: (3*d15,cx6-105.135@1)F, (3*p1,cx6-105.135@0,cx4-75.105@0,3,cx6-105.135@0)F, (cx6-105.135@1,cx4-75.105@1,3,3)F, (3*p1,cx6-105.135@0,3*p1,cx4-75.105@1,3,3)F, (3*d15,cx6-105.135@1)F, (3*d15,cx4-75.105@0,3)F  (dev 0.0s, primary cx4-75.105)
[14:06:24]   flexing: (3*d15,cx6-105.135@1)F, (3*p1,cx6-105.135@0,cx4-75.105@0,3,cx6-105.135@0)F, (cx6-105.135@1,cx4-75.105@1,3,3)F, (3*p1,cx6-105.135@0,3*p1,cx4-75.105@1,3,3)F, (3*d15,cx6-105.135@1)F, (3*d15,cx4-75.105@0,3)F  (dev 0.0s, primary cx4-75.105)
[14:06:24]   flexing: (3*d15,cx6-105.135@1)F, (3*p1,cx6-105.135@0,cx4-75.105@0,3,cx6-105.135@0)F, (3*p1,cx6-105.135@0,3*p1,cx4-75.105@1,3,3)F, (cx6-105.135@1,cx4-75.105@1,3,3)F, (3*d15,cx4-75.105@0,3)F, (3*d15,cx6-105.135@1)F  (dev 0.0s, primary cx4-75.105)
[14:06:24]   flexing: (3*d15,cx6-105.135@1)F, (3*p1,cx6-105.135@0,cx4-75.105@0,3,cx6-105.135@0)F, (3*p1,cx6-105.135@0,3*p1,cx4-75.105@1,3,3)F, (cx6-105.135@1,cx4-75.105@1,3,3)F, (3*d15,cx4-75.105@0,3)F, (3*d15,cx6-105.135@1)F  (dev 0.0s, primary cx4-75.105)
[14:06:24]   flexing: (3*d15,cx6-105.135@1)F, (3*p1,cx6-105.135@0,3*p1,cx4-75.105@1,3,3)F, (3*d15,cx4-75.105@0,3)F, (6*p4,3*d15,cx4-75.105@0)F, (6*d16,3*p1,cx4-75.105@1)F  (dev 0.0s, primary cx4-75.105)
[14:06:24]   flexing: (3*d15,cx6-105.135@1)A, (6*p5,cx6-105.135@0,3*p1,cx4-75.105@1,3)F, (3*d15,cx4-75.105@0,3)F, (6*d15,3,3*p1,3)A, (6*d15,cx6-105.135@1)F, (6*p5,cx6-105.135@0,6*p5,cx6-105.135@0)S2  (dev 0.0s, primary cx4-75.105)
[14:06:24]   flexing: (3*d15,cx6-105.135@1)F, (3*p1,cx6-105.135@0,3*p1,cx4-75.105@1,3,3)F, (3*d15,cx4-75.105@0,3)F, (6*d15,3*p1,3,3)F, (6*p5,3*d15,3)F  (dev 0.0s, primary cx4-75.105)
[14:06:24]   flexing: (4*d15,cx6-105.135@1)F, (4*p3,cx6-105.135@0,4*p3,cx4-75.105@1,3)F, (cx4-75.105@1,3,cx4-75.105@0,3,3)F, (4*d15,cx4-75.105@0,3)F, (3,3,3,3,3,3)R6  (dev 0.0s, primary cx4-75.105)
[14:06:24]   flexing: (6*d15,cx4-75.105@0,3)F, (cx6-105.135@1,cx4-75.105@1,3,3)F, (6*p5,cx4-75.105@1,3,3,3)F, (cx6-105.135@0,cx4-75.105@0,3,3,3)F  (dev 0.0s, primary cx4-75.105)
[14:06:24]   flexing: (6*d15,cx6-105.135@1)A, (6*p5,cx6-105.135@0,6*p5,cx4-75.105@1)A, (6*d15,cx4-75.105@0,3)F, (cx12-135.165@0,3,cx4-75.105@1,3)A, (6*p5,3,cx12-135.165@1,3)A  (dev 0.0s, primary cx4-75.105)
[14:06:24]   flexing: (3*d15,cx4-75.105@0,3)F, (cx12-135.165@0,cx4-75.105@1,3,3)F, (3*p1,cx4-75.105@1,3,3,3,3)F, (cx12-135.165@1,cx4-75.105@0,3,3)F  (dev 0.0s, primary cx4-75.105)
[14:06:24]   flexing: (3*d15,cx12-135.165@0)A, (3*p1,cx12-135.165@1,3*p1,cx4-75.105@1,3)F, (3*d15,cx4-75.105@0,3)F, (3*d15,3,3*p1,3)A, (3*d15,cx12-135.165@0)F, (3*p1,cx12-135.165@1,3*p1,cx12-135.165@1)S2  (dev 0.0s, primary cx4-75.105)
[14:06:24]   flexing: (3*d15,cx12-135.165@0)F, (3*p1,cx12-135.165@1,3*p1,cx4-75.105@1,3)F, (cx4-75.105@1,3,cx4-75.105@0,3,3)F, (3*d15,3*p1,3,3)F, (3*d15,cx4-75.105@0,3)F  (dev 0.0s, primary cx4-75.105)
[14:06:24]   flexing: (6*d15,cx4-75.105@0,3)F, (cx12-135.165@0,3,cx4-75.105@1,3)A, (6*p5,cx4-75.105@1,6*p5,cx4-75.105@1)S2, (6*p5,3,cx12-135.165@1,3)A  (dev 0.0s, primary cx4-75.105)
[14:06:24]   flexing: (6*d15,cx6-75.165@0,3)F, (cx6-75.165@1,cx6-75.165@0,3,3)F, (6*p5,cx6-75.165@1,3,3)F, (cx6-75.165@1,3,cx6-75.165@0,3)F  (dev 0.0s, primary cx6-75.165)
[14:06:24]   flexing: (3*d15,cx6-105.135@1)A, (3*p1,cx6-105.135@0,3*p1,cx6-75.165@1,3)F, (3*d15,cx6-75.165@0,3)F, (3*d15,3,3*p1,3)A, (3*d15,cx6-105.135@1)F, (3*p1,cx6-105.135@0,3*p1,cx6-105.135@0,3*p1,cx6-105.135@0)S3  (dev 0.0s, primary cx6-75.165)
[14:06:24]   flexing: (3*d15,cx6-105.135@1)A, (3*p1,cx6-105.135@0,cx6-75.165@0,3,cx6-105.135@0)F, (cx6-105.135@1,cx6-75.165@1,3)F, (cx6-105.135@1,3,cx6-105.135@0,3)A, (3*d15,cx6-105.135@1)F, (3*p1,cx6-105.135@0,3*p1,cx6-105.135@0,3*p1,cx6-105.135@0)S3  (dev 0.0s, primary cx6-75.165)
[14:06:25]   flexing: (3*d15,cx6-105.135@1)F, (3*d15,3*p1,cx6-105.135@0,3*p1)F, (3*d15,cx6-105.135@1)F, (3*p1,cx6-105.135@0,cx6-75.165@0,3,cx6-105.135@0)F, (cx6-105.135@1,cx6-75.165@1,3)F, (cx6-75.165@1,3,cx6-75.165@0,3)A  (dev 0.0s, primary cx6-75.165)
[14:06:25]   flexing: (3*d15,cx6-105.135@1)F, (3*d15,3*p1,cx6-105.135@0,3*p1)F, (3*d15,cx6-105.135@1)F, (3*p1,cx6-105.135@0,cx6-75.165@0,3,cx6-105.135@0)F, (cx6-105.135@1,cx6-75.165@1,3)F, (cx6-75.165@1,3,cx6-75.165@0,3)A  (dev 0.0s, primary cx6-75.165)
[14:06:25]   flexing: (3*d15,cx6-105.135@1)F, (3*p1,cx6-105.135@0,cx6-105.135@1,cx6-105.135@0)F, (3*d15,cx6-105.135@1)F, (3*p1,cx6-105.135@0,3*p1,cx6-75.165@1,3)F, (3*d15,cx6-75.165@0,3)F, (cx6-75.165@1,3,cx6-75.165@0,3)A  (dev 0.0s, primary cx6-75.165)
[14:06:25]   flexing: (3*d15,cx6-105.135@1)F, (3*p1,cx6-105.135@0,cx6-105.135@1,cx6-105.135@0)F, (3*d15,cx6-105.135@1)F, (3*p1,cx6-105.135@0,3*p1,cx6-75.165@1,3)F, (3*d15,cx6-75.165@0,3)F, (cx6-75.165@1,3,cx6-75.165@0,3)A  (dev 0.0s, primary cx6-75.165)
[14:06:25]   flexing: (3*d14,cx6-90.150@1)A, (6*d14,3*p2,cx6-90.150@0,3*p2)A, (6*p6,3*d14,3)F, (3*d14,3,3*p2,3)A, (6*d14,3,3*p2,3)A  (dev 0.0s, primary cx6-90.150)
[14:06:25]   flexing: (6*d14,cx6-90.150@0,3)F, (cx6-90.150@1,cx6-90.150@0,3,3)F, (6*p6,cx6-90.150@1,3,3)F, (cx6-90.150@1,3,cx6-90.150@0,3)F  (dev 0.0s, primary cx6-90.150)
[14:06:25]   flexing: (3*d15,cx6-105.135@1)A, (6*d15,3*p1,cx6-105.135@0,3*p1)A, (6*p5,3*d15,3)F, (3*d15,3,3*p1,3)A, (6*d15,3,3*p1,3)A  (dev 0.0s, primary cx6-105.135)
[14:06:25]   flexing: (3*d15,cx6-105.135@1)A, (3*p1,cx6-105.135@0,cx12-135.165@0,cx6-105.135@0)A, (cx12-135.165@1,cx6-105.135@1,3)F, (cx6-105.135@1,3,cx6-105.135@0,3)A, (cx12-135.165@0,3,cx6-105.135@0,3)A  (dev 0.0s, primary cx6-105.135)
[14:06:25]   flexing: (3*d14,cx4-60.120@0,4)F, (3*p2,cx4-60.120@1,6,4)F, (cx6-90.150@0,cx4-60.120@0,6,4)F, (cx6-90.150@1,cx4-60.120@1,4)F  (dev 0.0s, primary cx4-60.120)
[14:06:25]   flexing: (4*d15,cx4-75.105@0,cx4-60.120@0)F, (4*p3,cx4-75.105@1,4,cx4-60.120@1)F, (cx4-75.105@0,8,cx4-60.120@0,4)F, (cx4-75.105@1,cx4-60.120@1,8)F  (dev 0.0s, primary cx4-60.120)
[14:06:25]   flexing: (4*d16,cx4-60.120@1)A, (4*p2,cx4-60.120@0,cx4-60.120@1,4,cx4-60.120@0)F, (cx4-60.120@1,4,cx4-60.120@0,4)A, (cx4-60.120@1,cx4-60.120@0,cx4-60.120@1,cx4-60.120@0)Ab, (4*d16,cx4-60.120@1)F, (4*p2,cx4-60.120@0,4*p2,cx4-60.120@0,cx4-60.120@1,cx4-60.120@0)A, (4*d16,cx4-60.120@1)A  (dev 0.0s, primary cx4-60.120)
[14:06:25]   flexing: (4*d16,cx4-60.120@1)A, (4*p2,cx4-60.120@0,4*p2,cx4-60.120@0,cx4-60.120@1,cx4-60.120@0)F, (4*p2,cx4-60.120@0,4*p2,cx4-60.120@0,cx4-60.120@1,cx4-60.120@0)A, (4*d16,cx4-60.120@1)F, (4*p2,cx4-60.120@0,cx4-60.120@1,4,cx4-60.120@0)F, (4*d16,cx4-60.120@1)F, (4*d16,cx4-60.120@1)F, (4*p2,cx4-60.120@0,4*p2,cx4-60.120@0,4*p2,cx4-60.120@0,4*p2,cx4-60.120@0)Ab, (4*d16,cx4-60.120@1)F, (4*d16,cx4-60.120@1)F, (4*d16,cx4-60.120@1)A  (dev 0.1s, primary cx4-60.120)
[14:06:25]   flexing: (4*d16,cx4-60.120@1)A, (4*p2,cx4-60.120@0,4*p2,cx4-60.120@0,4*p2,cx4-60.120@0,4*p2,cx4-60.120@0)Ab, (4*d16,cx4-60.120@1)F, (4*d16,4*p2,cx4-60.120@0,4*p2)F, (4*d16,4*p2,cx4-60.120@0,4*p2)A, (4*d16,cx4-60.120@1)F, (4*d16,cx4-60.120@1)F, (4*d16,4*p2,4)F  (dev 0.0s, primary cx4-60.120)
[14:06:25]   flexing: (4*d16,cx4-60.120@1)F, (4*d16,4*p2,cx4-60.120@0,4*p2)F, (4*d16,cx4-60.120@1)F, (4*d16,4*p2,cx4-60.120@0,4*p2)F, (4*d16,4*p2,4)F, (4*d16,4*p2,4)F  (dev 0.0s, primary cx4-60.120)
[14:06:25]   flexing: (4*d16,cx4-60.120@1)F, (4*d16,4*p2,cx4-60.120@0,4*p2)F, (4*d16,cx4-60.120@1)F, (4*p2,cx4-60.120@0,4*p2,cx4-60.120@0,4*p2,cx4-60.120@0,4*p2,cx4-60.120@0)F, (4*d16,cx4-60.120@1)F, (4*d16,cx4-60.120@1)F, (4*d16,4*p2,cx4-60.120@0,4*p2)F, (4*d16,cx4-60.120@1)F, (4*d16,cx4-60.120@1)F, (4*d16,4*p2,4)F  (dev 0.0s, primary cx4-60.120)
[14:06:25]   flexing: (4*d16,cx4-60.120@1)F, (4*p2,cx4-60.120@0,cx4-60.120@1,4,cx4-60.120@0)F, (4*p2,cx4-60.120@0,4*p2,cx4-60.120@0,cx4-60.120@1,cx4-60.120@0)F, (4*d16,cx4-60.120@1)F, (4*p2,cx4-60.120@0,4*p2,cx4-60.120@0,cx4-60.120@1,cx4-60.120@0)F, (4*d16,cx4-60.120@1)F, (4*d16,cx4-60.120@1)F, (4*p2,cx4-60.120@0,4*p2,cx4-60.120@0,4*p2,cx4-60.120@0,4*p2,cx4-60.120@0)F, (4*d16,cx4-60.120@1)F, (4*d16,cx4-60.120@1)F, (4*d16,cx4-60.120@1)F, (4*d16,cx4-60.120@1)F, (4*d16,cx4-60.120@1)F  (dev 0.1s, primary cx4-60.120)
[14:06:25]   flexing: (4*d16,cx4-60.120@1)F, (4*p2,cx4-60.120@0,cx4-60.120@1,4,cx4-60.120@0)F, (cx4-60.120@1,cx4-60.120@0,4,4)F, (cx4-60.120@1,cx4-60.120@0,4,4)F, (4,4,4,4)F  (dev 0.0s, primary cx4-60.120)
[14:06:25]   flexing: (4*d16,cx4-60.120@1)F, (4*p2,cx4-60.120@0,cx4-60.120@1,4,cx4-60.120@0)F, (cx4-60.120@1,cx4-60.120@0,4,4)F, (4*p2,cx4-60.120@0,cx4-60.120@1,4,cx4-60.120@0)F, (4*p2,cx4-60.120@0,4*p2,cx4-60.120@0,cx4-60.120@1,cx4-60.120@0)F, (4*d16,cx4-60.120@1)F, (4*d16,cx4-60.120@1)F, (4*d16,cx4-60.120@1)F  (dev 0.0s, primary cx4-60.120)
[14:06:25]   flexing: (4*d16,cx4-60.120@1)F, (4*p2,cx4-60.120@0,cx4-60.120@1,4,cx4-60.120@0)F, (cx4-60.120@1,cx4-60.120@0,4,4)F, (4*p2,cx4-60.120@0,cx4-60.120@1,4,cx4-60.120@0)F, (cx4-60.120@1,cx4-60.120@0,4,4)F, (4*d16,cx4-60.120@1)F  (dev 0.0s, primary cx4-60.120)
[14:06:25]   flexing: (4*d16,cx4-60.120@1)F, (4*p2,cx4-60.120@0,cx4-60.120@1,4,cx4-60.120@0)F, (4*p2,cx4-60.120@0,cx4-60.120@1,4,cx4-60.120@0)F, (4*p2,cx4-60.120@0,4*p2,cx4-60.120@0,cx4-60.120@1,cx4-60.120@0)F, (4*d16,cx4-60.120@1)F, (4*d16,cx4-60.120@1)F, (4*p2,cx4-60.120@0,4*p2,cx4-60.120@0,cx4-60.120@1,cx4-60.120@0)F, (4*d16,cx4-60.120@1)F, (4*d16,cx4-60.120@1)F, (4*d16,cx4-60.120@1)F  (dev 0.0s, primary cx4-60.120)
[14:06:25]   flexing: (4*d16,cx4-60.120@1)F, (4*p2,cx4-60.120@0,cx4-60.120@1,4,cx4-60.120@0)F, (cx4-60.120@1,cx4-60.120@0,4,4)F, (4*p4,cx4-60.120@1,4,4)F, (4*d14,cx4-60.120@0,4)F  (dev 0.0s, primary cx4-60.120)
[14:06:25]   flexing: (4*d14,cx4-60.120@0,4)F, (4*p4,cx4-60.120@1,4,4)F, (cx4-60.120@1,cx4-60.120@0,4,4)F, (4,4,4,4)F  (dev 0.0s, primary cx4-60.120)
[14:06:25]   flexing: (4*d14,4*p4,4)F, (4*d14,cx4-60.120@0,4)F, (cx4-60.120@1,cx4-60.120@0,4,4)F, (4*p4,cx4-60.120@1,4,4)F  (dev 0.0s, primary cx4-60.120)
[14:06:25]   flexing: (4*d16,cx4-60.120@1)A, (4*p2,cx4-60.120@0,cx4-75.105@1,cx4-75.105@1,cx4-60.120@0)A, (cx4-75.105@0,cx4-60.120@1,cx4-75.105@0,4)A, (4*p4,cx4-75.105@1,4,cx4-75.105@1)A, (4*d14,cx4-75.105@0,cx4-75.105@0)A  (dev 0.0s, primary cx4-60.120)
[14:06:25]   flexing: (3*d14,cx6-90.150@1)F, (3*p2,cx6-90.150@0,3*p2,cx4-60.120@1,4)F, (3*d14,cx4-60.120@0,4)F, (3*d14,cx6-90.150@1)F, (3*p2,cx6-90.150@0,cx4-75.105@0,cx4-75.105@0,cx6-90.150@0)F, (cx6-90.150@1,cx4-75.105@1,cx4-75.105@1)F  (dev 0.0s, primary cx4-60.120)
[14:06:25]   flexing: (3*d14,cx6-90.150@1)F, (3*p2,cx6-90.150@0,3*p2,cx4-60.120@1,4)F, (3*d14,cx4-60.120@0,4)F, (3*d14,cx6-90.150@1)F, (3*p2,cx6-90.150@0,cx4-75.105@0,cx4-75.105@0,cx6-90.150@0)F, (cx6-90.150@1,cx4-75.105@1,cx4-75.105@1)F  (dev 0.0s, primary cx4-60.120)
[14:06:25]   flexing: (3*d14,cx6-90.150@1)F, (3*p2,cx6-90.150@0,3*p2,cx4-75.105@1,cx4-75.105@1)F, (3*d14,cx4-75.105@0,cx4-75.105@0)F, (3*d14,cx6-90.150@1)F, (3*p2,cx6-90.150@0,cx4-60.120@0,4,cx6-90.150@0)F, (cx6-90.150@1,cx4-60.120@1,4)F  (dev 0.0s, primary cx4-60.120)
[14:06:25]   flexing: (3*d14,cx6-90.150@1)F, (3*p2,cx6-90.150@0,3*p2,cx4-75.105@1,cx4-75.105@1)F, (3*d14,cx4-75.105@0,cx4-75.105@0)F, (3*d14,cx6-90.150@1)F, (3*p2,cx6-90.150@0,cx4-60.120@0,4,cx6-90.150@0)F, (cx6-90.150@1,cx4-60.120@1,4)F  (dev 0.0s, primary cx4-60.120)
[14:06:25]   flexing: (3*d14,cx6-90.150@1)F, (3*d14,3*p2,cx6-90.150@0,3*p2)F, (3*d14,cx6-90.150@1)F, (3*p2,cx6-90.150@0,cx4-60.120@0,4,cx6-90.150@0)F, (cx6-90.150@1,cx4-60.120@1,4)F, (cx4-60.120@1,4,cx4-60.120@0,4)F  (dev 0.0s, primary cx4-60.120)
[14:06:25]   flexing: (3*d14,cx6-90.150@1)F, (3*d14,3*p2,cx6-90.150@0,3*p2)F, (3*d14,cx6-90.150@1)F, (3*p2,cx6-90.150@0,cx4-60.120@0,4,cx6-90.150@0)F, (cx6-90.150@1,cx4-60.120@1,4)F, (cx4-60.120@1,cx4-60.120@0,4,4)F  (dev 0.0s, primary cx4-60.120)
[14:06:25]   flexing: (3*d14,cx6-90.150@1)F, (3*d14,3*p2,cx6-90.150@0,3*p2)F, (3*d14,cx6-90.150@1)F, (3*p2,cx6-90.150@0,3*p2,cx6-90.150@0,3*p2,cx6-90.150@0)F, (3*d14,cx6-90.150@1)F, (3*d14,cx6-90.150@1)F, (3*p2,cx6-90.150@0,cx4-60.120@0,4,cx6-90.150@0)F, (3*d14,cx6-90.150@1)F, (cx6-90.150@1,cx4-60.120@1,4)F  (dev 0.0s, primary cx4-60.120)
[14:06:25]   flexing: (3*d14,cx6-90.150@1)F, (3*d14,3*p2,cx6-90.150@0,3*p2)F, (3*d14,cx6-90.150@1)F, (3*p2,cx6-90.150@0,cx4-60.120@0,4,cx6-90.150@0)F, (cx6-90.150@1,cx4-60.120@1,4)F, (cx4-60.120@1,4,cx4-60.120@0,4)F  (dev 0.0s, primary cx4-60.120)
[14:06:25]   flexing: (3*d14,cx6-90.150@1)F, (3*d14,3*p2,cx6-90.150@0,3*p2)F, (3*d14,cx6-90.150@1)F, (3*p2,cx6-90.150@0,cx4-60.120@0,4,cx6-90.150@0)F, (cx6-90.150@1,cx4-60.120@1,4)F, (cx4-60.120@1,cx4-60.120@0,4,4)F  (dev 0.0s, primary cx4-60.120)
[14:06:25]   flexing: (3*d14,cx6-90.150@1)F, (3*d14,3*p2,cx6-90.150@0,3*p2)F, (3*d14,cx6-90.150@1)F, (3*p2,cx6-90.150@0,3*p2,cx6-90.150@0,3*p2,cx6-90.150@0)F, (3*d14,cx6-90.150@1)F, (3*d14,cx6-90.150@1)F, (3*p2,cx6-90.150@0,cx4-60.120@0,4,cx6-90.150@0)F, (3*d14,cx6-90.150@1)F, (cx6-90.150@1,cx4-60.120@1,4)F  (dev 0.0s, primary cx4-60.120)
[14:06:25]   flexing: (3*d14,cx6-90.150@1)F, (3*p2,cx6-90.150@0,cx6-90.150@1,cx6-90.150@0)F, (3*d14,cx6-90.150@1)F, (3*p2,cx6-90.150@0,3*p2,cx4-60.120@1,4)F, (3*d14,cx4-60.120@0,4)F, (cx4-60.120@1,4,cx4-60.120@0,4)F  (dev 0.0s, primary cx4-60.120)
[14:06:25]   flexing: (3*d14,cx6-90.150@1)F, (3*p2,cx6-90.150@0,cx6-90.150@1,cx6-90.150@0)F, (3*d14,cx6-90.150@1)F, (3*p2,cx6-90.150@0,3*p2,cx4-60.120@1,4)F, (3*d14,cx4-60.120@0,4)F, (cx4-60.120@1,cx4-60.120@0,4,4)F  (dev 0.0s, primary cx4-60.120)
[14:06:25]   flexing: (3*d14,cx6-90.150@1)F, (3*p2,cx6-90.150@0,cx6-90.150@1,cx6-90.150@0)F, (3*d14,cx6-90.150@1)F, (3*p2,cx6-90.150@0,3*p2,cx4-60.120@1,4)F, (3*d14,cx4-60.120@0,4)F, (cx4-60.120@1,4,cx4-60.120@0,4)F  (dev 0.0s, primary cx4-60.120)
[14:06:25]   flexing: (3*d14,cx6-90.150@1)F, (3*p2,cx6-90.150@0,cx6-90.150@1,cx6-90.150@0)F, (3*d14,cx6-90.150@1)F, (3*p2,cx6-90.150@0,3*p2,cx4-60.120@1,4)F, (3*d14,cx4-60.120@0,4)F, (cx4-60.120@1,cx4-60.120@0,4,4)F  (dev 0.0s, primary cx4-60.120)
[14:06:25]   flexing: (3*d14,cx6-90.150@1)F, (3*p2,cx6-90.150@0,cx6-90.150@1,cx6-90.150@0)F, (3*d14,cx6-90.150@1)F, (3*p2,cx6-90.150@0,3*p2,cx6-90.150@0,3*p2,cx6-90.150@0)F, (3*d14,cx6-90.150@1)F, (3*d14,cx6-90.150@1)F, (3*p2,cx6-90.150@0,3*p2,cx4-60.120@1,4)F, (3*d14,cx6-90.150@1)F, (3*d14,cx4-60.120@0,4)F  (dev 0.0s, primary cx4-60.120)
[14:06:25]   flexing: (3*d14,cx6-90.150@1)F, (3*p2,cx6-90.150@0,cx6-90.150@1,cx6-90.150@0)F, (3*d14,cx6-90.150@1)F, (3*p2,cx6-90.150@0,3*p2,cx6-90.150@0,3*p2,cx6-90.150@0)F, (3*d14,cx6-90.150@1)F, (3*d14,cx6-90.150@1)F, (3*p2,cx6-90.150@0,3*p2,cx4-60.120@1,4)F, (3*d14,cx6-90.150@1)F, (3*d14,cx4-60.120@0,4)F  (dev 0.0s, primary cx4-60.120)
[14:06:25]   flexing: (3*d14,cx6-90.150@1)F, (3*p2,cx6-90.150@0,3*p2,cx4-60.120@1,4)F, (3*d14,cx4-60.120@0,4)F, (3*d14,cx6-90.150@1)F, (3*p2,cx6-90.150@0,cx4-60.120@0,4,cx6-90.150@0)F, (cx6-90.150@1,cx4-60.120@1,4)F  (dev 0.0s, primary cx4-60.120)
[14:06:25]   flexing: (3*d14,cx6-90.150@1)F, (3*p2,cx6-90.150@0,3*p2,cx4-60.120@1,4)F, (3*d14,cx4-60.120@0,4)F, (3*d14,cx6-90.150@1)F, (3*p2,cx6-90.150@0,cx4-60.120@0,4,cx6-90.150@0)F, (cx6-90.150@1,cx4-60.120@1,4)F  (dev 0.0s, primary cx4-60.120)
[14:06:25]   flexing: (3*d14,cx6-90.150@1)F, (3*p2,cx6-90.150@0,3*p2,cx4-60.120@1,4)F, (3*d14,cx4-60.120@0,4)F, (cx6-90.150@1,cx4-60.120@1,4)F, (3*p2,cx6-90.150@0,cx4-60.120@0,4,cx6-90.150@0)F, (3*d14,cx6-90.150@1)F  (dev 0.0s, primary cx4-60.120)
[14:06:25]   flexing: (3*d14,cx6-90.150@1)F, (3*p2,cx6-90.150@0,3*p2,cx4-60.120@1,4)F, (3*d14,cx4-60.120@0,4)F, (cx6-90.150@1,cx4-60.120@1,4)F, (3*p2,cx6-90.150@0,cx4-60.120@0,4,cx6-90.150@0)F, (3*d14,cx6-90.150@1)F  (dev 0.0s, primary cx4-60.120)
[14:06:25]   flexing: (3*d14,cx6-90.150@1)F, (3*p2,cx6-90.150@0,3*p2,cx4-60.120@1,4)F, (3*d14,cx4-60.120@0,4)F, (6*p2,4,3*p2,cx4-60.120@1,4)F, (3*d14,cx4-60.120@0,4)F, (6*d18,4)F  (dev 0.0s, primary cx4-60.120)
[14:06:25]   flexing: (3*d14,cx6-90.150@1)F, (3*p2,cx6-90.150@0,cx4-60.120@0,4,cx6-90.150@0)F, (cx6-90.150@1,cx4-60.120@1,4)F, (6*p2,4,cx6-90.150@0,cx4-60.120@0,4)F, (cx6-90.150@1,cx4-60.120@1,4)F, (6*d18,4)F  (dev 0.0s, primary cx4-60.120)
[14:06:25]   flexing: (3*d14,cx6-90.150@1)F, (3*p2,cx6-90.150@0,3*p2,cx4-60.120@1,4)F, (3*d14,cx4-60.120@0,4)F, (6*d16,3*p2,4)F, (6*p4,3*d14,4)F  (dev 0.0s, primary cx4-60.120)
[14:06:25]   flexing: (3*d14,cx6-90.150@1)F, (3*p2,cx6-90.150@0,cx4-60.120@0,4,cx6-90.150@0)F, (cx6-90.150@1,cx4-60.120@1,4)F, (6*p4,cx4-60.120@0,cx6-90.150@0,4,cx4-60.120@0)F, (cx6-90.150@1,cx4-60.120@1,4)F, (6*d16,cx4-60.120@1)F  (dev 0.0s, primary cx4-60.120)
[14:06:25]   flexing: (3*d14,cx6-90.150@1)F, (3*p2,cx6-90.150@0,3*p2,cx4-60.120@1,4)F, (6*p6,3*d14,cx4-60.120@0)F, (6*d14,3*p2,cx4-60.120@1)F, (3*d14,cx4-60.120@0,4)F  (dev 0.0s, primary cx4-60.120)
[14:06:26]   flexing: (3*d14,cx6-90.150@1)F, (3*p2,cx6-90.150@0,cx4-60.120@0,4,cx6-90.150@0)F, (6*p6,cx6-90.150@1,cx4-60.120@1)F, (6*d14,cx6-90.150@0,cx4-60.120@0)F, (cx6-90.150@1,cx4-60.120@1,4)F  (dev 0.0s, primary cx4-60.120)
[14:06:26]   flexing: (4*d16,cx4-60.120@0,cx4-60.120@0)A, (4*p2,cx4-60.120@1,4,cx4-60.120@1)A, (cx8-120.150@1,cx4-60.120@0,4,cx4-60.120@0)A, (cx8-120.150@0,cx4-60.120@1,cx4-60.120@1)A  (dev 0.0s, primary cx4-60.120)
[14:06:26]   flexing: (4*d16,cx4-60.120@1)F, (4*d16,4*p2,cx4-60.120@0,4*p2)F, (4*d16,cx4-60.120@1)F, (4*p2,cx8-120.150@1,4*p2,cx4-60.120@0,4*p2,cx4-60.120@0)F, (4*d16,cx4-60.120@1)F, (4*d16,4*p2,cx4-60.120@0,4*p2)F, (4*d16,cx4-60.120@1)F, (4*d16,4*p2,4)F, (4*d16,cx8-120.150@0)F  (dev 0.0s, primary cx4-60.120)
[14:06:26]   flexing: (4*d16,cx4-60.120@1)F, (4*p2,cx8-120.150@1,cx4-60.120@1,cx4-60.120@0)F, (4*p2,cx8-120.150@1,cx8-120.150@0,cx4-60.120@0)F, (4*d16,cx8-120.150@0)F, (cx8-120.150@1,cx8-120.150@0,4)F, (cx8-120.150@1,cx8-120.150@0,4)F  (dev 0.0s, primary cx4-60.120)
[14:06:26]   flexing: (4*d16,cx4-60.120@1)F, (4*p2,cx8-120.150@1,cx4-60.120@1,cx4-60.120@0)F, (4*p2,cx8-120.150@1,cx8-120.150@0,cx4-60.120@0)F, (4*d16,cx8-120.150@0)F, (4*p2,cx8-120.150@1,4*p2,cx8-120.150@1)F, (4*d16,cx8-120.150@0)F, (4*d16,cx8-120.150@0)F, (cx8-120.150@1,cx8-120.150@0,4)F  (dev 0.0s, primary cx4-60.120)
[14:06:26]   flexing: (4*d16,cx4-60.120@1)F, (4*p2,cx8-120.150@1,cx4-60.120@1,cx4-60.120@0)F, (4*p2,cx8-120.150@1,cx8-120.150@0,cx4-60.120@0)F, (4*d16,cx8-120.150@0)F, (4*p2,cx8-120.150@1,4*p2,cx4-60.120@0,4*p2,cx4-60.120@0)F, (4*d16,cx4-60.120@1)F, (4*d16,cx8-120.150@0)F, (4*d16,cx4-60.120@1)F, (cx8-120.150@1,cx8-120.150@0,4)F  (dev 0.0s, primary cx4-60.120)
[14:06:26]   flexing: (4*d16,cx4-60.120@1)F, (4*p2,cx8-120.150@1,cx4-60.120@1,cx4-60.120@0)F, (4*p2,cx4-60.120@0,cx4-60.120@1,4,cx4-60.120@0)F, (4*p2,cx8-120.150@1,cx8-120.150@0,cx4-60.120@0)F, (4*d16,cx4-60.120@1)F, (4*d16,cx8-120.150@0)F, (4*p2,cx8-120.150@1,4*p2,cx8-120.150@1)F, (4*d16,cx8-120.150@0)F, (4*d16,cx8-120.150@0)F  (dev 0.0s, primary cx4-60.120)
[14:06:26]   flexing: (4*d16,cx4-60.120@1)F, (4*p2,cx8-120.150@1,cx4-60.120@1,cx4-60.120@0)F, (4*p2,cx4-60.120@0,cx4-60.120@1,4,cx4-60.120@0)F, (4*p2,cx4-60.120@0,cx4-60.120@1,4,cx4-60.120@0)F, (4*p2,cx8-120.150@1,cx8-120.150@0,cx4-60.120@0)F, (4*d16,cx4-60.120@1)F, (4*d16,cx4-60.120@1)F, (4*d16,cx8-120.150@0)F  (dev 0.0s, primary cx4-60.120)
[14:06:26]   flexing: (4*d16,cx4-60.120@1)F, (4*p2,cx4-60.120@0,cx4-60.120@1,4,cx4-60.120@0)F, (4*p2,cx4-60.120@0,4*p2,cx4-60.120@0,cx4-60.120@1,cx4-60.120@0)F, (4*d16,cx4-60.120@1)F, (4*p2,cx4-60.120@0,4*p2,cx4-60.120@0,cx4-60.120@1,cx4-60.120@0)F, (4*d16,cx4-60.120@1)F, (4*d16,cx4-60.120@1)F, (4*p2,cx8-120.150@1,4*p2,cx4-60.120@0,4*p2,cx4-60.120@0)F, (4*d16,cx4-60.120@1)F, (4*d16,cx4-60.120@1)F, (4*d16,cx4-60.120@1)F, (4*d16,cx8-120.150@0)F  (dev 0.0s, primary cx4-60.120)
[14:06:26]   flexing: (4*d16,cx4-60.120@1)F, (4*p2,cx4-60.120@0,cx4-60.120@1,4,cx4-60.120@0)F, (cx8-120.150@1,cx4-60.120@1,4)F, (4*p2,cx4-60.120@0,cx8-120.150@0,4,cx4-60.120@0)F, (cx8-120.150@1,cx8-120.150@0,4)F, (4*d16,cx4-60.120@1)F  (dev 0.0s, primary cx4-60.120)
[14:06:26]   flexing: (4*d16,cx4-60.120@1)F, (4*p2,cx4-60.120@0,cx4-60.120@1,4,cx4-60.120@0)F, (cx8-120.150@1,cx4-60.120@1,4)F, (4*p2,cx4-60.120@0,cx8-120.150@0,4,cx4-60.120@0)F, (4*p2,cx4-60.120@0,cx4-60.120@1,4,cx4-60.120@0)F, (4*d16,cx4-60.120@1)F, (4*d16,cx4-60.120@1)F  (dev 0.0s, primary cx4-60.120)
[14:06:26]   flexing: (4*d16,cx4-60.120@1)F, (4*p2,cx4-60.120@0,cx8-120.150@0,4,cx4-60.120@0)F, (cx8-120.150@1,cx4-60.120@1,4)F, (cx8-120.150@1,cx8-120.150@0,4)F, (cx8-120.150@1,cx8-120.150@0,4)F  (dev 0.0s, primary cx4-60.120)
[14:06:26]   flexing: (4*d14,cx4-60.120@0,4)F, (4*p4,cx4-60.120@1,4,4)F, (cx8-120.150@0,cx4-60.120@0,4,4)F, (cx8-120.150@1,cx4-60.120@1,4)F  (dev 0.0s, primary cx4-60.120)
[14:06:26]   flexing: (4*d14,cx8-120.150@1)A, (4*p4,cx8-120.150@0,4,4)F, (cx8-120.150@1,cx4-60.120@1,4)F, (4*d14,cx4-60.120@0,4)F, (4*p4,cx8-120.150@0,cx4-60.120@0,cx4-60.120@1)F, (4*d14,cx8-120.150@1)A  (dev 0.0s, primary cx4-60.120)
[14:06:26]   flexing: (4*d14,cx8-120.150@1)F, (4*p4,cx8-120.150@0,4,4)F, (cx8-120.150@1,cx4-60.120@1,4)F, (4*d14,cx4-60.120@0,4)F, (4*p4,cx8-120.150@0,cx4-60.120@0,cx4-60.120@1)F  (dev 0.0s, primary cx4-60.120)
[14:06:26]   flexing: (4*d14,cx8-120.150@1)F, (4*p4,cx8-120.150@0,4*p4,cx4-60.120@1)A, (4*d14,cx4-60.120@0,4)F, (4*p4,4,cx4-60.120@1,4)A, (4*p4,cx8-120.150@0,4*p4,cx8-120.150@0)S2  (dev 0.0s, primary cx4-60.120)
[14:06:26]   flexing: (4*d14,cx8-120.150@1)F, (4*p4,cx8-120.150@0,4*p4,cx8-120.150@0)S2, (4*p4,cx8-120.150@0,cx4-60.120@0,cx8-120.150@0)A, (cx8-120.150@1,cx4-60.120@1,4)F, (cx8-120.150@0,4,cx4-60.120@0,4)A  (dev 0.0s, primary cx4-60.120)
[14:06:26]   flexing: (4*d14,cx4-75.105@0,cx4-75.105@0)A, (4*p4,cx4-75.105@1,4,cx4-75.105@1)A, (cx8-120.150@0,cx4-75.105@0,4,cx4-75.105@0)A, (cx8-120.150@1,cx4-75.105@1,cx4-75.105@1)A  (dev 0.0s, primary cx4-75.105)
[14:06:26]   flexing: (3*d15,3*p1,6)F, (3*d15,3*p1,cx4-60.120@1)F, (3*d15,3*p1,cx4-60.120@0,cx4-60.120@0)F, (cx4-60.120@1,cx4-60.120@1,cx4-60.120@1)R3  (dev 0.0s, primary 3*1)
[14:06:26]   flexing: (3*d15,3*p1,6)F, (3*d15,3*p1,cx4-60.120@0,cx4-60.120@0)F, (3*d15,3*p1,cx4-60.120@1)F, (cx4-60.120@1,cx4-60.120@1,cx4-60.120@1)R3  (dev 0.0s, primary 3*1)
[14:06:26]   flexing: (3*d14,3*p2,6)F, (3*d14,3*p2,cx4-60.120@1)F, (3*d14,3*p2,cx4-60.120@0,cx4-60.120@0)F, (cx4-60.120@1,cx4-60.120@1,cx4-60.120@1)R3  (dev 0.0s, primary 3*2)
[14:06:26]   flexing: (3*d14,3*p2,6)F, (3*d14,3*p2,cx4-60.120@0,cx4-60.120@0)F, (3*d14,3*p2,cx4-60.120@1)F, (cx4-60.120@1,cx4-60.120@1,cx4-60.120@1)R3  (dev 0.0s, primary 3*2)
[14:06:26]   flexing: (3*d15,cx4-75.105@0,cx4-60.120@0)F, (3*p1,cx4-75.105@1,cx4-60.120@1,cx4-60.120@1)F, (cx4-75.105@1,cx4-75.105@0,cx4-60.120@0,cx4-60.120@1)F, (cx4-60.120@1,cx4-60.120@0,cx4-60.120@0,6)F  (dev 0.0s, primary cx4-75.105)
[14:06:26]   flexing: (3*d15,cx4-75.105@0,cx4-60.120@0)F, (3*p1,cx4-75.105@1,6,cx4-60.120@1)F, (cx6-105.135@0,cx4-75.105@0,6,cx4-60.120@0)F, (cx6-105.135@1,cx4-75.105@1,cx4-60.120@1)F  (dev 0.0s, primary cx4-60.120)
[14:06:26]   flexing: (6*d15,cx6-105.135@1)F, (6*p5,cx6-105.135@0,cx4-75.105@0,cx6-105.135@0)F, (cx6-105.135@1,cx4-75.105@1,6)F, (cx6-105.135@0,cx4-60.120@0,cx4-75.105@0,6)F, (cx6-105.135@1,cx4-75.105@1,cx4-60.120@1)F  (dev 0.0s, primary cx4-75.105)
[14:06:26]   flexing: (3*d15,cx6-75.165@0,cx4-60.120@0)F, (cx6-75.165@1,cx6-75.165@0,cx4-60.120@1)F, (3*p1,cx6-75.165@1,cx4-60.120@0,cx4-60.120@1)F, (cx6-75.165@1,cx6-75.165@0,6)F  (dev 0.0s, primary cx6-75.165)
[14:06:26]   flexing: (3*d15,3*p1,6)F, (3*d15,3*p1,cx4-60.120@1)F, (3*p1,cx6-75.165@1,cx4-60.120@1,cx4-60.120@0)F, (3*d15,cx6-75.165@0,cx4-60.120@0)F  (dev 0.0s, primary cx6-75.165)
[14:06:27]   flexing: (3*d14,3*p2,6)F, (3*d14,3*p2,cx4-60.120@1)F, (3*p2,cx6-90.150@1,cx4-60.120@1,cx4-60.120@0)F, (3*d14,cx6-90.150@0,cx4-60.120@0)F  (dev 0.0s, primary cx6-90.150)
[14:06:27]   flexing: (3*d14,cx6-90.150@0,cx4-60.120@0)F, (cx6-90.150@1,cx6-90.150@0,cx4-60.120@1)F, (3*p2,cx6-90.150@1,cx4-60.120@0,cx4-60.120@1)F, (cx6-90.150@1,cx6-90.150@0,6)F  (dev 0.0s, primary cx6-90.150)
[14:06:27]   flexing: (3*d14,cx4-75.105@0,cx4-75.105@0)A, (3*p2,cx4-75.105@1,6,cx4-75.105@1)A, (cx6-90.150@0,cx4-75.105@0,6,cx4-75.105@0)A, (cx6-90.150@1,cx4-75.105@1,cx4-75.105@1)A  (dev 0.0s, primary cx4-75.105)
[14:06:27]   flexing: (3*d14,cx6-90.150@1)F, (3*d14,3*p2,cx6-90.150@0,3*p2)F, (3*d14,3*p2,cx6-90.150@0,3*p2)F, (3*d14,cx6-90.150@1)F, (3*p2,cx6-90.150@0,3*p2,cx6-90.150@0,3*p2,cx6-90.150@0)R3, (3*d14,cx6-90.150@1)F, (3*d14,3*p2,6)F  (dev 0.0s, primary cx6-90.150)
[14:06:27]   flexing: (3*d14,cx6-90.150@1)F, (3*p2,cx6-90.150@0,cx6-90.150@1,cx6-90.150@0)F, (3*d14,cx6-90.150@1)F, (3*p2,cx6-90.150@0,cx6-90.150@1,cx6-90.150@0)F, (3*d14,cx6-90.150@1)F, (3*p2,cx6-90.150@0,3*p2,cx6-90.150@0,3*p2,cx6-90.150@0)R3, (cx6-90.150@1,cx6-90.150@0,6)F  (dev 0.0s, primary cx6-90.150)
[14:06:27]   flexing: (3*d15,cx6-105.135@1)F, (3*d15,3*p1,cx6-105.135@0,3*p1)F, (3*d15,3*p1,cx6-105.135@0,3*p1)F, (3*d15,cx6-105.135@1)F, (3*p1,cx6-105.135@0,3*p1,cx6-105.135@0,3*p1,cx6-105.135@0)R3, (3*d15,cx6-105.135@1)F, (3*d15,3*p1,6)F  (dev 0.0s, primary cx6-105.135)
[14:06:27]   flexing: (3*d15,cx6-105.135@1)F, (3*p1,cx6-105.135@0,cx6-105.135@1,cx6-105.135@0)F, (3*d15,cx6-105.135@1)F, (3*p1,cx6-105.135@0,cx6-105.135@1,cx6-105.135@0)F, (3*d15,cx6-105.135@1)F, (3*p1,cx6-105.135@0,3*p1,cx6-105.135@0,3*p1,cx6-105.135@0)R3, (cx6-105.135@1,cx6-105.135@0,6)F  (dev 0.0s, primary cx6-105.135)
[14:06:27]   flexing: (4*d15,8)A, (4*p3,cx4-60.120@1,cx4-60.120@0,8)F, (4*d15,cx4-75.105@0,cx4-60.120@0)F, (cx4-75.105@1,cx4-60.120@1,8)F, (4*p3,cx4-75.105@1,cx4-75.105@0,8)F, (4*d15,8)A  (dev 0.0s, primary cx4-60.120)
[14:06:27]   flexing: (4*d15,8)F, (4*p3,cx4-60.120@1,cx4-60.120@0,8)F, (4*d15,cx4-75.105@0,cx4-60.120@0)F, (cx4-75.105@1,cx4-60.120@1,8)F, (4*p3,cx4-75.105@1,cx4-75.105@0,8)F  (dev 0.0s, primary cx4-60.120)
[14:06:27]   flexing: (4*d16,cx4-60.120@1)F, (4*p2,cx4-60.120@0,cx4-75.105@0,8,cx4-60.120@0)F, (cx4-75.105@1,cx4-60.120@1,8)F, (cx8-120.150@1,cx4-75.105@0,8)F, (cx8-120.150@0,cx4-75.105@1,8)F  (dev 0.0s, primary cx4-60.120)
[14:06:27]   flexing: (4*d16,cx4-60.120@1)A, (4*d16,4*p2,cx4-60.120@0,4*p2)A, (4*d16,4*p2,cx4-60.120@0,4*p2)A, (4*d16,cx4-60.120@1)F, (4*p2,cx4-60.120@0,4*p2,cx4-60.120@0,cx4-60.120@1,cx4-60.120@0)A, (4*d16,cx4-60.120@1)A, (cx4-60.120@1,cx4-60.120@0,cx4-60.120@1,cx4-60.120@0)S2  (dev 0.0s, primary cx4-60.120)
[14:06:27]   flexing: (4*d16,cx4-60.120@1)A, (4*d16,4*p2,cx4-60.120@0,4*p2)A, (4*d16,4*p2,cx4-60.120@0,4*p2)A, (4*d16,cx4-60.120@1)F, (4*p2,cx4-60.120@0,4*p2,cx4-60.120@0,cx4-60.120@1,cx4-60.120@0)A, (4*d16,cx4-60.120@1)A, (cx4-60.120@1,cx4-60.120@0,cx4-60.120@1,cx4-60.120@0)Aa  (dev 0.0s, primary cx4-60.120)
[14:06:27]   flexing: (4*d16,cx4-60.120@1)A, (4*d16,4*p2,cx4-60.120@0,4*p2)A, (4*d16,4*p2,cx4-60.120@0,4*p2)A, (4*d16,cx4-60.120@1)F, (4*p2,cx4-60.120@0,4*p2,cx4-60.120@0,cx4-60.120@1,cx4-60.120@0)A, (4*d16,cx4-60.120@1)A, (4*p2,cx4-60.120@0,4*p2,cx4-60.120@0,cx4-60.120@1,cx4-60.120@0)A, (4*d16,cx4-60.120@1)A, (4*d16,cx4-60.120@1)A  (dev 0.0s, primary cx4-60.120)
[14:06:27]   flexing: (4*d16,cx4-60.120@1)A, (4*d16,4*p2,cx4-60.120@0,4*p2)A, (4*d16,4*p2,cx4-60.120@0,4*p2)A, (4*d16,cx4-60.120@1)F, (4*p2,cx4-60.120@0,4*p2,cx4-60.120@0,4*p2,cx4-60.120@0,4*p2,cx4-60.120@0)Ab, (4*d16,cx4-60.120@1)A, (4*d16,cx4-60.120@1)A, (4*d16,cx4-60.120@1)F, (4*d16,4*p2,cx4-60.120@0,4*p2)A  (dev 0.0s, primary cx4-60.120)
[14:06:27]   flexing: (4*d16,cx4-60.120@1)A, (4*d16,4*p2,cx4-60.120@0,4*p2)A, (4*d16,4*p2,cx4-60.120@0,4*p2)A, (4*d16,cx4-60.120@1)F, (4*p2,cx4-60.120@0,4*p2,cx4-60.120@0,4*p2,cx4-60.120@0,4*p2,cx4-60.120@0)Ab, (4*d16,cx4-60.120@1)A, (4*d16,cx4-60.120@1)A, (4*d16,cx4-60.120@1)F, (4*p2,cx4-60.120@0,4*p2,cx4-60.120@0,cx4-60.120@1,cx4-60.120@0)A, (4*d16,cx4-60.120@1)A  (dev 0.0s, primary cx4-60.120)
[14:06:27]   flexing: (4*d16,cx4-60.120@1)A, (4*d16,4*p2,cx4-60.120@0,4*p2)A, (4*d16,4*p2,cx4-60.120@0,4*p2)A, (4*d16,cx4-60.120@1)F, (4*p2,cx4-60.120@0,4*p2,cx4-60.120@0,4*p2,cx4-60.120@0,4*p2,cx4-60.120@0)Ab, (4*d16,cx4-60.120@1)A, (4*d16,cx4-60.120@1)A, (4*d16,cx4-60.120@1)F, (4*p2,cx4-60.120@0,4*p2,cx4-60.120@0,4*p2,cx4-60.120@0,4*p2,cx4-60.120@0)S2b, (4*d16,cx4-60.120@1)A  (dev 0.0s, primary cx4-60.120)
[14:06:27]   flexing: (4*d16,cx4-60.120@1)A, (4*d16,4*p2,cx4-60.120@0,4*p2)A, (4*d16,4*p2,cx4-60.120@0,4*p2)A, (4*d16,cx4-60.120@1)F, (4*p2,cx4-60.120@0,4*p2,cx4-60.120@0,4*p2,cx4-60.120@0,4*p2,cx4-60.120@0)Ab, (4*d16,cx4-60.120@1)A, (4*d16,cx4-60.120@1)A, (4*d16,cx4-60.120@1)F, (4*p2,cx4-60.120@0,4*p2,cx4-60.120@0,4*p2,cx4-60.120@0,4*p2,cx4-60.120@0)Ab, (4*d16,cx4-60.120@1)A, (4*d16,cx4-60.120@1)A, (4*d16,cx4-60.120@1)A  (dev 0.0s, primary cx4-60.120)
[14:06:27]   flexing: (4*d16,cx4-60.120@1)A, (4*p2,cx4-60.120@0,4*p2,cx4-60.120@0,cx4-60.120@1,cx4-60.120@0)A, (4*d16,cx4-60.120@1)A, (cx4-60.120@1,cx4-60.120@0,cx4-60.120@1,cx4-60.120@0)Aa, (cx4-60.120@1,cx4-60.120@0,cx4-60.120@1,cx4-60.120@0)Aa, (cx4-60.120@1,cx4-60.120@0,cx4-60.120@1,cx4-60.120@0)S2  (dev 0.0s, primary cx4-60.120)
[14:06:27]   flexing: (4*d16,cx4-60.120@1)A, (4*p2,cx4-60.120@0,4*p2,cx4-60.120@0,cx4-60.120@1,cx4-60.120@0)A, (4*d16,cx4-60.120@1)A, (cx4-60.120@1,cx4-60.120@0,cx4-60.120@1,cx4-60.120@0)Aa, (cx4-60.120@1,cx4-60.120@0,cx4-60.120@1,cx4-60.120@0)Aa, (cx4-60.120@1,cx4-60.120@0,cx4-60.120@1,cx4-60.120@0)Aa  (dev 0.0s, primary cx4-60.120)
[14:06:27]   flexing: (4*d16,cx4-60.120@1)A, (4*p2,cx4-60.120@0,4*p2,cx4-60.120@0,cx4-60.120@1,cx4-60.120@0)A, (4*d16,cx4-60.120@1)A, (cx4-60.120@1,cx4-60.120@0,cx4-60.120@1,cx4-60.120@0)Aa, (4*p2,cx4-60.120@0,4*p2,cx4-60.120@0,cx4-60.120@1,cx4-60.120@0)A, (4*d16,cx4-60.120@1)A, (4*d16,cx4-60.120@1)F, (4*d16,4*p2,cx4-60.120@0,4*p2)A  (dev 0.0s, primary cx4-60.120)
[14:06:27]   flexing: (4*d16,cx4-60.120@1)A, (4*p2,cx4-60.120@0,4*p2,cx4-60.120@0,cx4-60.120@1,cx4-60.120@0)A, (4*d16,cx4-60.120@1)A, (cx4-60.120@1,cx4-60.120@0,cx4-60.120@1,cx4-60.120@0)Aa, (4*p2,cx4-60.120@0,4*p2,cx4-60.120@0,cx4-60.120@1,cx4-60.120@0)A, (4*d16,cx4-60.120@1)A, (4*d16,cx4-60.120@1)F, (4*p2,cx4-60.120@0,4*p2,cx4-60.120@0,cx4-60.120@1,cx4-60.120@0)A, (4*d16,cx4-60.120@1)A  (dev 0.0s, primary cx4-60.120)
[14:06:27]   flexing: (4*d16,cx4-60.120@1)A, (4*p2,cx4-60.120@0,4*p2,cx4-60.120@0,cx4-60.120@1,cx4-60.120@0)A, (4*d16,cx4-60.120@1)A, (cx4-60.120@1,cx4-60.120@0,cx4-60.120@1,cx4-60.120@0)Aa, (4*p2,cx4-60.120@0,4*p2,cx4-60.120@0,cx4-60.120@1,cx4-60.120@0)A, (4*d16,cx4-60.120@1)A, (4*d16,cx4-60.120@1)F, (4*p2,cx4-60.120@0,4*p2,cx4-60.120@0,4*p2,cx4-60.120@0,4*p2,cx4-60.120@0)S2b, (4*d16,cx4-60.120@1)A  (dev 0.0s, primary cx4-60.120)
[14:06:27]   flexing: (4*d16,cx4-60.120@1)A, (4*p2,cx4-60.120@0,4*p2,cx4-60.120@0,cx4-60.120@1,cx4-60.120@0)A, (4*d16,cx4-60.120@1)A, (cx4-60.120@1,cx4-60.120@0,cx4-60.120@1,cx4-60.120@0)Aa, (4*p2,cx4-60.120@0,4*p2,cx4-60.120@0,cx4-60.120@1,cx4-60.120@0)A, (4*d16,cx4-60.120@1)A, (4*d16,cx4-60.120@1)F, (4*p2,cx4-60.120@0,4*p2,cx4-60.120@0,4*p2,cx4-60.120@0,4*p2,cx4-60.120@0)Ab, (4*d16,cx4-60.120@1)A, (4*d16,cx4-60.120@1)A, (4*d16,cx4-60.120@1)A  (dev 0.0s, primary cx4-60.120)
[14:06:27]   flexing: (4*d16,cx4-60.120@1)A, (4*p2,cx4-60.120@0,4*p2,cx4-60.120@0,cx4-60.120@1,cx4-60.120@0)A, (4*d16,cx4-60.120@1)A, (4*p2,cx4-60.120@0,4*p2,cx4-60.120@0,cx4-60.120@1,cx4-60.120@0)A, (4*d16,cx4-60.120@1)A, (4*d16,cx4-60.120@1)F, (4*p2,cx4-60.120@0,4*p2,cx4-60.120@0,cx4-60.120@1,cx4-60.120@0)A, (4*d16,cx4-60.120@1)A, (cx4-60.120@1,cx4-60.120@0,cx4-60.120@1,cx4-60.120@0)S2  (dev 0.0s, primary cx4-60.120)
[14:06:27]   flexing: (4*d16,cx4-60.120@1)A, (4*p2,cx4-60.120@0,4*p2,cx4-60.120@0,cx4-60.120@1,cx4-60.120@0)A, (4*d16,cx4-60.120@1)A, (4*p2,cx4-60.120@0,4*p2,cx4-60.120@0,cx4-60.120@1,cx4-60.120@0)A, (4*d16,cx4-60.120@1)A, (4*d16,cx4-60.120@1)F, (4*p2,cx4-60.120@0,4*p2,cx4-60.120@0,cx4-60.120@1,cx4-60.120@0)A, (4*d16,cx4-60.120@1)A, (cx4-60.120@1,cx4-60.120@0,cx4-60.120@1,cx4-60.120@0)Aa  (dev 0.0s, primary cx4-60.120)
[14:06:27]   flexing: (4*d16,cx4-60.120@1)A, (4*p2,cx4-60.120@0,4*p2,cx4-60.120@0,cx4-60.120@1,cx4-60.120@0)A, (4*d16,cx4-60.120@1)A, (4*p2,cx4-60.120@0,4*p2,cx4-60.120@0,cx4-60.120@1,cx4-60.120@0)A, (4*d16,cx4-60.120@1)A, (4*d16,cx4-60.120@1)F, (4*p2,cx4-60.120@0,4*p2,cx4-60.120@0,4*p2,cx4-60.120@0,4*p2,cx4-60.120@0)Ab, (4*d16,cx4-60.120@1)A, (4*d16,cx4-60.120@1)A, (4*d16,cx4-60.120@1)F, (4*d16,4*p2,cx4-60.120@0,4*p2)A  (dev 0.0s, primary cx4-60.120)
[14:06:27]   flexing: (4*d16,cx4-60.120@1)A, (4*p2,cx4-60.120@0,4*p2,cx4-60.120@0,cx4-60.120@1,cx4-60.120@0)A, (4*d16,cx4-60.120@1)A, (4*p2,cx4-60.120@0,4*p2,cx4-60.120@0,cx4-60.120@1,cx4-60.120@0)A, (4*d16,cx4-60.120@1)A, (4*d16,cx4-60.120@1)F, (4*p2,cx4-60.120@0,4*p2,cx4-60.120@0,4*p2,cx4-60.120@0,4*p2,cx4-60.120@0)Ab, (4*d16,cx4-60.120@1)A, (4*d16,cx4-60.120@1)A, (4*d16,cx4-60.120@1)F, (4*p2,cx4-60.120@0,4*p2,cx4-60.120@0,cx4-60.120@1,cx4-60.120@0)A, (4*d16,cx4-60.120@1)A  (dev 0.0s, primary cx4-60.120)
[14:06:27]   flexing: (4*d16,cx4-60.120@1)A, (4*p2,cx4-60.120@0,4*p2,cx4-60.120@0,cx4-60.120@1,cx4-60.120@0)A, (4*d16,cx4-60.120@1)A, (4*p2,cx4-60.120@0,4*p2,cx4-60.120@0,cx4-60.120@1,cx4-60.120@0)A, (4*d16,cx4-60.120@1)A, (4*d16,cx4-60.120@1)F, (4*p2,cx4-60.120@0,4*p2,cx4-60.120@0,4*p2,cx4-60.120@0,4*p2,cx4-60.120@0)Ab, (4*d16,cx4-60.120@1)A, (4*d16,cx4-60.120@1)A, (4*d16,cx4-60.120@1)F, (4*p2,cx4-60.120@0,4*p2,cx4-60.120@0,4*p2,cx4-60.120@0,4*p2,cx4-60.120@0)S2b, (4*d16,cx4-60.120@1)A  (dev 0.0s, primary cx4-60.120)
[14:06:27]   flexing: (4*d16,cx4-60.120@1)A, (4*p2,cx4-60.120@0,4*p2,cx4-60.120@0,cx4-60.120@1,cx4-60.120@0)A, (4*d16,cx4-60.120@1)A, (4*p2,cx4-60.120@0,4*p2,cx4-60.120@0,cx4-60.120@1,cx4-60.120@0)A, (4*d16,cx4-60.120@1)A, (4*d16,cx4-60.120@1)F, (4*p2,cx4-60.120@0,4*p2,cx4-60.120@0,4*p2,cx4-60.120@0,4*p2,cx4-60.120@0)Ab, (4*d16,cx4-60.120@1)A, (4*d16,cx4-60.120@1)A, (4*d16,cx4-60.120@1)F, (4*p2,cx4-60.120@0,4*p2,cx4-60.120@0,4*p2,cx4-60.120@0,4*p2,cx4-60.120@0)Ab, (4*d16,cx4-60.120@1)A, (4*d16,cx4-60.120@1)A, (4*d16,cx4-60.120@1)A  (dev 0.0s, primary cx4-60.120)
[14:06:27]   flexing: (4*d16,cx4-60.120@1)A, (4*p2,cx4-60.120@0,4*p2,cx4-60.120@0,cx4-60.120@1,cx4-60.120@0)A, (4*d16,cx4-60.120@1)F, (4*d16,4*p2,cx4-60.120@0,4*p2)A, (4*d16,4*p2,cx4-60.120@0,4*p2)A, (4*d16,cx4-60.120@1)F, (4*d16,4*p2,cx4-60.120@0,4*p2)A  (dev 0.0s, primary cx4-60.120)
[14:06:28]   flexing: (4*d16,cx4-60.120@1)A, (4*p2,cx4-60.120@0,4*p2,cx4-60.120@0,cx4-60.120@1,cx4-60.120@0)A, (4*d16,cx4-60.120@1)F, (4*d16,4*p2,cx4-60.120@0,4*p2)A, (4*d16,4*p2,cx4-60.120@0,4*p2)A, (4*d16,cx4-60.120@1)F, (4*p2,cx4-60.120@0,4*p2,cx4-60.120@0,4*p2,cx4-60.120@0,4*p2,cx4-60.120@0)S2b, (4*d16,cx4-60.120@1)A  (dev 0.0s, primary cx4-60.120)
[14:06:28]   flexing: (4*d16,cx4-60.120@1)A, (4*p2,cx4-60.120@0,4*p2,cx4-60.120@0,cx4-60.120@1,cx4-60.120@0)A, (4*d16,cx4-60.120@1)F, (4*d16,4*p2,cx4-60.120@0,4*p2)A, (4*d16,4*p2,cx4-60.120@0,4*p2)A, (4*d16,cx4-60.120@1)F, (4*p2,cx4-60.120@0,4*p2,cx4-60.120@0,4*p2,cx4-60.120@0,4*p2,cx4-60.120@0)Ab, (4*d16,cx4-60.120@1)A, (4*d16,cx4-60.120@1)A, (4*d16,cx4-60.120@1)A  (dev 0.0s, primary cx4-60.120)
[14:06:28]   flexing: (4*d16,cx4-60.120@1)A, (4*p2,cx4-60.120@0,4*p2,cx4-60.120@0,cx4-60.120@1,cx4-60.120@0)A, (4*d16,cx4-60.120@1)F, (4*p2,cx4-60.120@0,4*p2,cx4-60.120@0,cx4-60.120@1,cx4-60.120@0)A, (4*d16,cx4-60.120@1)A, (cx4-60.120@1,cx4-60.120@0,cx4-60.120@1,cx4-60.120@0)Aa, (cx4-60.120@1,cx4-60.120@0,cx4-60.120@1,cx4-60.120@0)S2  (dev 0.0s, primary cx4-60.120)
[14:06:28]   flexing: (4*d16,cx4-60.120@1)A, (4*p2,cx4-60.120@0,4*p2,cx4-60.120@0,cx4-60.120@1,cx4-60.120@0)A, (4*d16,cx4-60.120@1)F, (4*p2,cx4-60.120@0,4*p2,cx4-60.120@0,cx4-60.120@1,cx4-60.120@0)A, (4*d16,cx4-60.120@1)A, (cx4-60.120@1,cx4-60.120@0,cx4-60.120@1,cx4-60.120@0)Aa, (cx4-60.120@1,cx4-60.120@0,cx4-60.120@1,cx4-60.120@0)Aa  (dev 0.0s, primary cx4-60.120)
[14:06:28]   flexing: (4*d16,cx4-60.120@1)A, (4*p2,cx4-60.120@0,4*p2,cx4-60.120@0,cx4-60.120@1,cx4-60.120@0)A, (4*d16,cx4-60.120@1)F, (4*p2,cx4-60.120@0,4*p2,cx4-60.120@0,cx4-60.120@1,cx4-60.120@0)A, (4*d16,cx4-60.120@1)A, (4*p2,cx4-60.120@0,4*p2,cx4-60.120@0,cx4-60.120@1,cx4-60.120@0)A, (4*d16,cx4-60.120@1)A, (4*d16,cx4-60.120@1)F, (4*d16,4*p2,cx4-60.120@0,4*p2)A  (dev 0.0s, primary cx4-60.120)
[14:06:28]   flexing: (4*d16,cx4-60.120@1)A, (4*p2,cx4-60.120@0,4*p2,cx4-60.120@0,cx4-60.120@1,cx4-60.120@0)A, (4*d16,cx4-60.120@1)F, (4*p2,cx4-60.120@0,4*p2,cx4-60.120@0,cx4-60.120@1,cx4-60.120@0)A, (4*d16,cx4-60.120@1)A, (4*p2,cx4-60.120@0,4*p2,cx4-60.120@0,cx4-60.120@1,cx4-60.120@0)A, (4*d16,cx4-60.120@1)A, (4*d16,cx4-60.120@1)F, (4*p2,cx4-60.120@0,4*p2,cx4-60.120@0,4*p2,cx4-60.120@0,4*p2,cx4-60.120@0)S2b, (4*d16,cx4-60.120@1)A  (dev 0.0s, primary cx4-60.120)
[14:06:28]   flexing: (4*d16,cx4-60.120@1)A, (4*p2,cx4-60.120@0,4*p2,cx4-60.120@0,cx4-60.120@1,cx4-60.120@0)A, (4*d16,cx4-60.120@1)F, (4*p2,cx4-60.120@0,4*p2,cx4-60.120@0,cx4-60.120@1,cx4-60.120@0)A, (4*d16,cx4-60.120@1)A, (4*p2,cx4-60.120@0,4*p2,cx4-60.120@0,cx4-60.120@1,cx4-60.120@0)A, (4*d16,cx4-60.120@1)A, (4*d16,cx4-60.120@1)F, (4*p2,cx4-60.120@0,4*p2,cx4-60.120@0,4*p2,cx4-60.120@0,4*p2,cx4-60.120@0)Ab, (4*d16,cx4-60.120@1)A, (4*d16,cx4-60.120@1)A, (4*d16,cx4-60.120@1)A  (dev 0.0s, primary cx4-60.120)
[14:06:28]   flexing: (4*d16,cx4-60.120@1)A, (4*p2,cx4-60.120@0,4*p2,cx4-60.120@0,cx4-60.120@1,cx4-60.120@0)A, (4*d16,cx4-60.120@1)F, (4*p2,cx4-60.120@0,4*p2,cx4-60.120@0,4*p2,cx4-60.120@0,4*p2,cx4-60.120@0)Ab, (4*d16,cx4-60.120@1)A, (4*d16,cx4-60.120@1)A, (4*d16,cx4-60.120@1)F, (4*p2,cx4-60.120@0,4*p2,cx4-60.120@0,cx4-60.120@1,cx4-60.120@0)A, (4*d16,cx4-60.120@1)A, (cx4-60.120@1,cx4-60.120@0,cx4-60.120@1,cx4-60.120@0)S2  (dev 0.0s, primary cx4-60.120)
[14:06:28]   flexing: (4*d16,cx4-60.120@1)A, (4*p2,cx4-60.120@0,4*p2,cx4-60.120@0,cx4-60.120@1,cx4-60.120@0)A, (4*d16,cx4-60.120@1)F, (4*p2,cx4-60.120@0,4*p2,cx4-60.120@0,4*p2,cx4-60.120@0,4*p2,cx4-60.120@0)Ab, (4*d16,cx4-60.120@1)A, (4*d16,cx4-60.120@1)A, (4*d16,cx4-60.120@1)F, (4*p2,cx4-60.120@0,4*p2,cx4-60.120@0,cx4-60.120@1,cx4-60.120@0)A, (4*d16,cx4-60.120@1)A, (cx4-60.120@1,cx4-60.120@0,cx4-60.120@1,cx4-60.120@0)Aa  (dev 0.0s, primary cx4-60.120)
[14:06:28]   flexing: (4*d16,cx4-60.120@1)A, (4*p2,cx4-60.120@0,4*p2,cx4-60.120@0,cx4-60.120@1,cx4-60.120@0)A, (4*d16,cx4-60.120@1)F, (4*p2,cx4-60.120@0,4*p2,cx4-60.120@0,4*p2,cx4-60.120@0,4*p2,cx4-60.120@0)Ab, (4*d16,cx4-60.120@1)A, (4*d16,cx4-60.120@1)A, (4*d16,cx4-60.120@1)F, (4*p2,cx4-60.120@0,4*p2,cx4-60.120@0,4*p2,cx4-60.120@0,4*p2,cx4-60.120@0)Ab, (4*d16,cx4-60.120@1)A, (4*d16,cx4-60.120@1)A, (4*d16,cx4-60.120@1)F, (4*d16,4*p2,cx4-60.120@0,4*p2)A  (dev 0.0s, primary cx4-60.120)
[14:06:28]   flexing: (4*d16,cx4-60.120@1)A, (4*p2,cx4-60.120@0,4*p2,cx4-60.120@0,cx4-60.120@1,cx4-60.120@0)A, (4*d16,cx4-60.120@1)F, (4*p2,cx4-60.120@0,4*p2,cx4-60.120@0,4*p2,cx4-60.120@0,4*p2,cx4-60.120@0)Ab, (4*d16,cx4-60.120@1)A, (4*d16,cx4-60.120@1)A, (4*d16,cx4-60.120@1)F, (4*p2,cx4-60.120@0,4*p2,cx4-60.120@0,4*p2,cx4-60.120@0,4*p2,cx4-60.120@0)Ab, (4*d16,cx4-60.120@1)A, (4*d16,cx4-60.120@1)A, (4*d16,cx4-60.120@1)F, (4*p2,cx4-60.120@0,4*p2,cx4-60.120@0,4*p2,cx4-60.120@0,4*p2,cx4-60.120@0)S2b, (4*d16,cx4-60.120@1)A  (dev 0.0s, primary cx4-60.120)
[14:06:28]   flexing: (4*d16,cx4-60.120@1)A, (4*p2,cx4-60.120@0,4*p2,cx4-60.120@0,cx4-60.120@1,cx4-60.120@0)A, (4*d16,cx4-60.120@1)F, (4*p2,cx4-60.120@0,4*p2,cx4-60.120@0,4*p2,cx4-60.120@0,4*p2,cx4-60.120@0)Ab, (4*d16,cx4-60.120@1)A, (4*d16,cx4-60.120@1)A, (4*d16,cx4-60.120@1)F, (4*p2,cx4-60.120@0,4*p2,cx4-60.120@0,4*p2,cx4-60.120@0,4*p2,cx4-60.120@0)Ab, (4*d16,cx4-60.120@1)A, (4*d16,cx4-60.120@1)A, (4*d16,cx4-60.120@1)F, (4*p2,cx4-60.120@0,4*p2,cx4-60.120@0,4*p2,cx4-60.120@0,4*p2,cx4-60.120@0)Ab, (4*d16,cx4-60.120@1)A, (4*d16,cx4-60.120@1)A, (4*d16,cx4-60.120@1)A  (dev 0.0s, primary cx4-60.120)
[14:06:28]   flexing: (4*d16,cx4-60.120@1)A, (4*p2,cx4-60.120@0,4*p2,cx4-60.120@0,cx4-60.120@1,cx4-60.120@0)A, (cx4-60.120@1,cx4-60.120@0,cx4-60.120@1,cx4-60.120@0)S2, (4*d16,cx4-60.120@1)F, (4*p2,cx4-60.120@0,4*p2,cx4-60.120@0,cx4-60.120@1,cx4-60.120@0)A, (4*d16,cx4-60.120@1)A, (cx4-60.120@1,cx4-60.120@0,cx4-60.120@1,cx4-60.120@0)Aa  (dev 0.0s, primary cx4-60.120)
[14:06:28]   flexing: (4*d16,cx4-60.120@1)A, (4*p2,cx4-60.120@0,4*p2,cx4-60.120@0,cx4-60.120@1,cx4-60.120@0)A, (cx4-60.120@1,cx4-60.120@0,cx4-60.120@1,cx4-60.120@0)S2, (4*d16,cx4-60.120@1)F, (4*p2,cx4-60.120@0,4*p2,cx4-60.120@0,4*p2,cx4-60.120@0,4*p2,cx4-60.120@0)Ab, (4*d16,cx4-60.120@1)A, (4*d16,cx4-60.120@1)A, (4*d16,cx4-60.120@1)F, (4*d16,4*p2,cx4-60.120@0,4*p2)A  (dev 0.0s, primary cx4-60.120)
[14:06:28]   flexing: (4*d16,cx4-60.120@1)A, (4*p2,cx4-60.120@0,4*p2,cx4-60.120@0,cx4-60.120@1,cx4-60.120@0)A, (cx4-60.120@1,cx4-60.120@0,cx4-60.120@1,cx4-60.120@0)S2, (4*d16,cx4-60.120@1)F, (4*p2,cx4-60.120@0,4*p2,cx4-60.120@0,4*p2,cx4-60.120@0,4*p2,cx4-60.120@0)Ab, (4*d16,cx4-60.120@1)A, (4*d16,cx4-60.120@1)A, (4*d16,cx4-60.120@1)F, (4*p2,cx4-60.120@0,4*p2,cx4-60.120@0,4*p2,cx4-60.120@0,4*p2,cx4-60.120@0)S2b, (4*d16,cx4-60.120@1)A  (dev 0.0s, primary cx4-60.120)
[14:06:28]   flexing: (4*d16,cx4-60.120@1)A, (4*p2,cx4-60.120@0,4*p2,cx4-60.120@0,cx4-60.120@1,cx4-60.120@0)A, (cx4-60.120@1,cx4-60.120@0,cx4-60.120@1,cx4-60.120@0)S2, (4*d16,cx4-60.120@1)F, (4*p2,cx4-60.120@0,4*p2,cx4-60.120@0,4*p2,cx4-60.120@0,4*p2,cx4-60.120@0)Ab, (4*d16,cx4-60.120@1)A, (4*d16,cx4-60.120@1)A, (4*d16,cx4-60.120@1)F, (4*p2,cx4-60.120@0,4*p2,cx4-60.120@0,4*p2,cx4-60.120@0,4*p2,cx4-60.120@0)Ab, (4*d16,cx4-60.120@1)A, (4*d16,cx4-60.120@1)A, (4*d16,cx4-60.120@1)A  (dev 0.0s, primary cx4-60.120)
[14:06:28]   flexing: (4*d16,cx4-60.120@1)A, (4*p2,cx4-60.120@0,4*p2,cx4-60.120@0,cx4-60.120@1,cx4-60.120@0)A, (cx4-60.120@1,cx4-60.120@0,cx4-60.120@1,cx4-60.120@0)Aa, (4*d16,cx4-60.120@1)F, (4*p2,cx4-60.120@0,4*p2,cx4-60.120@0,4*p2,cx4-60.120@0,4*p2,cx4-60.120@0)Ab, (4*d16,cx4-60.120@1)A, (4*d16,cx4-60.120@1)A, (4*d16,cx4-60.120@1)F, (4*d16,4*p2,cx4-60.120@0,4*p2)A  (dev 0.0s, primary cx4-60.120)
[14:06:28]   flexing: (4*d16,cx4-60.120@1)A, (4*p2,cx4-60.120@0,4*p2,cx4-60.120@0,cx4-60.120@1,cx4-60.120@0)A, (cx4-60.120@1,cx4-60.120@0,cx4-60.120@1,cx4-60.120@0)Aa, (4*d16,cx4-60.120@1)F, (4*p2,cx4-60.120@0,4*p2,cx4-60.120@0,4*p2,cx4-60.120@0,4*p2,cx4-60.120@0)Ab, (4*d16,cx4-60.120@1)A, (4*d16,cx4-60.120@1)A, (4*d16,cx4-60.120@1)F, (4*p2,cx4-60.120@0,4*p2,cx4-60.120@0,4*p2,cx4-60.120@0,4*p2,cx4-60.120@0)S2b, (4*d16,cx4-60.120@1)A  (dev 0.0s, primary cx4-60.120)
[14:06:28]   flexing: (4*d16,cx4-60.120@1)A, (4*p2,cx4-60.120@0,4*p2,cx4-60.120@0,cx4-60.120@1,cx4-60.120@0)A, (cx4-60.120@1,cx4-60.120@0,cx4-60.120@1,cx4-60.120@0)Aa, (4*d16,cx4-60.120@1)F, (4*p2,cx4-60.120@0,4*p2,cx4-60.120@0,4*p2,cx4-60.120@0,4*p2,cx4-60.120@0)Ab, (4*d16,cx4-60.120@1)A, (4*d16,cx4-60.120@1)A, (4*d16,cx4-60.120@1)F, (4*p2,cx4-60.120@0,4*p2,cx4-60.120@0,4*p2,cx4-60.120@0,4*p2,cx4-60.120@0)Ab, (4*d16,cx4-60.120@1)A, (4*d16,cx4-60.120@1)A, (4*d16,cx4-60.120@1)A  (dev 0.0s, primary cx4-60.120)
[14:06:28]   flexing: (4*d16,cx4-60.120@1)A, (4*p2,cx4-60.120@0,4*p2,cx4-60.120@0,cx4-60.120@1,cx4-60.120@0)A, (cx4-60.120@1,cx4-60.120@0,cx4-60.120@1,cx4-60.120@0)Aa, (cx4-60.120@1,cx4-60.120@0,cx4-60.120@1,cx4-60.120@0)S2, (4*d16,cx4-60.120@1)F, (4*d16,4*p2,cx4-60.120@0,4*p2)A  (dev 0.0s, primary cx4-60.120)
[14:06:28]   flexing: (4*d16,cx4-60.120@1)A, (4*p2,cx4-60.120@0,4*p2,cx4-60.120@0,cx4-60.120@1,cx4-60.120@0)A, (cx4-60.120@1,cx4-60.120@0,cx4-60.120@1,cx4-60.120@0)Aa, (cx4-60.120@1,cx4-60.120@0,cx4-60.120@1,cx4-60.120@0)S2, (4*d16,cx4-60.120@1)F, (4*p2,cx4-60.120@0,4*p2,cx4-60.120@0,4*p2,cx4-60.120@0,4*p2,cx4-60.120@0)S2b, (4*d16,cx4-60.120@1)A  (dev 0.0s, primary cx4-60.120)
[14:06:28]   flexing: (4*d16,cx4-60.120@1)A, (4*p2,cx4-60.120@0,4*p2,cx4-60.120@0,cx4-60.120@1,cx4-60.120@0)A, (cx4-60.120@1,cx4-60.120@0,cx4-60.120@1,cx4-60.120@0)Aa, (cx4-60.120@1,cx4-60.120@0,cx4-60.120@1,cx4-60.120@0)S2, (4*d16,cx4-60.120@1)F, (4*p2,cx4-60.120@0,4*p2,cx4-60.120@0,4*p2,cx4-60.120@0,4*p2,cx4-60.120@0)Ab, (4*d16,cx4-60.120@1)A, (4*d16,cx4-60.120@1)A, (4*d16,cx4-60.120@1)A  (dev 0.0s, primary cx4-60.120)
[14:06:28]   flexing: (4*d16,cx4-60.120@1)A, (4*p2,cx4-60.120@0,4*p2,cx4-60.120@0,cx4-60.120@1,cx4-60.120@0)A, (cx4-60.120@1,cx4-60.120@0,cx4-60.120@1,cx4-60.120@0)Aa, (cx4-60.120@1,cx4-60.120@0,cx4-60.120@1,cx4-60.120@0)Aa, (4*d16,cx4-60.120@1)F, (4*d16,4*p2,cx4-60.120@0,4*p2)A  (dev 0.0s, primary cx4-60.120)
[14:06:28]   flexing: (4*d16,cx4-60.120@1)A, (4*p2,cx4-60.120@0,4*p2,cx4-60.120@0,cx4-60.120@1,cx4-60.120@0)A, (cx4-60.120@1,cx4-60.120@0,cx4-60.120@1,cx4-60.120@0)Aa, (cx4-60.120@1,cx4-60.120@0,cx4-60.120@1,cx4-60.120@0)Aa, (4*d16,cx4-60.120@1)F, (4*p2,cx4-60.120@0,4*p2,cx4-60.120@0,4*p2,cx4-60.120@0,4*p2,cx4-60.120@0)S2b, (4*d16,cx4-60.120@1)A  (dev 0.0s, primary cx4-60.120)
[14:06:28]   flexing: (4*d16,cx4-60.120@1)A, (4*p2,cx4-60.120@0,4*p2,cx4-60.120@0,cx4-60.120@1,cx4-60.120@0)A, (cx4-60.120@1,cx4-60.120@0,cx4-60.120@1,cx4-60.120@0)Aa, (cx4-60.120@1,cx4-60.120@0,cx4-60.120@1,cx4-60.120@0)Aa, (4*d16,cx4-60.120@1)F, (4*p2,cx4-60.120@0,4*p2,cx4-60.120@0,4*p2,cx4-60.120@0,4*p2,cx4-60.120@0)Ab, (4*d16,cx4-60.120@1)A, (4*d16,cx4-60.120@1)A, (4*d16,cx4-60.120@1)A  (dev 0.0s, primary cx4-60.120)
[14:06:28]   flexing: (4*d16,cx4-60.120@1)A, (4*p2,cx4-60.120@0,4*p2,cx4-60.120@0,cx4-60.120@1,cx4-60.120@0)A, (4*p2,cx4-60.120@0,4*p2,cx4-60.120@0,cx4-60.120@1,cx4-60.120@0)A, (4*d16,cx4-60.120@1)A, (4*d16,cx4-60.120@1)F, (4*d16,4*p2,cx4-60.120@0,4*p2)A, (4*d16,cx4-60.120@1)F, (4*p2,cx4-60.120@0,4*p2,cx4-60.120@0,4*p2,cx4-60.120@0,4*p2,cx4-60.120@0)S2b, (4*d16,cx4-60.120@1)A  (dev 0.0s, primary cx4-60.120)
[14:06:28]   flexing: (4*d16,cx4-60.120@1)A, (4*p2,cx4-60.120@0,4*p2,cx4-60.120@0,cx4-60.120@1,cx4-60.120@0)A, (4*p2,cx4-60.120@0,4*p2,cx4-60.120@0,cx4-60.120@1,cx4-60.120@0)A, (4*d16,cx4-60.120@1)A, (4*d16,cx4-60.120@1)F, (4*d16,4*p2,cx4-60.120@0,4*p2)A, (4*d16,cx4-60.120@1)F, (4*p2,cx4-60.120@0,4*p2,cx4-60.120@0,4*p2,cx4-60.120@0,4*p2,cx4-60.120@0)Ab, (4*d16,cx4-60.120@1)A, (4*d16,cx4-60.120@1)A, (4*d16,cx4-60.120@1)A  (dev 0.0s, primary cx4-60.120)
[14:06:28]   flexing: (4*d16,cx4-60.120@1)A, (4*p2,cx4-60.120@0,4*p2,cx4-60.120@0,cx4-60.120@1,cx4-60.120@0)A, (4*p2,cx4-60.120@0,4*p2,cx4-60.120@0,cx4-60.120@1,cx4-60.120@0)A, (4*d16,cx4-60.120@1)A, (4*d16,cx4-60.120@1)F, (4*p2,cx4-60.120@0,4*p2,cx4-60.120@0,4*p2,cx4-60.120@0,4*p2,cx4-60.120@0)S2b, (4*d16,cx4-60.120@1)A, (4*d16,cx4-60.120@1)F, (4*p2,cx4-60.120@0,4*p2,cx4-60.120@0,4*p2,cx4-60.120@0,4*p2,cx4-60.120@0)Ab, (4*d16,cx4-60.120@1)A, (4*d16,cx4-60.120@1)A, (4*d16,cx4-60.120@1)A  (dev 0.0s, primary cx4-60.120)
[14:06:28]   flexing: (4*d16,cx4-60.120@1)A, (4*p2,cx4-60.120@0,4*p2,cx4-60.120@0,4*p2,cx4-60.120@0,4*p2,cx4-60.120@0)S2b, (4*d16,cx4-60.120@1)F, (4*d16,4*p2,cx4-60.120@0,4*p2)A, (4*d16,4*p2,cx4-60.120@0,4*p2)A, (4*d16,cx4-60.120@1)F, (4*d16,4*p2,cx4-60.120@0,4*p2)A  (dev 0.0s, primary cx4-60.120)
[14:06:28]   flexing: (4*d16,cx4-60.120@1)A, (4*p2,cx4-60.120@0,4*p2,cx4-60.120@0,4*p2,cx4-60.120@0,4*p2,cx4-60.120@0)S2b, (4*d16,cx4-60.120@1)F, (4*d16,4*p2,cx4-60.120@0,4*p2)A, (4*d16,4*p2,cx4-60.120@0,4*p2)A, (4*d16,cx4-60.120@1)F, (4*p2,cx4-60.120@0,4*p2,cx4-60.120@0,4*p2,cx4-60.120@0,4*p2,cx4-60.120@0)Ab, (4*d16,cx4-60.120@1)A, (4*d16,cx4-60.120@1)A, (4*d16,cx4-60.120@1)A  (dev 0.0s, primary cx4-60.120)
[14:06:28]   flexing: (4*d16,cx4-60.120@1)A, (4*p2,cx4-60.120@0,4*p2,cx4-60.120@0,4*p2,cx4-60.120@0,4*p2,cx4-60.120@0)S2b, (4*d16,cx4-60.120@1)F, (4*p2,cx4-60.120@0,4*p2,cx4-60.120@0,4*p2,cx4-60.120@0,4*p2,cx4-60.120@0)Ab, (4*d16,cx4-60.120@1)A, (4*d16,cx4-60.120@1)A, (4*d16,cx4-60.120@1)F, (4*p2,cx4-60.120@0,4*p2,cx4-60.120@0,4*p2,cx4-60.120@0,4*p2,cx4-60.120@0)Ab, (4*d16,cx4-60.120@1)A, (4*d16,cx4-60.120@1)A, (4*d16,cx4-60.120@1)F, (4*d16,4*p2,cx4-60.120@0,4*p2)A  (dev 0.0s, primary cx4-60.120)
[14:06:28]   flexing: (4*d16,cx4-60.120@1)A, (4*p2,cx4-60.120@0,4*p2,cx4-60.120@0,4*p2,cx4-60.120@0,4*p2,cx4-60.120@0)Ab, (4*d16,cx4-60.120@1)A, (4*d16,cx4-60.120@1)A, (4*d16,cx4-60.120@1)F, (4*d16,4*p2,cx4-60.120@0,4*p2)A, (4*d16,4*p2,cx4-60.120@0,4*p2)A, (4*d16,cx4-60.120@1)F, (4*d16,4*p2,cx4-60.120@0,4*p2)A  (dev 0.0s, primary cx4-60.120)
[14:06:28]   flexing: (4*d16,cx4-60.120@1)A, (4*p2,cx4-60.120@0,4*p2,cx4-60.120@0,4*p2,cx4-60.120@0,4*p2,cx4-60.120@0)Ab, (4*d16,cx4-60.120@1)A, (4*d16,cx4-60.120@1)A, (4*d16,cx4-60.120@1)F, (4*p2,cx4-60.120@0,4*p2,cx4-60.120@0,4*p2,cx4-60.120@0,4*p2,cx4-60.120@0)Ab, (4*d16,cx4-60.120@1)A, (4*d16,cx4-60.120@1)A, (4*d16,cx4-60.120@1)F, (4*p2,cx4-60.120@0,4*p2,cx4-60.120@0,4*p2,cx4-60.120@0,4*p2,cx4-60.120@0)Ab, (4*d16,cx4-60.120@1)A, (4*d16,cx4-60.120@1)A, (4*d16,cx4-60.120@1)F, (4*d16,4*p2,cx4-60.120@0,4*p2)A  (dev 0.0s, primary cx4-60.120)
[14:06:28]   flexing: (4*d16,cx4-60.120@1)A, (4*d14,cx4-60.120@0,4*p2,cx4-60.120@0)F, (4*p4,cx4-60.120@1,4*p4,cx4-60.120@1)S2, (4*p4,cx4-60.120@1,cx4-60.120@0,cx4-60.120@1)A, (4*p2,cx4-60.120@0,4*p2,cx4-60.120@0,cx4-60.120@1,cx4-60.120@0)A, (4*d16,cx4-60.120@1)F, (4*d16,cx4-60.120@1)A  (dev 0.0s, primary cx4-60.120)
[14:06:28]   flexing: (4*d16,cx4-60.120@1)F, (4*d14,cx4-60.120@0,4*p2,cx4-60.120@0)A, (4*p4,cx4-60.120@1,cx4-60.120@0,cx4-60.120@1)A, (4*p2,cx4-60.120@0,4*p2,cx4-60.120@0,cx4-60.120@1,cx4-60.120@0)A, (4*d16,cx4-60.120@1)F, (4*p2,cx4-60.120@0,4*p2,cx4-60.120@0,4*p2,cx4-60.120@0,4*p2,cx4-60.120@0)S4  (dev 0.0s, primary cx4-60.120)
[14:06:28]   flexing: (3*d15,3*p1,cx4-60.120@1)F, (3*d15,cx4-75.105@0,cx4-60.120@0)F, (3*p1,cx4-75.105@1,cx4-60.120@1,cx4-60.120@1)F, (3*d15,3*p1,cx4-60.120@0,cx4-60.120@0)F  (dev 0.0s, primary cx4-75.105)
[14:06:28]   flexing: (3*d14,cx4-75.105@0,cx4-75.105@0)A, (3*p2,cx4-75.105@1,cx4-60.120@1,cx4-75.105@1)A, (3*d15,cx4-75.105@0,cx4-60.120@0)F, (3*p1,cx4-75.105@1,cx4-75.105@1,3*p1,cx4-60.120@1)A  (dev 0.0s, primary cx4-75.105)
[14:06:28]   flexing: (4*d16,cx4-60.120@1)F, (4*d14,cx4-60.120@0,4*p2,cx4-60.120@0)A, (4*p4,cx4-75.105@1,cx4-75.105@0,cx4-60.120@1)F, (4*p2,cx4-60.120@0,cx4-75.105@1,cx4-75.105@1,cx4-60.120@0)A, (4*d14,cx4-75.105@0,cx4-75.105@0)A  (dev 0.0s, primary cx4-60.120)
[14:06:28]   flexing: (6*d14,cx4-75.105@0,cx4-75.105@0)A, (6*p6,cx4-75.105@1,cx4-60.120@0,cx4-75.105@1)A, (cx6-90.150@0,cx4-75.105@0,cx4-60.120@1,cx4-75.105@0)A, (cx6-90.150@1,cx4-75.105@1,cx4-75.105@1)A  (dev 0.0s, primary cx4-75.105)
[14:06:28]   flexing: (3*d15,cx6-105.135@1)A, (3*p1,cx6-105.135@0,3*p1,cx6-105.135@0,3*p1,cx4-75.105@1)A, (3*d15,cx4-75.105@0,cx4-60.120@0)F, (3*p1,cx4-60.120@1,cx4-75.105@1,cx4-60.120@1)A, (3*d15,cx6-105.135@1)F, (3*d15,3*p1,cx6-105.135@0,3*p1)A  (dev 0.0s, primary cx4-75.105)
[14:06:28]   flexing: (3*d15,cx6-105.135@1)F, (3*d15,3*p1,cx6-105.135@0,3*p1)F, (3*d15,cx6-105.135@1)F, (3*p1,cx6-105.135@0,cx4-75.105@0,cx4-60.120@0,cx6-105.135@0)F, (cx6-105.135@1,cx4-75.105@1,cx4-60.120@1)F, (cx4-75.105@1,cx4-60.120@1,cx4-75.105@0,cx4-60.120@0)F  (dev 0.0s, primary cx4-60.120)
[14:06:28]   flexing: (3*d15,cx6-105.135@1)F, (3*d15,3*p1,cx6-105.135@0,3*p1)F, (3*d15,cx6-105.135@1)F, (3*p1,cx6-105.135@0,cx4-75.105@0,cx4-60.120@0,cx6-105.135@0)F, (cx6-105.135@1,cx4-75.105@1,cx4-60.120@1)F, (cx4-75.105@1,cx4-75.105@0,cx4-60.120@0,cx4-60.120@1)F  (dev 0.0s, primary cx4-60.120)
[14:06:28]   flexing: (3*d15,cx6-105.135@1)F, (3*d15,3*p1,cx6-105.135@0,3*p1)F, (3*d15,cx6-105.135@1)F, (3*p1,cx6-105.135@0,3*p1,cx6-105.135@0,3*p1,cx6-105.135@0)F, (3*d15,cx6-105.135@1)F, (3*d15,cx6-105.135@1)F, (3*p1,cx6-105.135@0,cx4-75.105@0,cx4-60.120@0,cx6-105.135@0)F, (3*d15,cx6-105.135@1)F, (cx6-105.135@1,cx4-75.105@1,cx4-60.120@1)F  (dev 0.0s, primary cx4-60.120)
[14:06:28]   flexing: (3*d15,cx6-105.135@1)F, (3*d15,3*p1,cx6-105.135@0,3*p1)F, (3*d15,cx6-105.135@1)F, (3*p1,cx6-105.135@0,cx4-75.105@0,cx4-60.120@0,cx6-105.135@0)F, (cx6-105.135@1,cx4-75.105@1,cx4-60.120@1)F, (cx4-75.105@1,cx4-60.120@1,cx4-75.105@0,cx4-60.120@0)F  (dev 0.0s, primary cx4-60.120)
[14:06:28]   flexing: (3*d15,cx6-105.135@1)F, (3*d15,3*p1,cx6-105.135@0,3*p1)F, (3*d15,cx6-105.135@1)F, (3*p1,cx6-105.135@0,cx4-75.105@0,cx4-60.120@0,cx6-105.135@0)F, (cx6-105.135@1,cx4-75.105@1,cx4-60.120@1)F, (cx4-75.105@1,cx4-75.105@0,cx4-60.120@0,cx4-60.120@1)F  (dev 0.0s, primary cx4-60.120)
[14:06:29]   flexing: (3*d15,cx6-105.135@1)F, (3*d15,3*p1,cx6-105.135@0,3*p1)F, (3*d15,cx6-105.135@1)F, (3*p1,cx6-105.135@0,3*p1,cx6-105.135@0,3*p1,cx6-105.135@0)F, (3*d15,cx6-105.135@1)F, (3*d15,cx6-105.135@1)F, (3*p1,cx6-105.135@0,cx4-75.105@0,cx4-60.120@0,cx6-105.135@0)F, (3*d15,cx6-105.135@1)F, (cx6-105.135@1,cx4-75.105@1,cx4-60.120@1)F  (dev 0.0s, primary cx4-60.120)
[14:06:29]   flexing: (3*d15,cx6-105.135@1)F, (3*p1,cx6-105.135@0,cx6-105.135@1,cx6-105.135@0)F, (3*d15,cx6-105.135@1)F, (3*p1,cx6-105.135@0,3*p1,cx4-75.105@1,cx4-60.120@1)F, (3*d15,cx4-75.105@0,cx4-60.120@0)F, (cx4-75.105@1,cx4-60.120@1,cx4-75.105@0,cx4-60.120@0)F  (dev 0.0s, primary cx4-60.120)
[14:06:29]   flexing: (3*d15,cx6-105.135@1)F, (3*p1,cx6-105.135@0,cx6-105.135@1,cx6-105.135@0)F, (3*d15,cx6-105.135@1)F, (3*p1,cx6-105.135@0,3*p1,cx4-75.105@1,cx4-60.120@1)F, (3*d15,cx4-75.105@0,cx4-60.120@0)F, (cx4-75.105@1,cx4-75.105@0,cx4-60.120@0,cx4-60.120@1)F  (dev 0.0s, primary cx4-60.120)
[14:06:29]   flexing: (3*d15,cx6-105.135@1)F, (3*p1,cx6-105.135@0,cx6-105.135@1,cx6-105.135@0)F, (3*d15,cx6-105.135@1)F, (3*p1,cx6-105.135@0,3*p1,cx4-75.105@1,cx4-60.120@1)F, (3*d15,cx4-75.105@0,cx4-60.120@0)F, (cx4-75.105@1,cx4-60.120@1,cx4-75.105@0,cx4-60.120@0)F  (dev 0.0s, primary cx4-60.120)
[14:06:29]   flexing: (3*d15,cx6-105.135@1)F, (3*p1,cx6-105.135@0,cx6-105.135@1,cx6-105.135@0)F, (3*d15,cx6-105.135@1)F, (3*p1,cx6-105.135@0,3*p1,cx4-75.105@1,cx4-60.120@1)F, (3*d15,cx4-75.105@0,cx4-60.120@0)F, (cx4-75.105@1,cx4-75.105@0,cx4-60.120@0,cx4-60.120@1)F  (dev 0.0s, primary cx4-60.120)
[14:06:29]   flexing: (3*d15,cx6-105.135@1)F, (3*p1,cx6-105.135@0,cx6-105.135@1,cx6-105.135@0)F, (3*d15,cx6-105.135@1)F, (3*p1,cx6-105.135@0,3*p1,cx6-105.135@0,3*p1,cx6-105.135@0)F, (3*d15,cx6-105.135@1)F, (3*d15,cx6-105.135@1)F, (3*p1,cx6-105.135@0,3*p1,cx4-75.105@1,cx4-60.120@1)F, (3*d15,cx6-105.135@1)F, (3*d15,cx4-75.105@0,cx4-60.120@0)F  (dev 0.0s, primary cx4-60.120)
[14:06:29]   flexing: (3*d15,cx6-105.135@1)F, (3*p1,cx6-105.135@0,cx6-105.135@1,cx6-105.135@0)F, (3*d15,cx6-105.135@1)F, (3*p1,cx6-105.135@0,3*p1,cx6-105.135@0,3*p1,cx6-105.135@0)F, (3*d15,cx6-105.135@1)F, (3*d15,cx6-105.135@1)F, (3*p1,cx6-105.135@0,3*p1,cx4-75.105@1,cx4-60.120@1)F, (3*d15,cx6-105.135@1)F, (3*d15,cx4-75.105@0,cx4-60.120@0)F  (dev 0.0s, primary cx4-60.120)
[14:06:29]   flexing: (3*d15,cx6-105.135@1)F, (3*p1,cx6-105.135@0,3*p1,cx4-75.105@1,cx4-60.120@1)F, (3*d15,cx4-75.105@0,cx4-60.120@0)F, (3*d15,cx6-105.135@1)F, (3*p1,cx6-105.135@0,cx4-75.105@0,cx4-60.120@0,cx6-105.135@0)F, (cx6-105.135@1,cx4-75.105@1,cx4-60.120@1)F  (dev 0.0s, primary cx4-60.120)
[14:06:29]   flexing: (3*d15,cx6-105.135@1)F, (3*p1,cx6-105.135@0,3*p1,cx4-75.105@1,cx4-60.120@1)F, (3*d15,cx4-75.105@0,cx4-60.120@0)F, (3*d15,cx6-105.135@1)F, (3*p1,cx6-105.135@0,cx4-75.105@0,cx4-60.120@0,cx6-105.135@0)F, (cx6-105.135@1,cx4-75.105@1,cx4-60.120@1)F  (dev 0.0s, primary cx4-60.120)
[14:06:29]   flexing: (3*d15,cx6-105.135@1)F, (3*p1,cx6-105.135@0,3*p1,cx4-75.105@1,cx4-60.120@1)F, (3*d15,cx4-75.105@0,cx4-60.120@0)F, (cx6-105.135@1,cx4-75.105@1,cx4-60.120@1)F, (3*p1,cx6-105.135@0,cx4-75.105@0,cx4-60.120@0,cx6-105.135@0)F, (3*d15,cx6-105.135@1)F  (dev 0.0s, primary cx4-60.120)
[14:06:29]   flexing: (3*d15,cx6-105.135@1)F, (3*p1,cx6-105.135@0,3*p1,cx4-75.105@1,cx4-60.120@1)F, (3*d15,cx4-75.105@0,cx4-60.120@0)F, (cx6-105.135@1,cx4-75.105@1,cx4-60.120@1)F, (3*p1,cx6-105.135@0,cx4-75.105@0,cx4-60.120@0,cx6-105.135@0)F, (3*d15,cx6-105.135@1)F  (dev 0.0s, primary cx4-60.120)
[14:06:29]   flexing: (3*d15,cx6-105.135@1)F, (3*p1,cx6-105.135@0,3*p1,cx4-75.105@1,cx4-60.120@1)F, (6*p4,3*d15,cx4-75.105@0)F, (6*d16,3*p1,cx4-75.105@1)F, (3*d15,cx4-75.105@0,cx4-60.120@0)F  (dev 0.0s, primary cx4-75.105)
[14:06:29]   flexing: (3*d15,cx6-105.135@1)F, (3*p1,cx6-105.135@0,cx4-75.105@0,cx4-60.120@0,cx6-105.135@0)F, (cx6-105.135@1,cx4-75.105@1,cx4-60.120@1)F, (6*p4,cx4-60.120@0,cx6-105.135@0,cx4-75.105@0,cx4-60.120@0)F, (cx6-105.135@1,cx4-75.105@1,cx4-60.120@1)F, (6*d16,cx4-60.120@1)F  (dev 0.0s, primary cx4-75.105)
[14:06:29]   flexing: (3*d15,cx6-105.135@1)F, (3*p1,cx6-105.135@0,3*p1,cx4-75.105@1,cx4-60.120@1)F, (3*d15,cx4-75.105@0,cx4-60.120@0)F, (6*d15,3*p1,cx4-60.120@1)F, (6*p5,3*d15,cx4-60.120@0)F  (dev 0.0s, primary cx4-60.120)
[14:06:29]   flexing: (6*d15,cx4-75.105@0,cx4-60.120@0)F, (6*p5,cx4-75.105@1,cx4-60.120@0,cx4-60.120@1)F, (cx6-105.135@0,cx4-75.105@0,cx4-60.120@1,cx4-60.120@0)F, (cx6-105.135@1,cx4-75.105@1,cx4-60.120@1)F  (dev 0.0s, primary cx4-75.105)
[14:06:29]   flexing: (4*d16,cx4-60.120@1)F, (4*p2,cx4-60.120@0,cx8-105.165@0,cx4-75.105@1,cx4-60.120@0)F, (cx8-105.165@1,cx4-75.105@0,cx4-60.120@1)F, (cx8-120.150@0,cx8-105.165@1,cx4-75.105@0)F, (cx8-120.150@1,cx8-105.165@0,cx4-75.105@1)F  (dev 0.0s, primary cx4-75.105)
[14:06:29]   flexing: (3*d15,cx4-75.105@0,cx4-60.120@0)F, (3*p1,cx4-75.105@1,cx4-60.120@1,cx4-60.120@1)F, (cx12-135.165@1,cx4-75.105@0,cx4-60.120@0,cx4-60.120@0)F, (cx12-135.165@0,cx4-75.105@1,cx4-60.120@1)F  (dev 0.0s, primary cx4-75.105)
[14:06:29]   flexing: (4*d14,cx6-90.150@1)A, (6*p6,cx6-90.150@0,4*p4,cx4-60.120@1)F, (6*d14,cx6-90.150@1)F, (6*p6,cx6-90.150@0,6*p6,cx6-90.150@0)S2, (4*d14,cx4-60.120@0,4*p2,cx4-60.120@0)A, (4*d16,cx4-60.120@1)F, (6*d14,cx4-60.120@0,4*p2,cx4-60.120@0)A  (dev 0.0s, primary cx4-60.120)
[14:06:29]   flexing: (12*d16,cx4-60.120@1)F, (12*p6,cx4-60.120@0,cx6-90.150@1,cx4-60.120@0)A, (3*p2,cx8-120.150@0,cx4-60.120@1,cx6-90.150@0)F, (12*p6,cx4-60.120@0,cx8-120.150@1,cx4-60.120@0)A, (3*d14,cx6-90.150@1)F, (3*p2,cx6-90.150@0,3*p2,cx6-90.150@0,3*p2,cx6-90.150@0)S3, (3*d14,cx8-120.150@1)A  (dev 0.0s, primary cx4-60.120)
[14:06:29]   flexing: (3*d14,cx8-120.150@1)A, (6*p6,cx8-120.150@0,3*p2,cx4-60.120@1)F, (4*p2,cx4-60.120@0,3*d14,cx4-60.120@0)F, (6*p6,cx4-60.120@1,3*p2,cx4-60.120@1)A, (4*d16,cx4-60.120@1)F, (6*d14,cx4-60.120@0,4*p2,cx4-60.120@0)F, (4*d16,cx4-60.120@1)F, (6*d14,cx8-120.150@1)A  (dev 0.0s, primary cx4-60.120)
[14:06:29]   flexing: (3*d14,cx8-120.150@1)F, (6*p6,cx8-120.150@0,3*p2,cx4-60.120@1)F, (4*p2,cx4-60.120@0,3*d14,cx4-60.120@0)A, (6*p6,cx8-120.150@0,3*p2,cx8-120.150@0)A, (4*d16,cx4-60.120@1)F, (6*d14,cx4-60.120@0,4*p2,cx4-60.120@0)A, (6*d14,cx8-120.150@1)A, (6*d14,cx8-120.150@1)A  (dev 0.0s, primary cx4-60.120)
[14:06:29]   flexing: (3*d14,cx8-120.150@1)F, (6*p6,cx8-120.150@0,3*p2,cx4-60.120@1)F, (4*p2,cx4-60.120@0,3*d14,cx4-60.120@0)A, (6*p6,cx8-120.150@0,3*p2,cx8-120.150@0)A, (4*d16,cx4-60.120@1)F, (6*d14,cx4-60.120@0,4*p2,cx4-60.120@0)A, (6*d14,cx8-120.150@1)F  (dev 0.0s, primary cx4-60.120)
[14:06:29]   flexing: (4*d16,cx8-120.150@0)A, (4*p2,cx8-120.150@1,4*p2,cx8-120.150@1)R2, (4*d16,cx8-120.150@0)F, (4*p2,cx8-120.150@1,cx4-60.120@0,cx4-60.120@1)F, (4*d16,cx4-60.120@0,cx4-60.120@0)A, (cx8-120.150@0,cx4-60.120@1,cx4-60.120@1)A  (dev 0.0s, primary cx4-60.120)
[14:06:29]   flexing: (4*d16,cx8-120.150@0)A, (4*p2,cx8-120.150@1,4*p2,cx8-120.150@1)F, (4*d16,cx8-120.150@0)A, (4*d16,cx8-120.150@0)A, (4*d16,cx8-120.150@0)F, (4*p2,cx8-120.150@1,cx4-60.120@0,cx4-60.120@1)F, (4*d16,cx4-60.120@0,cx4-60.120@0)A, (cx8-120.150@0,cx4-60.120@1,cx4-60.120@1)A  (dev 0.0s, primary cx4-60.120)
[14:06:29]   flexing: (4*d16,cx4-60.120@1)A, (4*d16,4*p2,cx4-60.120@0,4*p2)A, (4*d16,4*p2,cx4-60.120@0,4*p2)F, (4*d16,4*p2,cx4-60.120@0,4*p2)A, (4*d16,cx4-60.120@1)A, (4*d16,cx4-60.120@1)F, (4*p2,cx8-120.150@1,4*p2,cx4-60.120@0,4*p2,cx4-60.120@0)F, (4*d16,cx8-120.150@0)A, (4*d16,cx4-60.120@1)F, (4*d16,cx4-60.120@1)A, (4*d16,cx4-60.120@1)A, (4*d16,cx8-120.150@0)A  (dev 0.0s, primary cx4-60.120)
[14:06:29]   flexing: (4*d16,cx4-60.120@1)A, (4*p2,cx8-120.150@1,cx4-60.120@1,cx4-60.120@0)F, (cx4-60.120@1,cx4-60.120@0,cx4-60.120@1,cx4-60.120@0)S2, (cx8-120.150@0,cx4-60.120@0,cx8-120.150@0,cx4-60.120@0)S2, (4*d16,cx8-120.150@0)F, (4*p2,cx8-120.150@1,4*p2,cx8-120.150@1)R2, (4*d16,cx8-120.150@0)A  (dev 0.0s, primary cx4-60.120)
[14:06:29]   flexing: (4*d16,cx4-60.120@1)A, (4*p2,cx8-120.150@1,cx4-60.120@1,cx4-60.120@0)F, (cx4-60.120@1,cx4-60.120@0,cx4-60.120@1,cx4-60.120@0)S2, (cx8-120.150@0,cx4-60.120@0,cx8-120.150@0,cx4-60.120@0)S2, (4*d16,cx8-120.150@0)F, (4*p2,cx8-120.150@1,4*p2,cx8-120.150@1)F, (4*d16,cx8-120.150@0)A, (4*d16,cx8-120.150@0)A, (4*d16,cx8-120.150@0)A  (dev 0.0s, primary cx4-60.120)
[14:06:29]   flexing: (4*d16,cx4-60.120@1)A, (4*p2,cx8-120.150@1,cx4-60.120@1,cx4-60.120@0)F, (cx4-60.120@1,cx4-60.120@0,cx4-60.120@1,cx4-60.120@0)S2, (cx8-120.150@0,cx4-60.120@0,cx8-120.150@0,cx4-60.120@0)S2, (4*d16,cx8-120.150@0)F, (4*p2,cx8-120.150@1,4*p2,cx4-60.120@0,4*p2,cx4-60.120@0)F, (4*d16,cx4-60.120@1)A, (4*d16,cx8-120.150@0)A, (4*d16,cx4-60.120@1)A, (4*d16,cx4-60.120@1)A, (4*d16,cx4-60.120@1)A  (dev 0.0s, primary cx4-60.120)
[14:06:29]   flexing: (4*d16,cx4-60.120@1)A, (4*p2,cx8-120.150@1,cx4-60.120@1,cx4-60.120@0)F, (cx4-60.120@1,cx4-60.120@0,cx4-60.120@1,cx4-60.120@0)S2, (cx8-120.150@0,cx4-60.120@0,cx8-120.150@0,cx4-60.120@0)S2, (4*d16,cx8-120.150@0)F, (4*p2,cx8-120.150@1,4*p2,cx4-60.120@0,4*p2,cx4-60.120@0)F, (4*d16,cx4-60.120@1)A, (4*d16,cx8-120.150@0)A, (4*d16,cx4-60.120@1)A, (4*d16,cx4-60.120@1)F  (dev 0.0s, primary cx4-60.120)
[14:06:29]   flexing: (4*d16,cx4-60.120@1)A, (4*p2,cx8-120.150@1,cx4-60.120@1,cx4-60.120@0)F, (cx4-60.120@1,cx4-60.120@0,cx4-60.120@1,cx4-60.120@0)Aa, (cx8-120.150@0,cx4-60.120@0,cx4-60.120@1,cx4-60.120@0)A, (cx4-60.120@1,cx4-60.120@0,cx4-60.120@1,cx4-60.120@0)R2, (4*d16,cx8-120.150@0)A  (dev 0.0s, primary cx4-60.120)
[14:06:29]   flexing: (4*d16,cx4-60.120@1)A, (4*p2,cx8-120.150@1,cx4-60.120@1,cx4-60.120@0)F, (cx4-60.120@1,cx4-60.120@0,cx4-60.120@1,cx4-60.120@0)Aa, (cx8-120.150@0,cx4-60.120@0,cx4-60.120@1,cx4-60.120@0)A, (cx4-60.120@1,cx4-60.120@0,cx4-60.120@1,cx4-60.120@0)Ab, (4*d16,cx8-120.150@0)A  (dev 0.0s, primary cx4-60.120)
[14:06:29]   flexing: (4*d16,cx4-60.120@1)A, (4*p2,cx8-120.150@1,cx4-60.120@1,cx4-60.120@0)F, (cx4-60.120@1,cx4-60.120@0,cx4-60.120@1,cx4-60.120@0)Aa, (cx8-120.150@0,cx4-60.120@0,cx4-60.120@1,cx4-60.120@0)A, (4*p2,cx4-60.120@0,4*p2,cx4-60.120@0,cx4-60.120@1,cx4-60.120@0)F, (4*d16,cx4-60.120@1)A, (4*d16,cx4-60.120@1)A, (4*d16,cx4-60.120@1)A, (4*d16,cx4-60.120@1)A, (4*d16,cx8-120.150@0)A  (dev 0.0s, primary cx4-60.120)
[14:06:29]   flexing: (4*d16,cx4-60.120@1)A, (4*p2,cx8-120.150@1,cx4-60.120@1,cx4-60.120@0)F, (cx4-60.120@1,cx4-60.120@0,cx4-60.120@1,cx4-60.120@0)Aa, (cx8-120.150@0,cx4-60.120@0,cx4-60.120@1,cx4-60.120@0)A, (4*p2,cx4-60.120@0,4*p2,cx4-60.120@0,cx4-60.120@1,cx4-60.120@0)F, (4*d16,cx4-60.120@1)A, (4*d16,cx4-60.120@1)A, (4*d16,cx4-60.120@1)F, (4*d16,cx8-120.150@0)A  (dev 0.0s, primary cx4-60.120)
[14:06:29]   flexing: (4*d16,cx4-60.120@1)A, (4*p2,cx8-120.150@1,cx4-60.120@1,cx4-60.120@0)F, (cx8-120.150@0,cx4-60.120@0,cx4-60.120@1,cx4-60.120@0)A, (4*d16,cx8-120.150@0)F, (4*p2,cx8-120.150@1,4*p2,cx8-120.150@1)F, (4*d16,cx8-120.150@0)A, (4*d16,cx8-120.150@0)A, (4*d16,cx8-120.150@0)F, (4*p2,cx8-120.150@1,4*p2,cx8-120.150@1)R2, (4*d16,cx8-120.150@0)A  (dev 0.0s, primary cx4-60.120)
[14:06:29]   flexing: (4*d16,cx4-60.120@1)A, (4*p2,cx8-120.150@1,cx4-60.120@1,cx4-60.120@0)F, (cx8-120.150@0,cx4-60.120@0,cx4-60.120@1,cx4-60.120@0)A, (4*d16,cx8-120.150@0)F, (4*p2,cx8-120.150@1,4*p2,cx8-120.150@1)F, (4*d16,cx8-120.150@0)A, (4*d16,cx8-120.150@0)A, (4*d16,cx8-120.150@0)F, (4*p2,cx8-120.150@1,4*p2,cx8-120.150@1)F, (4*d16,cx8-120.150@0)A, (4*d16,cx8-120.150@0)A, (4*d16,cx8-120.150@0)A  (dev 0.0s, primary cx4-60.120)
[14:06:29]   flexing: (4*d16,cx4-60.120@1)A, (4*p2,cx8-120.150@1,cx4-60.120@1,cx4-60.120@0)F, (cx8-120.150@0,cx4-60.120@0,cx4-60.120@1,cx4-60.120@0)A, (4*d16,cx8-120.150@0)F, (4*p2,cx8-120.150@1,4*p2,cx8-120.150@1)F, (4*d16,cx8-120.150@0)A, (4*d16,cx8-120.150@0)A, (4*d16,cx8-120.150@0)F, (4*p2,cx8-120.150@1,4*p2,cx4-60.120@0,4*p2,cx4-60.120@0)F, (4*d16,cx8-120.150@0)A, (4*d16,cx4-60.120@1)A, (4*d16,cx4-60.120@1)A, (4*d16,cx4-60.120@1)A, (4*d16,cx4-60.120@1)A  (dev 0.0s, primary cx4-60.120)
[14:06:29]   flexing: (4*d16,cx4-60.120@1)A, (4*p2,cx8-120.150@1,cx4-60.120@1,cx4-60.120@0)F, (cx8-120.150@0,cx4-60.120@0,cx4-60.120@1,cx4-60.120@0)A, (4*d16,cx8-120.150@0)F, (4*p2,cx8-120.150@1,4*p2,cx8-120.150@1)F, (4*d16,cx8-120.150@0)A, (4*d16,cx8-120.150@0)A, (4*d16,cx8-120.150@0)F, (4*p2,cx8-120.150@1,4*p2,cx4-60.120@0,4*p2,cx4-60.120@0)F, (4*d16,cx8-120.150@0)A, (4*d16,cx4-60.120@1)A, (4*d16,cx4-60.120@1)A, (4*d16,cx4-60.120@1)F  (dev 0.0s, primary cx4-60.120)
[14:06:29]   flexing: (4*d16,cx4-60.120@1)A, (4*p2,cx8-120.150@1,cx4-60.120@1,cx4-60.120@0)F, (cx8-120.150@0,cx4-60.120@0,cx4-60.120@1,cx4-60.120@0)A, (4*d16,cx8-120.150@0)F, (4*p2,cx8-120.150@1,4*p2,cx4-60.120@0,4*p2,cx4-60.120@0)F, (4*d16,cx4-60.120@1)A, (4*d16,cx8-120.150@0)A, (4*d16,cx4-60.120@1)A, (4*d16,cx4-60.120@1)F, (4*p2,cx8-120.150@1,4*p2,cx4-60.120@0,4*p2,cx4-60.120@0)F, (4*d16,cx8-120.150@0)A, (4*d16,cx4-60.120@1)F, (4*d16,cx4-60.120@1)A, (4*d16,cx4-60.120@1)A, (4*d16,cx8-120.150@0)A  (dev 0.0s, primary cx4-60.120)
[14:06:29]   flexing: (4*d16,cx4-60.120@1)A, (4*p2,cx8-120.150@1,cx4-60.120@1,cx4-60.120@0)F, (cx8-120.150@0,cx4-60.120@0,cx4-60.120@1,cx4-60.120@0)A, (4*d16,cx8-120.150@0)F, (4*p2,cx8-120.150@1,4*p2,cx4-60.120@0,4*p2,cx4-60.120@0)F, (4*d16,cx4-60.120@1)A, (4*d16,cx8-120.150@0)A, (4*d16,cx4-60.120@1)A, (4*d16,cx4-60.120@1)F, (4*p2,cx8-120.150@1,4*p2,cx4-60.120@0,4*p2,cx4-60.120@0)F, (4*d16,cx4-60.120@1)A, (4*d16,cx4-60.120@1)F, (4*d16,cx8-120.150@0)A, (4*d16,cx4-60.120@1)A, (4*d16,cx8-120.150@0)A  (dev 0.0s, primary cx4-60.120)
[14:06:29]   flexing: (4*d16,cx4-60.120@1)A, (4*p2,cx8-120.150@1,cx4-60.120@1,cx4-60.120@0)F, (cx8-120.150@0,cx4-60.120@0,cx4-60.120@1,cx4-60.120@0)A, (4*d16,cx8-120.150@0)F, (4*p2,cx8-120.150@1,4*p2,cx4-60.120@0,4*p2,cx4-60.120@0)F, (4*d16,cx4-60.120@1)A, (4*d16,cx8-120.150@0)A, (4*d16,cx4-60.120@1)A, (4*d16,cx4-60.120@1)F, (4*p2,cx4-60.120@0,4*p2,cx4-60.120@0,4*p2,cx4-60.120@0,4*p2,cx4-60.120@0)R2, (4*d16,cx4-60.120@1)A, (4*d16,cx4-60.120@1)F, (4*d16,cx4-60.120@1)A  (dev 0.0s, primary cx4-60.120)
[14:06:29]   flexing: (4*d16,cx4-60.120@1)A, (4*p2,cx8-120.150@1,cx4-60.120@1,cx4-60.120@0)F, (cx8-120.150@0,cx4-60.120@0,cx4-60.120@1,cx4-60.120@0)A, (4*d16,cx8-120.150@0)F, (4*p2,cx8-120.150@1,4*p2,cx4-60.120@0,4*p2,cx4-60.120@0)F, (4*d16,cx4-60.120@1)A, (4*d16,cx8-120.150@0)A, (4*d16,cx4-60.120@1)A, (4*d16,cx4-60.120@1)F, (4*p2,cx4-60.120@0,4*p2,cx4-60.120@0,4*p2,cx4-60.120@0,4*p2,cx4-60.120@0)Ab, (4*d16,cx4-60.120@1)A, (4*d16,cx4-60.120@1)F, (4*d16,cx4-60.120@1)A  (dev 0.0s, primary cx4-60.120)
[14:06:29]   flexing: (4*d16,cx4-60.120@1)A, (4*p2,cx8-120.150@1,cx4-60.120@1,cx4-60.120@0)F, (cx8-120.150@0,cx4-60.120@0,cx4-60.120@1,cx4-60.120@0)A, (4*d16,cx8-120.150@0)F, (4*p2,cx8-120.150@1,4*p2,cx4-60.120@0,4*p2,cx4-60.120@0)F, (4*d16,cx4-60.120@1)A, (4*d16,cx8-120.150@0)A, (4*d16,cx4-60.120@1)A, (4*d16,cx4-60.120@1)F, (4*p2,cx4-60.120@0,4*p2,cx4-60.120@0,4*p2,cx4-60.120@0,4*p2,cx4-60.120@0)F, (4*d16,cx4-60.120@1)A, (4*d16,cx4-60.120@1)F, (4*d16,cx4-60.120@1)A, (4*d16,cx4-60.120@1)A, (4*d16,cx4-60.120@1)A, (4*d16,cx4-60.120@1)A, (4*d16,cx4-60.120@1)A  (dev 0.0s, primary cx4-60.120)
[14:06:29]   flexing: (4*d16,cx4-60.120@1)A, (4*p2,cx8-120.150@1,cx4-60.120@1,cx4-60.120@0)F, (cx8-120.150@0,cx4-60.120@0,cx4-60.120@1,cx4-60.120@0)A, (4*d16,cx8-120.150@0)F, (4*p2,cx8-120.150@1,4*p2,cx4-60.120@0,4*p2,cx4-60.120@0)F, (4*d16,cx4-60.120@1)A, (4*d16,cx8-120.150@0)A, (4*d16,cx4-60.120@1)A, (4*d16,cx4-60.120@1)F, (4*p2,cx4-60.120@0,4*p2,cx4-60.120@0,4*p2,cx4-60.120@0,4*p2,cx4-60.120@0)F, (4*d16,cx4-60.120@1)A, (4*d16,cx4-60.120@1)F, (4*d16,cx4-60.120@1)A, (4*d16,cx4-60.120@1)A, (4*d16,cx4-60.120@1)A, (4*d16,cx4-60.120@1)F  (dev 0.0s, primary cx4-60.120)
[14:06:29]   flexing: (4*d16,cx4-60.120@1)A, (4*p2,cx8-120.150@1,cx4-60.120@1,cx4-60.120@0)F, (4*p2,cx4-60.120@0,4*p2,cx4-60.120@0,cx4-60.120@1,cx4-60.120@0)A, (4*p2,cx4-60.120@0,4*p2,cx4-60.120@0,cx8-120.150@0,cx4-60.120@0)A, (4*d16,cx4-60.120@1)F, (4*d16,cx4-60.120@1)A, (4*d16,cx4-60.120@1)A, (4*d16,cx8-120.150@0)F, (4*p2,cx8-120.150@1,4*p2,cx8-120.150@1)R2, (4*d16,cx8-120.150@0)A  (dev 0.0s, primary cx4-60.120)
[14:06:29]   flexing: (4*d16,cx4-60.120@1)A, (4*p2,cx8-120.150@1,cx4-60.120@1,cx4-60.120@0)F, (4*p2,cx4-60.120@0,4*p2,cx4-60.120@0,cx4-60.120@1,cx4-60.120@0)A, (4*p2,cx4-60.120@0,4*p2,cx4-60.120@0,cx8-120.150@0,cx4-60.120@0)A, (4*d16,cx4-60.120@1)F, (4*d16,cx4-60.120@1)A, (4*d16,cx4-60.120@1)A, (4*d16,cx8-120.150@0)F, (4*p2,cx8-120.150@1,4*p2,cx8-120.150@1)F, (4*d16,cx8-120.150@0)A, (4*d16,cx8-120.150@0)A, (4*d16,cx8-120.150@0)A  (dev 0.0s, primary cx4-60.120)
[14:06:29]   flexing: (4*d16,cx4-60.120@1)A, (4*p2,cx8-120.150@1,cx4-60.120@1,cx4-60.120@0)F, (4*p2,cx4-60.120@0,4*p2,cx4-60.120@0,cx4-60.120@1,cx4-60.120@0)A, (4*p2,cx4-60.120@0,4*p2,cx4-60.120@0,cx8-120.150@0,cx4-60.120@0)A, (4*d16,cx4-60.120@1)F, (4*d16,cx4-60.120@1)A, (4*d16,cx4-60.120@1)A, (4*d16,cx8-120.150@0)F, (4*p2,cx8-120.150@1,4*p2,cx4-60.120@0,4*p2,cx4-60.120@0)F, (4*d16,cx4-60.120@1)A, (4*d16,cx8-120.150@0)A, (4*d16,cx4-60.120@1)A, (4*d16,cx4-60.120@1)A, (4*d16,cx4-60.120@1)A  (dev 0.0s, primary cx4-60.120)
[14:06:29]   flexing: (4*d16,cx4-60.120@1)A, (4*p2,cx8-120.150@1,cx4-60.120@1,cx4-60.120@0)F, (4*p2,cx4-60.120@0,4*p2,cx4-60.120@0,cx4-60.120@1,cx4-60.120@0)A, (4*p2,cx4-60.120@0,4*p2,cx4-60.120@0,cx8-120.150@0,cx4-60.120@0)A, (4*d16,cx4-60.120@1)F, (4*d16,cx4-60.120@1)A, (4*d16,cx4-60.120@1)A, (4*d16,cx8-120.150@0)F, (4*p2,cx8-120.150@1,4*p2,cx4-60.120@0,4*p2,cx4-60.120@0)F, (4*d16,cx4-60.120@1)A, (4*d16,cx8-120.150@0)A, (4*d16,cx4-60.120@1)A, (4*d16,cx4-60.120@1)F  (dev 0.0s, primary cx4-60.120)
[14:06:29]   flexing: (4*d16,cx4-60.120@1)A, (4*p2,cx8-120.150@1,cx4-60.120@1,cx4-60.120@0)F, (4*p2,cx4-60.120@0,4*p2,cx4-60.120@0,cx4-60.120@1,cx4-60.120@0)A, (4*p2,cx4-60.120@0,4*p2,cx4-60.120@0,cx8-120.150@0,cx4-60.120@0)A, (4*d16,cx4-60.120@1)F, (4*d16,cx4-60.120@1)F, (4*d16,cx8-120.150@0)F, (4*p2,cx8-120.150@1,4*p2,cx8-120.150@1)R2, (4*d16,cx8-120.150@0)A  (dev 0.0s, primary cx4-60.120)
[14:06:29]   flexing: (4*d16,cx4-60.120@1)A, (4*p2,cx8-120.150@1,cx4-60.120@1,cx4-60.120@0)F, (4*p2,cx4-60.120@0,4*p2,cx4-60.120@0,cx4-60.120@1,cx4-60.120@0)A, (4*p2,cx4-60.120@0,4*p2,cx4-60.120@0,cx8-120.150@0,cx4-60.120@0)A, (4*d16,cx4-60.120@1)F, (4*d16,cx4-60.120@1)F, (4*d16,cx8-120.150@0)F, (4*p2,cx8-120.150@1,4*p2,cx8-120.150@1)F, (4*d16,cx8-120.150@0)A, (4*d16,cx8-120.150@0)A, (4*d16,cx8-120.150@0)A  (dev 0.0s, primary cx4-60.120)
[14:06:30]   flexing: (4*d16,cx4-60.120@1)A, (4*p2,cx8-120.150@1,cx4-60.120@1,cx4-60.120@0)F, (4*p2,cx4-60.120@0,4*p2,cx4-60.120@0,cx4-60.120@1,cx4-60.120@0)A, (4*p2,cx4-60.120@0,4*p2,cx4-60.120@0,cx8-120.150@0,cx4-60.120@0)A, (4*d16,cx4-60.120@1)F, (4*d16,cx4-60.120@1)F, (4*d16,cx8-120.150@0)F, (4*p2,cx8-120.150@1,4*p2,cx4-60.120@0,4*p2,cx4-60.120@0)F, (4*d16,cx4-60.120@1)A, (4*d16,cx8-120.150@0)A, (4*d16,cx4-60.120@1)A, (4*d16,cx4-60.120@1)A, (4*d16,cx4-60.120@1)A  (dev 0.0s, primary cx4-60.120)
[14:06:30]   flexing: (4*d16,cx4-60.120@1)A, (4*p2,cx8-120.150@1,cx4-60.120@1,cx4-60.120@0)F, (4*p2,cx4-60.120@0,4*p2,cx4-60.120@0,cx4-60.120@1,cx4-60.120@0)A, (4*p2,cx4-60.120@0,4*p2,cx4-60.120@0,cx8-120.150@0,cx4-60.120@0)A, (4*d16,cx4-60.120@1)F, (4*d16,cx4-60.120@1)F, (4*d16,cx8-120.150@0)F, (4*p2,cx8-120.150@1,4*p2,cx4-60.120@0,4*p2,cx4-60.120@0)F, (4*d16,cx4-60.120@1)A, (4*d16,cx8-120.150@0)A, (4*d16,cx4-60.120@1)A, (4*d16,cx4-60.120@1)F  (dev 0.0s, primary cx4-60.120)
[14:06:30]   flexing: (4*d16,cx4-60.120@1)A, (4*p2,cx8-120.150@1,cx4-60.120@1,cx4-60.120@0)F, (4*p2,cx4-60.120@0,4*p2,cx4-60.120@0,cx4-60.120@1,cx4-60.120@0)A, (4*p2,cx4-60.120@0,4*p2,cx4-60.120@0,cx8-120.150@0,cx4-60.120@0)A, (4*d16,cx4-60.120@1)F, (4*d16,cx4-60.120@1)F, (4*p2,cx4-60.120@0,4*p2,cx4-60.120@0,4*p2,cx4-60.120@0,4*p2,cx4-60.120@0)Ab, (4*d16,cx4-60.120@1)F, (4*d16,cx4-60.120@1)F, (4*d16,cx8-120.150@0)A  (dev 0.0s, primary cx4-60.120)
[14:06:30]   flexing: (4*d16,cx4-60.120@1)A, (4*p2,cx8-120.150@1,cx4-60.120@1,cx4-60.120@0)F, (4*p2,cx4-60.120@0,4*p2,cx4-60.120@0,cx4-60.120@1,cx4-60.120@0)A, (4*p2,cx4-60.120@0,4*p2,cx4-60.120@0,cx8-120.150@0,cx4-60.120@0)F, (4*d16,cx4-60.120@1)F, (4*d16,cx4-60.120@1)A, (4*d16,cx4-60.120@1)A, (4*d16,cx4-60.120@1)A, (4*p2,cx8-120.150@1,cx4-60.120@1,cx4-60.120@0)F, (4*d16,cx4-60.120@1)F, (4*d16,cx8-120.150@0)A, (4*d16,cx8-120.150@0)A  (dev 0.0s, primary cx4-60.120)
[14:06:30]   flexing: (4*d16,cx4-60.120@1)A, (4*p2,cx4-60.120@0,4*p2,cx4-60.120@0,cx4-60.120@1,cx4-60.120@0)A, (4*d16,cx4-60.120@1)F, (4*p2,cx8-120.150@1,cx4-60.120@1,cx4-60.120@0)F, (4*d16,cx8-120.150@0)A, (cx4-60.120@1,cx4-60.120@0,cx4-60.120@1,cx4-60.120@0)Ab, (cx8-120.150@0,cx4-60.120@0,cx8-120.150@0,cx4-60.120@0)S2  (dev 0.0s, primary cx4-60.120)
[14:06:30]   flexing: (4*d16,cx4-60.120@1)A, (4*p2,cx4-60.120@0,4*p2,cx4-60.120@0,cx4-60.120@1,cx4-60.120@0)A, (4*d16,cx4-60.120@1)F, (4*p2,cx8-120.150@1,cx4-60.120@1,cx4-60.120@0)F, (4*d16,cx8-120.150@0)A, (cx4-60.120@1,cx4-60.120@0,cx4-60.120@1,cx4-60.120@0)F, (cx8-120.150@0,cx4-60.120@0,cx4-60.120@1,cx4-60.120@0)A  (dev 0.0s, primary cx4-60.120)
[14:06:30]   flexing: (4*d16,cx4-60.120@1)A, (4*p2,cx4-60.120@0,4*p2,cx4-60.120@0,cx4-60.120@1,cx4-60.120@0)A, (4*d16,cx4-60.120@1)F, (4*p2,cx8-120.150@1,cx4-60.120@1,cx4-60.120@0)F, (4*d16,cx8-120.150@0)A, (4*p2,cx4-60.120@0,4*p2,cx4-60.120@0,cx4-60.120@1,cx4-60.120@0)F, (4*d16,cx4-60.120@1)A, (4*p2,cx8-120.150@1,cx8-120.150@0,cx4-60.120@0)F, (4*d16,cx4-60.120@1)F, (4*d16,cx8-120.150@0)A, (4*d16,cx4-60.120@1)A, (4*d16,cx4-60.120@1)A  (dev 0.0s, primary cx4-60.120)
[14:06:30]   flexing: (4*d16,cx4-60.120@1)A, (4*p2,cx4-60.120@0,4*p2,cx4-60.120@0,cx4-60.120@1,cx4-60.120@0)A, (4*d16,cx4-60.120@1)F, (4*p2,cx8-120.150@1,cx4-60.120@1,cx4-60.120@0)F, (4*d16,cx8-120.150@0)A, (4*p2,cx4-60.120@0,4*p2,cx4-60.120@0,cx4-60.120@1,cx4-60.120@0)F, (4*d16,cx4-60.120@1)A, (4*p2,cx4-60.120@0,4*p2,cx4-60.120@0,cx8-120.150@0,cx4-60.120@0)A, (4*d16,cx4-60.120@1)F, (4*d16,cx4-60.120@1)A, (4*d16,cx4-60.120@1)A, (4*d16,cx4-60.120@1)A  (dev 0.0s, primary cx4-60.120)
[14:06:30]   flexing: (4*d16,cx4-60.120@1)A, (4*p2,cx4-60.120@0,4*p2,cx4-60.120@0,cx4-60.120@1,cx4-60.120@0)A, (4*d16,cx4-60.120@1)F, (4*p2,cx4-60.120@0,4*p2,cx4-60.120@0,cx4-60.120@1,cx4-60.120@0)A, (4*d16,cx4-60.120@1)A, (4*p2,cx4-60.120@0,4*p2,cx4-60.120@0,cx4-60.120@1,cx4-60.120@0)F, (4*d16,cx4-60.120@1)A, (4*d16,cx4-60.120@1)A, (4*d16,cx4-60.120@1)F, (4*p2,cx8-120.150@1,4*p2,cx4-60.120@0,4*p2,cx4-60.120@0)F, (4*d16,cx8-120.150@0)A, (4*d16,cx4-60.120@1)F, (4*d16,cx4-60.120@1)A, (4*d16,cx4-60.120@1)A, (4*d16,cx8-120.150@0)A  (dev 0.0s, primary cx4-60.120)
[14:06:30]   flexing: (4*d16,cx4-60.120@1)A, (4*p2,cx4-60.120@0,4*p2,cx4-60.120@0,cx4-60.120@1,cx4-60.120@0)F, (4*d16,cx4-60.120@1)A, (4*d16,cx4-60.120@1)A, (cx8-120.150@0,cx4-60.120@0,cx4-60.120@1,cx4-60.120@0)A, (4*p2,cx8-120.150@1,cx4-60.120@1,cx4-60.120@0)F, (cx4-60.120@1,cx4-60.120@0,cx4-60.120@1,cx4-60.120@0)R2, (4*d16,cx4-60.120@1)F, (4*d16,cx8-120.150@0)A  (dev 0.0s, primary cx4-60.120)
[14:06:30]   flexing: (4*d16,cx4-60.120@1)A, (4*p2,cx4-60.120@0,4*p2,cx4-60.120@0,cx4-60.120@1,cx4-60.120@0)F, (4*d16,cx4-60.120@1)A, (4*d16,cx4-60.120@1)F, (4*p2,cx8-120.150@1,cx4-60.120@1,cx4-60.120@0)F, (4*d16,cx8-120.150@0)A, (4*p2,cx4-60.120@0,4*p2,cx4-60.120@0,cx8-120.150@0,cx4-60.120@0)F, (4*d16,cx4-60.120@1)F, (4*d16,cx4-60.120@1)A, (4*d16,cx4-60.120@1)A, (4*p2,cx8-120.150@1,cx4-60.120@1,cx4-60.120@0)F, (4*d16,cx8-120.150@0)A, (4*d16,cx4-60.120@1)F  (dev 0.1s, primary cx4-60.120)
[14:06:30]   flexing: (4*d16,cx4-60.120@1)A, (4*p2,cx4-60.120@0,4*p2,cx4-60.120@0,cx4-60.120@1,cx4-60.120@0)F, (4*d16,cx4-60.120@1)A, (4*d16,cx4-60.120@1)F, (4*p2,cx8-120.150@1,cx4-60.120@1,cx4-60.120@0)F, (4*d16,cx8-120.150@0)A, (4*p2,cx4-60.120@0,4*p2,cx4-60.120@0,cx4-60.120@1,cx4-60.120@0)F, (4*d16,cx4-60.120@1)F, (4*d16,cx4-60.120@1)A, (4*d16,cx4-60.120@1)A, (4*p2,cx8-120.150@1,cx8-120.150@0,cx4-60.120@0)F, (4*d16,cx4-60.120@1)F, (4*d16,cx8-120.150@0)A  (dev 0.0s, primary cx4-60.120)
[14:06:30]   flexing: (4*d16,cx4-60.120@1)A, (4*p2,cx4-60.120@0,4*p2,cx4-60.120@0,cx4-60.120@1,cx4-60.120@0)F, (4*d16,cx4-60.120@1)A, (4*d16,cx4-60.120@1)F, (4*p2,cx8-120.150@1,cx4-60.120@1,cx4-60.120@0)F, (4*d16,cx8-120.150@0)A, (4*p2,cx4-60.120@0,4*p2,cx4-60.120@0,cx4-60.120@1,cx4-60.120@0)F, (4*d16,cx4-60.120@1)F, (4*d16,cx4-60.120@1)A, (4*d16,cx4-60.120@1)A, (4*p2,cx4-60.120@0,4*p2,cx4-60.120@0,cx8-120.150@0,cx4-60.120@0)A, (4*d16,cx4-60.120@1)F, (4*d16,cx4-60.120@1)A  (dev 0.1s, primary cx4-60.120)
[14:06:30]   flexing: (4*d16,cx4-60.120@1)A, (4*p2,cx4-60.120@0,4*p2,cx4-60.120@0,cx4-60.120@1,cx4-60.120@0)F, (cx4-60.120@1,cx4-60.120@0,cx4-60.120@1,cx4-60.120@0)S2, (cx4-60.120@1,cx4-60.120@0,cx4-60.120@1,cx4-60.120@0)S2, (4*d16,cx4-60.120@1)A, (4*d16,cx4-60.120@1)F, (4*p2,cx8-120.150@1,4*p2,cx4-60.120@0,4*p2,cx4-60.120@0)F, (4*d16,cx8-120.150@0)A, (4*d16,cx4-60.120@1)F, (4*d16,cx4-60.120@1)A, (4*d16,cx4-60.120@1)A, (4*d16,cx8-120.150@0)A  (dev 0.0s, primary cx4-60.120)
[14:06:30]   flexing: (4*d16,cx4-60.120@1)A, (4*p2,cx4-60.120@0,4*p2,cx4-60.120@0,cx4-60.120@1,cx4-60.120@0)F, (cx4-60.120@1,cx4-60.120@0,cx4-60.120@1,cx4-60.120@0)Aa, (4*d16,cx4-60.120@1)A, (4*d16,cx4-60.120@1)F, (4*p2,cx8-120.150@1,4*p2,cx4-60.120@0,4*p2,cx4-60.120@0)F, (4*d16,cx8-120.150@0)A, (4*d16,cx4-60.120@1)F, (4*d16,cx4-60.120@1)A, (4*d16,cx4-60.120@1)A, (4*d16,cx8-120.150@0)F, (4*p2,cx8-120.150@1,4*p2,cx8-120.150@1)R2, (4*d16,cx8-120.150@0)A  (dev 0.0s, primary cx4-60.120)
[14:06:30]   flexing: (4*d16,cx4-60.120@1)A, (4*p2,cx4-60.120@0,4*p2,cx4-60.120@0,cx4-60.120@1,cx4-60.120@0)F, (cx4-60.120@1,cx4-60.120@0,cx4-60.120@1,cx4-60.120@0)Aa, (4*d16,cx4-60.120@1)A, (4*d16,cx4-60.120@1)F, (4*p2,cx8-120.150@1,4*p2,cx4-60.120@0,4*p2,cx4-60.120@0)F, (4*d16,cx8-120.150@0)A, (4*d16,cx4-60.120@1)F, (4*d16,cx4-60.120@1)A, (4*d16,cx4-60.120@1)A, (4*d16,cx8-120.150@0)F, (4*p2,cx8-120.150@1,4*p2,cx8-120.150@1)F, (4*d16,cx8-120.150@0)A, (4*d16,cx8-120.150@0)A, (4*d16,cx8-120.150@0)A  (dev 0.0s, primary cx4-60.120)
[14:06:30]   flexing: (4*d16,cx4-60.120@1)A, (4*p2,cx4-60.120@0,4*p2,cx4-60.120@0,cx4-60.120@1,cx4-60.120@0)F, (cx4-60.120@1,cx4-60.120@0,cx4-60.120@1,cx4-60.120@0)Aa, (4*d16,cx4-60.120@1)A, (4*d16,cx4-60.120@1)F, (4*p2,cx8-120.150@1,4*p2,cx4-60.120@0,4*p2,cx4-60.120@0)F, (4*d16,cx8-120.150@0)A, (4*d16,cx4-60.120@1)F, (4*d16,cx4-60.120@1)A, (4*d16,cx4-60.120@1)A, (4*d16,cx8-120.150@0)F, (4*p2,cx8-120.150@1,4*p2,cx4-60.120@0,4*p2,cx4-60.120@0)F, (4*d16,cx8-120.150@0)A, (4*d16,cx4-60.120@1)A, (4*d16,cx4-60.120@1)A, (4*d16,cx4-60.120@1)A, (4*d16,cx4-60.120@1)A  (dev 0.0s, primary cx4-60.120)
[14:06:30]   flexing: (4*d16,cx4-60.120@1)A, (4*p2,cx4-60.120@0,4*p2,cx4-60.120@0,cx4-60.120@1,cx4-60.120@0)F, (cx4-60.120@1,cx4-60.120@0,cx4-60.120@1,cx4-60.120@0)Aa, (4*d16,cx4-60.120@1)A, (4*d16,cx4-60.120@1)F, (4*p2,cx8-120.150@1,4*p2,cx4-60.120@0,4*p2,cx4-60.120@0)F, (4*d16,cx8-120.150@0)A, (4*d16,cx4-60.120@1)F, (4*d16,cx4-60.120@1)A, (4*d16,cx4-60.120@1)A, (4*d16,cx8-120.150@0)F, (4*p2,cx8-120.150@1,4*p2,cx4-60.120@0,4*p2,cx4-60.120@0)F, (4*d16,cx8-120.150@0)A, (4*d16,cx4-60.120@1)A, (4*d16,cx4-60.120@1)A, (4*d16,cx4-60.120@1)F  (dev 0.0s, primary cx4-60.120)
[14:06:30]   flexing: (4*d16,cx4-60.120@1)A, (4*p2,cx4-60.120@0,4*p2,cx4-60.120@0,cx4-60.120@1,cx4-60.120@0)F, (cx4-60.120@1,cx4-60.120@0,cx4-60.120@1,cx4-60.120@0)Aa, (4*d16,cx4-60.120@1)A, (4*d16,cx4-60.120@1)F, (4*p2,cx4-60.120@0,4*p2,cx4-60.120@0,4*p2,cx4-60.120@0,4*p2,cx4-60.120@0)F, (4*d16,cx4-60.120@1)A, (4*d16,cx4-60.120@1)F, (4*d16,cx4-60.120@1)A, (4*d16,cx4-60.120@1)A, (4*d16,cx4-60.120@1)A, (4*d16,cx4-60.120@1)F, (4*p2,cx8-120.150@1,4*p2,cx4-60.120@0,4*p2,cx4-60.120@0)F, (4*d16,cx8-120.150@0)A, (4*d16,cx4-60.120@1)F, (4*d16,cx4-60.120@1)A, (4*d16,cx4-60.120@1)A, (4*d16,cx8-120.150@0)A  (dev 0.1s, primary cx4-60.120)
[14:06:30]   flexing: (4*d16,cx4-60.120@1)A, (4*p2,cx4-60.120@0,4*p2,cx4-60.120@0,cx4-60.120@1,cx4-60.120@0)F, (4*p2,cx4-60.120@0,4*p2,cx4-60.120@0,cx4-60.120@1,cx4-60.120@0)A, (4*d16,cx4-60.120@1)F, (4*d16,cx4-60.120@1)F, (4*p2,cx8-120.150@1,4*p2,cx4-60.120@0,4*p2,cx4-60.120@0)F, (4*d16,cx4-60.120@1)F, (4*d16,cx8-120.150@0)A, (4*d16,cx4-60.120@1)F, (4*p2,cx4-60.120@0,4*p2,cx4-60.120@0,4*p2,cx4-60.120@0,4*p2,cx4-60.120@0)Ab, (4*d16,cx4-60.120@1)F, (4*d16,cx4-60.120@1)F, (4*d16,cx4-60.120@1)A, (4*d16,cx8-120.150@0)A  (dev 0.0s, primary cx4-60.120)
[14:06:30]   flexing: (4*d16,cx4-60.120@1)A, (4*p2,cx4-60.120@0,4*p2,cx4-60.120@0,cx4-60.120@1,cx4-60.120@0)F, (4*p2,cx4-60.120@0,4*p2,cx4-60.120@0,cx4-60.120@1,cx4-60.120@0)A, (4*d16,cx4-60.120@1)F, (4*p2,cx4-60.120@0,4*p2,cx4-60.120@0,cx4-60.120@1,cx4-60.120@0)A, (4*d16,cx4-60.120@1)A, (4*d16,cx4-60.120@1)F, (4*p2,cx8-120.150@1,4*p2,cx4-60.120@0,4*p2,cx4-60.120@0)F, (4*d16,cx8-120.150@0)A, (4*d16,cx4-60.120@1)F, (4*d16,cx4-60.120@1)A, (4*d16,cx4-60.120@1)A, (4*d16,cx4-60.120@1)F, (4*d16,cx8-120.150@0)A  (dev 0.0s, primary cx4-60.120)
[14:06:30]   flexing: (4*d16,cx4-60.120@1)A, (4*p2,cx4-60.120@0,4*p2,cx4-60.120@0,cx8-120.150@0,cx4-60.120@0)A, (4*d16,cx4-60.120@1)F, (4*p2,cx8-120.150@1,cx4-60.120@1,cx4-60.120@0)F, (4*d16,cx8-120.150@0)A, (4*p2,cx8-120.150@1,cx4-60.120@1,cx4-60.120@0)F, (4*p2,cx8-120.150@1,cx8-120.150@0,cx4-60.120@0)F, (4*d16,cx4-60.120@1)F, (4*d16,cx8-120.150@0)A, (4*d16,cx8-120.150@0)A  (dev 0.0s, primary cx4-60.120)
[14:06:30]   flexing: (4*d16,cx4-60.120@1)A, (4*p2,cx8-120.150@1,4*p2,cx4-60.120@0,4*p2,cx4-60.120@0)A, (4*d16,cx4-60.120@1)A, (4*d16,cx8-120.150@0)F, (4*p2,cx8-120.150@1,4*p2,cx8-120.150@1)F, (4*d16,cx8-120.150@0)A, (4*d16,cx8-120.150@0)F, (4*p2,cx8-120.150@1,4*p2,cx8-120.150@1)S2, (4*d16,cx8-120.150@0)F, (4*p2,cx8-120.150@1,4*p2,cx8-120.150@1)Aa, (4*d16,cx8-120.150@0)A  (dev 0.1s, primary cx4-60.120)
[14:06:30]   flexing: (4*d16,cx4-60.120@1)A, (4*p2,cx8-120.150@1,4*p2,cx4-60.120@0,4*p2,cx4-60.120@0)A, (4*d16,cx4-60.120@1)A, (4*d16,cx8-120.150@0)F, (4*p2,cx8-120.150@1,4*p2,cx4-60.120@0,4*p2,cx4-60.120@0)F, (4*d16,cx4-60.120@1)A, (4*d16,cx4-60.120@1)A, (4*d16,cx8-120.150@0)F, (4*p2,cx8-120.150@1,4*p2,cx8-120.150@1)S2, (4*d16,cx4-60.120@1)F, (4*p2,cx8-120.150@1,4*p2,cx4-60.120@0,4*p2,cx4-60.120@0)A, (4*d16,cx4-60.120@1)F, (4*d16,cx8-120.150@0)A  (dev 0.1s, primary cx4-60.120)
[14:06:31]   flexing: (4*d16,cx4-60.120@1)A, (4*p2,cx8-120.150@1,4*p2,cx4-60.120@0,4*p2,cx4-60.120@0)A, (4*d16,cx4-60.120@1)A, (4*d16,cx8-120.150@0)F, (4*p2,cx8-120.150@1,4*p2,cx4-60.120@0,4*p2,cx4-60.120@0)F, (4*d16,cx4-60.120@1)A, (4*d16,cx4-60.120@1)A, (4*d16,cx8-120.150@0)F, (4*p2,cx8-120.150@1,4*p2,cx8-120.150@1)S2, (4*d16,cx4-60.120@1)F, (4*p2,cx4-60.120@0,4*p2,cx4-60.120@0,4*p2,cx4-60.120@0,4*p2,cx4-60.120@0)Aa, (4*d16,cx4-60.120@1)F, (4*d16,cx4-60.120@1)A, (4*d16,cx4-60.120@1)A  (dev 0.1s, primary cx4-60.120)
[14:06:31]   flexing: (4*d16,cx4-60.120@1)A, (4*p2,cx8-120.150@1,4*p2,cx4-60.120@0,4*p2,cx4-60.120@0)F, (4*d16,cx4-60.120@1)A, (4*d16,cx4-60.120@1)A, (4*d16,cx4-60.120@1)A, (4*d16,cx8-120.150@0)A, (4*d16,cx8-120.150@0)F, (4*p2,cx8-120.150@1,4*p2,cx8-120.150@1)F, (4*d16,cx8-120.150@0)A, (4*d16,cx8-120.150@0)A, (4*d16,cx8-120.150@0)F, (4*p2,cx8-120.150@1,4*p2,cx8-120.150@1)F, (4*d16,cx8-120.150@0)A, (4*d16,cx8-120.150@0)A, (4*d16,cx8-120.150@0)F, (4*p2,cx8-120.150@1,4*p2,cx8-120.150@1)R2, (4*d16,cx8-120.150@0)A  (dev 0.1s, primary cx4-60.120)
[14:06:31]   flexing: (4*d16,cx4-60.120@1)A, (4*p2,cx8-120.150@1,4*p2,cx4-60.120@0,4*p2,cx4-60.120@0)F, (4*d16,cx4-60.120@1)A, (4*d16,cx4-60.120@1)A, (4*d16,cx4-60.120@1)A, (4*d16,cx8-120.150@0)A, (4*d16,cx8-120.150@0)F, (4*p2,cx8-120.150@1,4*p2,cx8-120.150@1)F, (4*d16,cx8-120.150@0)A, (4*d16,cx8-120.150@0)A, (4*d16,cx8-120.150@0)F, (4*p2,cx8-120.150@1,4*p2,cx8-120.150@1)F, (4*d16,cx8-120.150@0)A, (4*d16,cx8-120.150@0)A, (4*d16,cx8-120.150@0)F, (4*p2,cx8-120.150@1,4*p2,cx8-120.150@1)F, (4*d16,cx8-120.150@0)A, (4*d16,cx8-120.150@0)A, (4*d16,cx8-120.150@0)A  (dev 0.1s, primary cx4-60.120)
[14:06:31]   flexing: (4*d16,cx4-60.120@1)A, (4*p2,cx8-120.150@1,4*p2,cx4-60.120@0,4*p2,cx4-60.120@0)F, (4*d16,cx4-60.120@1)A, (4*d16,cx4-60.120@1)A, (4*d16,cx4-60.120@1)A, (4*d16,cx8-120.150@0)A, (4*d16,cx8-120.150@0)F, (4*p2,cx8-120.150@1,4*p2,cx8-120.150@1)F, (4*d16,cx8-120.150@0)A, (4*d16,cx8-120.150@0)A, (4*d16,cx8-120.150@0)F, (4*p2,cx8-120.150@1,4*p2,cx8-120.150@1)F, (4*d16,cx8-120.150@0)A, (4*d16,cx8-120.150@0)A, (4*d16,cx8-120.150@0)F, (4*p2,cx8-120.150@1,4*p2,cx4-60.120@0,4*p2,cx4-60.120@0)F, (4*d16,cx4-60.120@1)A, (4*d16,cx8-120.150@0)A, (4*d16,cx4-60.120@1)A, (4*d16,cx4-60.120@1)F  (dev 0.1s, primary cx4-60.120)
[14:06:31]   flexing: (4*d16,cx4-60.120@1)A, (4*p2,cx8-120.150@1,4*p2,cx4-60.120@0,4*p2,cx4-60.120@0)F, (4*d16,cx4-60.120@1)A, (4*d16,cx4-60.120@1)A, (4*d16,cx4-60.120@1)A, (4*d16,cx8-120.150@0)A, (4*d16,cx8-120.150@0)F, (4*p2,cx8-120.150@1,4*p2,cx8-120.150@1)F, (4*d16,cx8-120.150@0)A, (4*d16,cx8-120.150@0)A, (4*d16,cx8-120.150@0)F, (4*p2,cx8-120.150@1,4*p2,cx4-60.120@0,4*p2,cx4-60.120@0)F, (4*d16,cx8-120.150@0)A, (4*d16,cx4-60.120@1)A, (4*d16,cx4-60.120@1)A, (4*d16,cx4-60.120@1)F, (4*p2,cx8-120.150@1,4*p2,cx4-60.120@0,4*p2,cx4-60.120@0)F, (4*d16,cx8-120.150@0)A, (4*d16,cx4-60.120@1)F, (4*d16,cx4-60.120@1)A, (4*d16,cx4-60.120@1)A, (4*d16,cx8-120.150@0)A  (dev 0.1s, primary cx4-60.120)
[14:06:31]   flexing: (4*d16,cx4-60.120@1)A, (4*p2,cx8-120.150@1,4*p2,cx4-60.120@0,4*p2,cx4-60.120@0)F, (4*d16,cx4-60.120@1)A, (4*d16,cx4-60.120@1)A, (4*d16,cx4-60.120@1)A, (4*d16,cx8-120.150@0)A, (4*d16,cx8-120.150@0)F, (4*p2,cx8-120.150@1,4*p2,cx8-120.150@1)F, (4*d16,cx8-120.150@0)A, (4*d16,cx8-120.150@0)A, (4*d16,cx8-120.150@0)F, (4*p2,cx8-120.150@1,4*p2,cx4-60.120@0,4*p2,cx4-60.120@0)F, (4*d16,cx8-120.150@0)A, (4*d16,cx4-60.120@1)A, (4*d16,cx4-60.120@1)A, (4*d16,cx4-60.120@1)F, (4*p2,cx8-120.150@1,4*p2,cx4-60.120@0,4*p2,cx4-60.120@0)F, (4*d16,cx4-60.120@1)A, (4*d16,cx4-60.120@1)F, (4*d16,cx8-120.150@0)A, (4*d16,cx4-60.120@1)A, (4*d16,cx8-120.150@0)A  (dev 0.1s, primary cx4-60.120)
[14:06:31]   flexing: (4*d16,cx4-60.120@1)A, (4*p2,cx8-120.150@1,4*p2,cx4-60.120@0,4*p2,cx4-60.120@0)F, (4*d16,cx4-60.120@1)A, (4*d16,cx4-60.120@1)A, (4*d16,cx4-60.120@1)A, (4*d16,cx8-120.150@0)A, (4*d16,cx8-120.150@0)F, (4*p2,cx8-120.150@1,4*p2,cx8-120.150@1)F, (4*d16,cx8-120.150@0)A, (4*d16,cx8-120.150@0)A, (4*d16,cx8-120.150@0)F, (4*p2,cx8-120.150@1,4*p2,cx4-60.120@0,4*p2,cx4-60.120@0)F, (4*d16,cx8-120.150@0)A, (4*d16,cx4-60.120@1)A, (4*d16,cx4-60.120@1)A, (4*d16,cx4-60.120@1)F, (4*p2,cx4-60.120@0,4*p2,cx4-60.120@0,4*p2,cx4-60.120@0,4*p2,cx4-60.120@0)R2, (4*d16,cx4-60.120@1)A, (4*d16,cx4-60.120@1)F, (4*d16,cx4-60.120@1)A  (dev 0.1s, primary cx4-60.120)
[14:06:31]   flexing: (4*d16,cx4-60.120@1)A, (4*p2,cx8-120.150@1,4*p2,cx4-60.120@0,4*p2,cx4-60.120@0)F, (4*d16,cx4-60.120@1)A, (4*d16,cx4-60.120@1)A, (4*d16,cx4-60.120@1)A, (4*d16,cx8-120.150@0)A, (4*d16,cx8-120.150@0)F, (4*p2,cx8-120.150@1,4*p2,cx8-120.150@1)F, (4*d16,cx8-120.150@0)A, (4*d16,cx8-120.150@0)A, (4*d16,cx8-120.150@0)F, (4*p2,cx8-120.150@1,4*p2,cx4-60.120@0,4*p2,cx4-60.120@0)F, (4*d16,cx8-120.150@0)A, (4*d16,cx4-60.120@1)A, (4*d16,cx4-60.120@1)A, (4*d16,cx4-60.120@1)F, (4*p2,cx4-60.120@0,4*p2,cx4-60.120@0,4*p2,cx4-60.120@0,4*p2,cx4-60.120@0)Ab, (4*d16,cx4-60.120@1)A, (4*d16,cx4-60.120@1)F, (4*d16,cx4-60.120@1)A  (dev 0.1s, primary cx4-60.120)
[14:06:31]   flexing: (4*d16,cx4-60.120@1)A, (4*p2,cx8-120.150@1,4*p2,cx4-60.120@0,4*p2,cx4-60.120@0)F, (4*d16,cx4-60.120@1)A, (4*d16,cx4-60.120@1)A, (4*d16,cx4-60.120@1)A, (4*d16,cx8-120.150@0)A, (4*d16,cx8-120.150@0)F, (4*p2,cx8-120.150@1,4*p2,cx8-120.150@1)F, (4*d16,cx8-120.150@0)A, (4*d16,cx8-120.150@0)A, (4*d16,cx8-120.150@0)F, (4*p2,cx8-120.150@1,4*p2,cx4-60.120@0,4*p2,cx4-60.120@0)F, (4*d16,cx8-120.150@0)A, (4*d16,cx4-60.120@1)A, (4*d16,cx4-60.120@1)A, (4*d16,cx4-60.120@1)F, (4*p2,cx4-60.120@0,4*p2,cx4-60.120@0,4*p2,cx4-60.120@0,4*p2,cx4-60.120@0)F, (4*d16,cx4-60.120@1)A, (4*d16,cx4-60.120@1)F, (4*d16,cx4-60.120@1)A, (4*d16,cx4-60.120@1)A, (4*d16,cx4-60.120@1)A, (4*d16,cx4-60.120@1)A, (4*d16,cx4-60.120@1)A  (dev 0.1s, primary cx4-60.120)
[14:06:31]   flexing: (4*d16,cx4-60.120@1)A, (4*p2,cx8-120.150@1,4*p2,cx4-60.120@0,4*p2,cx4-60.120@0)F, (4*d16,cx4-60.120@1)A, (4*d16,cx4-60.120@1)A, (4*d16,cx4-60.120@1)A, (4*d16,cx8-120.150@0)A, (4*d16,cx8-120.150@0)F, (4*p2,cx8-120.150@1,4*p2,cx8-120.150@1)F, (4*d16,cx8-120.150@0)A, (4*d16,cx8-120.150@0)A, (4*d16,cx8-120.150@0)F, (4*p2,cx8-120.150@1,4*p2,cx4-60.120@0,4*p2,cx4-60.120@0)F, (4*d16,cx8-120.150@0)A, (4*d16,cx4-60.120@1)A, (4*d16,cx4-60.120@1)A, (4*d16,cx4-60.120@1)F, (4*p2,cx4-60.120@0,4*p2,cx4-60.120@0,4*p2,cx4-60.120@0,4*p2,cx4-60.120@0)F, (4*d16,cx4-60.120@1)A, (4*d16,cx4-60.120@1)F, (4*d16,cx4-60.120@1)A, (4*d16,cx4-60.120@1)A, (4*d16,cx4-60.120@1)A, (4*d16,cx4-60.120@1)F  (dev 0.1s, primary cx4-60.120)
[14:06:31]   flexing: (4*d16,cx4-60.120@1)A, (4*p2,cx8-120.150@1,4*p2,cx4-60.120@0,4*p2,cx4-60.120@0)F, (4*d16,cx4-60.120@1)A, (4*d16,cx4-60.120@1)A, (4*d16,cx4-60.120@1)A, (4*d16,cx8-120.150@0)A, (4*d16,cx8-120.150@0)F, (4*p2,cx8-120.150@1,4*p2,cx4-60.120@0,4*p2,cx4-60.120@0)F, (4*d16,cx4-60.120@1)A, (4*d16,cx8-120.150@0)A, (4*d16,cx4-60.120@1)A, (4*d16,cx4-60.120@1)F, (4*p2,cx8-120.150@1,4*p2,cx4-60.120@0,4*p2,cx4-60.120@0)F, (4*d16,cx8-120.150@0)A, (4*d16,cx4-60.120@1)F, (4*d16,cx4-60.120@1)A, (4*d16,cx4-60.120@1)A, (4*d16,cx8-120.150@0)F, (4*p2,cx8-120.150@1,4*p2,cx8-120.150@1)R2, (4*d16,cx8-120.150@0)A  (dev 0.1s, primary cx4-60.120)
[14:06:31]   flexing: (4*d16,cx4-60.120@1)A, (4*p2,cx8-120.150@1,4*p2,cx4-60.120@0,4*p2,cx4-60.120@0)F, (4*d16,cx4-60.120@1)A, (4*d16,cx4-60.120@1)A, (4*d16,cx4-60.120@1)A, (4*d16,cx8-120.150@0)A, (4*d16,cx8-120.150@0)F, (4*p2,cx8-120.150@1,4*p2,cx4-60.120@0,4*p2,cx4-60.120@0)F, (4*d16,cx4-60.120@1)A, (4*d16,cx8-120.150@0)A, (4*d16,cx4-60.120@1)A, (4*d16,cx4-60.120@1)F, (4*p2,cx8-120.150@1,4*p2,cx4-60.120@0,4*p2,cx4-60.120@0)F, (4*d16,cx8-120.150@0)A, (4*d16,cx4-60.120@1)F, (4*d16,cx4-60.120@1)A, (4*d16,cx4-60.120@1)A, (4*d16,cx8-120.150@0)F, (4*p2,cx8-120.150@1,4*p2,cx8-120.150@1)F, (4*d16,cx8-120.150@0)A, (4*d16,cx8-120.150@0)A, (4*d16,cx8-120.150@0)A  (dev 0.1s, primary cx4-60.120)
[14:06:31]   flexing: (4*d16,cx4-60.120@1)A, (4*p2,cx8-120.150@1,4*p2,cx4-60.120@0,4*p2,cx4-60.120@0)F, (4*d16,cx4-60.120@1)A, (4*d16,cx4-60.120@1)A, (4*d16,cx4-60.120@1)A, (4*d16,cx8-120.150@0)A, (4*d16,cx8-120.150@0)F, (4*p2,cx8-120.150@1,4*p2,cx4-60.120@0,4*p2,cx4-60.120@0)F, (4*d16,cx4-60.120@1)A, (4*d16,cx8-120.150@0)A, (4*d16,cx4-60.120@1)A, (4*d16,cx4-60.120@1)F, (4*p2,cx8-120.150@1,4*p2,cx4-60.120@0,4*p2,cx4-60.120@0)F, (4*d16,cx8-120.150@0)A, (4*d16,cx4-60.120@1)F, (4*d16,cx4-60.120@1)A, (4*d16,cx4-60.120@1)A, (4*d16,cx8-120.150@0)F, (4*p2,cx8-120.150@1,4*p2,cx4-60.120@0,4*p2,cx4-60.120@0)F, (4*d16,cx8-120.150@0)A, (4*d16,cx4-60.120@1)A, (4*d16,cx4-60.120@1)A, (4*d16,cx4-60.120@1)F  (dev 0.1s, primary cx4-60.120)
[14:06:32]   flexing: (4*d16,cx4-60.120@1)A, (4*p2,cx8-120.150@1,4*p2,cx4-60.120@0,4*p2,cx4-60.120@0)F, (4*d16,cx4-60.120@1)A, (4*d16,cx4-60.120@1)A, (4*d16,cx4-60.120@1)A, (4*d16,cx8-120.150@0)A, (4*d16,cx8-120.150@0)F, (4*p2,cx8-120.150@1,4*p2,cx4-60.120@0,4*p2,cx4-60.120@0)F, (4*d16,cx4-60.120@1)A, (4*d16,cx8-120.150@0)A, (4*d16,cx4-60.120@1)A, (4*d16,cx4-60.120@1)F, (4*p2,cx8-120.150@1,4*p2,cx4-60.120@0,4*p2,cx4-60.120@0)F, (4*d16,cx4-60.120@1)A, (4*d16,cx4-60.120@1)F, (4*d16,cx8-120.150@0)A, (4*d16,cx4-60.120@1)A, (4*d16,cx8-120.150@0)F, (4*p2,cx8-120.150@1,4*p2,cx8-120.150@1)R2, (4*d16,cx8-120.150@0)A  (dev 0.1s, primary cx4-60.120)
[14:06:32]   flexing: (4*d16,cx4-60.120@1)A, (4*p2,cx8-120.150@1,4*p2,cx4-60.120@0,4*p2,cx4-60.120@0)F, (4*d16,cx4-60.120@1)A, (4*d16,cx4-60.120@1)A, (4*d16,cx4-60.120@1)A, (4*d16,cx8-120.150@0)A, (4*d16,cx8-120.150@0)F, (4*p2,cx8-120.150@1,4*p2,cx4-60.120@0,4*p2,cx4-60.120@0)F, (4*d16,cx4-60.120@1)A, (4*d16,cx8-120.150@0)A, (4*d16,cx4-60.120@1)A, (4*d16,cx4-60.120@1)F, (4*p2,cx8-120.150@1,4*p2,cx4-60.120@0,4*p2,cx4-60.120@0)F, (4*d16,cx4-60.120@1)A, (4*d16,cx4-60.120@1)F, (4*d16,cx8-120.150@0)A, (4*d16,cx4-60.120@1)A, (4*d16,cx8-120.150@0)F, (4*p2,cx8-120.150@1,4*p2,cx8-120.150@1)F, (4*d16,cx8-120.150@0)A, (4*d16,cx8-120.150@0)A, (4*d16,cx8-120.150@0)A  (dev 0.1s, primary cx4-60.120)
[14:06:32]   flexing: (4*d16,cx4-60.120@1)A, (4*p2,cx8-120.150@1,4*p2,cx4-60.120@0,4*p2,cx4-60.120@0)F, (4*d16,cx4-60.120@1)A, (4*d16,cx4-60.120@1)A, (4*d16,cx4-60.120@1)A, (4*d16,cx8-120.150@0)A, (4*d16,cx8-120.150@0)F, (4*p2,cx8-120.150@1,4*p2,cx4-60.120@0,4*p2,cx4-60.120@0)F, (4*d16,cx4-60.120@1)A, (4*d16,cx8-120.150@0)A, (4*d16,cx4-60.120@1)A, (4*d16,cx4-60.120@1)F, (4*p2,cx8-120.150@1,4*p2,cx4-60.120@0,4*p2,cx4-60.120@0)F, (4*d16,cx4-60.120@1)A, (4*d16,cx4-60.120@1)F, (4*d16,cx8-120.150@0)A, (4*d16,cx4-60.120@1)A, (4*d16,cx8-120.150@0)F, (4*p2,cx8-120.150@1,4*p2,cx4-60.120@0,4*p2,cx4-60.120@0)F, (4*d16,cx4-60.120@1)A, (4*d16,cx8-120.150@0)A, (4*d16,cx4-60.120@1)A, (4*d16,cx4-60.120@1)F  (dev 0.1s, primary cx4-60.120)
[14:06:32]   flexing: (4*d16,cx4-60.120@1)A, (4*p2,cx8-120.150@1,4*p2,cx4-60.120@0,4*p2,cx4-60.120@0)F, (4*d16,cx4-60.120@1)A, (4*d16,cx4-60.120@1)A, (4*d16,cx4-60.120@1)A, (4*d16,cx8-120.150@0)A, (4*d16,cx8-120.150@0)F, (4*p2,cx8-120.150@1,4*p2,cx4-60.120@0,4*p2,cx4-60.120@0)F, (4*d16,cx4-60.120@1)A, (4*d16,cx8-120.150@0)A, (4*d16,cx4-60.120@1)A, (4*d16,cx4-60.120@1)F, (4*p2,cx4-60.120@0,4*p2,cx4-60.120@0,4*p2,cx4-60.120@0,4*p2,cx4-60.120@0)F, (4*d16,cx4-60.120@1)A, (4*d16,cx4-60.120@1)F, (4*d16,cx4-60.120@1)A, (4*d16,cx4-60.120@1)A, (4*d16,cx4-60.120@1)A, (4*d16,cx4-60.120@1)F, (4*p2,cx8-120.150@1,4*p2,cx4-60.120@0,4*p2,cx4-60.120@0)F, (4*d16,cx8-120.150@0)A, (4*d16,cx4-60.120@1)F, (4*d16,cx4-60.120@1)A, (4*d16,cx4-60.120@1)A, (4*d16,cx8-120.150@0)A  (dev 0.1s, primary cx4-60.120)
[14:06:32]   flexing: (4*d16,cx4-60.120@1)A, (4*p2,cx8-120.150@1,4*p2,cx4-60.120@0,4*p2,cx4-60.120@0)F, (4*d16,cx4-60.120@1)A, (4*d16,cx4-60.120@1)A, (4*d16,cx4-60.120@1)A, (4*d16,cx8-120.150@0)A, (4*d16,cx8-120.150@0)F, (4*p2,cx8-120.150@1,4*p2,cx4-60.120@0,4*p2,cx4-60.120@0)F, (4*d16,cx4-60.120@1)A, (4*d16,cx8-120.150@0)A, (4*d16,cx4-60.120@1)A, (4*d16,cx4-60.120@1)F, (4*p2,cx4-60.120@0,4*p2,cx4-60.120@0,4*p2,cx4-60.120@0,4*p2,cx4-60.120@0)F, (4*d16,cx4-60.120@1)A, (4*d16,cx4-60.120@1)F, (4*d16,cx4-60.120@1)A, (4*d16,cx4-60.120@1)A, (4*d16,cx4-60.120@1)A, (4*d16,cx4-60.120@1)F, (4*p2,cx8-120.150@1,4*p2,cx4-60.120@0,4*p2,cx4-60.120@0)F, (4*d16,cx4-60.120@1)A, (4*d16,cx4-60.120@1)F, (4*d16,cx8-120.150@0)A, (4*d16,cx4-60.120@1)A, (4*d16,cx8-120.150@0)A  (dev 0.1s, primary cx4-60.120)
[14:06:32]   flexing: (4*d16,cx4-60.120@1)A, (4*p2,cx8-120.150@1,4*p2,cx4-60.120@0,4*p2,cx4-60.120@0)F, (4*d16,cx4-60.120@1)A, (4*d16,cx4-60.120@1)A, (4*d16,cx4-60.120@1)A, (4*d16,cx8-120.150@0)A, (4*d16,cx8-120.150@0)F, (4*p2,cx8-120.150@1,4*p2,cx4-60.120@0,4*p2,cx4-60.120@0)F, (4*d16,cx4-60.120@1)A, (4*d16,cx8-120.150@0)A, (4*d16,cx4-60.120@1)A, (4*d16,cx4-60.120@1)F, (4*p2,cx4-60.120@0,4*p2,cx4-60.120@0,4*p2,cx4-60.120@0,4*p2,cx4-60.120@0)F, (4*d16,cx4-60.120@1)A, (4*d16,cx4-60.120@1)F, (4*d16,cx4-60.120@1)A, (4*d16,cx4-60.120@1)A, (4*d16,cx4-60.120@1)A, (4*d16,cx4-60.120@1)F, (4*p2,cx4-60.120@0,4*p2,cx4-60.120@0,4*p2,cx4-60.120@0,4*p2,cx4-60.120@0)R2, (4*d16,cx4-60.120@1)A, (4*d16,cx4-60.120@1)F, (4*d16,cx4-60.120@1)A  (dev 0.1s, primary cx4-60.120)
[14:06:32]   flexing: (4*d16,cx4-60.120@1)A, (4*p2,cx8-120.150@1,4*p2,cx4-60.120@0,4*p2,cx4-60.120@0)F, (4*d16,cx4-60.120@1)A, (4*d16,cx4-60.120@1)A, (4*d16,cx4-60.120@1)A, (4*d16,cx8-120.150@0)A, (4*d16,cx8-120.150@0)F, (4*p2,cx8-120.150@1,4*p2,cx4-60.120@0,4*p2,cx4-60.120@0)F, (4*d16,cx4-60.120@1)A, (4*d16,cx8-120.150@0)A, (4*d16,cx4-60.120@1)A, (4*d16,cx4-60.120@1)F, (4*p2,cx4-60.120@0,4*p2,cx4-60.120@0,4*p2,cx4-60.120@0,4*p2,cx4-60.120@0)F, (4*d16,cx4-60.120@1)A, (4*d16,cx4-60.120@1)F, (4*d16,cx4-60.120@1)A, (4*d16,cx4-60.120@1)A, (4*d16,cx4-60.120@1)A, (4*d16,cx4-60.120@1)F, (4*p2,cx4-60.120@0,4*p2,cx4-60.120@0,4*p2,cx4-60.120@0,4*p2,cx4-60.120@0)Ab, (4*d16,cx4-60.120@1)A, (4*d16,cx4-60.120@1)F, (4*d16,cx4-60.120@1)A  (dev 0.1s, primary cx4-60.120)
[14:06:32]   flexing: (4*d16,cx4-60.120@1)A, (4*p2,cx8-120.150@1,4*p2,cx4-60.120@0,4*p2,cx4-60.120@0)F, (4*d16,cx4-60.120@1)A, (4*d16,cx4-60.120@1)A, (4*d16,cx4-60.120@1)A, (4*d16,cx8-120.150@0)A, (4*d16,cx8-120.150@0)F, (4*p2,cx8-120.150@1,4*p2,cx4-60.120@0,4*p2,cx4-60.120@0)F, (4*d16,cx4-60.120@1)A, (4*d16,cx8-120.150@0)A, (4*d16,cx4-60.120@1)A, (4*d16,cx4-60.120@1)F, (4*p2,cx4-60.120@0,4*p2,cx4-60.120@0,4*p2,cx4-60.120@0,4*p2,cx4-60.120@0)F, (4*d16,cx4-60.120@1)A, (4*d16,cx4-60.120@1)F, (4*d16,cx4-60.120@1)A, (4*d16,cx4-60.120@1)A, (4*d16,cx4-60.120@1)A, (4*d16,cx4-60.120@1)F, (4*p2,cx4-60.120@0,4*p2,cx4-60.120@0,4*p2,cx4-60.120@0,4*p2,cx4-60.120@0)F, (4*d16,cx4-60.120@1)A, (4*d16,cx4-60.120@1)F, (4*d16,cx4-60.120@1)A, (4*d16,cx4-60.120@1)A, (4*d16,cx4-60.120@1)A, (4*d16,cx4-60.120@1)A, (4*d16,cx4-60.120@1)A  (dev 0.1s, primary cx4-60.120)
[14:06:32]   flexing: (4*d16,cx4-60.120@1)A, (4*p2,cx8-120.150@1,4*p2,cx4-60.120@0,4*p2,cx4-60.120@0)F, (4*d16,cx4-60.120@1)A, (4*d16,cx4-60.120@1)A, (4*d16,cx4-60.120@1)A, (4*d16,cx8-120.150@0)A, (4*d16,cx8-120.150@0)F, (4*p2,cx8-120.150@1,4*p2,cx4-60.120@0,4*p2,cx4-60.120@0)F, (4*d16,cx4-60.120@1)A, (4*d16,cx8-120.150@0)A, (4*d16,cx4-60.120@1)A, (4*d16,cx4-60.120@1)F, (4*p2,cx4-60.120@0,4*p2,cx4-60.120@0,4*p2,cx4-60.120@0,4*p2,cx4-60.120@0)F, (4*d16,cx4-60.120@1)A, (4*d16,cx4-60.120@1)F, (4*d16,cx4-60.120@1)A, (4*d16,cx4-60.120@1)A, (4*d16,cx4-60.120@1)A, (4*d16,cx4-60.120@1)F, (4*p2,cx4-60.120@0,4*p2,cx4-60.120@0,4*p2,cx4-60.120@0,4*p2,cx4-60.120@0)F, (4*d16,cx4-60.120@1)A, (4*d16,cx4-60.120@1)F, (4*d16,cx4-60.120@1)A, (4*d16,cx4-60.120@1)A, (4*d16,cx4-60.120@1)A, (4*d16,cx4-60.120@1)F  (dev 0.1s, primary cx4-60.120)
[14:06:32]   flexing: (4*d16,cx4-60.120@1)A, (4*p2,cx8-120.150@1,4*p2,cx4-60.120@0,4*p2,cx4-60.120@0)F, (4*d16,cx4-60.120@1)A, (4*d16,cx4-60.120@1)A, (4*d16,cx4-60.120@1)A, (4*d16,cx8-120.150@0)F, (4*p2,cx8-120.150@1,4*p2,cx8-120.150@1)F, (4*d16,cx8-120.150@0)A, (4*d16,cx8-120.150@0)F, (4*p2,cx8-120.150@1,4*p2,cx8-120.150@1)F, (4*d16,cx8-120.150@0)A, (4*d16,cx8-120.150@0)F, (4*p2,cx8-120.150@1,4*p2,cx8-120.150@1)F, (4*d16,cx8-120.150@0)F, (4*d16,cx8-120.150@0)A, (4*d16,cx8-120.150@0)A, (4*d16,cx8-120.150@0)F  (dev 0.1s, primary cx4-60.120)
[14:06:33]   flexing: (4*d16,cx4-60.120@1)A, (4*p2,cx8-120.150@1,4*p2,cx4-60.120@0,4*p2,cx4-60.120@0)F, (4*d16,cx4-60.120@1)A, (4*d16,cx4-60.120@1)A, (4*d16,cx4-60.120@1)A, (4*d16,cx8-120.150@0)F, (4*p2,cx8-120.150@1,4*p2,cx8-120.150@1)F, (4*d16,cx8-120.150@0)A, (4*d16,cx8-120.150@0)F, (4*p2,cx8-120.150@1,4*p2,cx4-60.120@0,4*p2,cx4-60.120@0)F, (4*d16,cx4-60.120@1)A, (4*d16,cx4-60.120@1)A, (4*d16,cx8-120.150@0)F, (4*p2,cx8-120.150@1,4*p2,cx4-60.120@0,4*p2,cx4-60.120@0)F, (4*d16,cx8-120.150@0)F, (4*d16,cx4-60.120@1)F, (4*d16,cx4-60.120@1)A, (4*d16,cx4-60.120@1)F, (4*d16,cx4-60.120@1)A, (4*d16,cx8-120.150@0)A  (dev 0.1s, primary cx4-60.120)
[14:06:33]   flexing: (4*d16,cx4-60.120@1)A, (4*p2,cx8-120.150@1,4*p2,cx4-60.120@0,4*p2,cx4-60.120@0)F, (4*d16,cx4-60.120@1)A, (4*d16,cx4-60.120@1)F, (4*d16,cx8-120.150@0)A, (4*d16,cx8-120.150@0)F, (4*p2,cx8-120.150@1,4*p2,cx8-120.150@1)F, (4*d16,cx8-120.150@0)A, (4*d16,cx8-120.150@0)A, (4*d16,cx8-120.150@0)F, (4*p2,cx8-120.150@1,4*p2,cx8-120.150@1)F, (4*d16,cx8-120.150@0)A, (4*d16,cx8-120.150@0)A, (4*d16,cx8-120.150@0)F, (4*p2,cx8-120.150@1,4*p2,cx8-120.150@1)R2, (4*d16,cx8-120.150@0)A  (dev 0.0s, primary cx4-60.120)
[14:06:33]   flexing: (4*d16,cx4-60.120@1)A, (4*p2,cx8-120.150@1,4*p2,cx4-60.120@0,4*p2,cx4-60.120@0)F, (4*d16,cx4-60.120@1)A, (4*d16,cx4-60.120@1)F, (4*d16,cx8-120.150@0)A, (4*d16,cx8-120.150@0)F, (4*p2,cx8-120.150@1,4*p2,cx8-120.150@1)F, (4*d16,cx8-120.150@0)A, (4*d16,cx8-120.150@0)A, (4*d16,cx8-120.150@0)F, (4*p2,cx8-120.150@1,4*p2,cx8-120.150@1)F, (4*d16,cx8-120.150@0)A, (4*d16,cx8-120.150@0)A, (4*d16,cx8-120.150@0)F, (4*p2,cx8-120.150@1,4*p2,cx8-120.150@1)F, (4*d16,cx8-120.150@0)A, (4*d16,cx8-120.150@0)A, (4*d16,cx8-120.150@0)A  (dev 0.1s, primary cx4-60.120)
[14:06:33]   flexing: (4*d16,cx4-60.120@1)A, (4*p2,cx8-120.150@1,4*p2,cx4-60.120@0,4*p2,cx4-60.120@0)F, (4*d16,cx4-60.120@1)A, (4*d16,cx4-60.120@1)F, (4*d16,cx8-120.150@0)A, (4*d16,cx8-120.150@0)F, (4*p2,cx8-120.150@1,4*p2,cx8-120.150@1)F, (4*d16,cx8-120.150@0)A, (4*d16,cx8-120.150@0)A, (4*d16,cx8-120.150@0)F, (4*p2,cx8-120.150@1,4*p2,cx4-60.120@0,4*p2,cx4-60.120@0)F, (4*d16,cx4-60.120@1)A, (4*d16,cx8-120.150@0)A, (4*d16,cx4-60.120@1)A, (4*d16,cx4-60.120@1)F, (4*p2,cx8-120.150@1,4*p2,cx4-60.120@0,4*p2,cx4-60.120@0)F, (4*d16,cx8-120.150@0)A, (4*d16,cx4-60.120@1)F, (4*d16,cx4-60.120@1)A, (4*d16,cx4-60.120@1)A, (4*d16,cx8-120.150@0)A  (dev 0.1s, primary cx4-60.120)
[14:06:33]   flexing: (4*d16,cx4-60.120@1)A, (4*p2,cx8-120.150@1,4*p2,cx4-60.120@0,4*p2,cx4-60.120@0)F, (4*d16,cx4-60.120@1)A, (4*d16,cx4-60.120@1)F, (4*d16,cx8-120.150@0)A, (4*d16,cx8-120.150@0)F, (4*p2,cx8-120.150@1,4*p2,cx8-120.150@1)F, (4*d16,cx8-120.150@0)A, (4*d16,cx8-120.150@0)A, (4*d16,cx8-120.150@0)F, (4*p2,cx8-120.150@1,4*p2,cx4-60.120@0,4*p2,cx4-60.120@0)F, (4*d16,cx4-60.120@1)A, (4*d16,cx8-120.150@0)A, (4*d16,cx4-60.120@1)A, (4*d16,cx4-60.120@1)F, (4*p2,cx8-120.150@1,4*p2,cx4-60.120@0,4*p2,cx4-60.120@0)F, (4*d16,cx4-60.120@1)A, (4*d16,cx4-60.120@1)F, (4*d16,cx8-120.150@0)A, (4*d16,cx4-60.120@1)A, (4*d16,cx8-120.150@0)A  (dev 0.1s, primary cx4-60.120)
[14:06:33]   flexing: (4*d16,cx4-60.120@1)A, (4*p2,cx8-120.150@1,4*p2,cx4-60.120@0,4*p2,cx4-60.120@0)F, (4*d16,cx4-60.120@1)A, (4*d16,cx4-60.120@1)F, (4*d16,cx8-120.150@0)A, (4*d16,cx8-120.150@0)F, (4*p2,cx8-120.150@1,4*p2,cx8-120.150@1)F, (4*d16,cx8-120.150@0)A, (4*d16,cx8-120.150@0)A, (4*d16,cx8-120.150@0)F, (4*p2,cx8-120.150@1,4*p2,cx4-60.120@0,4*p2,cx4-60.120@0)F, (4*d16,cx4-60.120@1)A, (4*d16,cx8-120.150@0)A, (4*d16,cx4-60.120@1)A, (4*d16,cx4-60.120@1)F, (4*p2,cx4-60.120@0,4*p2,cx4-60.120@0,4*p2,cx4-60.120@0,4*p2,cx4-60.120@0)R2, (4*d16,cx4-60.120@1)A, (4*d16,cx4-60.120@1)F, (4*d16,cx4-60.120@1)A  (dev 0.1s, primary cx4-60.120)
[14:06:33]   flexing: (4*d16,cx4-60.120@1)A, (4*p2,cx8-120.150@1,4*p2,cx4-60.120@0,4*p2,cx4-60.120@0)F, (4*d16,cx4-60.120@1)A, (4*d16,cx4-60.120@1)F, (4*d16,cx8-120.150@0)A, (4*d16,cx8-120.150@0)F, (4*p2,cx8-120.150@1,4*p2,cx8-120.150@1)F, (4*d16,cx8-120.150@0)A, (4*d16,cx8-120.150@0)A, (4*d16,cx8-120.150@0)F, (4*p2,cx8-120.150@1,4*p2,cx4-60.120@0,4*p2,cx4-60.120@0)F, (4*d16,cx4-60.120@1)A, (4*d16,cx8-120.150@0)A, (4*d16,cx4-60.120@1)A, (4*d16,cx4-60.120@1)F, (4*p2,cx4-60.120@0,4*p2,cx4-60.120@0,4*p2,cx4-60.120@0,4*p2,cx4-60.120@0)Ab, (4*d16,cx4-60.120@1)A, (4*d16,cx4-60.120@1)F, (4*d16,cx4-60.120@1)A  (dev 0.1s, primary cx4-60.120)
[14:06:33]   flexing: (4*d16,cx4-60.120@1)A, (4*p2,cx8-120.150@1,4*p2,cx4-60.120@0,4*p2,cx4-60.120@0)F, (4*d16,cx4-60.120@1)A, (4*d16,cx4-60.120@1)F, (4*d16,cx8-120.150@0)A, (4*d16,cx8-120.150@0)F, (4*p2,cx8-120.150@1,4*p2,cx8-120.150@1)F, (4*d16,cx8-120.150@0)A, (4*d16,cx8-120.150@0)A, (4*d16,cx8-120.150@0)F, (4*p2,cx8-120.150@1,4*p2,cx4-60.120@0,4*p2,cx4-60.120@0)F, (4*d16,cx4-60.120@1)A, (4*d16,cx8-120.150@0)A, (4*d16,cx4-60.120@1)A, (4*d16,cx4-60.120@1)F, (4*p2,cx4-60.120@0,4*p2,cx4-60.120@0,4*p2,cx4-60.120@0,4*p2,cx4-60.120@0)F, (4*d16,cx4-60.120@1)A, (4*d16,cx4-60.120@1)F, (4*d16,cx4-60.120@1)A, (4*d16,cx4-60.120@1)A, (4*d16,cx4-60.120@1)A, (4*d16,cx4-60.120@1)A, (4*d16,cx4-60.120@1)A  (dev 0.1s, primary cx4-60.120)
[14:06:33]   flexing: (4*d16,cx4-60.120@1)A, (4*p2,cx8-120.150@1,4*p2,cx4-60.120@0,4*p2,cx4-60.120@0)F, (4*d16,cx4-60.120@1)A, (4*d16,cx4-60.120@1)F, (4*d16,cx8-120.150@0)A, (4*d16,cx8-120.150@0)F, (4*p2,cx8-120.150@1,4*p2,cx8-120.150@1)F, (4*d16,cx8-120.150@0)A, (4*d16,cx8-120.150@0)A, (4*d16,cx8-120.150@0)F, (4*p2,cx8-120.150@1,4*p2,cx4-60.120@0,4*p2,cx4-60.120@0)F, (4*d16,cx4-60.120@1)A, (4*d16,cx8-120.150@0)A, (4*d16,cx4-60.120@1)A, (4*d16,cx4-60.120@1)F, (4*p2,cx4-60.120@0,4*p2,cx4-60.120@0,4*p2,cx4-60.120@0,4*p2,cx4-60.120@0)F, (4*d16,cx4-60.120@1)A, (4*d16,cx4-60.120@1)F, (4*d16,cx4-60.120@1)A, (4*d16,cx4-60.120@1)A, (4*d16,cx4-60.120@1)A, (4*d16,cx4-60.120@1)F  (dev 0.1s, primary cx4-60.120)
[14:06:33]   flexing: (4*d16,cx4-60.120@1)A, (4*p2,cx8-120.150@1,4*p2,cx4-60.120@0,4*p2,cx4-60.120@0)F, (4*d16,cx4-60.120@1)A, (4*d16,cx4-60.120@1)F, (4*d16,cx8-120.150@0)A, (4*d16,cx8-120.150@0)F, (4*p2,cx8-120.150@1,4*p2,cx4-60.120@0,4*p2,cx4-60.120@0)F, (4*d16,cx4-60.120@1)A, (4*d16,cx8-120.150@0)A, (4*d16,cx4-60.120@1)A, (4*d16,cx4-60.120@1)F, (4*p2,cx8-120.150@1,4*p2,cx4-60.120@0,4*p2,cx4-60.120@0)F, (4*d16,cx8-120.150@0)A, (4*d16,cx4-60.120@1)F, (4*d16,cx4-60.120@1)A, (4*d16,cx4-60.120@1)A, (4*d16,cx8-120.150@0)F, (4*p2,cx8-120.150@1,4*p2,cx8-120.150@1)R2, (4*d16,cx8-120.150@0)A  (dev 0.1s, primary cx4-60.120)
[14:06:33]   flexing: (4*d16,cx4-60.120@1)A, (4*p2,cx8-120.150@1,4*p2,cx4-60.120@0,4*p2,cx4-60.120@0)F, (4*d16,cx4-60.120@1)A, (4*d16,cx4-60.120@1)F, (4*d16,cx8-120.150@0)A, (4*d16,cx8-120.150@0)F, (4*p2,cx8-120.150@1,4*p2,cx4-60.120@0,4*p2,cx4-60.120@0)F, (4*d16,cx4-60.120@1)A, (4*d16,cx8-120.150@0)A, (4*d16,cx4-60.120@1)A, (4*d16,cx4-60.120@1)F, (4*p2,cx8-120.150@1,4*p2,cx4-60.120@0,4*p2,cx4-60.120@0)F, (4*d16,cx8-120.150@0)A, (4*d16,cx4-60.120@1)F, (4*d16,cx4-60.120@1)A, (4*d16,cx4-60.120@1)A, (4*d16,cx8-120.150@0)F, (4*p2,cx8-120.150@1,4*p2,cx8-120.150@1)F, (4*d16,cx8-120.150@0)A, (4*d16,cx8-120.150@0)A, (4*d16,cx8-120.150@0)A  (dev 0.1s, primary cx4-60.120)
[14:06:33]   flexing: (4*d16,cx4-60.120@1)A, (4*p2,cx8-120.150@1,4*p2,cx4-60.120@0,4*p2,cx4-60.120@0)F, (4*d16,cx4-60.120@1)A, (4*d16,cx4-60.120@1)F, (4*d16,cx8-120.150@0)A, (4*d16,cx8-120.150@0)F, (4*p2,cx8-120.150@1,4*p2,cx4-60.120@0,4*p2,cx4-60.120@0)F, (4*d16,cx4-60.120@1)A, (4*d16,cx8-120.150@0)A, (4*d16,cx4-60.120@1)A, (4*d16,cx4-60.120@1)F, (4*p2,cx8-120.150@1,4*p2,cx4-60.120@0,4*p2,cx4-60.120@0)F, (4*d16,cx4-60.120@1)A, (4*d16,cx4-60.120@1)F, (4*d16,cx8-120.150@0)A, (4*d16,cx4-60.120@1)A, (4*d16,cx8-120.150@0)F, (4*p2,cx8-120.150@1,4*p2,cx8-120.150@1)R2, (4*d16,cx8-120.150@0)A  (dev 0.1s, primary cx4-60.120)
[14:06:33]   flexing: (4*d16,cx4-60.120@1)A, (4*p2,cx8-120.150@1,4*p2,cx4-60.120@0,4*p2,cx4-60.120@0)F, (4*d16,cx4-60.120@1)A, (4*d16,cx4-60.120@1)F, (4*d16,cx8-120.150@0)A, (4*d16,cx8-120.150@0)F, (4*p2,cx8-120.150@1,4*p2,cx4-60.120@0,4*p2,cx4-60.120@0)F, (4*d16,cx4-60.120@1)A, (4*d16,cx8-120.150@0)A, (4*d16,cx4-60.120@1)A, (4*d16,cx4-60.120@1)F, (4*p2,cx8-120.150@1,4*p2,cx4-60.120@0,4*p2,cx4-60.120@0)F, (4*d16,cx4-60.120@1)A, (4*d16,cx4-60.120@1)F, (4*d16,cx8-120.150@0)A, (4*d16,cx4-60.120@1)A, (4*d16,cx8-120.150@0)F, (4*p2,cx8-120.150@1,4*p2,cx8-120.150@1)F, (4*d16,cx8-120.150@0)A, (4*d16,cx8-120.150@0)A, (4*d16,cx8-120.150@0)A  (dev 0.1s, primary cx4-60.120)
[14:06:34]   flexing: (4*d16,cx4-60.120@1)A, (4*p2,cx8-120.150@1,4*p2,cx4-60.120@0,4*p2,cx4-60.120@0)F, (4*d16,cx4-60.120@1)A, (4*d16,cx4-60.120@1)F, (4*d16,cx8-120.150@0)A, (4*d16,cx8-120.150@0)F, (4*p2,cx8-120.150@1,4*p2,cx4-60.120@0,4*p2,cx4-60.120@0)F, (4*d16,cx4-60.120@1)A, (4*d16,cx8-120.150@0)A, (4*d16,cx4-60.120@1)A, (4*d16,cx4-60.120@1)F, (4*p2,cx4-60.120@0,4*p2,cx4-60.120@0,4*p2,cx4-60.120@0,4*p2,cx4-60.120@0)F, (4*d16,cx4-60.120@1)A, (4*d16,cx4-60.120@1)F, (4*d16,cx4-60.120@1)A, (4*d16,cx4-60.120@1)A, (4*d16,cx4-60.120@1)A, (4*d16,cx4-60.120@1)F, (4*p2,cx8-120.150@1,4*p2,cx4-60.120@0,4*p2,cx4-60.120@0)F, (4*d16,cx8-120.150@0)A, (4*d16,cx4-60.120@1)F, (4*d16,cx4-60.120@1)A, (4*d16,cx4-60.120@1)A, (4*d16,cx8-120.150@0)A  (dev 0.1s, primary cx4-60.120)
[14:06:34]   flexing: (4*d16,cx4-60.120@1)A, (4*p2,cx8-120.150@1,4*p2,cx4-60.120@0,4*p2,cx4-60.120@0)F, (4*d16,cx4-60.120@1)A, (4*d16,cx4-60.120@1)F, (4*d16,cx8-120.150@0)A, (4*d16,cx8-120.150@0)F, (4*p2,cx8-120.150@1,4*p2,cx4-60.120@0,4*p2,cx4-60.120@0)F, (4*d16,cx4-60.120@1)A, (4*d16,cx8-120.150@0)A, (4*d16,cx4-60.120@1)A, (4*d16,cx4-60.120@1)F, (4*p2,cx4-60.120@0,4*p2,cx4-60.120@0,4*p2,cx4-60.120@0,4*p2,cx4-60.120@0)F, (4*d16,cx4-60.120@1)A, (4*d16,cx4-60.120@1)F, (4*d16,cx4-60.120@1)A, (4*d16,cx4-60.120@1)A, (4*d16,cx4-60.120@1)A, (4*d16,cx4-60.120@1)F, (4*p2,cx8-120.150@1,4*p2,cx4-60.120@0,4*p2,cx4-60.120@0)F, (4*d16,cx4-60.120@1)A, (4*d16,cx4-60.120@1)F, (4*d16,cx8-120.150@0)A, (4*d16,cx4-60.120@1)A, (4*d16,cx8-120.150@0)A  (dev 0.1s, primary cx4-60.120)
[14:06:34]   flexing: (4*d16,cx4-60.120@1)A, (4*p2,cx8-120.150@1,4*p2,cx4-60.120@0,4*p2,cx4-60.120@0)F, (4*d16,cx4-60.120@1)A, (4*d16,cx4-60.120@1)F, (4*d16,cx8-120.150@0)A, (4*d16,cx8-120.150@0)F, (4*p2,cx8-120.150@1,4*p2,cx4-60.120@0,4*p2,cx4-60.120@0)F, (4*d16,cx4-60.120@1)A, (4*d16,cx8-120.150@0)A, (4*d16,cx4-60.120@1)A, (4*d16,cx4-60.120@1)F, (4*p2,cx4-60.120@0,4*p2,cx4-60.120@0,4*p2,cx4-60.120@0,4*p2,cx4-60.120@0)F, (4*d16,cx4-60.120@1)A, (4*d16,cx4-60.120@1)F, (4*d16,cx4-60.120@1)A, (4*d16,cx4-60.120@1)A, (4*d16,cx4-60.120@1)A, (4*d16,cx4-60.120@1)F, (4*p2,cx4-60.120@0,4*p2,cx4-60.120@0,4*p2,cx4-60.120@0,4*p2,cx4-60.120@0)R2, (4*d16,cx4-60.120@1)A, (4*d16,cx4-60.120@1)F, (4*d16,cx4-60.120@1)A  (dev 0.1s, primary cx4-60.120)
[14:06:34]   flexing: (4*d16,cx4-60.120@1)A, (4*p2,cx8-120.150@1,4*p2,cx4-60.120@0,4*p2,cx4-60.120@0)F, (4*d16,cx4-60.120@1)A, (4*d16,cx4-60.120@1)F, (4*d16,cx8-120.150@0)A, (4*d16,cx8-120.150@0)F, (4*p2,cx8-120.150@1,4*p2,cx4-60.120@0,4*p2,cx4-60.120@0)F, (4*d16,cx4-60.120@1)A, (4*d16,cx8-120.150@0)A, (4*d16,cx4-60.120@1)A, (4*d16,cx4-60.120@1)F, (4*p2,cx4-60.120@0,4*p2,cx4-60.120@0,4*p2,cx4-60.120@0,4*p2,cx4-60.120@0)F, (4*d16,cx4-60.120@1)A, (4*d16,cx4-60.120@1)F, (4*d16,cx4-60.120@1)A, (4*d16,cx4-60.120@1)A, (4*d16,cx4-60.120@1)A, (4*d16,cx4-60.120@1)F, (4*p2,cx4-60.120@0,4*p2,cx4-60.120@0,4*p2,cx4-60.120@0,4*p2,cx4-60.120@0)Ab, (4*d16,cx4-60.120@1)A, (4*d16,cx4-60.120@1)F, (4*d16,cx4-60.120@1)A  (dev 0.1s, primary cx4-60.120)
[14:06:34]   flexing: (4*d16,cx4-60.120@1)A, (4*p2,cx8-120.150@1,4*p2,cx4-60.120@0,4*p2,cx4-60.120@0)F, (4*d16,cx4-60.120@1)A, (4*d16,cx4-60.120@1)F, (4*d16,cx8-120.150@0)A, (4*d16,cx8-120.150@0)F, (4*p2,cx8-120.150@1,4*p2,cx4-60.120@0,4*p2,cx4-60.120@0)F, (4*d16,cx4-60.120@1)A, (4*d16,cx8-120.150@0)A, (4*d16,cx4-60.120@1)A, (4*d16,cx4-60.120@1)F, (4*p2,cx4-60.120@0,4*p2,cx4-60.120@0,4*p2,cx4-60.120@0,4*p2,cx4-60.120@0)F, (4*d16,cx4-60.120@1)A, (4*d16,cx4-60.120@1)F, (4*d16,cx4-60.120@1)A, (4*d16,cx4-60.120@1)A, (4*d16,cx4-60.120@1)A, (4*d16,cx4-60.120@1)F, (4*p2,cx4-60.120@0,4*p2,cx4-60.120@0,4*p2,cx4-60.120@0,4*p2,cx4-60.120@0)F, (4*d16,cx4-60.120@1)A, (4*d16,cx4-60.120@1)F, (4*d16,cx4-60.120@1)A, (4*d16,cx4-60.120@1)A, (4*d16,cx4-60.120@1)A, (4*d16,cx4-60.120@1)A, (4*d16,cx4-60.120@1)A  (dev 0.2s, primary cx4-60.120)
[14:06:34]   flexing: (4*d16,cx4-60.120@1)A, (4*p2,cx8-120.150@1,4*p2,cx4-60.120@0,4*p2,cx4-60.120@0)F, (4*d16,cx4-60.120@1)A, (4*d16,cx4-60.120@1)F, (4*d16,cx8-120.150@0)A, (4*d16,cx8-120.150@0)F, (4*p2,cx8-120.150@1,4*p2,cx4-60.120@0,4*p2,cx4-60.120@0)F, (4*d16,cx4-60.120@1)A, (4*d16,cx8-120.150@0)A, (4*d16,cx4-60.120@1)A, (4*d16,cx4-60.120@1)F, (4*p2,cx4-60.120@0,4*p2,cx4-60.120@0,4*p2,cx4-60.120@0,4*p2,cx4-60.120@0)F, (4*d16,cx4-60.120@1)A, (4*d16,cx4-60.120@1)F, (4*d16,cx4-60.120@1)A, (4*d16,cx4-60.120@1)A, (4*d16,cx4-60.120@1)A, (4*d16,cx4-60.120@1)F, (4*p2,cx4-60.120@0,4*p2,cx4-60.120@0,4*p2,cx4-60.120@0,4*p2,cx4-60.120@0)F, (4*d16,cx4-60.120@1)A, (4*d16,cx4-60.120@1)F, (4*d16,cx4-60.120@1)A, (4*d16,cx4-60.120@1)A, (4*d16,cx4-60.120@1)A, (4*d16,cx4-60.120@1)F  (dev 0.2s, primary cx4-60.120)
[14:06:34]   flexing: (4*d16,cx4-60.120@1)A, (4*p2,cx8-120.150@1,4*p2,cx4-60.120@0,4*p2,cx4-60.120@0)F, (4*d16,cx4-60.120@1)A, (4*d16,cx4-60.120@1)F, (4*d16,4*p2,cx4-60.120@0,4*p2)F, (4*d16,4*p2,cx4-60.120@0,4*p2)A, (4*d16,cx4-60.120@1)F, (4*d16,cx4-60.120@1)F, (4*d16,4*p2,cx4-60.120@0,4*p2)A, (4*d16,cx8-120.150@0)A, (4*d16,cx8-120.150@0)A  (dev 0.0s, primary cx4-60.120)
[14:06:34]   flexing: (4*d16,cx4-60.120@1)A, (4*p2,cx8-120.150@1,4*p2,cx4-60.120@0,4*p2,cx4-60.120@0)F, (4*d16,cx4-60.120@1)A, (4*d16,cx4-60.120@1)F, (4*p2,cx8-120.150@1,4*p2,cx4-60.120@0,4*p2,cx4-60.120@0)A, (4*d16,cx8-120.150@0)A, (4*d16,cx4-60.120@1)F, (4*d16,cx8-120.150@0)F, (4*p2,cx8-120.150@1,4*p2,cx8-120.150@1)S2, (4*d16,cx8-120.150@0)F, (4*p2,cx8-120.150@1,4*p2,cx8-120.150@1)Ab, (4*d16,cx8-120.150@0)A  (dev 0.1s, primary cx4-60.120)
[14:06:34]   flexing: (4*d16,cx4-60.120@1)A, (4*p2,cx8-120.150@1,4*p2,cx4-60.120@0,4*p2,cx4-60.120@0)F, (4*d16,cx4-60.120@1)A, (4*d16,cx4-60.120@1)F, (4*p2,cx8-120.150@1,4*p2,cx4-60.120@0,4*p2,cx4-60.120@0)F, (4*d16,cx8-120.150@0)A, (4*d16,cx4-60.120@1)F, (4*d16,cx4-60.120@1)A, (4*d16,cx4-60.120@1)A, (4*d16,cx8-120.150@0)A, (4*d16,cx8-120.150@0)A, (4*d16,cx8-120.150@0)F, (4*p2,cx8-120.150@1,4*p2,cx8-120.150@1)F, (4*d16,cx8-120.150@0)A, (4*d16,cx8-120.150@0)A, (4*d16,cx8-120.150@0)F, (4*p2,cx8-120.150@1,4*p2,cx8-120.150@1)R2, (4*d16,cx8-120.150@0)A  (dev 0.1s, primary cx4-60.120)
[14:06:34]   flexing: (4*d16,cx4-60.120@1)A, (4*p2,cx8-120.150@1,4*p2,cx4-60.120@0,4*p2,cx4-60.120@0)F, (4*d16,cx4-60.120@1)A, (4*d16,cx4-60.120@1)F, (4*p2,cx8-120.150@1,4*p2,cx4-60.120@0,4*p2,cx4-60.120@0)F, (4*d16,cx8-120.150@0)A, (4*d16,cx4-60.120@1)F, (4*d16,cx4-60.120@1)A, (4*d16,cx4-60.120@1)A, (4*d16,cx8-120.150@0)A, (4*d16,cx8-120.150@0)A, (4*d16,cx8-120.150@0)F, (4*p2,cx8-120.150@1,4*p2,cx8-120.150@1)F, (4*d16,cx8-120.150@0)A, (4*d16,cx8-120.150@0)A, (4*d16,cx8-120.150@0)F, (4*p2,cx8-120.150@1,4*p2,cx8-120.150@1)F, (4*d16,cx8-120.150@0)A, (4*d16,cx8-120.150@0)A, (4*d16,cx8-120.150@0)A  (dev 0.1s, primary cx4-60.120)
[14:06:35]   flexing: (4*d16,cx4-60.120@1)A, (4*p2,cx8-120.150@1,4*p2,cx4-60.120@0,4*p2,cx4-60.120@0)F, (4*d16,cx4-60.120@1)A, (4*d16,cx4-60.120@1)F, (4*p2,cx8-120.150@1,4*p2,cx4-60.120@0,4*p2,cx4-60.120@0)F, (4*d16,cx8-120.150@0)A, (4*d16,cx4-60.120@1)F, (4*d16,cx4-60.120@1)A, (4*d16,cx4-60.120@1)A, (4*d16,cx8-120.150@0)A, (4*d16,cx8-120.150@0)A, (4*d16,cx8-120.150@0)F, (4*p2,cx8-120.150@1,4*p2,cx4-60.120@0,4*p2,cx4-60.120@0)F, (4*d16,cx8-120.150@0)A, (4*d16,cx4-60.120@1)A, (4*d16,cx4-60.120@1)A, (4*d16,cx4-60.120@1)F, (4*p2,cx8-120.150@1,4*p2,cx4-60.120@0,4*p2,cx4-60.120@0)F, (4*d16,cx8-120.150@0)A, (4*d16,cx4-60.120@1)F, (4*d16,cx4-60.120@1)A, (4*d16,cx4-60.120@1)A, (4*d16,cx8-120.150@0)A  (dev 0.1s, primary cx4-60.120)
[14:06:35]   flexing: (4*d16,cx4-60.120@1)A, (4*p2,cx8-120.150@1,4*p2,cx4-60.120@0,4*p2,cx4-60.120@0)F, (4*d16,cx4-60.120@1)A, (4*d16,cx4-60.120@1)F, (4*p2,cx8-120.150@1,4*p2,cx4-60.120@0,4*p2,cx4-60.120@0)F, (4*d16,cx8-120.150@0)A, (4*d16,cx4-60.120@1)F, (4*d16,cx4-60.120@1)A, (4*d16,cx4-60.120@1)A, (4*d16,cx8-120.150@0)A, (4*d16,cx8-120.150@0)A, (4*d16,cx8-120.150@0)F, (4*p2,cx8-120.150@1,4*p2,cx4-60.120@0,4*p2,cx4-60.120@0)F, (4*d16,cx8-120.150@0)A, (4*d16,cx4-60.120@1)A, (4*d16,cx4-60.120@1)A, (4*d16,cx4-60.120@1)F, (4*p2,cx4-60.120@0,4*p2,cx4-60.120@0,4*p2,cx4-60.120@0,4*p2,cx4-60.120@0)R2, (4*d16,cx4-60.120@1)A, (4*d16,cx4-60.120@1)F, (4*d16,cx4-60.120@1)A  (dev 0.1s, primary cx4-60.120)
[14:06:35]   flexing: (4*d16,cx4-60.120@1)A, (4*p2,cx8-120.150@1,4*p2,cx4-60.120@0,4*p2,cx4-60.120@0)F, (4*d16,cx4-60.120@1)A, (4*d16,cx4-60.120@1)F, (4*p2,cx8-120.150@1,4*p2,cx4-60.120@0,4*p2,cx4-60.120@0)F, (4*d16,cx8-120.150@0)A, (4*d16,cx4-60.120@1)F, (4*d16,cx4-60.120@1)A, (4*d16,cx4-60.120@1)A, (4*d16,cx8-120.150@0)A, (4*d16,cx8-120.150@0)A, (4*d16,cx8-120.150@0)F, (4*p2,cx8-120.150@1,4*p2,cx4-60.120@0,4*p2,cx4-60.120@0)F, (4*d16,cx8-120.150@0)A, (4*d16,cx4-60.120@1)A, (4*d16,cx4-60.120@1)A, (4*d16,cx4-60.120@1)F, (4*p2,cx4-60.120@0,4*p2,cx4-60.120@0,4*p2,cx4-60.120@0,4*p2,cx4-60.120@0)Ab, (4*d16,cx4-60.120@1)A, (4*d16,cx4-60.120@1)F, (4*d16,cx4-60.120@1)A  (dev 0.1s, primary cx4-60.120)
[14:06:35]   flexing: (4*d16,cx4-60.120@1)A, (4*p2,cx8-120.150@1,4*p2,cx4-60.120@0,4*p2,cx4-60.120@0)F, (4*d16,cx4-60.120@1)A, (4*d16,cx4-60.120@1)F, (4*p2,cx8-120.150@1,4*p2,cx4-60.120@0,4*p2,cx4-60.120@0)F, (4*d16,cx8-120.150@0)A, (4*d16,cx4-60.120@1)F, (4*d16,cx4-60.120@1)A, (4*d16,cx4-60.120@1)A, (4*d16,cx8-120.150@0)A, (4*d16,cx8-120.150@0)A, (4*d16,cx8-120.150@0)F, (4*p2,cx8-120.150@1,4*p2,cx4-60.120@0,4*p2,cx4-60.120@0)F, (4*d16,cx8-120.150@0)A, (4*d16,cx4-60.120@1)A, (4*d16,cx4-60.120@1)A, (4*d16,cx4-60.120@1)F, (4*p2,cx4-60.120@0,4*p2,cx4-60.120@0,4*p2,cx4-60.120@0,4*p2,cx4-60.120@0)F, (4*d16,cx4-60.120@1)A, (4*d16,cx4-60.120@1)F, (4*d16,cx4-60.120@1)A, (4*d16,cx4-60.120@1)A, (4*d16,cx4-60.120@1)A, (4*d16,cx4-60.120@1)A, (4*d16,cx4-60.120@1)A  (dev 0.1s, primary cx4-60.120)
[14:06:35]   flexing: (4*d16,cx4-60.120@1)A, (4*p2,cx8-120.150@1,4*p2,cx4-60.120@0,4*p2,cx4-60.120@0)F, (4*d16,cx4-60.120@1)A, (4*d16,cx4-60.120@1)F, (4*p2,cx8-120.150@1,4*p2,cx4-60.120@0,4*p2,cx4-60.120@0)F, (4*d16,cx8-120.150@0)A, (4*d16,cx4-60.120@1)F, (4*d16,cx4-60.120@1)A, (4*d16,cx4-60.120@1)A, (4*d16,cx8-120.150@0)A, (4*d16,cx8-120.150@0)A, (4*d16,cx8-120.150@0)F, (4*p2,cx8-120.150@1,4*p2,cx4-60.120@0,4*p2,cx4-60.120@0)F, (4*d16,cx8-120.150@0)A, (4*d16,cx4-60.120@1)A, (4*d16,cx4-60.120@1)A, (4*d16,cx4-60.120@1)F, (4*p2,cx4-60.120@0,4*p2,cx4-60.120@0,4*p2,cx4-60.120@0,4*p2,cx4-60.120@0)F, (4*d16,cx4-60.120@1)A, (4*d16,cx4-60.120@1)F, (4*d16,cx4-60.120@1)A, (4*d16,cx4-60.120@1)A, (4*d16,cx4-60.120@1)A, (4*d16,cx4-60.120@1)F  (dev 0.1s, primary cx4-60.120)
[14:06:35]   flexing: (4*d16,cx4-60.120@1)A, (4*p2,cx8-120.150@1,4*p2,cx4-60.120@0,4*p2,cx4-60.120@0)F, (4*d16,cx4-60.120@1)A, (4*d16,cx4-60.120@1)F, (4*p2,cx8-120.150@1,4*p2,cx4-60.120@0,4*p2,cx4-60.120@0)F, (4*d16,cx8-120.150@0)A, (4*d16,cx4-60.120@1)F, (4*d16,cx4-60.120@1)A, (4*d16,cx4-60.120@1)A, (4*d16,cx8-120.150@0)A, (4*d16,cx8-120.150@0)F, (4*p2,cx8-120.150@1,4*p2,cx8-120.150@1)R2, (4*d16,cx8-120.150@0)A, (4*d16,cx8-120.150@0)F, (4*p2,cx8-120.150@1,4*p2,cx8-120.150@1)F, (4*d16,cx8-120.150@0)A, (4*d16,cx8-120.150@0)A, (4*d16,cx8-120.150@0)A  (dev 0.1s, primary cx4-60.120)
[14:06:35]   flexing: (4*d16,cx4-60.120@1)A, (4*p2,cx8-120.150@1,4*p2,cx4-60.120@0,4*p2,cx4-60.120@0)F, (4*d16,cx4-60.120@1)A, (4*d16,cx4-60.120@1)F, (4*p2,cx8-120.150@1,4*p2,cx4-60.120@0,4*p2,cx4-60.120@0)F, (4*d16,cx8-120.150@0)A, (4*d16,cx4-60.120@1)F, (4*d16,cx4-60.120@1)F, (4*p2,cx8-120.150@1,4*p2,cx4-60.120@0,4*p2,cx4-60.120@0)F, (4*d16,cx4-60.120@1)F, (4*d16,cx8-120.150@0)F, (4*p2,cx8-120.150@1,4*p2,cx8-120.150@1)F, (4*d16,cx8-120.150@0)F, (4*d16,cx4-60.120@1)A, (4*d16,cx8-120.150@0)A, (4*d16,cx4-60.120@1)A, (4*d16,cx8-120.150@0)A, (4*d16,cx8-120.150@0)A, (4*d16,cx8-120.150@0)F  (dev 0.1s, primary cx4-60.120)
[14:06:35]   flexing: (4*d16,cx4-60.120@1)A, (4*p2,cx8-120.150@1,4*p2,cx4-60.120@0,4*p2,cx4-60.120@0)F, (4*d16,cx4-60.120@1)A, (4*d16,cx4-60.120@1)F, (4*p2,cx8-120.150@1,4*p2,cx4-60.120@0,4*p2,cx4-60.120@0)F, (4*d16,cx8-120.150@0)A, (4*d16,cx4-60.120@1)F, (4*d16,cx4-60.120@1)F, (4*p2,cx4-60.120@0,4*p2,cx4-60.120@0,4*p2,cx4-60.120@0,4*p2,cx4-60.120@0)F, (4*d16,cx4-60.120@1)F, (4*d16,cx4-60.120@1)F, (4*p2,cx8-120.150@1,4*p2,cx4-60.120@0,4*p2,cx4-60.120@0)F, (4*d16,cx8-120.150@0)F, (4*d16,cx4-60.120@1)F, (4*d16,cx4-60.120@1)A, (4*d16,cx8-120.150@0)A, (4*d16,cx4-60.120@1)A, (4*d16,cx4-60.120@1)A, (4*d16,cx4-60.120@1)A, (4*d16,cx4-60.120@1)A, (4*d16,cx4-60.120@1)A, (4*d16,cx8-120.150@0)A, (4*d16,cx8-120.150@0)A  (dev 0.1s, primary cx4-60.120)
[14:06:35]   flexing: (4*d16,cx4-60.120@1)A, (4*p2,cx8-120.150@1,4*p2,cx4-60.120@0,4*p2,cx4-60.120@0)F, (4*d16,cx4-60.120@1)A, (4*d16,cx4-60.120@1)F, (4*p2,cx8-120.150@1,4*p2,cx4-60.120@0,4*p2,cx4-60.120@0)F, (4*d16,cx8-120.150@0)A, (4*d16,cx4-60.120@1)F, (4*d16,cx4-60.120@1)F, (4*p2,cx4-60.120@0,4*p2,cx4-60.120@0,4*p2,cx4-60.120@0,4*p2,cx4-60.120@0)F, (4*d16,cx4-60.120@1)F, (4*d16,cx4-60.120@1)F, (4*p2,cx8-120.150@1,4*p2,cx4-60.120@0,4*p2,cx4-60.120@0)F, (4*d16,cx8-120.150@0)F, (4*d16,cx4-60.120@1)F, (4*d16,cx4-60.120@1)A, (4*d16,cx8-120.150@0)A, (4*d16,cx4-60.120@1)A, (4*d16,cx4-60.120@1)A, (4*d16,cx4-60.120@1)A, (4*d16,cx4-60.120@1)A, (4*d16,cx4-60.120@1)A, (4*d16,cx8-120.150@0)F  (dev 0.1s, primary cx4-60.120)
[14:06:36]   flexing: (4*d16,cx4-60.120@1)A, (4*p2,cx8-120.150@1,4*p2,cx4-60.120@0,4*p2,cx4-60.120@0)F, (4*d16,cx4-60.120@1)A, (4*d16,cx4-60.120@1)F, (4*p2,cx8-120.150@1,4*p2,cx4-60.120@0,4*p2,cx4-60.120@0)F, (4*d16,cx8-120.150@0)A, (4*d16,cx4-60.120@1)F, (4*d16,cx4-60.120@1)F, (4*p2,cx4-60.120@0,4*p2,cx4-60.120@0,4*p2,cx4-60.120@0,4*p2,cx4-60.120@0)F, (4*d16,cx4-60.120@1)F, (4*d16,cx4-60.120@1)F, (4*p2,cx8-120.150@1,4*p2,cx4-60.120@0,4*p2,cx4-60.120@0)F, (4*d16,cx8-120.150@0)F, (4*d16,cx4-60.120@1)F, (4*d16,cx4-60.120@1)A, (4*d16,cx8-120.150@0)A, (4*d16,cx4-60.120@1)A, (4*d16,cx4-60.120@1)F, (4*d16,cx8-120.150@0)A, (4*d16,cx8-120.150@0)A, (4*d16,cx4-60.120@1)F  (dev 0.1s, primary cx4-60.120)
[14:06:36]   flexing: (4*d16,cx4-60.120@1)A, (4*p2,cx8-120.150@1,4*p2,cx4-60.120@0,4*p2,cx4-60.120@0)F, (4*d16,cx4-60.120@1)A, (4*d16,cx4-60.120@1)F, (4*p2,cx8-120.150@1,4*p2,cx4-60.120@0,4*p2,cx4-60.120@0)F, (4*d16,cx4-60.120@1)A, (4*d16,cx4-60.120@1)F, (4*d16,cx4-60.120@1)A, (4*d16,cx8-120.150@0)A, (4*d16,cx8-120.150@0)A, (4*d16,cx8-120.150@0)A, (4*d16,cx8-120.150@0)F, (4*p2,cx8-120.150@1,4*p2,cx8-120.150@1)F, (4*d16,cx8-120.150@0)A, (4*d16,cx8-120.150@0)A, (4*d16,cx8-120.150@0)F, (4*p2,cx8-120.150@1,4*p2,cx8-120.150@1)R2, (4*d16,cx8-120.150@0)A  (dev 0.1s, primary cx4-60.120)
[14:06:36]   flexing: (4*d16,cx4-60.120@1)A, (4*p2,cx8-120.150@1,4*p2,cx4-60.120@0,4*p2,cx4-60.120@0)F, (4*d16,cx4-60.120@1)A, (4*d16,cx4-60.120@1)F, (4*p2,cx8-120.150@1,4*p2,cx4-60.120@0,4*p2,cx4-60.120@0)F, (4*d16,cx4-60.120@1)A, (4*d16,cx4-60.120@1)F, (4*d16,cx4-60.120@1)A, (4*d16,cx8-120.150@0)A, (4*d16,cx8-120.150@0)A, (4*d16,cx8-120.150@0)A, (4*d16,cx8-120.150@0)F, (4*p2,cx8-120.150@1,4*p2,cx8-120.150@1)F, (4*d16,cx8-120.150@0)A, (4*d16,cx8-120.150@0)A, (4*d16,cx8-120.150@0)F, (4*p2,cx8-120.150@1,4*p2,cx8-120.150@1)F, (4*d16,cx8-120.150@0)A, (4*d16,cx8-120.150@0)A, (4*d16,cx8-120.150@0)A  (dev 0.1s, primary cx4-60.120)
[14:06:36]   flexing: (4*d16,cx4-60.120@1)A, (4*p2,cx8-120.150@1,4*p2,cx4-60.120@0,4*p2,cx4-60.120@0)F, (4*d16,cx4-60.120@1)A, (4*d16,cx4-60.120@1)F, (4*p2,cx8-120.150@1,4*p2,cx4-60.120@0,4*p2,cx4-60.120@0)F, (4*d16,cx4-60.120@1)A, (4*d16,cx4-60.120@1)F, (4*d16,cx4-60.120@1)A, (4*d16,cx8-120.150@0)A, (4*d16,cx8-120.150@0)A, (4*d16,cx8-120.150@0)A, (4*d16,cx8-120.150@0)F, (4*p2,cx8-120.150@1,4*p2,cx4-60.120@0,4*p2,cx4-60.120@0)F, (4*d16,cx4-60.120@1)A, (4*d16,cx8-120.150@0)A, (4*d16,cx4-60.120@1)A, (4*d16,cx4-60.120@1)F, (4*p2,cx4-60.120@0,4*p2,cx4-60.120@0,4*p2,cx4-60.120@0,4*p2,cx4-60.120@0)R2, (4*d16,cx4-60.120@1)A, (4*d16,cx4-60.120@1)F, (4*d16,cx4-60.120@1)A  (dev 0.1s, primary cx4-60.120)
[14:06:36]   flexing: (4*d16,cx4-60.120@1)A, (4*p2,cx8-120.150@1,4*p2,cx4-60.120@0,4*p2,cx4-60.120@0)F, (4*d16,cx4-60.120@1)A, (4*d16,cx4-60.120@1)F, (4*p2,cx8-120.150@1,4*p2,cx4-60.120@0,4*p2,cx4-60.120@0)F, (4*d16,cx4-60.120@1)A, (4*d16,cx4-60.120@1)F, (4*d16,cx4-60.120@1)A, (4*d16,cx8-120.150@0)A, (4*d16,cx8-120.150@0)A, (4*d16,cx8-120.150@0)A, (4*d16,cx8-120.150@0)F, (4*p2,cx8-120.150@1,4*p2,cx4-60.120@0,4*p2,cx4-60.120@0)F, (4*d16,cx4-60.120@1)A, (4*d16,cx8-120.150@0)A, (4*d16,cx4-60.120@1)A, (4*d16,cx4-60.120@1)F, (4*p2,cx4-60.120@0,4*p2,cx4-60.120@0,4*p2,cx4-60.120@0,4*p2,cx4-60.120@0)Ab, (4*d16,cx4-60.120@1)A, (4*d16,cx4-60.120@1)F, (4*d16,cx4-60.120@1)A  (dev 0.1s, primary cx4-60.120)
[14:06:36]   flexing: (4*d16,cx4-60.120@1)A, (4*p2,cx8-120.150@1,4*p2,cx4-60.120@0,4*p2,cx4-60.120@0)F, (4*d16,cx4-60.120@1)A, (4*d16,cx4-60.120@1)F, (4*p2,cx8-120.150@1,4*p2,cx4-60.120@0,4*p2,cx4-60.120@0)F, (4*d16,cx4-60.120@1)A, (4*d16,cx4-60.120@1)F, (4*d16,cx4-60.120@1)A, (4*d16,cx8-120.150@0)A, (4*d16,cx8-120.150@0)A, (4*d16,cx8-120.150@0)A, (4*d16,cx8-120.150@0)F, (4*p2,cx8-120.150@1,4*p2,cx4-60.120@0,4*p2,cx4-60.120@0)F, (4*d16,cx4-60.120@1)A, (4*d16,cx8-120.150@0)A, (4*d16,cx4-60.120@1)A, (4*d16,cx4-60.120@1)F, (4*p2,cx4-60.120@0,4*p2,cx4-60.120@0,4*p2,cx4-60.120@0,4*p2,cx4-60.120@0)F, (4*d16,cx4-60.120@1)A, (4*d16,cx4-60.120@1)F, (4*d16,cx4-60.120@1)A, (4*d16,cx4-60.120@1)A, (4*d16,cx4-60.120@1)A, (4*d16,cx4-60.120@1)A, (4*d16,cx4-60.120@1)A  (dev 0.1s, primary cx4-60.120)
[14:06:36]   flexing: (4*d16,cx4-60.120@1)A, (4*p2,cx8-120.150@1,4*p2,cx4-60.120@0,4*p2,cx4-60.120@0)F, (4*d16,cx4-60.120@1)A, (4*d16,cx4-60.120@1)F, (4*p2,cx8-120.150@1,4*p2,cx4-60.120@0,4*p2,cx4-60.120@0)F, (4*d16,cx4-60.120@1)A, (4*d16,cx4-60.120@1)F, (4*d16,cx4-60.120@1)A, (4*d16,cx8-120.150@0)A, (4*d16,cx8-120.150@0)A, (4*d16,cx8-120.150@0)A, (4*d16,cx8-120.150@0)F, (4*p2,cx8-120.150@1,4*p2,cx4-60.120@0,4*p2,cx4-60.120@0)F, (4*d16,cx4-60.120@1)A, (4*d16,cx8-120.150@0)A, (4*d16,cx4-60.120@1)A, (4*d16,cx4-60.120@1)F, (4*p2,cx4-60.120@0,4*p2,cx4-60.120@0,4*p2,cx4-60.120@0,4*p2,cx4-60.120@0)F, (4*d16,cx4-60.120@1)A, (4*d16,cx4-60.120@1)F, (4*d16,cx4-60.120@1)A, (4*d16,cx4-60.120@1)A, (4*d16,cx4-60.120@1)A, (4*d16,cx4-60.120@1)F  (dev 0.1s, primary cx4-60.120)
[14:06:36]   flexing: (4*d16,cx4-60.120@1)A, (4*p2,cx8-120.150@1,4*p2,cx4-60.120@0,4*p2,cx4-60.120@0)F, (4*d16,cx4-60.120@1)A, (4*d16,cx4-60.120@1)F, (4*p2,cx8-120.150@1,4*p2,cx4-60.120@0,4*p2,cx4-60.120@0)F, (4*d16,cx4-60.120@1)A, (4*d16,cx4-60.120@1)F, (4*d16,cx4-60.120@1)A, (4*d16,cx8-120.150@0)A, (4*d16,cx8-120.150@0)F, (4*p2,cx8-120.150@1,4*p2,cx8-120.150@1)F, (4*d16,cx8-120.150@0)F, (4*p2,cx8-120.150@1,4*p2,cx8-120.150@1)F, (4*d16,cx8-120.150@0)F, (4*d16,cx8-120.150@0)A, (4*d16,cx8-120.150@0)F, (4*d16,cx8-120.150@0)A, (4*d16,cx8-120.150@0)A  (dev 0.1s, primary cx4-60.120)
[14:06:36]   flexing: (4*d16,cx4-60.120@1)A, (4*p2,cx8-120.150@1,4*p2,cx4-60.120@0,4*p2,cx4-60.120@0)F, (4*d16,cx4-60.120@1)A, (4*d16,cx4-60.120@1)F, (4*p2,cx8-120.150@1,4*p2,cx4-60.120@0,4*p2,cx4-60.120@0)F, (4*d16,cx4-60.120@1)A, (4*d16,cx4-60.120@1)F, (4*d16,cx4-60.120@1)A, (4*d16,cx8-120.150@0)A, (4*d16,cx8-120.150@0)F, (4*p2,cx8-120.150@1,4*p2,cx8-120.150@1)F, (4*d16,cx8-120.150@0)F, (4*p2,cx8-120.150@1,4*p2,cx8-120.150@1)F, (4*d16,cx8-120.150@0)F, (4*d16,cx8-120.150@0)A, (4*d16,cx8-120.150@0)F, (4*d16,cx8-120.150@0)F  (dev 0.2s, primary cx4-60.120)
[14:06:37]   flexing: (4*d16,cx4-60.120@1)A, (4*p2,cx8-120.150@1,4*p2,cx4-60.120@0,4*p2,cx4-60.120@0)F, (4*d16,cx4-60.120@1)A, (4*d16,cx4-60.120@1)F, (4*p2,cx8-120.150@1,4*p2,cx4-60.120@0,4*p2,cx4-60.120@0)F, (4*d16,cx4-60.120@1)A, (4*d16,cx4-60.120@1)F, (4*d16,cx4-60.120@1)A, (4*d16,cx8-120.150@0)F, (4*d16,cx8-120.150@0)F, (4*p2,cx8-120.150@1,cx4-60.120@1,cx4-60.120@0)F, (4*d16,cx4-60.120@1)F, (4*p2,cx8-120.150@1,cx8-120.150@0,cx4-60.120@0)F, (4*d16,cx8-120.150@0)F  (dev 0.1s, primary cx4-60.120)
[14:06:37]   flexing: (4*d16,cx4-60.120@1)A, (4*p2,cx8-120.150@1,4*p2,cx4-60.120@0,4*p2,cx4-60.120@0)F, (4*d16,cx4-60.120@1)A, (4*d16,cx4-60.120@1)F, (4*p2,cx8-120.150@1,4*p2,cx4-60.120@0,4*p2,cx4-60.120@0)F, (4*d16,cx4-60.120@1)A, (4*d16,cx4-60.120@1)F, (4*d16,cx4-60.120@1)A, (4*d16,cx8-120.150@0)F, (4*p2,cx8-120.150@1,4*p2,cx8-120.150@1)R2, (4*d16,cx8-120.150@0)A, (4*d16,cx8-120.150@0)A, (4*d16,cx8-120.150@0)A, (4*d16,cx8-120.150@0)F, (4*p2,cx8-120.150@1,4*p2,cx8-120.150@1)F, (4*d16,cx8-120.150@0)A, (4*d16,cx8-120.150@0)A, (4*d16,cx8-120.150@0)A  (dev 0.1s, primary cx4-60.120)
[14:06:37]   flexing: (4*d16,cx4-60.120@1)A, (4*p2,cx8-120.150@1,4*p2,cx4-60.120@0,4*p2,cx4-60.120@0)F, (4*d16,cx4-60.120@1)A, (4*d16,cx4-60.120@1)F, (4*p2,cx4-60.120@0,4*p2,cx4-60.120@0,4*p2,cx4-60.120@0,4*p2,cx4-60.120@0)R2, (4*d16,cx4-60.120@1)A, (4*d16,cx4-60.120@1)F, (4*d16,cx4-60.120@1)A, (4*d16,cx8-120.150@0)A, (4*d16,cx8-120.150@0)F, (4*p2,cx8-120.150@1,4*p2,cx8-120.150@1)F, (4*d16,cx8-120.150@0)A, (4*d16,cx8-120.150@0)A, (4*d16,cx8-120.150@0)F, (4*p2,cx8-120.150@1,4*p2,cx8-120.150@1)R2, (4*d16,cx8-120.150@0)A  (dev 0.0s, primary cx4-60.120)
[14:06:37]   flexing: (4*d16,cx4-60.120@1)A, (4*p2,cx8-120.150@1,4*p2,cx4-60.120@0,4*p2,cx4-60.120@0)F, (4*d16,cx4-60.120@1)A, (4*d16,cx4-60.120@1)F, (4*p2,cx4-60.120@0,4*p2,cx4-60.120@0,4*p2,cx4-60.120@0,4*p2,cx4-60.120@0)R2, (4*d16,cx4-60.120@1)A, (4*d16,cx4-60.120@1)F, (4*d16,cx4-60.120@1)A, (4*d16,cx8-120.150@0)A, (4*d16,cx8-120.150@0)F, (4*p2,cx8-120.150@1,4*p2,cx8-120.150@1)F, (4*d16,cx8-120.150@0)A, (4*d16,cx8-120.150@0)A, (4*d16,cx8-120.150@0)F, (4*p2,cx8-120.150@1,4*p2,cx8-120.150@1)F, (4*d16,cx8-120.150@0)A, (4*d16,cx8-120.150@0)A, (4*d16,cx8-120.150@0)A  (dev 0.1s, primary cx4-60.120)
[14:06:37]   flexing: (4*d16,cx4-60.120@1)A, (4*p2,cx8-120.150@1,4*p2,cx4-60.120@0,4*p2,cx4-60.120@0)F, (4*d16,cx4-60.120@1)A, (4*d16,cx4-60.120@1)F, (4*p2,cx4-60.120@0,4*p2,cx4-60.120@0,4*p2,cx4-60.120@0,4*p2,cx4-60.120@0)R2, (4*d16,cx4-60.120@1)A, (4*d16,cx4-60.120@1)F, (4*d16,cx4-60.120@1)A, (4*d16,cx8-120.150@0)A, (4*d16,cx8-120.150@0)F, (4*p2,cx8-120.150@1,4*p2,cx4-60.120@0,4*p2,cx4-60.120@0)F, (4*d16,cx4-60.120@1)A, (4*d16,cx8-120.150@0)A, (4*d16,cx4-60.120@1)A, (4*d16,cx4-60.120@1)F, (4*p2,cx4-60.120@0,4*p2,cx4-60.120@0,4*p2,cx4-60.120@0,4*p2,cx4-60.120@0)Ab, (4*d16,cx4-60.120@1)A, (4*d16,cx4-60.120@1)F, (4*d16,cx4-60.120@1)A  (dev 0.1s, primary cx4-60.120)
[14:06:37]   flexing: (4*d16,cx4-60.120@1)A, (4*p2,cx8-120.150@1,4*p2,cx4-60.120@0,4*p2,cx4-60.120@0)F, (4*d16,cx4-60.120@1)A, (4*d16,cx4-60.120@1)F, (4*p2,cx4-60.120@0,4*p2,cx4-60.120@0,4*p2,cx4-60.120@0,4*p2,cx4-60.120@0)R2, (4*d16,cx4-60.120@1)A, (4*d16,cx4-60.120@1)F, (4*d16,cx4-60.120@1)A, (4*d16,cx8-120.150@0)A, (4*d16,cx8-120.150@0)F, (4*p2,cx8-120.150@1,4*p2,cx4-60.120@0,4*p2,cx4-60.120@0)F, (4*d16,cx4-60.120@1)A, (4*d16,cx8-120.150@0)A, (4*d16,cx4-60.120@1)A, (4*d16,cx4-60.120@1)F, (4*p2,cx4-60.120@0,4*p2,cx4-60.120@0,4*p2,cx4-60.120@0,4*p2,cx4-60.120@0)F, (4*d16,cx4-60.120@1)A, (4*d16,cx4-60.120@1)F, (4*d16,cx4-60.120@1)A, (4*d16,cx4-60.120@1)A, (4*d16,cx4-60.120@1)A, (4*d16,cx4-60.120@1)A, (4*d16,cx4-60.120@1)A  (dev 0.1s, primary cx4-60.120)
[14:06:37]   flexing: (4*d16,cx4-60.120@1)A, (4*p2,cx8-120.150@1,4*p2,cx4-60.120@0,4*p2,cx4-60.120@0)F, (4*d16,cx4-60.120@1)A, (4*d16,cx4-60.120@1)F, (4*p2,cx4-60.120@0,4*p2,cx4-60.120@0,4*p2,cx4-60.120@0,4*p2,cx4-60.120@0)R2, (4*d16,cx4-60.120@1)A, (4*d16,cx4-60.120@1)F, (4*d16,cx4-60.120@1)A, (4*d16,cx8-120.150@0)A, (4*d16,cx8-120.150@0)F, (4*p2,cx8-120.150@1,4*p2,cx4-60.120@0,4*p2,cx4-60.120@0)F, (4*d16,cx4-60.120@1)A, (4*d16,cx8-120.150@0)A, (4*d16,cx4-60.120@1)A, (4*d16,cx4-60.120@1)F, (4*p2,cx4-60.120@0,4*p2,cx4-60.120@0,4*p2,cx4-60.120@0,4*p2,cx4-60.120@0)F, (4*d16,cx4-60.120@1)A, (4*d16,cx4-60.120@1)F, (4*d16,cx4-60.120@1)A, (4*d16,cx4-60.120@1)A, (4*d16,cx4-60.120@1)A, (4*d16,cx4-60.120@1)F  (dev 0.1s, primary cx4-60.120)
[14:06:37]   flexing: (4*d16,cx4-60.120@1)A, (4*p2,cx8-120.150@1,4*p2,cx4-60.120@0,4*p2,cx4-60.120@0)F, (4*d16,cx4-60.120@1)A, (4*d16,cx4-60.120@1)F, (4*p2,cx4-60.120@0,4*p2,cx4-60.120@0,4*p2,cx4-60.120@0,4*p2,cx4-60.120@0)Aa, (4*d16,cx4-60.120@1)A, (4*d16,cx4-60.120@1)F, (4*d16,cx4-60.120@1)A, (4*d16,cx8-120.150@0)F, (4*p2,cx8-120.150@1,4*p2,cx8-120.150@1)S2, (4*d16,cx8-120.150@0)F, (4*p2,cx8-120.150@1,4*p2,cx8-120.150@1)Ab, (4*d16,cx8-120.150@0)A  (dev 0.1s, primary cx4-60.120)
[14:06:37]   flexing: (4*d16,cx4-60.120@1)A, (4*p2,cx8-120.150@1,4*p2,cx4-60.120@0,4*p2,cx4-60.120@0)F, (4*d16,cx4-60.120@1)A, (4*d16,cx4-60.120@1)F, (4*p2,cx4-60.120@0,4*p2,cx4-60.120@0,4*p2,cx4-60.120@0,4*p2,cx4-60.120@0)Ab, (4*d16,cx4-60.120@1)A, (4*d16,cx4-60.120@1)F, (4*d16,cx4-60.120@1)A, (4*d16,cx8-120.150@0)A, (4*d16,cx8-120.150@0)F, (4*p2,cx8-120.150@1,4*p2,cx8-120.150@1)F, (4*d16,cx8-120.150@0)A, (4*d16,cx8-120.150@0)A, (4*d16,cx8-120.150@0)F, (4*p2,cx8-120.150@1,4*p2,cx8-120.150@1)R2, (4*d16,cx8-120.150@0)A  (dev 0.0s, primary cx4-60.120)
[14:06:37]   flexing: (4*d16,cx4-60.120@1)A, (4*p2,cx8-120.150@1,4*p2,cx4-60.120@0,4*p2,cx4-60.120@0)F, (4*d16,cx4-60.120@1)A, (4*d16,cx4-60.120@1)F, (4*p2,cx4-60.120@0,4*p2,cx4-60.120@0,4*p2,cx4-60.120@0,4*p2,cx4-60.120@0)Ab, (4*d16,cx4-60.120@1)A, (4*d16,cx4-60.120@1)F, (4*d16,cx4-60.120@1)A, (4*d16,cx8-120.150@0)A, (4*d16,cx8-120.150@0)F, (4*p2,cx8-120.150@1,4*p2,cx8-120.150@1)F, (4*d16,cx8-120.150@0)A, (4*d16,cx8-120.150@0)A, (4*d16,cx8-120.150@0)F, (4*p2,cx8-120.150@1,4*p2,cx8-120.150@1)F, (4*d16,cx8-120.150@0)A, (4*d16,cx8-120.150@0)A, (4*d16,cx8-120.150@0)A  (dev 0.1s, primary cx4-60.120)
[14:06:37]   flexing: (4*d16,cx4-60.120@1)A, (4*p2,cx8-120.150@1,4*p2,cx4-60.120@0,4*p2,cx4-60.120@0)F, (4*d16,cx4-60.120@1)A, (4*d16,cx4-60.120@1)F, (4*p2,cx4-60.120@0,4*p2,cx4-60.120@0,4*p2,cx4-60.120@0,4*p2,cx4-60.120@0)Ab, (4*d16,cx4-60.120@1)A, (4*d16,cx4-60.120@1)F, (4*d16,cx4-60.120@1)A, (4*d16,cx8-120.150@0)A, (4*d16,cx8-120.150@0)F, (4*p2,cx8-120.150@1,4*p2,cx4-60.120@0,4*p2,cx4-60.120@0)F, (4*d16,cx4-60.120@1)A, (4*d16,cx8-120.150@0)A, (4*d16,cx4-60.120@1)A, (4*d16,cx4-60.120@1)F, (4*p2,cx4-60.120@0,4*p2,cx4-60.120@0,4*p2,cx4-60.120@0,4*p2,cx4-60.120@0)F, (4*d16,cx4-60.120@1)A, (4*d16,cx4-60.120@1)F, (4*d16,cx4-60.120@1)A, (4*d16,cx4-60.120@1)A, (4*d16,cx4-60.120@1)A, (4*d16,cx4-60.120@1)A, (4*d16,cx4-60.120@1)A  (dev 0.1s, primary cx4-60.120)
[14:06:37]   flexing: (4*d16,cx4-60.120@1)A, (4*p2,cx8-120.150@1,4*p2,cx4-60.120@0,4*p2,cx4-60.120@0)F, (4*d16,cx4-60.120@1)A, (4*d16,cx4-60.120@1)F, (4*p2,cx4-60.120@0,4*p2,cx4-60.120@0,4*p2,cx4-60.120@0,4*p2,cx4-60.120@0)Ab, (4*d16,cx4-60.120@1)A, (4*d16,cx4-60.120@1)F, (4*d16,cx4-60.120@1)A, (4*d16,cx8-120.150@0)A, (4*d16,cx8-120.150@0)F, (4*p2,cx8-120.150@1,4*p2,cx4-60.120@0,4*p2,cx4-60.120@0)F, (4*d16,cx4-60.120@1)A, (4*d16,cx8-120.150@0)A, (4*d16,cx4-60.120@1)A, (4*d16,cx4-60.120@1)F, (4*p2,cx4-60.120@0,4*p2,cx4-60.120@0,4*p2,cx4-60.120@0,4*p2,cx4-60.120@0)F, (4*d16,cx4-60.120@1)A, (4*d16,cx4-60.120@1)F, (4*d16,cx4-60.120@1)A, (4*d16,cx4-60.120@1)A, (4*d16,cx4-60.120@1)A, (4*d16,cx4-60.120@1)F  (dev 0.1s, primary cx4-60.120)
[14:06:37]   flexing: (4*d16,cx4-60.120@1)A, (4*p2,cx8-120.150@1,4*p2,cx4-60.120@0,4*p2,cx4-60.120@0)F, (4*d16,cx4-60.120@1)A, (4*d16,cx4-60.120@1)F, (4*p2,cx4-60.120@0,4*p2,cx4-60.120@0,4*p2,cx4-60.120@0,4*p2,cx4-60.120@0)Ab, (4*d16,cx4-60.120@1)A, (4*d16,cx4-60.120@1)F, (4*d16,cx4-60.120@1)F, (4*p2,cx4-60.120@0,4*p2,cx4-60.120@0,cx8-120.150@0,cx4-60.120@0)A, (4*d16,cx4-60.120@1)F, (4*p2,cx8-120.150@1,cx4-60.120@1,cx4-60.120@0)F, (4*d16,cx8-120.150@0)F, (4*d16,cx8-120.150@0)A  (dev 0.0s, primary cx4-60.120)
[14:06:38]   flexing: (4*d16,cx4-60.120@1)A, (4*p2,cx8-120.150@1,4*p2,cx4-60.120@0,4*p2,cx4-60.120@0)F, (4*d16,cx4-60.120@1)A, (4*d16,cx4-60.120@1)F, (4*p2,cx4-60.120@0,4*p2,cx4-60.120@0,4*p2,cx4-60.120@0,4*p2,cx4-60.120@0)F, (4*d16,cx4-60.120@1)A, (4*d16,cx4-60.120@1)F, (4*d16,cx4-60.120@1)A, (4*d16,cx4-60.120@1)A, (4*d16,cx4-60.120@1)A, (4*d16,cx4-60.120@1)A, (4*d16,cx4-60.120@1)A, (4*d16,cx8-120.150@0)A, (4*d16,cx8-120.150@0)F, (4*p2,cx8-120.150@1,4*p2,cx8-120.150@1)F, (4*d16,cx8-120.150@0)A, (4*d16,cx8-120.150@0)A, (4*d16,cx8-120.150@0)F, (4*p2,cx8-120.150@1,4*p2,cx8-120.150@1)R2, (4*d16,cx8-120.150@0)A  (dev 0.1s, primary cx4-60.120)
[14:06:38]   flexing: (4*d16,cx4-60.120@1)A, (4*p2,cx8-120.150@1,4*p2,cx4-60.120@0,4*p2,cx4-60.120@0)F, (4*d16,cx4-60.120@1)A, (4*d16,cx4-60.120@1)F, (4*p2,cx4-60.120@0,4*p2,cx4-60.120@0,4*p2,cx4-60.120@0,4*p2,cx4-60.120@0)F, (4*d16,cx4-60.120@1)A, (4*d16,cx4-60.120@1)F, (4*d16,cx4-60.120@1)A, (4*d16,cx4-60.120@1)A, (4*d16,cx4-60.120@1)A, (4*d16,cx4-60.120@1)A, (4*d16,cx4-60.120@1)A, (4*d16,cx8-120.150@0)A, (4*d16,cx8-120.150@0)F, (4*p2,cx8-120.150@1,4*p2,cx8-120.150@1)F, (4*d16,cx8-120.150@0)A, (4*d16,cx8-120.150@0)A, (4*d16,cx8-120.150@0)F, (4*p2,cx8-120.150@1,4*p2,cx8-120.150@1)F, (4*d16,cx8-120.150@0)A, (4*d16,cx8-120.150@0)A, (4*d16,cx8-120.150@0)A  (dev 0.1s, primary cx4-60.120)
[14:06:38]   flexing: (4*d16,cx4-60.120@1)A, (4*p2,cx8-120.150@1,4*p2,cx4-60.120@0,4*p2,cx4-60.120@0)F, (4*d16,cx4-60.120@1)A, (4*d16,cx4-60.120@1)F, (4*p2,cx4-60.120@0,4*p2,cx4-60.120@0,4*p2,cx4-60.120@0,4*p2,cx4-60.120@0)F, (4*d16,cx4-60.120@1)A, (4*d16,cx4-60.120@1)F, (4*d16,cx4-60.120@1)A, (4*d16,cx4-60.120@1)A, (4*d16,cx4-60.120@1)A, (4*d16,cx4-60.120@1)A, (4*d16,cx4-60.120@1)A, (4*d16,cx8-120.150@0)A, (4*d16,cx8-120.150@0)F, (4*p2,cx8-120.150@1,4*p2,cx4-60.120@0,4*p2,cx4-60.120@0)F, (4*d16,cx4-60.120@1)A, (4*d16,cx8-120.150@0)A, (4*d16,cx4-60.120@1)A, (4*d16,cx4-60.120@1)F, (4*p2,cx4-60.120@0,4*p2,cx4-60.120@0,4*p2,cx4-60.120@0,4*p2,cx4-60.120@0)F, (4*d16,cx4-60.120@1)A, (4*d16,cx4-60.120@1)F, (4*d16,cx4-60.120@1)A, (4*d16,cx4-60.120@1)A, (4*d16,cx4-60.120@1)A, (4*d16,cx4-60.120@1)F  (dev 0.1s, primary cx4-60.120)
[14:06:38]   flexing: (4*d16,cx4-60.120@1)A, (4*p2,cx8-120.150@1,4*p2,cx4-60.120@0,4*p2,cx4-60.120@0)F, (4*d16,cx4-60.120@1)A, (4*d16,cx4-60.120@1)F, (4*p2,cx4-60.120@0,4*p2,cx4-60.120@0,4*p2,cx4-60.120@0,4*p2,cx4-60.120@0)F, (4*d16,cx4-60.120@1)A, (4*d16,cx4-60.120@1)F, (4*d16,cx4-60.120@1)A, (4*d16,cx4-60.120@1)A, (4*d16,cx4-60.120@1)A, (4*d16,cx4-60.120@1)F, (4*p2,cx8-120.150@1,4*p2,cx4-60.120@0,4*p2,cx4-60.120@0)F, (4*d16,cx4-60.120@1)A, (4*d16,cx4-60.120@1)F, (4*d16,cx4-60.120@1)A, (4*d16,cx8-120.150@0)F, (4*p2,cx8-120.150@1,4*p2,cx8-120.150@1)F, (4*d16,cx8-120.150@0)F, (4*d16,cx8-120.150@0)A, (4*d16,cx8-120.150@0)A, (4*d16,cx8-120.150@0)F  (dev 0.1s, primary cx4-60.120)
[14:06:38]   flexing: (4*d16,cx4-60.120@1)A, (4*p2,cx8-120.150@1,4*p2,cx4-60.120@0,4*p2,cx4-60.120@0)F, (4*d16,cx4-60.120@1)A, (4*d16,cx4-60.120@1)F, (4*p2,cx4-60.120@0,4*p2,cx4-60.120@0,4*p2,cx4-60.120@0,4*p2,cx4-60.120@0)F, (4*d16,cx4-60.120@1)A, (4*d16,cx4-60.120@1)F, (4*d16,cx4-60.120@1)A, (4*d16,cx4-60.120@1)A, (4*d16,cx4-60.120@1)A, (4*d16,cx4-60.120@1)F, (4*p2,cx4-60.120@0,4*p2,cx4-60.120@0,4*p2,cx4-60.120@0,4*p2,cx4-60.120@0)F, (4*d16,cx4-60.120@1)A, (4*d16,cx4-60.120@1)F, (4*d16,cx4-60.120@1)A, (4*d16,cx4-60.120@1)F, (4*p2,cx8-120.150@1,4*p2,cx4-60.120@0,4*p2,cx4-60.120@0)F, (4*d16,cx8-120.150@0)F, (4*d16,cx4-60.120@1)F, (4*d16,cx4-60.120@1)F, (4*d16,cx8-120.150@0)A, (4*d16,cx8-120.150@0)A, (4*d16,cx4-60.120@1)F  (dev 0.2s, primary cx4-60.120)
[14:06:38]   flexing: (4*d16,cx4-60.120@1)A, (4*p2,cx8-120.150@1,4*p2,cx4-60.120@0,4*p2,cx4-60.120@0)F, (4*d16,cx4-60.120@1)A, (4*d16,cx4-60.120@1)F, (4*p2,cx4-60.120@0,4*p2,cx4-60.120@0,4*p2,cx4-60.120@0,4*p2,cx4-60.120@0)F, (4*d16,cx4-60.120@1)A, (4*d16,cx4-60.120@1)F, (4*d16,cx4-60.120@1)A, (4*d16,cx4-60.120@1)F, (4*d16,cx4-60.120@1)A, (4*d16,cx4-60.120@1)A, (4*d16,cx8-120.150@0)A, (4*d16,cx8-120.150@0)F, (4*p2,cx8-120.150@1,4*p2,cx8-120.150@1)F, (4*d16,cx8-120.150@0)A, (4*d16,cx8-120.150@0)A, (4*d16,cx8-120.150@0)F, (4*p2,cx8-120.150@1,4*p2,cx8-120.150@1)R2, (4*d16,cx8-120.150@0)A  (dev 0.1s, primary cx4-60.120)
[14:06:38]   flexing: (4*d16,cx4-60.120@1)A, (4*p2,cx8-120.150@1,4*p2,cx4-60.120@0,4*p2,cx4-60.120@0)F, (4*d16,cx4-60.120@1)A, (4*d16,cx4-60.120@1)F, (4*p2,cx4-60.120@0,4*p2,cx4-60.120@0,4*p2,cx4-60.120@0,4*p2,cx4-60.120@0)F, (4*d16,cx4-60.120@1)A, (4*d16,cx4-60.120@1)F, (4*d16,cx4-60.120@1)A, (4*d16,cx4-60.120@1)F, (4*d16,cx4-60.120@1)A, (4*d16,cx4-60.120@1)A, (4*d16,cx8-120.150@0)A, (4*d16,cx8-120.150@0)F, (4*p2,cx8-120.150@1,4*p2,cx8-120.150@1)F, (4*d16,cx8-120.150@0)A, (4*d16,cx8-120.150@0)A, (4*d16,cx8-120.150@0)F, (4*p2,cx8-120.150@1,4*p2,cx8-120.150@1)F, (4*d16,cx8-120.150@0)A, (4*d16,cx8-120.150@0)A, (4*d16,cx8-120.150@0)A  (dev 0.1s, primary cx4-60.120)
[14:06:38]   flexing: (4*d16,cx4-60.120@1)A, (4*p2,cx8-120.150@1,4*p2,cx4-60.120@0,4*p2,cx4-60.120@0)F, (4*d16,cx4-60.120@1)A, (4*d16,cx4-60.120@1)F, (4*p2,cx4-60.120@0,4*p2,cx4-60.120@0,4*p2,cx4-60.120@0,4*p2,cx4-60.120@0)F, (4*d16,cx4-60.120@1)A, (4*d16,cx4-60.120@1)F, (4*d16,cx4-60.120@1)A, (4*d16,cx4-60.120@1)F, (4*p2,cx8-120.150@1,4*p2,cx4-60.120@0,4*p2,cx4-60.120@0)F, (4*d16,cx8-120.150@0)A, (4*d16,cx4-60.120@1)F, (4*d16,cx4-60.120@1)A, (4*d16,cx4-60.120@1)A, (4*d16,cx4-60.120@1)A, (4*d16,cx8-120.150@0)A, (4*d16,cx4-60.120@1)A, (4*d16,cx8-120.150@0)A, (4*d16,cx8-120.150@0)F, (4*p2,cx8-120.150@1,4*p2,cx8-120.150@1)R2, (4*d16,cx8-120.150@0)A  (dev 0.1s, primary cx4-60.120)
[14:06:38]   flexing: (4*d16,cx4-60.120@1)A, (4*p2,cx8-120.150@1,4*p2,cx4-60.120@0,4*p2,cx4-60.120@0)F, (4*d16,cx4-60.120@1)A, (4*d16,cx4-60.120@1)F, (4*p2,cx4-60.120@0,4*p2,cx4-60.120@0,4*p2,cx4-60.120@0,4*p2,cx4-60.120@0)F, (4*d16,cx4-60.120@1)A, (4*d16,cx4-60.120@1)F, (4*d16,cx4-60.120@1)A, (4*d16,cx4-60.120@1)F, (4*p2,cx8-120.150@1,4*p2,cx4-60.120@0,4*p2,cx4-60.120@0)F, (4*d16,cx8-120.150@0)A, (4*d16,cx4-60.120@1)F, (4*d16,cx4-60.120@1)A, (4*d16,cx4-60.120@1)A, (4*d16,cx4-60.120@1)A, (4*d16,cx8-120.150@0)A, (4*d16,cx4-60.120@1)A, (4*d16,cx8-120.150@0)A, (4*d16,cx8-120.150@0)F, (4*p2,cx8-120.150@1,4*p2,cx8-120.150@1)F, (4*d16,cx8-120.150@0)A, (4*d16,cx8-120.150@0)A, (4*d16,cx8-120.150@0)A  (dev 0.1s, primary cx4-60.120)
[14:06:38]   flexing: (4*d16,cx4-60.120@1)A, (4*p2,cx8-120.150@1,4*p2,cx4-60.120@0,4*p2,cx4-60.120@0)F, (4*d16,cx4-60.120@1)A, (4*d16,cx4-60.120@1)F, (4*p2,cx4-60.120@0,4*p2,cx4-60.120@0,4*p2,cx4-60.120@0,4*p2,cx4-60.120@0)F, (4*d16,cx4-60.120@1)A, (4*d16,cx4-60.120@1)F, (4*d16,cx4-60.120@1)A, (4*d16,cx4-60.120@1)F, (4*p2,cx8-120.150@1,4*p2,cx4-60.120@0,4*p2,cx4-60.120@0)F, (4*d16,cx8-120.150@0)A, (4*d16,cx4-60.120@1)F, (4*d16,cx4-60.120@1)F, (4*d16,cx4-60.120@1)F, (4*d16,cx8-120.150@0)F, (4*p2,cx8-120.150@1,4*p2,cx8-120.150@1)F, (4*d16,cx8-120.150@0)F, (4*d16,cx8-120.150@0)A, (4*d16,cx8-120.150@0)A, (4*d16,cx8-120.150@0)A  (dev 0.1s, primary cx4-60.120)
[14:06:39]   flexing: (4*d16,cx4-60.120@1)A, (4*p2,cx8-120.150@1,4*p2,cx4-60.120@0,4*p2,cx4-60.120@0)F, (4*d16,cx4-60.120@1)A, (4*d16,cx4-60.120@1)F, (4*p2,cx4-60.120@0,4*p2,cx4-60.120@0,4*p2,cx4-60.120@0,4*p2,cx4-60.120@0)F, (4*d16,cx4-60.120@1)A, (4*d16,cx4-60.120@1)F, (4*d16,cx4-60.120@1)A, (4*d16,cx4-60.120@1)F, (4*p2,cx8-120.150@1,4*p2,cx4-60.120@0,4*p2,cx4-60.120@0)F, (4*d16,cx8-120.150@0)A, (4*d16,cx4-60.120@1)F, (4*d16,cx4-60.120@1)F, (4*d16,cx4-60.120@1)F, (4*d16,cx8-120.150@0)F, (4*p2,cx8-120.150@1,4*p2,cx8-120.150@1)F, (4*d16,cx8-120.150@0)F, (4*d16,cx8-120.150@0)A, (4*d16,cx8-120.150@0)F  (dev 0.1s, primary cx4-60.120)
[14:06:39]   flexing: (4*d16,cx4-60.120@1)A, (4*p2,cx8-120.150@1,4*p2,cx4-60.120@0,4*p2,cx4-60.120@0)F, (4*d16,cx4-60.120@1)A, (4*d16,cx4-60.120@1)F, (4*p2,cx4-60.120@0,4*p2,cx4-60.120@0,4*p2,cx4-60.120@0,4*p2,cx4-60.120@0)F, (4*d16,cx4-60.120@1)A, (4*d16,cx4-60.120@1)F, (4*d16,cx4-60.120@1)A, (4*d16,cx4-60.120@1)F, (4*p2,cx8-120.150@1,4*p2,cx4-60.120@0,4*p2,cx4-60.120@0)F, (4*d16,cx8-120.150@0)A, (4*d16,cx4-60.120@1)F, (4*d16,cx4-60.120@1)F, (4*p2,cx8-120.150@1,4*p2,cx4-60.120@0,4*p2,cx4-60.120@0)F, (4*d16,cx4-60.120@1)F, (4*d16,cx4-60.120@1)F, (4*d16,cx8-120.150@0)F, (4*d16,cx8-120.150@0)A, (4*d16,cx4-60.120@1)F, (4*d16,cx8-120.150@0)F  (dev 0.5s, primary cx4-60.120)
[14:06:40]   flexing: (4*d16,cx4-60.120@1)A, (4*p2,cx8-120.150@1,4*p2,cx4-60.120@0,4*p2,cx4-60.120@0)F, (4*d16,cx4-60.120@1)A, (4*d16,cx4-60.120@1)F, (4*p2,cx4-60.120@0,4*p2,cx4-60.120@0,4*p2,cx4-60.120@0,4*p2,cx4-60.120@0)F, (4*d16,cx4-60.120@1)A, (4*d16,cx4-60.120@1)F, (4*d16,cx4-60.120@1)A, (4*d16,cx4-60.120@1)F, (4*p2,cx8-120.150@1,4*p2,cx4-60.120@0,4*p2,cx4-60.120@0)F, (4*d16,cx8-120.150@0)A, (4*d16,cx4-60.120@1)F, (4*d16,cx4-60.120@1)F, (4*p2,cx4-60.120@0,4*p2,cx4-60.120@0,4*p2,cx4-60.120@0,4*p2,cx4-60.120@0)F, (4*d16,cx4-60.120@1)F, (4*d16,cx4-60.120@1)F, (4*d16,cx8-120.150@0)F, (4*d16,cx8-120.150@0)A, (4*d16,cx4-60.120@1)F, (4*d16,cx4-60.120@1)F, (4*d16,cx4-60.120@1)F  (dev 0.6s, primary cx4-60.120)
[14:06:40]   flexing: (4*d16,cx4-60.120@1)A, (4*p2,cx8-120.150@1,4*p2,cx4-60.120@0,4*p2,cx4-60.120@0)F, (4*d16,cx4-60.120@1)A, (4*d16,cx4-60.120@1)F, (4*p2,cx4-60.120@0,4*p2,cx4-60.120@0,4*p2,cx4-60.120@0,4*p2,cx4-60.120@0)F, (4*d16,cx4-60.120@1)A, (4*d16,cx4-60.120@1)F, (4*d16,cx4-60.120@1)A, (4*d16,cx4-60.120@1)F, (4*p2,cx8-120.150@1,4*p2,cx4-60.120@0,4*p2,cx4-60.120@0)F, (4*d16,cx4-60.120@1)A, (4*d16,cx4-60.120@1)F, (4*d16,cx4-60.120@1)A, (4*d16,cx4-60.120@1)A, (4*d16,cx8-120.150@0)A, (4*d16,cx4-60.120@1)A, (4*d16,cx8-120.150@0)A, (4*d16,cx8-120.150@0)A, (4*d16,cx8-120.150@0)F, (4*p2,cx8-120.150@1,4*p2,cx8-120.150@1)R2, (4*d16,cx8-120.150@0)A  (dev 0.1s, primary cx4-60.120)
[14:06:40]   flexing: (4*d16,cx4-60.120@1)A, (4*p2,cx8-120.150@1,4*p2,cx4-60.120@0,4*p2,cx4-60.120@0)F, (4*d16,cx4-60.120@1)A, (4*d16,cx4-60.120@1)F, (4*p2,cx4-60.120@0,4*p2,cx4-60.120@0,4*p2,cx4-60.120@0,4*p2,cx4-60.120@0)F, (4*d16,cx4-60.120@1)A, (4*d16,cx4-60.120@1)F, (4*d16,cx4-60.120@1)A, (4*d16,cx4-60.120@1)F, (4*p2,cx8-120.150@1,4*p2,cx4-60.120@0,4*p2,cx4-60.120@0)F, (4*d16,cx4-60.120@1)A, (4*d16,cx4-60.120@1)F, (4*d16,cx4-60.120@1)A, (4*d16,cx4-60.120@1)A, (4*d16,cx8-120.150@0)A, (4*d16,cx4-60.120@1)A, (4*d16,cx8-120.150@0)A, (4*d16,cx8-120.150@0)A, (4*d16,cx8-120.150@0)F, (4*p2,cx8-120.150@1,4*p2,cx8-120.150@1)F, (4*d16,cx8-120.150@0)A, (4*d16,cx8-120.150@0)A, (4*d16,cx8-120.150@0)A  (dev 0.1s, primary cx4-60.120)
[14:06:40]   flexing: (4*d16,cx4-60.120@1)A, (4*p2,cx8-120.150@1,4*p2,cx4-60.120@0,4*p2,cx4-60.120@0)F, (4*d16,cx4-60.120@1)A, (4*d16,cx4-60.120@1)F, (4*p2,cx4-60.120@0,4*p2,cx4-60.120@0,4*p2,cx4-60.120@0,4*p2,cx4-60.120@0)F, (4*d16,cx4-60.120@1)A, (4*d16,cx4-60.120@1)F, (4*d16,cx4-60.120@1)A, (4*d16,cx4-60.120@1)F, (4*p2,cx4-60.120@0,4*p2,cx4-60.120@0,4*p2,cx4-60.120@0,4*p2,cx4-60.120@0)R2, (4*d16,cx4-60.120@1)A, (4*d16,cx4-60.120@1)F, (4*d16,cx4-60.120@1)A, (4*d16,cx4-60.120@1)A, (4*d16,cx4-60.120@1)A, (4*d16,cx8-120.150@0)A, (4*d16,cx8-120.150@0)F, (4*p2,cx8-120.150@1,4*p2,cx8-120.150@1)R2, (4*d16,cx8-120.150@0)A  (dev 0.1s, primary cx4-60.120)
[14:06:40]   flexing: (4*d16,cx4-60.120@1)A, (4*p2,cx8-120.150@1,4*p2,cx4-60.120@0,4*p2,cx4-60.120@0)F, (4*d16,cx4-60.120@1)A, (4*d16,cx4-60.120@1)F, (4*p2,cx4-60.120@0,4*p2,cx4-60.120@0,4*p2,cx4-60.120@0,4*p2,cx4-60.120@0)F, (4*d16,cx4-60.120@1)A, (4*d16,cx4-60.120@1)F, (4*d16,cx4-60.120@1)A, (4*d16,cx4-60.120@1)F, (4*p2,cx4-60.120@0,4*p2,cx4-60.120@0,4*p2,cx4-60.120@0,4*p2,cx4-60.120@0)R2, (4*d16,cx4-60.120@1)A, (4*d16,cx4-60.120@1)F, (4*d16,cx4-60.120@1)A, (4*d16,cx4-60.120@1)A, (4*d16,cx4-60.120@1)A, (4*d16,cx8-120.150@0)A, (4*d16,cx8-120.150@0)F, (4*p2,cx8-120.150@1,4*p2,cx8-120.150@1)F, (4*d16,cx8-120.150@0)A, (4*d16,cx8-120.150@0)A, (4*d16,cx8-120.150@0)A  (dev 0.1s, primary cx4-60.120)
[14:06:40]   flexing: (4*d16,cx4-60.120@1)A, (4*p2,cx8-120.150@1,4*p2,cx4-60.120@0,4*p2,cx4-60.120@0)F, (4*d16,cx4-60.120@1)A, (4*d16,cx4-60.120@1)F, (4*p2,cx4-60.120@0,4*p2,cx4-60.120@0,4*p2,cx4-60.120@0,4*p2,cx4-60.120@0)F, (4*d16,cx4-60.120@1)A, (4*d16,cx4-60.120@1)F, (4*d16,cx4-60.120@1)A, (4*d16,cx4-60.120@1)F, (4*p2,cx4-60.120@0,4*p2,cx4-60.120@0,4*p2,cx4-60.120@0,4*p2,cx4-60.120@0)Ab, (4*d16,cx4-60.120@1)A, (4*d16,cx4-60.120@1)F, (4*d16,cx4-60.120@1)A, (4*d16,cx4-60.120@1)A, (4*d16,cx4-60.120@1)A, (4*d16,cx8-120.150@0)A, (4*d16,cx8-120.150@0)F, (4*p2,cx8-120.150@1,4*p2,cx8-120.150@1)R2, (4*d16,cx8-120.150@0)A  (dev 0.1s, primary cx4-60.120)
[14:06:40]   flexing: (4*d16,cx4-60.120@1)A, (4*p2,cx8-120.150@1,4*p2,cx4-60.120@0,4*p2,cx4-60.120@0)F, (4*d16,cx4-60.120@1)A, (4*d16,cx4-60.120@1)F, (4*p2,cx4-60.120@0,4*p2,cx4-60.120@0,4*p2,cx4-60.120@0,4*p2,cx4-60.120@0)F, (4*d16,cx4-60.120@1)A, (4*d16,cx4-60.120@1)F, (4*d16,cx4-60.120@1)A, (4*d16,cx4-60.120@1)F, (4*p2,cx4-60.120@0,4*p2,cx4-60.120@0,4*p2,cx4-60.120@0,4*p2,cx4-60.120@0)Ab, (4*d16,cx4-60.120@1)A, (4*d16,cx4-60.120@1)F, (4*d16,cx4-60.120@1)A, (4*d16,cx4-60.120@1)A, (4*d16,cx4-60.120@1)A, (4*d16,cx8-120.150@0)A, (4*d16,cx8-120.150@0)F, (4*p2,cx8-120.150@1,4*p2,cx8-120.150@1)F, (4*d16,cx8-120.150@0)A, (4*d16,cx8-120.150@0)A, (4*d16,cx8-120.150@0)A  (dev 0.1s, primary cx4-60.120)
[14:06:40]   flexing: (4*d16,cx4-60.120@1)A, (4*p2,cx8-120.150@1,4*p2,cx4-60.120@0,4*p2,cx4-60.120@0)F, (4*d16,cx4-60.120@1)A, (4*d16,cx4-60.120@1)F, (4*p2,cx4-60.120@0,4*p2,cx4-60.120@0,4*p2,cx4-60.120@0,4*p2,cx4-60.120@0)F, (4*d16,cx4-60.120@1)A, (4*d16,cx4-60.120@1)F, (4*d16,cx4-60.120@1)A, (4*d16,cx4-60.120@1)F, (4*p2,cx4-60.120@0,4*p2,cx4-60.120@0,4*p2,cx4-60.120@0,4*p2,cx4-60.120@0)F, (4*d16,cx4-60.120@1)A, (4*d16,cx4-60.120@1)F, (4*d16,cx4-60.120@1)A, (4*d16,cx4-60.120@1)A, (4*d16,cx4-60.120@1)A, (4*d16,cx4-60.120@1)A, (4*d16,cx8-120.150@0)A, (4*d16,cx4-60.120@1)A, (4*d16,cx4-60.120@1)A, (4*d16,cx4-60.120@1)A, (4*d16,cx8-120.150@0)F, (4*p2,cx8-120.150@1,4*p2,cx8-120.150@1)R2, (4*d16,cx8-120.150@0)A  (dev 0.1s, primary cx4-60.120)
[14:06:40]   flexing: (4*d16,cx4-60.120@1)A, (4*p2,cx8-120.150@1,4*p2,cx4-60.120@0,4*p2,cx4-60.120@0)F, (4*d16,cx4-60.120@1)A, (4*d16,cx4-60.120@1)F, (4*p2,cx4-60.120@0,4*p2,cx4-60.120@0,4*p2,cx4-60.120@0,4*p2,cx4-60.120@0)F, (4*d16,cx4-60.120@1)A, (4*d16,cx4-60.120@1)F, (4*d16,cx4-60.120@1)A, (4*d16,cx4-60.120@1)F, (4*p2,cx4-60.120@0,4*p2,cx4-60.120@0,4*p2,cx4-60.120@0,4*p2,cx4-60.120@0)F, (4*d16,cx4-60.120@1)A, (4*d16,cx4-60.120@1)F, (4*d16,cx4-60.120@1)A, (4*d16,cx4-60.120@1)A, (4*d16,cx4-60.120@1)A, (4*d16,cx4-60.120@1)A, (4*d16,cx8-120.150@0)A, (4*d16,cx4-60.120@1)A, (4*d16,cx4-60.120@1)A, (4*d16,cx4-60.120@1)A, (4*d16,cx8-120.150@0)F, (4*p2,cx8-120.150@1,4*p2,cx8-120.150@1)F, (4*d16,cx8-120.150@0)A, (4*d16,cx8-120.150@0)A, (4*d16,cx8-120.150@0)A  (dev 0.1s, primary cx4-60.120)
[14:06:40]   flexing: (4*d16,cx4-60.120@1)A, (4*p2,cx8-120.150@1,4*p2,cx4-60.120@0,4*p2,cx4-60.120@0)F, (4*d16,cx4-60.120@1)A, (4*d16,cx4-60.120@1)F, (4*p2,cx4-60.120@0,4*p2,cx4-60.120@0,4*p2,cx4-60.120@0,4*p2,cx4-60.120@0)F, (4*d16,cx4-60.120@1)A, (4*d16,cx4-60.120@1)F, (4*d16,cx4-60.120@1)A, (4*d16,cx4-60.120@1)F, (4*p2,cx4-60.120@0,4*p2,cx4-60.120@0,4*p2,cx4-60.120@0,4*p2,cx4-60.120@0)F, (4*d16,cx4-60.120@1)A, (4*d16,cx4-60.120@1)F, (4*d16,cx4-60.120@1)A, (4*d16,cx4-60.120@1)A, (4*d16,cx4-60.120@1)A, (4*d16,cx4-60.120@1)A, (4*d16,cx8-120.150@0)A, (4*d16,cx4-60.120@1)A, (4*d16,cx4-60.120@1)F, (4*d16,cx8-120.150@0)F, (4*p2,cx8-120.150@1,4*p2,cx8-120.150@1)R2, (4*d16,cx8-120.150@0)A  (dev 0.1s, primary cx4-60.120)
[14:06:41]   flexing: (4*d16,cx4-60.120@1)A, (4*p2,cx8-120.150@1,4*p2,cx4-60.120@0,4*p2,cx4-60.120@0)F, (4*d16,cx4-60.120@1)A, (4*d16,cx4-60.120@1)F, (4*p2,cx4-60.120@0,4*p2,cx4-60.120@0,4*p2,cx4-60.120@0,4*p2,cx4-60.120@0)F, (4*d16,cx4-60.120@1)A, (4*d16,cx4-60.120@1)F, (4*d16,cx4-60.120@1)A, (4*d16,cx4-60.120@1)F, (4*p2,cx4-60.120@0,4*p2,cx4-60.120@0,4*p2,cx4-60.120@0,4*p2,cx4-60.120@0)F, (4*d16,cx4-60.120@1)A, (4*d16,cx4-60.120@1)F, (4*d16,cx4-60.120@1)A, (4*d16,cx4-60.120@1)A, (4*d16,cx4-60.120@1)A, (4*d16,cx4-60.120@1)A, (4*d16,cx8-120.150@0)A, (4*d16,cx4-60.120@1)A, (4*d16,cx4-60.120@1)F, (4*d16,cx8-120.150@0)F, (4*p2,cx8-120.150@1,4*p2,cx8-120.150@1)F, (4*d16,cx8-120.150@0)A, (4*d16,cx8-120.150@0)A, (4*d16,cx8-120.150@0)A  (dev 0.1s, primary cx4-60.120)
[14:06:41]   flexing: (4*d16,cx4-60.120@1)A, (4*p2,cx8-120.150@1,4*p2,cx4-60.120@0,4*p2,cx4-60.120@0)F, (4*d16,cx4-60.120@1)A, (4*d16,cx4-60.120@1)F, (4*p2,cx4-60.120@0,4*p2,cx4-60.120@0,4*p2,cx4-60.120@0,4*p2,cx4-60.120@0)F, (4*d16,cx4-60.120@1)A, (4*d16,cx4-60.120@1)F, (4*d16,cx4-60.120@1)A, (4*d16,cx4-60.120@1)F, (4*p2,cx4-60.120@0,4*p2,cx4-60.120@0,4*p2,cx4-60.120@0,4*p2,cx4-60.120@0)F, (4*d16,cx4-60.120@1)A, (4*d16,cx4-60.120@1)F, (4*d16,cx4-60.120@1)A, (4*d16,cx4-60.120@1)A, (4*d16,cx4-60.120@1)A, (4*d16,cx4-60.120@1)A, (4*d16,cx8-120.150@0)A, (4*d16,cx4-60.120@1)A, (4*d16,cx4-60.120@1)F, (4*p2,cx4-60.120@0,4*p2,cx4-60.120@0,4*p2,cx4-60.120@0,4*p2,cx4-60.120@0)R2, (4*d16,cx4-60.120@1)A, (4*d16,cx4-60.120@1)F, (4*d16,cx4-60.120@1)A, (4*d16,cx8-120.150@0)A  (dev 0.1s, primary cx4-60.120)
[14:06:41]   flexing: (4*d16,cx4-60.120@1)A, (4*p2,cx8-120.150@1,4*p2,cx4-60.120@0,4*p2,cx4-60.120@0)F, (4*d16,cx4-60.120@1)A, (4*d16,cx4-60.120@1)F, (4*p2,cx4-60.120@0,4*p2,cx4-60.120@0,4*p2,cx4-60.120@0,4*p2,cx4-60.120@0)F, (4*d16,cx4-60.120@1)A, (4*d16,cx4-60.120@1)F, (4*d16,cx4-60.120@1)A, (4*d16,cx4-60.120@1)F, (4*p2,cx4-60.120@0,4*p2,cx4-60.120@0,4*p2,cx4-60.120@0,4*p2,cx4-60.120@0)F, (4*d16,cx4-60.120@1)A, (4*d16,cx4-60.120@1)F, (4*d16,cx4-60.120@1)A, (4*d16,cx4-60.120@1)A, (4*d16,cx4-60.120@1)A, (4*d16,cx4-60.120@1)A, (4*d16,cx8-120.150@0)A, (4*d16,cx4-60.120@1)A, (4*d16,cx4-60.120@1)F, (4*p2,cx4-60.120@0,4*p2,cx4-60.120@0,4*p2,cx4-60.120@0,4*p2,cx4-60.120@0)Ab, (4*d16,cx4-60.120@1)A, (4*d16,cx4-60.120@1)F, (4*d16,cx4-60.120@1)A, (4*d16,cx8-120.150@0)A  (dev 0.1s, primary cx4-60.120)
[14:06:41]   flexing: (4*d16,cx4-60.120@1)A, (4*p2,cx8-120.150@1,4*p2,cx4-60.120@0,4*p2,cx4-60.120@0)F, (4*d16,cx4-60.120@1)A, (4*d16,cx4-60.120@1)F, (4*p2,cx4-60.120@0,4*p2,cx4-60.120@0,4*p2,cx4-60.120@0,4*p2,cx4-60.120@0)F, (4*d16,cx4-60.120@1)A, (4*d16,cx4-60.120@1)F, (4*d16,cx4-60.120@1)A, (4*d16,cx4-60.120@1)F, (4*p2,cx4-60.120@0,4*p2,cx4-60.120@0,4*p2,cx4-60.120@0,4*p2,cx4-60.120@0)F, (4*d16,cx4-60.120@1)A, (4*d16,cx4-60.120@1)F, (4*d16,cx4-60.120@1)A, (4*d16,cx4-60.120@1)A, (4*d16,cx4-60.120@1)A, (4*d16,cx4-60.120@1)A, (4*d16,cx8-120.150@0)A, (4*d16,cx4-60.120@1)A, (4*d16,cx4-60.120@1)F, (4*p2,cx4-60.120@0,4*p2,cx4-60.120@0,4*p2,cx4-60.120@0,4*p2,cx4-60.120@0)F, (4*d16,cx4-60.120@1)A, (4*d16,cx4-60.120@1)F, (4*d16,cx4-60.120@1)A, (4*d16,cx4-60.120@1)A, (4*d16,cx4-60.120@1)A, (4*d16,cx4-60.120@1)A, (4*d16,cx4-60.120@1)A, (4*d16,cx8-120.150@0)A  (dev 0.2s, primary cx4-60.120)
[14:06:41]   flexing: (4*d16,cx4-60.120@1)A, (4*p2,cx8-120.150@1,4*p2,cx4-60.120@0,4*p2,cx4-60.120@0)F, (4*d16,cx4-60.120@1)A, (4*d16,cx4-60.120@1)F, (4*p2,cx4-60.120@0,4*p2,cx4-60.120@0,4*p2,cx4-60.120@0,4*p2,cx4-60.120@0)F, (4*d16,cx4-60.120@1)A, (4*d16,cx4-60.120@1)F, (4*d16,cx4-60.120@1)A, (4*d16,cx4-60.120@1)F, (4*p2,cx4-60.120@0,4*p2,cx4-60.120@0,4*p2,cx4-60.120@0,4*p2,cx4-60.120@0)F, (4*d16,cx4-60.120@1)A, (4*d16,cx4-60.120@1)F, (4*d16,cx4-60.120@1)A, (4*d16,cx4-60.120@1)A, (4*d16,cx4-60.120@1)A, (4*d16,cx4-60.120@1)A, (4*d16,cx8-120.150@0)A, (4*d16,cx4-60.120@1)A, (4*d16,cx4-60.120@1)F, (4*p2,cx4-60.120@0,4*p2,cx4-60.120@0,4*p2,cx4-60.120@0,4*p2,cx4-60.120@0)F, (4*d16,cx4-60.120@1)A, (4*d16,cx4-60.120@1)F, (4*d16,cx4-60.120@1)A, (4*d16,cx4-60.120@1)A, (4*d16,cx4-60.120@1)A, (4*d16,cx4-60.120@1)F, (4*d16,cx8-120.150@0)A  (dev 0.2s, primary cx4-60.120)
[14:06:41]   flexing: (4*d16,cx4-60.120@1)A, (4*p2,cx4-60.120@0,4*p2,cx4-60.120@0,4*p2,cx4-60.120@0,4*p2,cx4-60.120@0)Aa, (4*d16,cx4-60.120@1)A, (4*d16,cx4-60.120@1)F, (4*p2,cx8-120.150@1,4*p2,cx4-60.120@0,4*p2,cx4-60.120@0)F, (4*d16,cx8-120.150@0)A, (4*d16,cx4-60.120@1)F, (4*d16,cx4-60.120@1)F, (4*p2,cx4-60.120@0,4*p2,cx4-60.120@0,4*p2,cx4-60.120@0,4*p2,cx4-60.120@0)S2a, (4*d16,cx4-60.120@1)F, (4*d16,cx8-120.150@0)F, (4*p2,cx8-120.150@1,4*p2,cx8-120.150@1)Aa, (4*d16,cx8-120.150@0)A  (dev 0.1s, primary cx4-60.120)
[14:06:42]   flexing: (4*d16,cx4-60.120@1)A, (4*p2,cx4-60.120@0,4*p2,cx4-60.120@0,4*p2,cx4-60.120@0,4*p2,cx4-60.120@0)Aa, (4*d16,cx4-60.120@1)A, (4*d16,cx4-60.120@1)F, (4*p2,cx4-60.120@0,4*p2,cx4-60.120@0,4*p2,cx4-60.120@0,4*p2,cx4-60.120@0)F, (4*d16,cx4-60.120@1)A, (4*d16,cx4-60.120@1)F, (4*d16,cx4-60.120@1)A, (4*d16,cx4-60.120@1)F, (4*p2,cx4-60.120@0,4*p2,cx4-60.120@0,4*p2,cx4-60.120@0,4*p2,cx4-60.120@0)S2a, (4*d16,cx4-60.120@1)F, (4*d16,cx4-60.120@1)F, (4*p2,cx8-120.150@1,4*p2,cx4-60.120@0,4*p2,cx4-60.120@0)A, (4*d16,cx8-120.150@0)A, (4*d16,cx4-60.120@1)F  (dev 0.2s, primary cx4-60.120)
[14:06:42]   flexing: (4*d16,cx4-60.120@1)A, (4*p2,cx4-60.120@0,4*p2,cx4-60.120@0,4*p2,cx4-60.120@0,4*p2,cx4-60.120@0)Ab, (4*d16,cx4-60.120@1)F, (4*p2,cx8-120.150@1,4*p2,cx4-60.120@0,4*p2,cx4-60.120@0)F, (4*d16,cx8-120.150@0)A, (4*d16,cx4-60.120@1)F, (4*d16,cx4-60.120@1)F, (4*d16,4*p2,cx4-60.120@0,4*p2)A, (4*d16,cx4-60.120@1)F, (4*d16,4*p2,cx4-60.120@0,4*p2)F, (4*d16,cx4-60.120@1)F, (4*d16,cx8-120.150@0)A  (dev 0.0s, primary cx4-60.120)
[14:06:42]   flexing: (4*d16,cx4-60.120@1)A, (4*p2,cx4-60.120@0,4*p2,cx4-60.120@0,4*p2,cx4-60.120@0,4*p2,cx4-60.120@0)Ab, (4*d16,cx4-60.120@1)F, (4*p2,cx8-120.150@1,4*p2,cx4-60.120@0,4*p2,cx4-60.120@0)F, (4*d16,cx8-120.150@0)A, (4*d16,cx4-60.120@1)F, (4*d16,cx4-60.120@1)F, (4*p2,cx4-60.120@0,4*p2,cx4-60.120@0,4*p2,cx4-60.120@0,4*p2,cx4-60.120@0)Ab, (4*d16,cx4-60.120@1)F, (4*p2,cx4-60.120@0,4*p2,cx4-60.120@0,4*p2,cx4-60.120@0,4*p2,cx4-60.120@0)F, (4*d16,cx4-60.120@1)F, (4*d16,cx4-60.120@1)F, (4*d16,cx4-60.120@1)F, (4*d16,cx4-60.120@1)A, (4*d16,cx4-60.120@1)A, (4*d16,cx4-60.120@1)A, (4*d16,cx4-60.120@1)A, (4*d16,cx4-60.120@1)A, (4*d16,cx8-120.150@0)A  (dev 0.1s, primary cx4-60.120)
[14:06:42]   flexing: (4*d16,cx4-60.120@1)A, (4*p2,cx4-60.120@0,4*p2,cx4-60.120@0,4*p2,cx4-60.120@0,4*p2,cx4-60.120@0)F, (4*d16,cx4-60.120@1)A, (4*d16,cx4-60.120@1)A, (4*d16,cx4-60.120@1)A, (4*d16,cx4-60.120@1)F, (4*p2,cx8-120.150@1,4*p2,cx4-60.120@0,4*p2,cx4-60.120@0)F, (4*d16,cx8-120.150@0)A, (4*d16,cx4-60.120@1)F, (4*d16,cx4-60.120@1)F, (4*p2,cx8-120.150@1,4*p2,cx4-60.120@0,4*p2,cx4-60.120@0)F, (4*d16,cx4-60.120@1)F, (4*d16,cx8-120.150@0)A, (4*d16,cx4-60.120@1)F, (4*p2,cx8-120.150@1,4*p2,cx4-60.120@0,4*p2,cx4-60.120@0)F, (4*d16,cx4-60.120@1)F, (4*d16,cx4-60.120@1)F, (4*d16,cx4-60.120@1)F, (4*d16,cx8-120.150@0)A, (4*d16,cx8-120.150@0)A, (4*d16,cx8-120.150@0)F  (dev 0.1s, primary cx4-60.120)
[14:06:42]   flexing: (4*d16,cx4-60.120@1)A, (4*p2,cx4-60.120@0,4*p2,cx4-60.120@0,4*p2,cx4-60.120@0,4*p2,cx4-60.120@0)F, (4*d16,cx4-60.120@1)A, (4*d16,cx4-60.120@1)A, (4*d16,cx4-60.120@1)A, (4*d16,cx4-60.120@1)F, (4*p2,cx8-120.150@1,4*p2,cx4-60.120@0,4*p2,cx4-60.120@0)F, (4*d16,cx8-120.150@0)A, (4*d16,cx4-60.120@1)F, (4*d16,cx4-60.120@1)F, (4*p2,cx4-60.120@0,4*p2,cx4-60.120@0,4*p2,cx4-60.120@0,4*p2,cx4-60.120@0)F, (4*d16,cx4-60.120@1)F, (4*d16,cx4-60.120@1)A, (4*d16,cx4-60.120@1)A, (4*d16,cx4-60.120@1)F, (4*p2,cx4-60.120@0,4*p2,cx4-60.120@0,4*p2,cx4-60.120@0,4*p2,cx4-60.120@0)F, (4*d16,cx4-60.120@1)F, (4*d16,cx4-60.120@1)F, (4*d16,cx4-60.120@1)F, (4*d16,cx4-60.120@1)F, (4*d16,cx4-60.120@1)F, (4*d16,cx4-60.120@1)A, (4*d16,cx4-60.120@1)A, (4*d16,cx8-120.150@0)A  (dev 0.2s, primary cx4-60.120)
[14:06:42]   flexing: (4*d16,cx4-60.120@1)A, (4*p2,cx4-60.120@0,4*p2,cx4-60.120@0,4*p2,cx4-60.120@0,4*p2,cx4-60.120@0)F, (4*d16,cx4-60.120@1)A, (4*d16,cx4-60.120@1)F, (4*p2,cx8-120.150@1,4*p2,cx4-60.120@0,4*p2,cx4-60.120@0)F, (4*d16,cx8-120.150@0)A, (4*d16,cx4-60.120@1)F, (4*d16,cx4-60.120@1)F, (4*d16,cx4-60.120@1)F, (4*p2,cx4-60.120@0,4*p2,cx4-60.120@0,4*p2,cx4-60.120@0,4*p2,cx4-60.120@0)F, (4*d16,cx4-60.120@1)F, (4*d16,cx4-60.120@1)F, (4*d16,cx4-60.120@1)A, (4*d16,cx4-60.120@1)F, (4*d16,cx4-60.120@1)A, (4*d16,cx4-60.120@1)F, (4*p2,cx8-120.150@1,4*p2,cx4-60.120@0,4*p2,cx4-60.120@0)F, (4*d16,cx4-60.120@1)F, (4*d16,cx8-120.150@0)A, (4*d16,cx8-120.150@0)F, (4*d16,cx4-60.120@1)F  (dev 0.1s, primary cx4-60.120)
[14:06:42]   flexing: (4*d16,cx4-60.120@1)F, (4*d16,4*p2,cx4-60.120@0,4*p2)F, (4*d16,cx4-60.120@1)F, (4*p2,cx8-120.150@1,4*p2,cx4-60.120@0,4*p2,cx4-60.120@0)F, (4*d16,cx4-60.120@1)F, (4*p2,cx8-120.150@1,4*p2,cx4-60.120@0,4*p2,cx4-60.120@0)F, (4*d16,cx4-60.120@1)F, (4*d16,cx4-60.120@1)F, (4*d16,4*p2,cx4-60.120@0,4*p2)F, (4*d16,cx4-60.120@1)F, (4*d16,cx8-120.150@0)F, (4*d16,cx8-120.150@0)A, (4*d16,cx8-120.150@0)A  (dev 0.1s, primary cx4-60.120)
[14:06:42]   flexing: (4*d16,cx4-60.120@1)F, (4*d16,4*p2,cx4-60.120@0,4*p2)F, (4*d16,cx4-60.120@1)F, (4*p2,cx8-120.150@1,4*p2,cx4-60.120@0,4*p2,cx4-60.120@0)F, (4*d16,cx4-60.120@1)F, (4*p2,cx8-120.150@1,4*p2,cx4-60.120@0,4*p2,cx4-60.120@0)F, (4*d16,cx4-60.120@1)F, (4*d16,cx4-60.120@1)F, (4*d16,4*p2,cx4-60.120@0,4*p2)F, (4*d16,cx4-60.120@1)F, (4*d16,cx8-120.150@0)F, (4*d16,cx8-120.150@0)F  (dev 0.0s, primary cx4-60.120)
[14:06:42]   flexing: (4*d16,cx4-60.120@1)F, (4*p2,cx8-120.150@1,cx4-60.120@1,cx4-60.120@0)F, (4*p2,cx8-120.150@1,cx8-120.150@0,cx4-60.120@0)F, (4*d16,cx8-120.150@0)F, (4*p2,cx8-120.150@1,4*p2,cx8-120.150@1)R2, (4*d16,cx8-120.150@0)F, (4*p2,cx8-120.150@1,4*p2,cx8-120.150@1)R2, (4*d16,cx8-120.150@0)F  (dev 0.0s, primary cx4-60.120)
[14:06:42]   flexing: (4*d16,cx4-60.120@1)F, (4*p2,cx8-120.150@1,cx4-60.120@1,cx4-60.120@0)F, (4*p2,cx8-120.150@1,cx8-120.150@0,cx4-60.120@0)F, (4*d16,cx8-120.150@0)F, (4*p2,cx8-120.150@1,4*p2,cx8-120.150@1)F, (4*d16,cx8-120.150@0)F, (4*p2,cx8-120.150@1,4*p2,cx8-120.150@1)F, (4*d16,cx8-120.150@0)F, (4*d16,cx8-120.150@0)F, (4*d16,cx8-120.150@0)A, (4*d16,cx8-120.150@0)A  (dev 0.0s, primary cx4-60.120)
[14:06:42]   flexing: (4*d16,cx4-60.120@1)F, (4*p2,cx8-120.150@1,cx4-60.120@1,cx4-60.120@0)F, (4*p2,cx8-120.150@1,cx8-120.150@0,cx4-60.120@0)F, (4*d16,cx8-120.150@0)F, (4*p2,cx8-120.150@1,4*p2,cx8-120.150@1)F, (4*d16,cx8-120.150@0)F, (4*p2,cx8-120.150@1,4*p2,cx8-120.150@1)F, (4*d16,cx8-120.150@0)F, (4*d16,cx8-120.150@0)F, (4*d16,cx8-120.150@0)F  (dev 0.0s, primary cx4-60.120)
[14:06:42]   flexing: (4*d16,cx4-60.120@1)F, (4*p2,cx8-120.150@1,cx4-60.120@1,cx4-60.120@0)F, (4*p2,cx8-120.150@1,cx8-120.150@0,cx4-60.120@0)F, (4*d16,cx8-120.150@0)F, (4*p2,cx8-120.150@1,4*p2,cx4-60.120@0,4*p2,cx4-60.120@0)F, (4*d16,cx4-60.120@1)F, (4*p2,cx8-120.150@1,4*p2,cx4-60.120@0,4*p2,cx4-60.120@0)F, (4*d16,cx8-120.150@0)F, (4*d16,cx4-60.120@1)F, (4*d16,cx4-60.120@1)F, (4*d16,cx4-60.120@1)F, (4*d16,cx8-120.150@0)F  (dev 0.0s, primary cx4-60.120)
[14:06:42]   flexing: (4*d16,cx4-60.120@1)F, (4*p2,cx8-120.150@1,cx4-60.120@1,cx4-60.120@0)F, (4*p2,cx8-120.150@1,cx8-120.150@0,cx4-60.120@0)F, (4*d16,cx8-120.150@0)F, (4*p2,cx8-120.150@1,4*p2,cx4-60.120@0,4*p2,cx4-60.120@0)F, (4*d16,cx4-60.120@1)F, (4*p2,cx8-120.150@1,4*p2,cx4-60.120@0,4*p2,cx4-60.120@0)F, (4*d16,cx8-120.150@0)F, (4*d16,cx4-60.120@1)F, (4*d16,cx4-60.120@1)F, (4*d16,cx4-60.120@1)F, (4*d16,cx8-120.150@0)F  (dev 0.0s, primary cx4-60.120)
[14:06:42]   flexing: (4*d16,cx4-60.120@1)F, (4*p2,cx8-120.150@1,cx4-60.120@1,cx4-60.120@0)F, (4*p2,cx8-120.150@1,cx8-120.150@0,cx4-60.120@0)F, (4*d16,cx8-120.150@0)F, (4*p2,cx8-120.150@1,4*p2,cx4-60.120@0,4*p2,cx4-60.120@0)F, (4*d16,cx4-60.120@1)F, (4*p2,cx8-120.150@1,4*p2,cx4-60.120@0,4*p2,cx4-60.120@0)F, (4*d16,cx8-120.150@0)F, (4*d16,cx4-60.120@1)F, (4*d16,cx4-60.120@1)F, (4*d16,cx4-60.120@1)F, (4*d16,cx8-120.150@0)F  (dev 0.0s, primary cx4-60.120)
[14:06:42]   flexing: (4*d16,cx4-60.120@1)F, (4*p2,cx8-120.150@1,cx4-60.120@1,cx4-60.120@0)F, (4*p2,cx4-60.120@0,4*p2,cx4-60.120@0,cx8-120.150@0,cx4-60.120@0)F, (4*d16,cx4-60.120@1)F, (4*p2,cx4-60.120@0,4*p2,cx4-60.120@0,cx4-60.120@1,cx4-60.120@0)F, (4*d16,cx4-60.120@1)F, (4*d16,cx4-60.120@1)F, (4*p2,cx8-120.150@1,cx4-60.120@1,cx4-60.120@0)F, (4*d16,cx8-120.150@0)F, (4*d16,cx4-60.120@1)F  (dev 0.0s, primary cx4-60.120)
[14:06:43]   flexing: (4*d16,cx4-60.120@1)F, (4*p2,cx8-120.150@1,cx4-60.120@1,cx4-60.120@0)F, (4*p2,cx8-120.150@1,cx4-60.120@1,cx4-60.120@0)F, (4*p2,cx8-120.150@1,cx8-120.150@0,cx4-60.120@0)F, (4*p2,cx8-120.150@1,cx8-120.150@0,cx4-60.120@0)F, (4*d16,cx4-60.120@1)F, (4*d16,cx8-120.150@0)A, (4*d16,cx8-120.150@0)A, (4*d16,cx8-120.150@0)F  (dev 0.0s, primary cx4-60.120)
[14:06:43]   flexing: (4*d16,cx4-60.120@1)F, (4*p2,cx8-120.150@1,cx4-60.120@1,cx4-60.120@0)F, (cx4-60.120@1,cx4-60.120@0,cx4-60.120@1,cx4-60.120@0)F, (4*p2,cx8-120.150@1,cx4-60.120@1,cx4-60.120@0)F, (cx8-120.150@0,cx4-60.120@0,cx4-60.120@1,cx4-60.120@0)F, (4*d16,cx8-120.150@0)A, (4*d16,cx8-120.150@0)A  (dev 0.0s, primary cx4-60.120)
[14:06:43]   flexing: (4*d16,cx4-60.120@1)F, (4*p2,cx8-120.150@1,cx4-60.120@1,cx4-60.120@0)F, (cx4-60.120@1,cx4-60.120@0,cx4-60.120@1,cx4-60.120@0)F, (4*p2,cx8-120.150@1,cx4-60.120@1,cx4-60.120@0)F, (cx8-120.150@0,cx4-60.120@0,cx4-60.120@1,cx4-60.120@0)F, (4*d16,cx8-120.150@0)F  (dev 0.0s, primary cx4-60.120)
[14:06:43]   flexing: (4*d16,cx4-60.120@1)F, (4*p2,cx8-120.150@1,cx4-60.120@1,cx4-60.120@0)F, (4*p2,cx4-60.120@0,4*p2,cx4-60.120@0,cx4-60.120@1,cx4-60.120@0)F, (4*p2,cx4-60.120@0,4*p2,cx4-60.120@0,cx4-60.120@1,cx4-60.120@0)F, (4*p2,cx8-120.150@1,cx8-120.150@0,cx4-60.120@0)F, (4*d16,cx4-60.120@1)F, (4*d16,cx4-60.120@1)F, (4*d16,cx4-60.120@1)F, (4*d16,cx8-120.150@0)F, (4*d16,cx4-60.120@1)F  (dev 0.0s, primary cx4-60.120)
[14:06:43]   flexing: (4*d16,cx4-60.120@1)F, (4*p2,cx4-60.120@0,4*p2,cx4-60.120@0,cx4-60.120@1,cx4-60.120@0)F, (4*p2,cx4-60.120@0,4*p2,cx4-60.120@0,cx4-60.120@1,cx4-60.120@0)F, (4*d16,cx4-60.120@1)F, (4*d16,cx4-60.120@1)F, (4*p2,cx8-120.150@1,4*p2,cx4-60.120@0,4*p2,cx4-60.120@0)F, (4*d16,cx4-60.120@1)F, (4*d16,cx4-60.120@1)F, (4*p2,cx8-120.150@1,4*p2,cx4-60.120@0,4*p2,cx4-60.120@0)F, (4*d16,cx8-120.150@0)F, (4*d16,cx4-60.120@1)F, (4*d16,cx4-60.120@1)F, (4*d16,cx4-60.120@1)F, (4*d16,cx8-120.150@0)A, (4*d16,cx8-120.150@0)A  (dev 0.1s, primary cx4-60.120)
[14:06:43]   flexing: (4*d16,cx4-60.120@1)F, (4*p2,cx4-60.120@0,4*p2,cx4-60.120@0,cx4-60.120@1,cx4-60.120@0)F, (4*p2,cx4-60.120@0,4*p2,cx4-60.120@0,cx4-60.120@1,cx4-60.120@0)F, (4*d16,cx4-60.120@1)F, (4*d16,cx4-60.120@1)F, (4*p2,cx8-120.150@1,4*p2,cx4-60.120@0,4*p2,cx4-60.120@0)F, (4*d16,cx4-60.120@1)F, (4*d16,cx4-60.120@1)F, (4*p2,cx8-120.150@1,4*p2,cx4-60.120@0,4*p2,cx4-60.120@0)F, (4*d16,cx8-120.150@0)F, (4*d16,cx4-60.120@1)F, (4*d16,cx4-60.120@1)F, (4*d16,cx4-60.120@1)F, (4*d16,cx8-120.150@0)F  (dev 0.0s, primary cx4-60.120)
[14:06:43]   flexing: (4*d16,cx4-60.120@1)F, (4*p2,cx8-120.150@1,4*p2,cx4-60.120@0,4*p2,cx4-60.120@0)A, (4*d16,cx8-120.150@0)F, (4*p2,cx8-120.150@1,4*p2,cx8-120.150@1)Aa, (4*d16,cx8-120.150@0)F, (4*p2,cx8-120.150@1,4*p2,cx8-120.150@1)Ab, (4*d16,cx8-120.150@0)F, (4*p2,cx8-120.150@1,4*p2,cx8-120.150@1)S2  (dev 0.0s, primary cx4-60.120)
[14:06:43]   flexing: (4*d16,cx4-60.120@1)F, (4*p2,cx8-120.150@1,4*p2,cx4-60.120@0,4*p2,cx4-60.120@0)A, (4*d16,cx8-120.150@0)F, (4*p2,cx8-120.150@1,4*p2,cx8-120.150@1)Aa, (4*d16,cx8-120.150@0)F, (4*p2,cx8-120.150@1,4*p2,cx4-60.120@0,4*p2,cx4-60.120@0)A, (4*d16,cx4-60.120@1)F, (4*p2,cx4-60.120@0,4*p2,cx4-60.120@0,4*p2,cx4-60.120@0,4*p2,cx4-60.120@0)S2a, (4*d16,cx4-60.120@1)F  (dev 0.0s, primary cx4-60.120)
[14:06:43]   flexing: (4*d16,cx4-60.120@1)F, (4*p2,cx8-120.150@1,4*p2,cx4-60.120@0,4*p2,cx4-60.120@0)A, (4*d16,cx8-120.150@0)F, (4*p2,cx8-120.150@1,4*p2,cx8-120.150@1)Aa, (4*d16,cx8-120.150@0)F, (4*p2,cx8-120.150@1,4*p2,cx4-60.120@0,4*p2,cx4-60.120@0)A, (4*d16,cx4-60.120@1)F, (4*p2,cx4-60.120@0,4*p2,cx4-60.120@0,4*p2,cx4-60.120@0,4*p2,cx4-60.120@0)Aa, (4*d16,cx4-60.120@1)F, (4*d16,cx4-60.120@1)F  (dev 0.0s, primary cx4-60.120)
[14:06:43]   flexing: (4*d16,cx4-60.120@1)F, (4*p2,cx8-120.150@1,4*p2,cx4-60.120@0,4*p2,cx4-60.120@0)A, (4*d16,cx4-60.120@1)F, (4*p2,cx8-120.150@1,4*p2,cx4-60.120@0,4*p2,cx4-60.120@0)A, (4*d16,cx8-120.150@0)F, (4*p2,cx8-120.150@1,4*p2,cx8-120.150@1)R2, (4*d16,cx8-120.150@0)F, (4*p2,cx8-120.150@1,4*p2,cx8-120.150@1)Ab, (4*d16,cx8-120.150@0)F  (dev 0.0s, primary cx4-60.120)
[14:06:43]   flexing: (4*d16,cx4-60.120@1)F, (4*p2,cx8-120.150@1,4*p2,cx4-60.120@0,4*p2,cx4-60.120@0)A, (4*d16,cx4-60.120@1)F, (4*p2,cx8-120.150@1,4*p2,cx4-60.120@0,4*p2,cx4-60.120@0)F, (4*d16,cx8-120.150@0)F, (4*p2,cx8-120.150@1,4*p2,cx8-120.150@1)S2, (4*d16,cx8-120.150@0)F, (4*d16,cx4-60.120@1)F, (4*p2,cx4-60.120@0,4*p2,cx4-60.120@0,4*p2,cx4-60.120@0,4*p2,cx4-60.120@0)R4, (4*d16,cx4-60.120@1)F  (dev 0.1s, primary cx4-60.120)
[14:06:43]   flexing: (4*d16,cx4-60.120@1)F, (4*p2,cx8-120.150@1,4*p2,cx4-60.120@0,4*p2,cx4-60.120@0)A, (4*d16,cx4-60.120@1)F, (4*p2,cx8-120.150@1,4*p2,cx4-60.120@0,4*p2,cx4-60.120@0)F, (4*d16,cx4-60.120@1)F, (4*p2,cx4-60.120@0,4*p2,cx4-60.120@0,4*p2,cx4-60.120@0,4*p2,cx4-60.120@0)S2a, (4*d16,cx4-60.120@1)F, (4*d16,cx8-120.150@0)F, (4*p2,cx8-120.150@1,4*p2,cx8-120.150@1)S2, (4*d16,cx8-120.150@0)F  (dev 0.0s, primary cx4-60.120)
[14:06:43]   flexing: (4*d16,cx4-60.120@1)F, (4*p2,cx8-120.150@1,4*p2,cx4-60.120@0,4*p2,cx4-60.120@0)A, (4*d16,cx4-60.120@1)F, (4*p2,cx8-120.150@1,4*p2,cx4-60.120@0,4*p2,cx4-60.120@0)F, (4*d16,cx4-60.120@1)F, (4*p2,cx4-60.120@0,4*p2,cx4-60.120@0,4*p2,cx4-60.120@0,4*p2,cx4-60.120@0)S2a, (4*d16,cx4-60.120@1)F, (4*d16,cx8-120.150@0)F, (4*p2,cx8-120.150@1,4*p2,cx8-120.150@1)Aa, (4*d16,cx8-120.150@0)A, (4*d16,cx8-120.150@0)A, (4*d16,cx8-120.150@0)A  (dev 0.1s, primary cx4-60.120)
[14:06:43]   flexing: (4*d16,cx4-60.120@1)F, (4*p2,cx8-120.150@1,4*p2,cx4-60.120@0,4*p2,cx4-60.120@0)A, (4*d16,cx4-60.120@1)F, (4*p2,cx4-60.120@0,4*p2,cx4-60.120@0,4*p2,cx4-60.120@0,4*p2,cx4-60.120@0)S2a, (4*d16,cx8-120.150@0)F, (4*p2,cx8-120.150@1,4*p2,cx8-120.150@1)Aa, (4*d16,cx8-120.150@0)F, (4*p2,cx8-120.150@1,4*p2,cx8-120.150@1)S2  (dev 0.0s, primary cx4-60.120)
[14:06:43]   flexing: (4*d16,cx4-60.120@1)F, (4*p2,cx8-120.150@1,4*p2,cx4-60.120@0,4*p2,cx4-60.120@0)A, (4*d16,cx4-60.120@1)F, (4*p2,cx4-60.120@0,4*p2,cx4-60.120@0,4*p2,cx4-60.120@0,4*p2,cx4-60.120@0)R2, (4*d16,cx4-60.120@1)F, (4*p2,cx4-60.120@0,4*p2,cx4-60.120@0,4*p2,cx4-60.120@0,4*p2,cx4-60.120@0)Aa, (4*d16,cx4-60.120@1)F, (4*d16,cx4-60.120@1)F, (4*p2,cx8-120.150@1,4*p2,cx4-60.120@0,4*p2,cx4-60.120@0)A, (4*d16,cx8-120.150@0)F, (4*d16,cx4-60.120@1)F  (dev 0.1s, primary cx4-60.120)
[14:06:43]   flexing: (4*d16,cx4-60.120@1)F, (4*p2,cx8-120.150@1,4*p2,cx4-60.120@0,4*p2,cx4-60.120@0)A, (4*d16,cx4-60.120@1)F, (4*p2,cx4-60.120@0,4*p2,cx4-60.120@0,4*p2,cx4-60.120@0,4*p2,cx4-60.120@0)Aa, (4*d16,cx4-60.120@1)F, (4*p2,cx8-120.150@1,4*p2,cx4-60.120@0,4*p2,cx4-60.120@0)F, (4*d16,cx4-60.120@1)F, (4*d16,cx4-60.120@1)F, (4*d16,cx8-120.150@0)F, (4*d16,cx8-120.150@0)F, (4*p2,cx8-120.150@1,4*p2,cx8-120.150@1)S2  (dev 0.0s, primary cx4-60.120)
[14:06:43]   flexing: (4*d16,cx4-60.120@1)F, (4*p2,cx8-120.150@1,4*p2,cx4-60.120@0,4*p2,cx4-60.120@0)A, (4*d16,cx4-60.120@1)F, (4*p2,cx4-60.120@0,4*p2,cx4-60.120@0,4*p2,cx4-60.120@0,4*p2,cx4-60.120@0)Aa, (4*d16,cx8-120.150@0)F, (4*p2,cx8-120.150@1,4*p2,cx8-120.150@1)S2, (4*d16,cx4-60.120@1)F, (4*p2,cx4-60.120@0,4*p2,cx4-60.120@0,4*p2,cx4-60.120@0,4*p2,cx4-60.120@0)S2a, (4*d16,cx4-60.120@1)F  (dev 0.0s, primary cx4-60.120)
[14:06:43]   flexing: (4*d16,cx4-60.120@1)F, (4*p2,cx8-120.150@1,4*p2,cx4-60.120@0,4*p2,cx4-60.120@0)A, (4*d16,cx4-60.120@1)F, (4*p2,cx4-60.120@0,4*p2,cx4-60.120@0,4*p2,cx4-60.120@0,4*p2,cx4-60.120@0)Aa, (4*d16,cx8-120.150@0)F, (4*p2,cx8-120.150@1,4*p2,cx8-120.150@1)S2, (4*d16,cx4-60.120@1)F, (4*p2,cx4-60.120@0,4*p2,cx4-60.120@0,4*p2,cx4-60.120@0,4*p2,cx4-60.120@0)Aa, (4*d16,cx4-60.120@1)F, (4*d16,cx4-60.120@1)F  (dev 0.0s, primary cx4-60.120)
[14:06:43]   flexing: (4*d16,cx4-60.120@1)F, (4*p2,cx8-120.150@1,4*p2,cx4-60.120@0,4*p2,cx4-60.120@0)A, (4*d16,cx4-60.120@1)F, (4*p2,cx4-60.120@0,4*p2,cx4-60.120@0,4*p2,cx4-60.120@0,4*p2,cx4-60.120@0)Aa, (4*d16,cx8-120.150@0)F, (4*p2,cx8-120.150@1,4*p2,cx8-120.150@1)Aa, (4*d16,cx8-120.150@0)F, (4*p2,cx8-120.150@1,4*p2,cx8-120.150@1)S2, (4*d16,cx4-60.120@1)F  (dev 0.0s, primary cx4-60.120)
[14:06:43]   flexing: (4*d16,cx4-60.120@1)F, (4*p2,cx8-120.150@1,4*p2,cx4-60.120@0,4*p2,cx4-60.120@0)A, (4*d16,cx4-60.120@1)F, (4*p2,cx4-60.120@0,4*p2,cx4-60.120@0,4*p2,cx4-60.120@0,4*p2,cx4-60.120@0)F, (4*d16,cx4-60.120@1)F, (4*p2,cx8-120.150@1,4*p2,cx4-60.120@0,4*p2,cx4-60.120@0)A, (4*d16,cx4-60.120@1)F, (4*d16,cx4-60.120@1)F, (4*d16,cx4-60.120@1)F, (4*p2,cx8-120.150@1,4*p2,cx4-60.120@0,4*p2,cx4-60.120@0)F, (4*d16,cx8-120.150@0)F, (4*d16,cx4-60.120@1)F, (4*d16,cx8-120.150@0)F, (4*d16,cx4-60.120@1)F  (dev 0.1s, primary cx4-60.120)
[14:06:43]   flexing: (4*d16,cx4-60.120@1)F, (4*p2,cx8-120.150@1,4*p2,cx4-60.120@0,4*p2,cx4-60.120@0)F, (4*d16,cx4-60.120@1)F, (4*p2,cx8-120.150@1,4*p2,cx4-60.120@0,4*p2,cx4-60.120@0)F, (4*d16,cx4-60.120@1)F, (4*d16,cx4-60.120@1)F, (4*p2,cx8-120.150@1,4*p2,cx4-60.120@0,4*p2,cx4-60.120@0)F, (4*d16,cx8-120.150@0)F, (4*d16,cx4-60.120@1)F, (4*d16,cx4-60.120@1)F, (4*d16,cx8-120.150@0)F, (4*p2,cx8-120.150@1,4*p2,cx8-120.150@1)R2, (4*d16,cx8-120.150@0)F, (4*d16,cx8-120.150@0)F  (dev 0.0s, primary cx4-60.120)
[14:06:43]   flexing: (4*d16,cx4-60.120@1)F, (4*p2,cx8-120.150@1,4*p2,cx4-60.120@0,4*p2,cx4-60.120@0)F, (4*d16,cx4-60.120@1)F, (4*p2,cx8-120.150@1,4*p2,cx4-60.120@0,4*p2,cx4-60.120@0)F, (4*d16,cx4-60.120@1)F, (4*d16,cx8-120.150@0)F, (4*p2,cx8-120.150@1,4*p2,cx8-120.150@1)F, (4*d16,cx8-120.150@0)F, (4*d16,cx4-60.120@1)F, (4*p2,cx4-60.120@0,4*p2,cx4-60.120@0,4*p2,cx4-60.120@0,4*p2,cx4-60.120@0)R4, (4*d16,cx4-60.120@1)F, (4*d16,cx8-120.150@0)F, (4*d16,cx8-120.150@0)F  (dev 0.1s, primary cx4-60.120)
[14:06:43]   flexing: (4*d16,cx4-60.120@1)F, (4*p2,cx8-120.150@1,4*p2,cx4-60.120@0,4*p2,cx4-60.120@0)F, (4*d16,cx4-60.120@1)F, (4*p2,cx4-60.120@0,4*p2,cx4-60.120@0,4*p2,cx4-60.120@0,4*p2,cx4-60.120@0)F, (4*d16,cx4-60.120@1)F, (4*d16,cx4-60.120@1)F, (4*p2,cx8-120.150@1,4*p2,cx4-60.120@0,4*p2,cx4-60.120@0)F, (4*d16,cx8-120.150@0)F, (4*d16,cx4-60.120@1)F, (4*d16,cx4-60.120@1)F, (4*p2,cx4-60.120@0,4*p2,cx4-60.120@0,4*p2,cx4-60.120@0,4*p2,cx4-60.120@0)R2, (4*d16,cx4-60.120@1)F, (4*d16,cx8-120.150@0)F, (4*d16,cx4-60.120@1)F, (4*d16,cx4-60.120@1)F, (4*d16,cx4-60.120@1)F  (dev 0.0s, primary cx4-60.120)
[14:06:43]   flexing: (4*d16,cx4-60.120@1)F, (4*p2,cx8-120.150@1,4*p2,cx4-60.120@0,4*p2,cx4-60.120@0)F, (4*d16,cx4-60.120@1)F, (4*p2,cx4-60.120@0,4*p2,cx4-60.120@0,4*p2,cx4-60.120@0,4*p2,cx4-60.120@0)F, (4*d16,cx4-60.120@1)F, (4*d16,cx4-60.120@1)F, (4*p2,cx8-120.150@1,4*p2,cx4-60.120@0,4*p2,cx4-60.120@0)F, (4*d16,cx8-120.150@0)F, (4*d16,cx4-60.120@1)F, (4*d16,cx4-60.120@1)F, (4*p2,cx4-60.120@0,4*p2,cx4-60.120@0,4*p2,cx4-60.120@0,4*p2,cx4-60.120@0)F, (4*d16,cx4-60.120@1)F, (4*d16,cx8-120.150@0)F, (4*d16,cx4-60.120@1)F, (4*d16,cx4-60.120@1)F, (4*d16,cx4-60.120@1)F, (4*d16,cx4-60.120@1)F, (4*d16,cx4-60.120@1)F  (dev 0.0s, primary cx4-60.120)
[14:06:44]   flexing: (4*d16,cx4-60.120@1)F, (4*p2,cx8-120.150@1,4*p2,cx4-60.120@0,4*p2,cx4-60.120@0)F, (4*d16,cx4-60.120@1)F, (4*p2,cx4-60.120@0,4*p2,cx4-60.120@0,4*p2,cx4-60.120@0,4*p2,cx4-60.120@0)F, (4*d16,cx4-60.120@1)F, (4*p2,cx4-60.120@0,4*p2,cx4-60.120@0,4*p2,cx4-60.120@0,4*p2,cx4-60.120@0)F, (4*d16,cx4-60.120@1)F, (4*d16,cx4-60.120@1)F, (4*d16,cx4-60.120@1)F, (4*d16,cx4-60.120@1)F, (4*d16,cx4-60.120@1)F, (4*d16,cx4-60.120@1)F, (4*d16,cx8-120.150@0)F, (4*d16,cx4-60.120@1)F, (4*p2,cx4-60.120@0,4*p2,cx4-60.120@0,4*p2,cx4-60.120@0,4*p2,cx4-60.120@0)R4, (4*d16,cx4-60.120@1)F  (dev 0.1s, primary cx4-60.120)
[14:06:44]   flexing: (4*d14,cx8-120.150@1)A, (4*p4,cx8-120.150@0,4*p4,cx4-60.120@1)A, (4*d14,cx4-60.120@0,4*p2,cx4-60.120@0)F, (4*d16,cx4-60.120@1)A, (4*p4,cx4-60.120@1,4*p4,cx4-60.120@1)Ab, (4*d14,cx4-60.120@0,4*p2,cx4-60.120@0)A, (4*d16,cx4-60.120@1)A, (4*d16,cx4-60.120@1)A  (dev 0.0s, primary cx4-60.120)
[14:06:44]   flexing: (4*d14,cx8-120.150@1)A, (4*p4,cx8-120.150@0,4*p4,cx4-60.120@1)F, (4*d14,cx4-60.120@0,4*p2,cx4-60.120@0)A, (4*d16,cx4-60.120@1)F, (4*d14,cx4-60.120@0,4*p2,cx4-60.120@0)A, (4*d14,cx8-120.150@1)F, (4*p4,cx8-120.150@0,4*p4,cx8-120.150@0)R2, (4*d14,cx8-120.150@1)A  (dev 0.0s, primary cx4-60.120)
[14:06:44]   flexing: (4*d14,cx8-120.150@1)A, (4*p4,cx8-120.150@0,4*p4,cx4-60.120@1)F, (4*d14,cx4-60.120@0,4*p2,cx4-60.120@0)A, (4*d16,cx4-60.120@1)F, (4*d14,cx4-60.120@0,4*p2,cx4-60.120@0)A, (4*d14,cx8-120.150@1)F, (4*p4,cx8-120.150@0,4*p4,cx8-120.150@0)F, (4*d14,cx8-120.150@1)A, (4*d14,cx8-120.150@1)A, (4*d14,cx8-120.150@1)A  (dev 0.0s, primary cx4-60.120)
[14:06:44]   flexing: (4*d14,cx8-120.150@1)A, (4*p4,cx8-120.150@0,4*p4,cx8-120.150@0)Ab, (4*d14,cx8-120.150@1)F, (4*p4,cx8-120.150@0,4*p4,cx8-120.150@0)F, (4*d14,cx8-120.150@1)A, (4*d14,cx8-120.150@1)F, (4*p4,cx8-120.150@0,4*p4,cx4-60.120@1)A, (4*d14,cx4-60.120@0,4*p2,cx4-60.120@0)A, (4*d14,cx8-120.150@1)A, (4*d16,cx4-60.120@1)A  (dev 0.0s, primary cx4-60.120)
[14:06:44]   flexing: (4*d14,cx8-120.150@1)A, (4*p4,cx8-120.150@0,cx4-60.120@0,cx4-60.120@1)F, (4*p2,cx8-120.150@1,cx4-60.120@1,cx4-60.120@0)F, (4*d16,cx4-60.120@1)F, (4*d14,cx4-60.120@0,4*p2,cx4-60.120@0)A, (4*d16,cx8-120.150@0)F, (4*p2,cx8-120.150@1,4*p2,cx8-120.150@1)S2  (dev 0.0s, primary cx4-60.120)
[14:06:44]   flexing: (4*d14,cx8-120.150@1)A, (4*p4,cx8-120.150@0,cx4-60.120@0,cx8-120.150@0)A, (4*p2,cx8-120.150@1,cx4-60.120@1,cx4-60.120@0)F, (cx4-60.120@1,cx4-60.120@0,cx4-60.120@1,cx4-60.120@0)S2, (4*d16,cx4-60.120@1)A, (4*d16,cx8-120.150@0)F, (4*p2,cx8-120.150@1,4*p2,cx8-120.150@1)Ab, (4*d16,cx8-120.150@0)A  (dev 0.0s, primary cx4-60.120)
[14:06:44]   flexing: (4*d14,cx8-120.150@1)A, (4*p4,cx8-120.150@0,cx4-60.120@0,cx8-120.150@0)A, (4*p2,cx8-120.150@1,cx4-60.120@1,cx4-60.120@0)F, (cx4-60.120@1,cx4-60.120@0,cx4-60.120@1,cx4-60.120@0)S2, (4*d16,cx4-60.120@1)A, (4*d16,cx8-120.150@0)F, (4*p2,cx8-120.150@1,4*p2,cx4-60.120@0,4*p2,cx4-60.120@0)A, (4*d16,cx4-60.120@1)A, (4*d16,cx4-60.120@1)A  (dev 0.0s, primary cx4-60.120)
[14:06:44]   flexing: (4*d14,cx8-120.150@1)F, (4*p4,cx8-120.150@0,4*p4,cx4-60.120@1)A, (4*d14,cx4-60.120@0,4*p2,cx4-60.120@0)F, (4*d16,cx4-60.120@1)A, (4*d16,cx4-60.120@1)A, (4*p4,cx4-60.120@1,4*p4,cx4-60.120@1)S2, (4*p4,cx8-120.150@0,4*p4,cx8-120.150@0)S2  (dev 0.0s, primary cx4-60.120)
[14:06:44]   flexing: (4*d14,cx8-120.150@1)F, (4*p4,cx8-120.150@0,4*p4,cx4-60.120@1)A, (4*d14,cx4-60.120@0,4*p2,cx4-60.120@0)F, (4*d16,cx4-60.120@1)A, (4*d16,cx4-60.120@1)F, (4*p2,cx8-120.150@1,cx4-60.120@1,cx4-60.120@0)F, (4*d16,cx8-120.150@0)A, (4*p4,cx8-120.150@0,cx4-60.120@0,cx4-60.120@1)F  (dev 0.0s, primary cx4-60.120)
[14:06:44]   flexing: (4*d14,cx8-120.150@1)F, (4*p4,cx8-120.150@0,4*p4,cx4-60.120@1)F, (4*d14,cx4-60.120@0,4*p2,cx4-60.120@0)F, (4*d16,cx4-60.120@1)F, (4*d14,cx8-120.150@1)F, (4*p4,cx8-120.150@0,4*p4,cx8-120.150@0)R2, (4*d14,cx8-120.150@1)F, (4*p4,cx8-120.150@0,4*p4,cx8-120.150@0)F, (4*d14,cx8-120.150@1)F  (dev 0.0s, primary cx4-60.120)
[14:06:44]   flexing: (4*d14,cx8-120.150@1)F, (4*p4,cx8-120.150@0,4*p4,cx8-120.150@0)S2, (4*p4,cx8-120.150@0,cx4-60.120@0,cx8-120.150@0)A, (4*p2,cx8-120.150@1,cx4-60.120@1,cx4-60.120@0)F, (4*d16,cx8-120.150@0)A, (cx4-60.120@1,cx4-60.120@0,cx4-60.120@1,cx4-60.120@0)S2, (4*d16,cx4-60.120@1)A  (dev 0.0s, primary cx4-60.120)
[14:06:44]   flexing: (12*d16,cx4-60.120@1)A, (12*p6,cx8-120.150@1,6*p4,cx4-60.120@0)F, (6*d16,cx4-60.120@1)A, (12*d16,cx8-120.150@0)A, (6*d16,cx8-120.150@0)F, (12*p6,cx8-120.150@1,6*p4,cx4-60.120@0)F, (12*d16,cx8-120.150@0)A, (6*d16,cx4-60.120@1)F, (12*p6,cx4-60.120@0,6*p4,cx4-60.120@0,4*p2,cx4-60.120@0)F, (6*d16,cx4-60.120@1)A, (12*d16,cx4-60.120@1)F, (4*d16,cx4-60.120@1)A, (4*d16,cx4-60.120@1)F, (12*p6,cx4-60.120@0,6*p4,cx4-60.120@0,4*p2,cx4-60.120@0)F, (4*d16,cx4-60.120@1)A, (12*d16,cx4-60.120@1)F, (6*d16,cx4-60.120@1)A, (12*d16,cx4-60.120@1)A, (6*d16,cx4-60.120@1)A  (dev 0.2s, primary cx4-60.120)
[14:06:44]   flexing: (12*d16,cx4-60.120@1)A, (12*p6,cx8-120.150@1,6*p4,cx4-60.120@0)F, (6*d16,cx4-60.120@1)A, (12*d16,cx8-120.150@0)F, (12*p6,cx8-120.150@1,6*p4,cx4-60.120@0)F, (6*d16,cx4-60.120@1)F, (12*p6,cx4-60.120@0,6*p4,cx4-60.120@0,4*p2,cx4-60.120@0)F, (12*d16,cx4-60.120@1)F, (6*d16,cx4-60.120@1)F, (12*p6,cx4-60.120@0,6*p4,cx4-60.120@0,4*p2,cx4-60.120@0)F, (4*d16,cx4-60.120@1)F, (4*d16,cx4-60.120@1)A, (4*d16,cx4-60.120@1)A, (12*d16,cx4-60.120@1)A, (12*d16,cx4-60.120@1)A, (12*d16,cx4-60.120@1)A, (6*d16,cx4-60.120@1)A, (6*d16,cx8-120.150@0)A, (6*d16,cx8-120.150@0)A  (dev 0.2s, primary cx4-60.120)
[14:06:44]   flexing: (3*d14,cx6-90.150@1)A, (3*p2,cx6-90.150@0,3*p2,cx6-90.150@0,3*p2,cx6-90.150@0)A, (3*d14,cx6-90.150@1)F, (3*p2,cx6-90.150@0,cx6-90.150@1,cx6-90.150@0)A, (3*d14,cx6-90.150@1)F, (3*p2,cx6-90.150@0,3*p2,cx4-75.105@1,cx4-75.105@1)A, (3*d14,cx4-75.105@0,cx4-75.105@0)A  (dev 0.0s, primary cx4-75.105)
[14:06:44]   flexing: (3*d14,cx6-90.150@1)A, (3*p2,cx6-90.150@0,3*p2,cx6-90.150@0,3*p2,cx6-90.150@0)A, (3*d14,cx6-90.150@1)F, (3*p2,cx6-90.150@0,cx4-75.105@0,cx4-75.105@0,cx6-90.150@0)A, (cx6-90.150@1,cx4-75.105@1,cx4-75.105@1)A, (3*d14,cx6-90.150@1)F, (3*d14,3*p2,cx6-90.150@0,3*p2)A  (dev 0.0s, primary cx4-75.105)
[14:06:44]   flexing: (3*d14,cx6-90.150@1)F, (3*d14,3*p2,cx6-90.150@0,3*p2)A, (3*p2,cx6-90.150@0,cx4-75.105@0,cx4-75.105@0,cx6-90.150@0)A, (cx6-90.150@1,cx4-75.105@1,cx4-75.105@1)A, (cx4-75.105@1,cx4-75.105@1,cx4-75.105@0,cx4-75.105@0)A  (dev 0.0s, primary cx4-75.105)
[14:06:44]   flexing: (3*d14,cx6-90.150@1)F, (3*p2,cx6-90.150@0,cx6-90.150@1,cx6-90.150@0)A, (3*p2,cx6-90.150@0,3*p2,cx4-75.105@1,cx4-75.105@1)A, (3*d14,cx4-75.105@0,cx4-75.105@0)A, (cx4-75.105@1,cx4-75.105@1,cx4-75.105@0,cx4-75.105@0)A  (dev 0.0s, primary cx4-75.105)
[14:06:44]   flexing: (3*d14,cx6-90.150@1)F, (3*p2,cx6-90.150@0,3*p2,cx4-75.105@1,cx4-75.105@1)A, (3*p2,cx6-90.150@0,cx4-75.105@0,cx4-75.105@0,cx6-90.150@0)A, (3*d14,cx4-75.105@0,cx4-75.105@0)A, (cx6-90.150@1,cx4-75.105@1,cx4-75.105@1)A  (dev 0.0s, primary cx4-75.105)
[14:06:44]   flexing: (3*d14,cx6-90.150@1)F, (3*p2,cx6-90.150@0,3*p2,cx4-75.105@1,cx4-75.105@1)A, (3*p2,cx6-90.150@0,cx4-75.105@0,cx4-75.105@0,cx6-90.150@0)A, (3*d14,cx4-75.105@0,cx4-75.105@0)A, (cx6-90.150@1,cx4-75.105@1,cx4-75.105@1)A  (dev 0.0s, primary cx4-75.105)
[14:06:44]   flexing: (3*d14,cx6-90.150@1)F, (3*p2,cx6-90.150@0,3*p2,cx4-75.105@1,cx4-75.105@1)F, (3*d14,cx4-75.105@0,cx4-75.105@0)F, (6*d15,3*p2,cx4-75.105@1)F, (6*p5,3*d14,cx4-75.105@0)F  (dev 0.0s, primary cx4-75.105)
[14:06:44]   flexing: (6*d14,cx6-90.150@1)F, (6*p6,cx6-90.150@0,6*p6,cx6-90.150@0)S2, (6*p6,cx6-90.150@0,cx4-75.105@0,cx4-75.105@1)F, (cx6-90.150@1,cx4-75.105@1,cx4-75.105@1)A, (6*d14,cx4-75.105@0,cx4-75.105@0)A  (dev 0.0s, primary cx4-75.105)
[14:06:44]   flexing: (4*d14,cx8-120.150@1)A, (4*p4,cx8-120.150@0,4*p4,cx8-120.150@0)R2, (4*d14,cx8-120.150@1)F, (4*p4,cx8-120.150@0,cx4-75.105@0,cx4-75.105@1)F, (4*d14,cx4-75.105@0,cx4-75.105@0)A, (cx8-120.150@1,cx4-75.105@1,cx4-75.105@1)A  (dev 0.0s, primary cx4-75.105)
[14:06:44]   flexing: (4*d14,cx8-120.150@1)A, (4*p4,cx8-120.150@0,4*p4,cx8-120.150@0)F, (4*d14,cx8-120.150@1)A, (4*d14,cx8-120.150@1)A, (4*d14,cx8-120.150@1)F, (4*p4,cx8-120.150@0,cx4-75.105@0,cx4-75.105@1)F, (4*d14,cx4-75.105@0,cx4-75.105@0)A, (cx8-120.150@1,cx4-75.105@1,cx4-75.105@1)A  (dev 0.0s, primary cx4-75.105)
[14:06:44]   flexing: (3*d14,cx6-90.150@1)A, (3*p2,cx6-90.150@0,3*p2,cx6-90.150@0,3*p2,cx6-90.150@0)A, (3*d14,cx6-90.150@1)F, (3*p2,cx6-90.150@0,cx6-90.150@1,cx6-90.150@0)A, (3*d14,cx6-90.150@1)F, (3*p2,cx6-90.150@0,3*p2,cx6-90.150@0,3*p2,cx6-90.150@0)A, (3*d14,cx6-90.150@1)A, (3*d14,cx6-90.150@1)F, (3*d14,3*p2,cx6-90.150@0,3*p2)A  (dev 0.0s, primary cx6-90.150)
[14:06:44]   flexing: (3*d14,cx8-120.150@1)A, (6*p6,cx8-120.150@0,3*p2,cx8-120.150@0)A, (6*d14,cx8-120.150@1)F, (6*p6,cx8-120.150@0,4*p4,cx6-90.150@0)F, (4*d14,cx8-120.150@1)A, (4*d14,cx6-90.150@1)A, (6*d14,cx6-90.150@1)F, (6*p6,cx6-90.150@0,6*p6,cx6-90.150@0)Ab, (6*d14,cx6-90.150@1)F, (6*p6,cx6-90.150@0,6*p6,cx6-90.150@0)Aa, (6*d14,cx6-90.150@1)A  (dev 0.0s, primary cx6-90.150)
[14:06:44]   flexing: (3*d14,cx8-120.150@1)A, (6*p6,cx8-120.150@0,3*p2,cx8-120.150@0)F, (3*d14,cx8-120.150@1)F, (6*p6,cx8-120.150@0,3*p2,cx8-120.150@0)A, (6*d14,cx8-120.150@1)F, (6*p6,cx8-120.150@0,4*p4,cx6-90.150@0)F, (4*d14,cx8-120.150@1)A, (6*d14,cx8-120.150@1)A, (6*d14,cx8-120.150@1)A, (6*d14,cx6-90.150@1)F, (6*p6,cx6-90.150@0,6*p6,cx6-90.150@0)Ab, (6*d14,cx6-90.150@1)A, (4*d14,cx6-90.150@1)A  (dev 0.0s, primary cx6-90.150)
[14:06:44]   flexing: (3*d14,cx8-120.150@1)A, (6*p6,cx8-120.150@0,3*p2,cx8-120.150@0)F, (3*d14,cx8-120.150@1)F, (6*p6,cx8-120.150@0,3*p2,cx8-120.150@0)A, (6*d14,cx8-120.150@1)F, (6*p6,cx8-120.150@0,4*p4,cx6-90.150@0)F, (4*d14,cx8-120.150@1)A, (6*d14,cx8-120.150@1)F, (6*d14,cx6-90.150@1)F, (6*p6,cx6-90.150@0,6*p6,cx6-90.150@0)S2, (4*d14,cx6-90.150@1)A  (dev 0.0s, primary cx6-90.150)
[14:06:44]   flexing: (4*d14,cx6-90.150@1)A, (6*p6,cx8-120.150@0,4*p4,cx6-90.150@0)F, (6*d14,cx6-90.150@1)F, (6*p6,cx6-90.150@0,6*p6,cx6-90.150@0)S2, (4*d14,cx8-120.150@1)F, (4*p4,cx8-120.150@0,4*p4,cx8-120.150@0)F, (4*d14,cx8-120.150@1)A, (6*d14,cx8-120.150@1)A, (4*d14,cx8-120.150@1)A, (4*d14,cx8-120.150@1)F, (4*p4,cx8-120.150@0,4*p4,cx8-120.150@0)R2, (4*d14,cx8-120.150@1)A  (dev 0.0s, primary cx6-90.150)
[14:06:44]   flexing: (4*d14,cx6-90.150@1)A, (6*p6,cx8-120.150@0,4*p4,cx6-90.150@0)F, (6*d14,cx6-90.150@1)F, (6*p6,cx6-90.150@0,6*p6,cx6-90.150@0)S2, (4*d14,cx8-120.150@1)F, (4*p4,cx8-120.150@0,4*p4,cx8-120.150@0)F, (4*d14,cx8-120.150@1)A, (6*d14,cx8-120.150@1)A, (4*d14,cx8-120.150@1)A, (4*d14,cx8-120.150@1)F, (4*p4,cx8-120.150@0,4*p4,cx8-120.150@0)F, (4*d14,cx8-120.150@1)A, (4*d14,cx8-120.150@1)A, (4*d14,cx8-120.150@1)A  (dev 0.0s, primary cx6-90.150)
[14:06:44]   flexing: (4*d14,cx6-90.150@1)A, (6*p6,cx8-120.150@0,4*p4,cx6-90.150@0)F, (6*d14,cx6-90.150@1)F, (6*p6,cx6-90.150@0,6*p6,cx6-90.150@0)Ab, (4*d14,cx8-120.150@1)A, (6*d14,cx8-120.150@1)A, (6*d14,cx6-90.150@1)F, (6*p6,cx6-90.150@0,6*p6,cx6-90.150@0)F, (6*d14,cx6-90.150@1)A, (6*d14,cx6-90.150@1)A, (6*d14,cx6-90.150@1)F, (6*p6,cx6-90.150@0,6*p6,cx6-90.150@0)S2  (dev 0.0s, primary cx6-90.150)
[14:06:44]   flexing: (4*d14,cx6-90.150@1)A, (6*p6,cx8-120.150@0,4*p4,cx6-90.150@0)F, (6*d14,cx6-90.150@1)F, (6*p6,cx6-90.150@0,6*p6,cx6-90.150@0)Ab, (4*d14,cx8-120.150@1)A, (6*d14,cx8-120.150@1)A, (6*d14,cx6-90.150@1)F, (6*p6,cx8-120.150@0,4*p4,cx6-90.150@0)F, (6*d14,cx8-120.150@1)A, (4*d14,cx6-90.150@1)A, (4*d14,cx8-120.150@1)F, (4*p4,cx8-120.150@0,4*p4,cx8-120.150@0)R2, (4*d14,cx8-120.150@1)A  (dev 0.0s, primary cx6-90.150)
[14:06:45]   flexing: (4*d14,cx6-90.150@1)A, (6*p6,cx8-120.150@0,4*p4,cx6-90.150@0)F, (6*d14,cx6-90.150@1)F, (6*p6,cx6-90.150@0,6*p6,cx6-90.150@0)Ab, (4*d14,cx8-120.150@1)A, (6*d14,cx8-120.150@1)A, (6*d14,cx6-90.150@1)F, (6*p6,cx8-120.150@0,4*p4,cx6-90.150@0)F, (6*d14,cx8-120.150@1)A, (4*d14,cx6-90.150@1)A, (4*d14,cx8-120.150@1)F, (4*p4,cx8-120.150@0,4*p4,cx8-120.150@0)F, (4*d14,cx8-120.150@1)A, (4*d14,cx8-120.150@1)A, (4*d14,cx8-120.150@1)A  (dev 0.0s, primary cx6-90.150)
[14:06:45]   flexing: (4*d14,cx6-90.150@1)A, (6*p6,cx8-120.150@0,4*p4,cx6-90.150@0)F, (6*d14,cx6-90.150@1)F, (6*p6,cx6-90.150@0,6*p6,cx6-90.150@0)Ab, (4*d14,cx8-120.150@1)F, (4*p4,cx8-120.150@0,4*p4,cx8-120.150@0)R2, (4*d14,cx8-120.150@1)A, (6*d14,cx8-120.150@1)A, (6*d14,cx6-90.150@1)F, (6*p6,cx6-90.150@0,6*p6,cx6-90.150@0)R2, (6*d14,cx6-90.150@1)A  (dev 0.0s, primary cx6-90.150)
[14:06:45]   flexing: (4*d14,cx6-90.150@1)A, (6*p6,cx8-120.150@0,4*p4,cx6-90.150@0)F, (6*d14,cx6-90.150@1)F, (6*p6,cx6-90.150@0,6*p6,cx6-90.150@0)Ab, (4*d14,cx8-120.150@1)F, (4*p4,cx8-120.150@0,4*p4,cx8-120.150@0)F, (4*d14,cx8-120.150@1)A, (6*d14,cx8-120.150@1)A, (4*d14,cx8-120.150@1)A, (6*d14,cx6-90.150@1)F, (6*p6,cx6-90.150@0,6*p6,cx6-90.150@0)R2, (6*d14,cx6-90.150@1)A, (4*d14,cx8-120.150@1)A  (dev 0.0s, primary cx6-90.150)
[14:06:45]   flexing: (3*d15,cx6-105.135@1)A, (3*p1,cx6-105.135@0,3*p1,cx6-105.135@0,3*p1,cx6-105.135@0)A, (3*d15,cx6-105.135@1)F, (3*p1,cx6-105.135@0,cx6-105.135@1,cx6-105.135@0)A, (3*d15,cx6-105.135@1)F, (3*p1,cx6-105.135@0,3*p1,cx6-105.135@0,3*p1,cx6-105.135@0)A, (3*d15,cx6-105.135@1)A, (3*d15,cx6-105.135@1)F, (3*d15,3*p1,cx6-105.135@0,3*p1)A  (dev 0.0s, primary cx6-105.135)
[14:06:45]   flexing: (3*d15,cx12-135.165@0)A, (3*p1,cx12-135.165@1,3*p1,cx12-135.165@1)R2, (3*d15,cx12-135.165@0)F, (3*p1,cx12-135.165@1,3*p1,cx12-135.165@1)Aa, (3*d15,cx12-135.165@0)F, (6*p5,cx12-135.165@1,3*p1,cx6-105.135@0)F, (6*d15,cx12-135.165@0)A, (3*d15,cx6-105.135@1)A, (6*d15,cx6-105.135@1)F, (6*p5,cx6-105.135@0,6*p5,cx6-105.135@0)S2  (dev 0.0s, primary cx6-105.135)
[14:06:45]   flexing: (3*d15,cx12-135.165@0)F, (3*p1,cx12-135.165@1,3*p1,cx12-135.165@1)S2, (6*p5,cx12-135.165@1,3*p1,cx6-105.135@0)F, (3*d15,cx6-105.135@1)A, (6*d15,cx6-105.135@1)F, (6*p5,cx6-105.135@0,6*p5,cx6-105.135@0)Ab, (6*d15,cx6-105.135@1)F, (6*p5,cx6-105.135@0,6*p5,cx6-105.135@0)R2, (6*d15,cx6-105.135@1)A, (6*d15,cx12-135.165@0)A  (dev 0.0s, primary cx6-105.135)
[14:06:45] k=4: 3760 pinned, 559 flexing blocks in 536 keyed groups
[14:06:45] k=4: 536 families (22 collapse >1 grid-member; 0 multi-slider separable)
[14:06:45]   ctrnact-mixed-family-k4-01: (12S@d@a+12,cx4@1@-a+12) + (12S@d@a+12,cx4@1@-a+12) + (12S@d@a+12,cx4@1@-a+12) + (12S@d@a+12,cx4@1@-a+12) + (12S@d@a+12,cx8@0@-a+12) + (12S@d@a+12,cx8@0@-a+12) + (12S@p@-a+10,cx4@0@a,4S@p@-a+6,cx4@0@a,6S@p@-a+8,cx4@0@a) + (12S@p@-a+10,cx4@0@a,4S@p@-a+6,cx4@0@a,6S@p@-a+8,cx4@0@a) + (12S@p@-a+10,cx4@0@a,6S@p@-a+8,cx8@1@a+6) + (12S@p@-a+10,cx4@0@a,6S@p@-a+8,cx8@1@a+6) + (4S@d@a+12,cx4@1@-a+12) + (4S@d@a+12,cx4@1@-a+12) + (4S@d@a+12,cx4@1@-a+12) + (6S@d@a+12,cx4@1@-a+12) + (6S@d@a+12,cx4@1@-a+12) + (6S@d@a+12,cx4@1@-a+12) + (6S@d@a+12,cx4@1@-a+12) + (6S@d@a+12,cx4@1@-a+12) + (6S@d@a+12,cx8@0@-a+12)  P=1 α∈[[0.0, 90.0]]  checks 5/5 pass
[14:06:45]   ctrnact-mixed-family-k4-02: (12S@d@a+12,cx4@1@-a+12) + (12S@d@a+12,cx4@1@-a+12) + (12S@d@a+12,cx4@1@-a+12) + (12S@d@a+12,cx4@1@-a+12) + (12S@d@a+12,cx4@1@-a+12) + (12S@d@a+12,cx8@0@-a+12) + (12S@p@-a+10,cx4@0@a,4S@p@-a+6,cx4@0@a,6S@p@-a+8,cx4@0@a) + (12S@p@-a+10,cx4@0@a,4S@p@-a+6,cx4@0@a,6S@p@-a+8,cx4@0@a) + (12S@p@-a+10,cx4@0@a,6S@p@-a+8,cx8@1@a+6) + (12S@p@-a+10,cx4@0@a,6S@p@-a+8,cx8@1@a+6) + (4S@d@a+12,cx4@1@-a+12) + (4S@d@a+12,cx4@1@-a+12) + (4S@d@a+12,cx4@1@-a+12) + (6S@d@a+12,cx4@1@-a+12) + (6S@d@a+12,cx4@1@-a+12) + (6S@d@a+12,cx4@1@-a+12) + (6S@d@a+12,cx4@1@-a+12) + (6S@d@a+12,cx8@0@-a+12) + (6S@d@a+12,cx8@0@-a+12)  P=1 α∈[[0.0, 90.0]]  checks 5/5 pass
[14:06:45]   ctrnact-mixed-family-k4-03: (12S@d@a+12,cx4@1@-a+12) + (12S@p@-a+10,cx4@0@a,cx6@1@-a+14,cx4@0@a) + (12S@p@-a+10,cx4@0@a,cx8@1@-a+14,cx4@0@a) + (3S@d@a+10,cx6@1@-a+14) + (3S@d@a+10,cx8@1@-a+14) + (3S@p@-a+6,cx6@0@a+2,3S@p@-a+6,cx6@0@a+2,3S@p@-a+6,cx6@0@a+2) + (3S@p@-a+6,cx6@0@a+2,cx4@1@-a+12,cx8@0@a+4)  P=1 α∈[[30.0, 90.0]]  checks 5/5 pass
[14:06:45]   ctrnact-mixed-family-k4-04: (3,3S@d@-a+16,cx4@0@4,3S@p@a) + (3S@d@-a+16,3S@p@a,cx4@1@8) + (3S@d@-a+16,6S@p@a,cx4@1@8) + (3S@p@a,6S@d@-a+20,cx4@0@4)  P=1 α∈[[0.0, 60.0]]  checks 5/5 pass
[14:06:45]   ctrnact-mixed-family-k4-05: (3,3S@d@14,4) + (3,3S@p@2,4,cx4@1@-a+12,cx4@0@a) + (3,4,6S@p@a+2,cx4@1@-a+12) + (4,6S@d@-a+18,cx4@0@a)  P=1 α∈[[0.0, 90.0]]  checks 5/5 pass
[14:06:45]   ctrnact-mixed-family-k4-06: (3,3S@d@14,4) + (3,3S@p@2,4,cx4@0@a,cx4@1@-a+12) + (3,4,cx12@0@-a+14,cx4@0@a) + (4,cx12@1@a+6,cx4@1@-a+12)  P=1 α∈[[30.0, 90.0]]  checks 5/5 pass
[14:06:45]   ctrnact-mixed-family-k4-07: (3S@d@-a+18,4,cx4@0@a) + (3S@p@a-2,4,6,cx4@1@-a+12) + (4,6,cx4@0@a,cx6@0@-a+10) + (4,cx4@1@-a+12,cx6@1@a+6)  P=1 α∈[[30.0, 90.0]]  checks 5/5 pass
[14:06:45]   ctrnact-mixed-family-k4-08: (3,3,3S@p@a-4,cx4@1@-a+12,cx4@1@-a+12,3S@p@a-4) + (3,3,cx4@1@-a+12,3S@p@2a-8,cx4@1@-a+12) + (3,3S@d@-a+20,cx4@0@a) + (3S@d@-2a+24,cx4@0@a,cx4@0@a)  P=1 α∈[[60.0, 90.0]]  checks 5/5 pass
[14:06:45]   ctrnact-mixed-family-k4-09: (3S@d@-2a+24,cx4@0@a,cx4@0@a) + (3S@p@2a-8,cx4@1@-a+12,6,cx4@1@-a+12) + (6,cx4@0@a,cx6@0@-2a+16,cx4@0@a) + (cx4@1@-a+12,cx4@1@-a+12,cx6@1@2a)  P=1 α∈[[60.0, 90.0]]  checks 5/5 pass
[14:06:45]   ctrnact-mixed-family-k4-10: (3S@d@-2a+24,cx4@0@a,cx4@0@a) + (3S@d@-a+20,cx4@0@4,cx4@0@a) + (3S@p@a-4,cx4@1@-a+12,cx4@1@-a+12,3S@p@a-4,cx4@1@8) + (3S@p@2a-8,cx4@1@-a+12,cx4@1@8,cx4@1@-a+12)  P=1 α∈[[60.0, 90.0]]  checks 5/5 pass
[14:06:45]   ctrnact-mixed-family-k4-11: (3S@d@-2a+24,3S@p@2a-8,cx6@0@-2a+16,3S@p@2a-8) + (3S@d@-2a+24,cx6@1@2a) + (3S@d@-2a+24,cx6@1@2a) + (3S@d@-2a+24,cx6@1@2a) + (3S@p@2a-8,cx6@0@-2a+16,3S@p@2a-8,cx6@0@-2a+16,3S@p@2a-8,cx6@0@-2a+16) + (3S@p@2a-8,cx6@0@-2a+16,cx4@0@a,cx4@0@a,cx6@0@-2a+16) + (cx4@1@-a+12,cx4@1@-a+12,cx6@1@2a)  P=1 α∈[[60.0, 90.0]]  checks 5/5 pass
[14:06:45]   ctrnact-mixed-family-k4-12: (3S@d@-2a+24,cx4@0@a,cx4@0@a) + (3S@d@-2a+24,cx6@1@2a) + (3S@d@-2a+24,cx6@1@2a) + (3S@d@-2a+24,cx6@1@2a) + (3S@p@2a-8,cx4@1@-a+12,cx4@1@-a+12,3S@p@2a-8,cx6@0@-2a+16) + (3S@p@2a-8,cx6@0@-2a+16,3S@p@2a-8,cx6@0@-2a+16,3S@p@2a-8,cx6@0@-2a+16) + (3S@p@2a-8,cx6@0@-2a+16,cx6@1@2a,cx6@0@-2a+16)  P=1 α∈[[60.0, 90.0]]  checks 5/5 pass
[14:06:45]   ctrnact-mixed-family-k4-13: (3S@d@a+8,3S@p@-a+8,cx6@0@a,3S@p@-a+8) + (3S@d@a+8,cx6@1@-a+16) + (3S@d@a+8,cx6@1@-a+16) + (3S@d@a+8,cx6@1@-a+16) + (3S@d@a+8,cx6@1@-a+16) + (3S@d@a+8,cx6@1@-a+16) + (3S@p@-a+8,cx6@0@a,3S@p@-a+8,cx6@0@a,3S@p@-a+8,cx6@0@a) + (3S@p@-a+8,cx6@0@a,3S@p@-a+8,cx6@0@a,3S@p@-a+8,cx6@0@a) + (3S@p@-a+8,cx6@0@a,cx6@1@-a+16,cx6@0@a)  P=1 α∈[[60.0, 120.0]]  checks 5/5 pass
[14:06:45]   ctrnact-mixed-family-k4-14: (3,3S@d@a+8,3,3S@p@-a+8) + (3,3S@d@a+8,6S@p@-a+12) + (3,3S@p@-a+8,3,6S@d@a+8) + (3S@d@a+8,cx6@1@-a+16) + (3S@p@-a+8,6S@d@a+8,3S@p@-a+8,cx6@0@a)  P=1 α∈[[60.0, 120.0]]  checks 5/5 pass
[14:06:45]   ctrnact-mixed-family-k4-15: (3S@d@-2a+24,3S@p@2a-8,cx6@0@-2a+16,3S@p@2a-8) + (3S@d@-2a+24,cx6@1@2a) + (3S@p@2a-8,cx6@0@-2a+16,cx4@0@a,cx4@0@a,cx6@0@-2a+16) + (cx4@0@a,cx4@0@a,cx4@1@-a+12,cx4@1@-a+12) + (cx4@1@-a+12,cx4@1@-a+12,cx6@1@2a)  P=1 α∈[[60.0, 90.0]]  checks 5/5 pass
[14:06:45]   ctrnact-mixed-family-k4-16: (3S@d@a+8,3S@p@-a+8,6) + (3S@d@a+8,3S@p@-a+8,cx6@0@a,3S@p@-a+8) + (3S@d@a+8,3S@p@-a+8,cx6@0@a,3S@p@-a+8) + (3S@d@a+8,cx6@1@-a+16) + (3S@d@a+8,cx6@1@-a+16) + (3S@d@a+8,cx6@1@-a+16) + (3S@p@-a+8,cx6@0@a,3S@p@-a+8,cx6@0@a,3S@p@-a+8,cx6@0@a)  P=1 α∈[[60.0, 120.0]]  checks 5/5 pass
[14:06:45]   ctrnact-mixed-family-k4-17: (3S@d@-a+18,3S@p@a-2,cx6@0@-a+10,3S@p@a-2) + (3S@d@-a+18,cx6@1@a+6) + (3S@d@-a+18,cx6@1@a+6) + (3S@d@-a+18,cx6@1@a+6) + (3S@d@-a+18,cx6@1@a+6) + (3S@d@-a+18,cx6@1@a+6) + (3S@p@a-2,cx6@0@-a+10,3S@p@a-2,cx6@0@-a+10,3S@p@a-2,cx6@0@-a+10) + (3S@p@a-2,cx6@0@-a+10,4,cx4@0@a,cx6@0@-a+10) + (4,cx4@1@-a+12,cx6@1@a+6)  P=1 α∈[[30.0, 90.0]]  checks 5/5 pass
[14:06:45]   ctrnact-mixed-family-k4-18: (3S@d@-a+18,3S@p@a-2,cx6@0@-a+10,3S@p@a-2) + (3S@d@-a+18,cx6@1@a+6) + (3S@d@-a+18,cx6@1@a+6) + (3S@d@-a+18,cx6@1@a+6) + (3S@d@-a+18,cx6@1@a+6) + (3S@d@-a+18,cx6@1@a+6) + (3S@p@a-2,cx6@0@-a+10,3S@p@a-2,cx6@0@-a+10,3S@p@a-2,cx6@0@-a+10) + (3S@p@a-2,cx6@0@-a+10,4,cx4@0@a,cx6@0@-a+10) + (4,cx4@1@-a+12,cx6@1@a+6)  P=1 α∈[[30.0, 90.0]]  checks 5/5 pass
[14:06:45]   ctrnact-mixed-family-k4-19: (3S@d@-a+18,3S@p@a-2,cx6@0@-a+10,3S@p@a-2) + (3S@d@-a+18,cx6@1@a+6) + (3S@d@-a+18,cx6@1@a+6) + (3S@p@a-2,cx6@0@-a+10,4,cx4@0@a,cx6@0@-a+10) + (4,cx4@0@a,4,cx4@1@-a+12) + (4,cx4@1@-a+12,cx6@1@a+6)  P=1 α∈[[30.0, 90.0]]  checks 5/5 pass
[14:06:45]   ctrnact-mixed-family-k4-20: (3S@d@-a+18,3S@p@a-2,cx6@0@-a+10,3S@p@a-2) + (3S@d@-a+18,cx6@1@a+6) + (3S@d@-a+18,cx6@1@a+6) + (3S@p@a-2,cx6@0@-a+10,4,cx4@0@a,cx6@0@-a+10) + (4,cx4@0@a,4,cx4@1@-a+12) + (4,cx4@1@-a+12,cx6@1@a+6)  P=1 α∈[[30.0, 90.0]]  checks 5/5 pass
[14:06:45]   ctrnact-mixed-family-k4-21: (3S@d@-a+18,3S@p@a-2,cx6@0@-a+10,3S@p@a-2) + (3S@d@-a+18,cx6@1@a+6) + (3S@d@-a+18,cx6@1@a+6) + (3S@p@a-2,cx6@0@-a+10,4,cx4@0@a,cx6@0@-a+10) + (4,4,cx4@0@a,cx4@1@-a+12) + (4,cx4@1@-a+12,cx6@1@a+6)  P=1 α∈[[30.0, 90.0]]  checks 5/5 pass
[14:06:45]   ctrnact-mixed-family-k4-22: (3S@d@-a+18,3S@p@a-2,cx6@0@-a+10,3S@p@a-2) + (3S@d@-a+18,cx6@1@a+6) + (3S@d@-a+18,cx6@1@a+6) + (3S@p@a-2,cx6@0@-a+10,4,cx4@0@a,cx6@0@-a+10) + (4,4,cx4@0@a,cx4@1@-a+12) + (4,cx4@1@-a+12,cx6@1@a+6)  P=1 α∈[[30.0, 90.0]]  checks 5/5 pass
[14:06:45]   ctrnact-mixed-family-k4-23: (3S@d@-a+18,4,cx4@0@a) + (3S@d@-a+18,cx6@1@a+6) + (3S@d@-a+18,cx6@1@a+6) + (3S@p@a-2,4,cx4@1@-a+12,3S@p@a-2,cx6@0@-a+10) + (3S@p@a-2,cx6@0@-a+10,4,cx4@0@a,cx6@0@-a+10) + (4,cx4@1@-a+12,cx6@1@a+6)  P=1 α∈[[30.0, 90.0]]  checks 5/5 pass
[14:06:45]   ctrnact-mixed-family-k4-24: (3S@d@-a+18,4,cx4@0@a) + (3S@d@-a+18,cx6@1@a+6) + (3S@d@-a+18,cx6@1@a+6) + (3S@p@a-2,4,cx4@1@-a+12,3S@p@a-2,cx6@0@-a+10) + (3S@p@a-2,cx6@0@-a+10,4,cx4@0@a,cx6@0@-a+10) + (4,cx4@1@-a+12,cx6@1@a+6)  P=1 α∈[[30.0, 90.0]]  checks 5/5 pass
[14:06:45]   ctrnact-mixed-family-k4-25: (3S@d@-2a+22,4,cx4@0@2a-4) + (3S@d@-2a+22,cx6@1@2a+2) + (3S@d@-2a+22,cx6@1@2a+2) + (3S@p@2a-6,4,cx4@1@-2a+16,3S@p@2a-6,cx6@0@-2a+14) + (3S@p@2a-6,cx6@0@-2a+14,cx4@0@a+1,cx4@0@a+1,cx6@0@-2a+14) + (cx4@1@-a+11,cx4@1@-a+11,cx6@1@2a+2)  P=1 α∈[[45.0, 75.0]]  checks 5/5 pass
[14:06:45]   ctrnact-mixed-family-k4-26: (3S@d@-2a+22,4,cx4@0@2a-4) + (3S@d@-2a+22,cx6@1@2a+2) + (3S@d@-2a+22,cx6@1@2a+2) + (3S@p@2a-6,4,cx4@1@-2a+16,3S@p@2a-6,cx6@0@-2a+14) + (3S@p@2a-6,cx6@0@-2a+14,cx4@0@a+1,cx4@0@a+1,cx6@0@-2a+14) + (cx4@1@-a+11,cx4@1@-a+11,cx6@1@2a+2)  P=1 α∈[[45.0, 75.0]]  checks 5/5 pass
[14:06:45]   ctrnact-mixed-family-k4-27: (3S@d@-a+18,4,6S@p@a) + (3S@d@-a+18,4,cx4@0@a) + (3S@d@-a+18,cx6@1@a+6) + (3S@p@a-2,4,6S@d@-a+20) + (3S@p@a-2,4,cx4@1@-a+12,3S@p@a-2,cx6@0@-a+10)  P=1 α∈[[30.0, 90.0]]  checks 5/5 pass
[14:06:45]   ctrnact-mixed-family-k4-28: (3S@d@-a+18,4,cx4@0@a) + (3S@d@-a+18,4,cx4@0@a) + (3S@d@-a+18,cx6@1@a+6) + (3S@p@a-2,4,6S@p@2,4,cx4@1@-a+12) + (3S@p@a-2,4,cx4@1@-a+12,3S@p@a-2,cx6@0@-a+10) + (4,6S@d@18)  P=1 α∈[[30.0, 90.0]]  checks 5/5 pass
[14:06:45]   ctrnact-mixed-family-k4-29: (3S@d@-a+18,4,cx4@0@a) + (3S@d@-a+18,cx6@1@a+6) + (3S@d@-a+18,cx6@1@a+6) + (3S@p@a-2,4,cx4@1@-a+12,3S@p@a-2,cx6@0@-a+10) + (3S@p@a-2,cx6@0@-a+10,4,cx4@0@a,cx6@0@-a+10) + (4,cx4@1@-a+12,cx6@1@a+6)  P=1 α∈[[30.0, 90.0]]  checks 5/5 pass
[14:06:45]   ctrnact-mixed-family-k4-30: (3S@d@-a+18,4,cx4@0@a) + (3S@d@-a+18,cx6@1@a+6) + (3S@d@-a+18,cx6@1@a+6) + (3S@p@a-2,4,cx4@1@-a+12,3S@p@a-2,cx6@0@-a+10) + (3S@p@a-2,cx6@0@-a+10,4,cx4@0@a,cx6@0@-a+10) + (4,cx4@1@-a+12,cx6@1@a+6)  P=1 α∈[[30.0, 90.0]]  checks 5/5 pass
[14:06:45]   ctrnact-mixed-family-k4-31: (3S@d@-a+18,4,cx4@0@a) + (3S@d@-a+18,6S@p@6,cx4@0@a) + (3S@d@-a+18,cx6@1@a+6) + (3S@p@a-2,4,cx4@1@-a+12,3S@p@a-2,cx6@0@-a+10) + (3S@p@a-2,6S@d@14,cx4@1@-a+12)  P=1 α∈[[30.0, 90.0]]  checks 5/5 pass
[14:06:45]   ctrnact-mixed-family-k4-32: (3S@d@-2a+24,cx4@0@a,cx4@0@a) + (3S@d@-2a+24,cx6@1@2a) + (3S@p@2a-8,cx4@1@-a+12,cx4@1@-a+12,3S@p@2a-8,cx6@0@-2a+16) + (3S@p@2a-8,cx6@0@-2a+16,cx4@0@a,cx4@0@a,cx6@0@-2a+16) + (cx4@1@-a+12,cx4@1@-a+12,cx6@1@2a)  P=1 α∈[[60.0, 90.0]]  checks 5/5 pass
[14:06:45]   ctrnact-mixed-family-k4-33: (3S@d@-2a+24,cx4@0@a,cx4@0@a) + (3S@d@-2a+24,cx6@1@2a) + (3S@p@2a-8,cx4@1@-a+12,cx4@1@-a+12,3S@p@2a-8,cx6@0@-2a+16) + (3S@p@2a-8,cx6@0@-2a+16,cx4@0@a,cx4@0@a,cx6@0@-2a+16) + (cx4@1@-a+12,cx4@1@-a+12,cx6@1@2a)  P=1 α∈[[60.0, 90.0]]  checks 5/5 pass
[14:06:45]   ctrnact-mixed-family-k4-34: (3S@d@-2a+22,cx4@0@a+1,cx4@0@a+1) + (3S@d@-2a+22,cx6@1@2a+2) + (3S@d@-2a+22,cx6@1@2a+2) + (3S@p@2a-6,cx4@1@-a+11,cx4@1@-a+11,3S@p@2a-6,cx6@0@-2a+14) + (3S@p@2a-6,cx6@0@-2a+14,4,cx4@0@2a-4,cx6@0@-2a+14) + (4,cx4@1@-2a+16,cx6@1@2a+2)  P=1 α∈[[45.0, 75.0]]  checks 5/5 pass
[14:06:45]   ctrnact-mixed-family-k4-35: (3S@d@-2a+22,cx4@0@a+1,cx4@0@a+1) + (3S@d@-2a+22,cx6@1@2a+2) + (3S@d@-2a+22,cx6@1@2a+2) + (3S@p@2a-6,cx4@1@-a+11,cx4@1@-a+11,3S@p@2a-6,cx6@0@-2a+14) + (3S@p@2a-6,cx6@0@-2a+14,4,cx4@0@2a-4,cx6@0@-2a+14) + (4,cx4@1@-2a+16,cx6@1@2a+2)  P=1 α∈[[45.0, 75.0]]  checks 5/5 pass
[14:06:45]   ctrnact-mixed-family-k4-36: (3S@d@-2a+24,6S@p@a,cx4@0@a) + (3S@d@-2a+24,cx4@0@a,cx4@0@a) + (3S@d@-2a+24,cx6@1@2a) + (3S@p@2a-8,6S@d@-a+20,cx4@1@-a+12) + (3S@p@2a-8,cx4@1@-a+12,cx4@1@-a+12,3S@p@2a-8,cx6@0@-2a+16)  P=1 α∈[[60.0, 90.0]]  checks 5/5 pass
[14:06:45]   ctrnact-mixed-family-k4-37: (3S@d@-a+18,cx6@1@a+6) + (3S@p@a-2,cx6@0@-a+10,4,cx4@0@a,cx6@0@-a+10) + (4,cx4@1@-a+12,cx6@1@a+6) + (6S@d@14,cx4@0@a,cx6@0@-a+10) + (6S@p@6,cx4@1@-a+12,cx6@1@a+6)  P=1 α∈[[30.0, 90.0]]  checks 5/5 pass
[14:06:45]   ctrnact-mixed-family-k4-38: (3S@d@-a+18,cx6@1@a+6) + (3S@p@a-2,cx6@0@-a+10,4,cx4@0@a,cx6@0@-a+10) + (4,6S@d@18) + (4,6S@p@2,4,cx4@0@a,cx6@0@-a+10) + (4,cx4@1@-a+12,cx6@1@a+6) + (4,cx4@1@-a+12,cx6@1@a+6)  P=1 α∈[[30.0, 90.0]]  checks 5/5 pass
[14:06:45]   ctrnact-mixed-family-k4-39: (3S@d@-a+18,cx6@1@a+6) + (3S@p@a-2,cx6@0@-a+10,4,cx4@0@a,cx6@0@-a+10) + (4,cx4@0@a,6S@p@-a+8,cx4@0@a,cx6@0@-a+10) + (4,cx4@1@-a+12,cx6@1@a+6) + (4,cx4@1@-a+12,cx6@1@a+6) + (6S@d@a+12,cx4@1@-a+12)  P=1 α∈[[30.0, 90.0]]  checks 5/5 pass
[14:06:45]   ctrnact-mixed-family-k4-40: (3,cx4@0@a,cx6@0@-2a+16,3S@p@2a-8,cx4@1@-a+12) + (3S@d@-2a+24,cx4@0@a,cx4@0@a) + (3S@d@-2a+24,cx6@1@2a) + (3S@p@2a-8,cx6@0@-2a+16,3S@p@2a-8,cx6@0@-2a+16,3S@p@2a-8,cx6@0@-2a+16) + (cx4@1@-a+12,cx4@1@-a+12,cx6@1@2a)  P=1 α∈[[60.0, 90.0]]  checks 5/5 pass
[14:06:45]   ctrnact-mixed-family-k4-41: (3S@d@-2a+24,cx4@0@a,cx4@0@a) + (3S@d@-2a+24,cx6@1@2a) + (3S@p@2a-8,cx4@1@-a+12,cx4@1@-a+12,3S@p@2a-8,cx6@0@-2a+16) + (3S@p@2a-8,cx6@0@-2a+16,cx6@1@2a,cx6@0@-2a+16) + (cx4@0@a,cx4@0@a,cx4@1@-a+12,cx4@1@-a+12)  P=1 α∈[[60.0, 90.0]]  checks 5/5 pass
[14:06:45]   ctrnact-mixed-family-k4-42: (3S@d@-a+18,4,cx4@0@a) + (3S@d@-a+18,cx6@1@a+6) + (3S@d@-a+18,cx6@1@a+6) + (3S@p@a-2,4,cx4@1@-a+12,3S@p@a-2,cx6@0@-a+10) + (3S@p@a-2,cx6@0@-a+10,cx6@1@a+6,cx6@0@-a+10) + (4,cx4@0@a,4,cx4@1@-a+12)  P=1 α∈[[30.0, 90.0]]  checks 5/5 pass
[14:06:45]   ctrnact-mixed-family-k4-43: (3S@d@-a+18,4,cx4@0@a) + (3S@d@-a+18,cx6@1@a+6) + (3S@d@-a+18,cx6@1@a+6) + (3S@p@a-2,4,cx4@1@-a+12,3S@p@a-2,cx6@0@-a+10) + (3S@p@a-2,cx6@0@-a+10,cx6@1@a+6,cx6@0@-a+10) + (4,cx4@0@a,4,cx4@1@-a+12)  P=1 α∈[[30.0, 90.0]]  checks 5/5 pass
[14:06:45]   ctrnact-mixed-family-k4-44: (3S@d@-a+18,4,cx4@0@a) + (3S@d@-a+18,cx6@1@a+6) + (3S@d@-a+18,cx6@1@a+6) + (3S@p@a-2,4,cx4@1@-a+12,3S@p@a-2,cx6@0@-a+10) + (3S@p@a-2,cx6@0@-a+10,cx6@1@a+6,cx6@0@-a+10) + (4,4,cx4@0@a,cx4@1@-a+12)  P=1 α∈[[30.0, 90.0]]  checks 5/5 pass
[14:06:45]   ctrnact-mixed-family-k4-45: (3S@d@-a+18,4,cx4@0@a) + (3S@d@-a+18,cx6@1@a+6) + (3S@d@-a+18,cx6@1@a+6) + (3S@p@a-2,4,cx4@1@-a+12,3S@p@a-2,cx6@0@-a+10) + (3S@p@a-2,cx6@0@-a+10,cx6@1@a+6,cx6@0@-a+10) + (4,4,cx4@0@a,cx4@1@-a+12)  P=1 α∈[[30.0, 90.0]]  checks 5/5 pass
[14:06:45]   ctrnact-mixed-family-k4-46: (3S@d@-a+18,4,cx4@0@a) + (3S@d@-a+18,cx6@1@a+6) + (3S@d@-a+18,cx6@1@a+6) + (3S@d@-a+18,cx6@1@a+6) + (3S@d@-a+18,cx6@1@a+6) + (3S@d@-a+18,cx6@1@a+6) + (3S@p@a-2,4,cx4@1@-a+12,3S@p@a-2,cx6@0@-a+10) + (3S@p@a-2,cx6@0@-a+10,3S@p@a-2,cx6@0@-a+10,3S@p@a-2,cx6@0@-a+10) + (3S@p@a-2,cx6@0@-a+10,cx6@1@a+6,cx6@0@-a+10)  P=1 α∈[[30.0, 90.0]]  checks 5/5 pass
[14:06:45]   ctrnact-mixed-family-k4-47: (3S@d@-a+18,4,cx4@0@a) + (3S@d@-a+18,cx6@1@a+6) + (3S@d@-a+18,cx6@1@a+6) + (3S@d@-a+18,cx6@1@a+6) + (3S@d@-a+18,cx6@1@a+6) + (3S@d@-a+18,cx6@1@a+6) + (3S@p@a-2,4,cx4@1@-a+12,3S@p@a-2,cx6@0@-a+10) + (3S@p@a-2,cx6@0@-a+10,3S@p@a-2,cx6@0@-a+10,3S@p@a-2,cx6@0@-a+10) + (3S@p@a-2,cx6@0@-a+10,cx6@1@a+6,cx6@0@-a+10)  P=1 α∈[[30.0, 90.0]]  checks 5/5 pass
[14:06:45]   ctrnact-mixed-family-k4-48: (3S@d@a+8,cx6@1@-a+16) + (3S@d@a+8,cx6@1@-a+16) + (3S@d@a+8,cx6@1@-a+16) + (3S@p@-a+8,cx6@0@a,3S@p@-a+8,cx6@0@a,3S@p@-a+8,cx6@0@a) + (3S@p@-a+8,cx6@0@a,cx6@1@-a+16,cx6@0@a) + (3S@p@-a+8,cx6@0@a,cx6@1@-a+16,cx6@0@a) + (6,cx6@0@a,cx6@1@-a+16)  P=1 α∈[[60.0, 120.0]]  checks 5/5 pass
[14:06:45]   ctrnact-mixed-family-k4-49: (3S@d@-a+18,cx4@0@a,4S@p@-a+6,cx4@0@a) + (3S@d@-a+18,cx8@1@a+6) + (3S@p@a-2,cx4@1@-a+12,6S@p@a+2,cx4@1@-a+12) + (3S@p@a-2,cx4@1@-a+12,6S@p@a+2,cx8@0@-a+12) + (4S@d@a+12,cx4@1@-a+12) + (4S@d@a+12,cx4@1@-a+12) + (4S@p@-a+6,cx4@0@a,6S@d@-a+18,cx4@0@a) + (6S@d@-a+18,cx8@1@a+6)  P=1 α∈[[30.0, 90.0]]  checks 5/5 pass
[14:06:45]   ctrnact-mixed-family-k4-50: (3S@d@a+8,cx8@1@-a+16) + (3S@p@-a+8,cx8@0@a+2,6S@p@-a+12,cx8@0@a+2) + (4S@d@a+8,cx6@1@-a+16) + (4S@d@a+8,cx8@1@-a+16) + (4S@p@-a+10,cx6@0@a,6S@p@-a+12,cx8@0@a+2) + (6S@d@a+8,cx6@1@-a+16) + (6S@d@a+8,cx6@1@-a+16) + (6S@d@a+8,cx6@1@-a+16) + (6S@d@a+8,cx8@1@-a+16) + (6S@p@-a+12,cx6@0@a,6S@p@-a+12,cx6@0@a) + (6S@p@-a+12,cx6@0@a,6S@p@-a+12,cx6@0@a)  P=1 α∈[[60.0, 120.0]]  checks 5/5 pass
[14:06:45]   ctrnact-mixed-family-k4-51: (3S@d@a+8,cx8@1@-a+16) + (3S@d@a+8,cx8@1@-a+16) + (3S@p@-a+8,cx8@0@a+2,6S@p@-a+12,cx8@0@a+2) + (3S@p@-a+8,cx8@0@a+2,6S@p@-a+12,cx8@0@a+2) + (4S@d@a+8,cx6@1@-a+16) + (4S@d@a+8,cx8@1@-a+16) + (4S@p@-a+10,cx6@0@a,6S@p@-a+12,cx8@0@a+2) + (6S@d@a+8,cx6@1@-a+16) + (6S@d@a+8,cx6@1@-a+16) + (6S@d@a+8,cx8@1@-a+16) + (6S@d@a+8,cx8@1@-a+16) + (6S@d@a+8,cx8@1@-a+16) + (6S@p@-a+12,cx6@0@a,6S@p@-a+12,cx6@0@a)  P=1 α∈[[60.0, 120.0]]  checks 5/5 pass
[14:06:45]   ctrnact-mixed-family-k4-52: (3S@d@a+8,cx8@1@-a+16) + (3S@d@a+8,cx8@1@-a+16) + (3S@p@-a+8,cx8@0@a+2,6S@p@-a+12,cx8@0@a+2) + (3S@p@-a+8,cx8@0@a+2,6S@p@-a+12,cx8@0@a+2) + (4S@d@a+8,cx6@1@-a+16) + (4S@d@a+8,cx8@1@-a+16) + (4S@p@-a+10,cx6@0@a,6S@p@-a+12,cx8@0@a+2) + (6S@d@a+8,cx6@1@-a+16) + (6S@d@a+8,cx8@1@-a+16) + (6S@d@a+8,cx8@1@-a+16) + (6S@p@-a+12,cx6@0@a,6S@p@-a+12,cx6@0@a)  P=1 α∈[[60.0, 120.0]]  checks 5/5 pass
[14:06:45]   ctrnact-mixed-family-k4-53: (3S@d@-a+18,cx4@0@a,4S@p@-a+6,cx4@0@a) + (3S@d@-a+18,cx8@1@a+6) + (3S@p@a-2,cx4@1@-a+12,6S@p@a+2,cx8@0@-a+12) + (3S@p@a-2,cx8@0@-a+12,6S@p@a+2,cx8@0@-a+12) + (4S@d@a+12,cx4@1@-a+12) + (4S@p@-a+6,cx4@0@a,6S@d@-a+18,cx4@0@a) + (6S@d@-a+18,cx8@1@a+6) + (6S@d@-a+18,cx8@1@a+6)  P=1 α∈[[30.0, 90.0]]  checks 5/5 pass
[14:06:45]   ctrnact-mixed-family-k4-54: (3S@d@-a+18,cx4@0@a,4S@p@-a+6,cx4@0@a) + (3S@d@-a+18,cx8@1@a+6) + (3S@p@a-2,cx4@1@-a+12,6S@p@a+2,cx8@0@-a+12) + (3S@p@a-2,cx8@0@-a+12,6S@p@a+2,cx8@0@-a+12) + (4S@d@a+12,cx4@1@-a+12) + (4S@p@-a+6,cx4@0@a,6S@d@-a+18,cx4@0@a) + (6S@d@-a+18,cx8@1@a+6)  P=1 α∈[[30.0, 90.0]]  checks 5/5 pass
[14:06:45]   ctrnact-mixed-family-k4-55: (3,3,3,3,3S@p@a-4,cx4@1@-a+12) + (3,3,3S@d@-a+20,3S@p@a-4) + (3,3S@d@-a+20,cx4@0@a) + (3S@d@-a+20,3S@p@a-4,6)  P=1 α∈[[60.0, 120.0]]  checks 5/5 pass
[14:06:45]   ctrnact-mixed-family-k4-56: (3,3,3,3S@p@a-4,cx6@1@-a+16) + (3,3,3S@d@-a+20,3S@p@a-4) + (3,3S@d@-a+20,cx6@0@a) + (3S@d@-a+20,3S@p@a-4,6)  P=1 α∈[[60.0, 120.0]]  checks 5/5 pass
[14:06:45]   ctrnact-mixed-family-k4-57: (3,3S@d@-a+20,cx6@0@a) + (3,3S@p@a-4,3S@d@-a+20,cx4@0@4) + (3,cx4@1@8,3S@p@a-4,cx6@1@-a+16) + (3S@d@-a+20,3S@p@a-4,6)  P=1 α∈[[60.0, 120.0]]  checks 5/5 pass
[14:06:45]   ctrnact-mixed-family-k4-58: (3S@d@-a+16,3S@p@a,6) + (3S@d@-a+16,3S@p@a,cx4@0@4,cx4@0@4) + (3S@d@-a+16,3S@p@a,cx4@1@8) + (cx4@1@8,cx4@1@8,cx4@1@8)  P=1 α∈[[0.0, 60.0]]  checks 5/5 pass
[14:06:45]   ctrnact-mixed-family-k4-59: (3S@d@-a+16,3S@p@a,6) + (3S@d@-a+16,3S@p@a,cx4@0@4,cx4@0@4) + (3S@d@-a+16,3S@p@a,cx4@1@8) + (cx4@1@8,cx4@1@8,cx4@1@8)  P=1 α∈[[0.0, 60.0]]  checks 5/5 pass
[14:06:45]   ctrnact-mixed-family-k4-60: (3,cx4@0@4,3S@p@a-4,cx4@1@-a+12,cx4@1@8) + (3S@d@-a+20,3S@p@a-4,6) + (3S@d@-a+20,3S@p@a-4,cx4@1@8) + (3S@d@-a+20,cx4@0@4,cx4@0@a)  P=1 α∈[[60.0, 120.0]]  checks 5/5 pass
[14:06:45]   ctrnact-mixed-family-k4-61: (3S@d@-a+20,3S@p@a-4,6) + (3S@d@-a+20,3S@p@a-4,cx4@1@8) + (3S@d@-a+20,cx4@0@4,cx6@0@a) + (3S@p@a-4,cx4@0@4,cx4@1@8,cx6@1@-a+16)  P=1 α∈[[60.0, 120.0]]  checks 5/5 pass
[14:06:45]   ctrnact-mixed-family-k4-62: (3,3S@d@-a+20,cx4@0@a) + (3,3S@p@a-4,3S@d@-a+20,cx4@0@4) + (3,cx4@1@-a+12,3S@p@a-4,cx4@0@4,cx4@1@8) + (3S@d@-a+20,3S@p@a-4,cx4@1@8)  P=1 α∈[[60.0, 120.0]]  checks 5/5 pass
[14:06:45]   ctrnact-mixed-family-k4-63: (3,3S@d@-a+16,3S@p@a,cx4@0@4) + (3,3S@p@a,3S@d@-a+16,cx4@0@4) + (3,cx4@1@8,3,cx4@1@8) + (3S@d@-a+16,3S@p@a,cx4@1@8)  P=1 α∈[[0.0, 60.0]]  checks 5/5 pass
[14:06:45]   ctrnact-mixed-family-k4-64: (3,3,3,3,3,3) + (3,3,3S@d@-a+16,3S@p@a) + (3,3S@d@-a+16,cx4@0@4,3S@p@a) + (3S@d@-a+16,3S@p@a,cx4@1@8)  P=1 α∈[[0.0, 60.0]]  checks 5/5 pass
[14:06:45]   ctrnact-mixed-family-k4-65: (3,3S@d@-a+20,cx4@0@4,3S@p@a-4) + (3,3S@d@-a+20,cx4@0@a) + (3,3S@p@a-4,cx4@1@-a+12,3S@p@a-4,3,cx4@1@-a+12) + (3S@d@-a+20,3S@p@a-4,cx4@1@8)  P=1 α∈[[60.0, 120.0]]  checks 5/5 pass
[14:06:45]   ctrnact-mixed-family-k4-66: (3,3S@d@-a+20,cx4@0@4,3S@p@a-4) + (3,3S@d@-a+20,cx4@0@a) + (3,3S@p@a-4,cx4@1@-a+12,3,3S@p@a-4,cx4@1@-a+12) + (3S@d@-a+20,3S@p@a-4,cx4@1@8)  P=1 α∈[[60.0, 120.0]]  checks 5/5 pass
[14:06:45]   ctrnact-mixed-family-k4-67: (3,3S@d@-a+20,cx4@0@4,3S@p@a-4) + (3,3S@d@-a+20,cx4@0@a) + (3,3S@p@a-4,cx4@1@-a+12,cx4@0@a,cx4@1@-a+12) + (3S@d@-a+20,3S@p@a-4,cx4@1@8)  P=1 α∈[[60.0, 120.0]]  checks 5/5 pass
[14:06:45]   ctrnact-mixed-family-k4-68: (3,3S@d@-a+20,cx4@0@4,3S@p@a-4) + (3,3S@d@-a+20,cx4@0@a) + (3,3S@p@a-4,cx4@1@-a+12,cx4@0@a,cx4@1@-a+12) + (3S@d@-a+20,3S@p@a-4,cx4@1@8)  P=1 α∈[[60.0, 120.0]]  checks 5/5 pass
[14:06:45]   ctrnact-mixed-family-k4-69: (3,3,3S@d@-a+16,3S@p@a) + (3,3S@d@-a+16,3,3S@p@a) + (3S@d@-a+16,3S@p@a,cx4@1@8) + (3S@d@-a+16,cx4@0@4,3S@p@a,cx4@0@4)  P=1 α∈[[0.0, 60.0]]  checks 5/5 pass
[14:06:45]   ctrnact-mixed-family-k4-70: (3,3,3S@p@a-4,cx4@1@-a+12,cx4@1@8) + (3,3S@d@-a+20,3S@p@a-4,cx4@0@4) + (3S@d@-a+20,3S@p@a-4,cx4@1@8) + (3S@d@-a+20,cx4@0@4,cx4@0@a)  P=1 α∈[[60.0, 120.0]]  checks 5/5 pass
[14:06:45]   ctrnact-mixed-family-k4-71: (3S@d@-a+20,3S@p@a-4,cx4@0@4,cx4@0@4) + (3S@d@-a+20,3S@p@a-4,cx4@1@8) + (3S@d@-a+20,cx4@0@4,cx4@0@a) + (3S@p@a-4,cx4@1@-a+12,cx4@1@8,cx4@1@8)  P=1 α∈[[60.0, 120.0]]  checks 5/5 pass
[14:06:45]   ctrnact-mixed-family-k4-72: (3,3S@d@-a+16,cx4@0@4,3S@p@a) + (3S@d@-a+16,3S@p@a,cx4@1@8) + (3S@d@-a+16,6S@p@a+4,cx4@0@4) + (3S@p@a,6S@d@-a+16,cx4@1@8)  P=1 α∈[[0.0, 60.0]]  checks 5/5 pass
[14:06:45]   ctrnact-mixed-family-k4-73: (3S@d@a+8,cx12@0@-a+16) + (3S@d@a+8,cx12@0@-a+16) + (3S@d@a+8,cx12@0@-a+16) + (3S@d@a+8,cx6@1@-a+16) + (3S@p@-a+8,cx12@1@a+4,3S@p@-a+8,cx12@1@a+4) + (3S@p@-a+8,cx12@1@a+4,3S@p@-a+8,cx12@1@a+4) + (3S@p@-a+8,cx12@1@a+4,6S@p@-a+12,cx6@0@a) + (6S@d@a+8,cx12@0@-a+16) + (6S@d@a+8,cx6@1@-a+16) + (6S@p@-a+12,cx6@0@a,6S@p@-a+12,cx6@0@a)  P=1 α∈[[60.0, 120.0]]  checks 5/5 pass
[14:06:45]   ctrnact-mixed-family-k4-74: (3,3S@d@-a+20,3,3S@p@a-4) + (3,3S@d@-a+20,cx4@0@a) + (3,3S@p@a-4,cx12@1@-a+16,3S@p@a-4,cx4@1@-a+12) + (3S@d@-a+20,cx12@0@a+4) + (3S@d@-a+20,cx12@0@a+4) + (3S@p@a-4,cx12@1@-a+16,3S@p@a-4,cx12@1@-a+16)  P=1 α∈[[60.0, 120.0]]  checks 5/5 pass
[14:06:45]   ctrnact-mixed-family-k4-75: (3,3S@d@-a+20,cx4@0@a) + (3,3S@p@a-4,cx12@1@-a+16,3S@p@a-4,cx4@1@-a+12) + (3,cx4@0@a,6,cx4@1@-a+12) + (3S@d@-a+20,cx12@0@a+4) + (3S@d@-a+20,cx12@0@a+4) + (3S@d@-a+20,cx12@0@a+4) + (3S@p@a-4,cx12@1@-a+16,3S@p@a-4,cx12@1@-a+16)  P=1 α∈[[60.0, 120.0]]  checks 5/5 pass
[14:06:45]   ctrnact-mixed-family-k4-76: (3,3S@d@-a+20,cx4@0@a) + (3,3S@p@a-4,cx12@1@-a+16,3S@p@a-4,cx4@1@-a+12) + (3,cx4@0@a,6,cx4@1@-a+12) + (3S@d@-a+20,cx12@0@a+4) + (3S@d@-a+20,cx12@0@a+4) + (3S@p@a-4,cx12@1@-a+16,3S@p@a-4,cx12@1@-a+16)  P=1 α∈[[60.0, 120.0]]  checks 5/5 pass
[14:06:45]   ctrnact-mixed-family-k4-77: (3S@d@a+8,cx12@0@-a+16) + (3S@d@a+8,cx6@1@-a+16) + (3S@p@-a+8,cx12@1@a+4,3S@p@-a+8,cx12@1@a+4) + (3S@p@-a+8,cx12@1@a+4,6S@p@-a+12,cx6@0@a) + (6S@d@a+8,cx12@0@-a+16) + (6S@d@a+8,cx6@1@-a+16) + (6S@d@a+8,cx6@1@-a+16) + (6S@d@a+8,cx6@1@-a+16) + (6S@p@-a+12,cx6@0@a,6S@p@-a+12,cx6@0@a) + (6S@p@-a+12,cx6@0@a,6S@p@-a+12,cx6@0@a)  P=1 α∈[[60.0, 120.0]]  checks 5/5 pass
[14:06:45]   ctrnact-mixed-family-k4-78: (3,3,3S@d@-a+20,3S@p@a-4) + (3,3,cx4@0@a,3,cx4@1@-a+12) + (3,3S@d@-a+20,cx4@0@a) + (3,3S@p@a-4,cx12@1@-a+16,3S@p@a-4,cx4@1@-a+12) + (3S@d@-a+20,cx12@0@a+4)  P=1 α∈[[60.0, 120.0]]  checks 5/5 pass
[14:06:45]   ctrnact-mixed-family-k4-79: (3,cx4@0@a,cx4@1@8,cx4@1@-a+12) + (3S@d@-a+20,3S@p@a-4,cx4@1@8) + (3S@d@-a+20,cx12@0@a+4) + (3S@d@-a+20,cx4@0@4,cx4@0@a) + (3S@p@a-4,cx12@1@-a+16,3S@p@a-4,cx4@0@4,cx4@1@-a+12)  P=1 α∈[[60.0, 120.0]]  checks 5/5 pass
[14:06:45]   ctrnact-mixed-family-k4-80: (3,3,3S@p@a-4,cx4@1@8,cx4@1@-a+12) + (3,3S@d@-a+20,cx4@0@a) + (3S@d@-a+20,3S@p@a-4,cx4@1@-a+12,3S@p@a-4) + (3S@d@-a+20,cx4@0@4,cx4@0@a)  P=1 α∈[[60.0, 120.0]]  checks 5/5 pass
[14:06:45]   ctrnact-mixed-family-k4-81: (3,3,3S@p@a-4,cx4@1@8,cx4@1@-a+12) + (3,3S@d@-a+20,cx4@0@a) + (3S@d@-a+20,3S@p@a-4,cx4@1@-a+12,3S@p@a-4) + (3S@d@-a+20,cx4@0@4,cx4@0@a)  P=1 α∈[[60.0, 120.0]]  checks 5/5 pass
[14:06:45]   ctrnact-mixed-family-k4-82: (3,3,3S@d@-a+20,3S@p@a-4) + (3,3S@d@-a+20,3,3S@p@a-4) + (3,3S@d@-a+20,cx4@0@a) + (3,3S@p@a-4,cx4@1@-a+12,3S@p@a-4,3,cx4@1@-a+12)  P=1 α∈[[60.0, 120.0]]  checks 5/5 pass
[14:06:45]   ctrnact-mixed-family-k4-83: (3,3S@d@-a+20,3,3S@p@a-4) + (3,3S@d@-a+20,3,3S@p@a-4) + (3,3S@d@-a+20,cx4@0@a) + (3,3S@p@a-4,cx4@1@-a+12,3S@p@a-4,3,cx4@1@-a+12)  P=1 α∈[[60.0, 120.0]]  checks 5/5 pass
[14:06:45]   ctrnact-mixed-family-k4-84: (3,3,3S@d@-a+20,3S@p@a-4) + (3,3S@d@-a+20,3,3S@p@a-4) + (3,3S@d@-a+20,cx4@0@a) + (3,3S@p@a-4,cx4@1@-a+12,3,3S@p@a-4,cx4@1@-a+12)  P=1 α∈[[60.0, 120.0]]  checks 5/5 pass
[14:06:45]   ctrnact-mixed-family-k4-85: (3,3S@d@-a+20,3,3S@p@a-4) + (3,3S@d@-a+20,3,3S@p@a-4) + (3,3S@d@-a+20,cx4@0@a) + (3,3S@p@a-4,cx4@1@-a+12,3,3S@p@a-4,cx4@1@-a+12)  P=1 α∈[[60.0, 120.0]]  checks 5/5 pass
[14:06:45]   ctrnact-mixed-family-k4-86: (3,3,3,3,3S@p@a-4,cx4@1@-a+12) + (3,3,3S@d@-a+20,3S@p@a-4) + (3,3,3S@d@-a+20,3S@p@a-4) + (3,3S@d@-a+20,cx4@0@a)  P=1 α∈[[60.0, 120.0]]  checks 5/5 pass
[14:06:45]   ctrnact-mixed-family-k4-87: (3,3,3S@d@-a+20,3S@p@a-4) + (3,3,cx4@1@-a+12,3S@p@a-4,cx4@1@8) + (3,3S@d@-a+20,cx4@0@a) + (3,3S@p@a-4,3S@d@-a+20,cx4@0@4)  P=1 α∈[[60.0, 120.0]]  checks 5/5 pass
[14:06:45]   ctrnact-mixed-family-k4-88: (3,3S@d@-a+20,3,3S@p@a-4) + (3,3S@d@-a+20,cx4@0@a) + (3,3S@p@a-4,cx4@1@-a+12,cx4@0@a,cx4@1@-a+12) + (cx4@0@a,cx4@1@-a+12,cx4@0@a,cx4@1@-a+12)  P=1 α∈[[60.0, 120.0]]  checks 5/5 pass
[14:06:45]   ctrnact-mixed-family-k4-89: (3,3S@d@-a+20,3,3S@p@a-4) + (3,3S@d@-a+20,cx4@0@a) + (3,3S@p@a-4,cx4@1@-a+12,cx4@0@a,cx4@1@-a+12) + (cx4@0@a,cx4@1@-a+12,cx4@0@a,cx4@1@-a+12)  P=1 α∈[[60.0, 120.0]]  checks 5/5 pass
[14:06:45]   ctrnact-mixed-family-k4-90: (3,3S@d@-a+20,3,3S@p@a-4) + (3,3S@d@-a+20,cx4@0@a) + (3,3S@p@a-4,cx4@1@-a+12,cx4@0@a,cx4@1@-a+12) + (cx4@0@a,cx4@1@-a+12,cx4@0@a,cx4@1@-a+12)  P=1 α∈[[60.0, 120.0]]  checks 5/5 pass
[14:06:45]   ctrnact-mixed-family-k4-91: (3,3S@d@-a+20,3,3S@p@a-4) + (3,3S@d@-a+20,cx4@0@a) + (3,3S@p@a-4,cx4@1@-a+12,cx4@0@a,cx4@1@-a+12) + (cx4@0@a,cx4@1@-a+12,cx4@0@a,cx4@1@-a+12)  P=1 α∈[[60.0, 120.0]]  checks 5/5 pass
[14:06:45]   ctrnact-mixed-family-k4-92: (3,3,3S@d@-a+20,3S@p@a-4) + (3,3S@d@-a+20,3,3S@p@a-4) + (3,3S@d@-a+20,cx4@0@a) + (3,3S@p@a-4,cx4@1@-a+12,cx4@0@a,cx4@1@-a+12)  P=1 α∈[[60.0, 120.0]]  checks 5/5 pass
[14:06:45]   ctrnact-mixed-family-k4-93: (3,3,3S@d@-a+20,3S@p@a-4) + (3,3S@d@-a+20,3,3S@p@a-4) + (3,3S@d@-a+20,cx4@0@a) + (3,3S@p@a-4,cx4@1@-a+12,cx4@0@a,cx4@1@-a+12)  P=1 α∈[[60.0, 120.0]]  checks 5/5 pass
[14:06:45]   ctrnact-mixed-family-k4-94: (3,3S@d@-a+20,3,3S@p@a-4) + (3,3S@d@-a+20,3,3S@p@a-4) + (3,3S@d@-a+20,cx4@0@a) + (3,3S@p@a-4,cx4@1@-a+12,cx4@0@a,cx4@1@-a+12)  P=1 α∈[[60.0, 120.0]]  checks 5/5 pass
[14:06:45]   ctrnact-mixed-family-k4-95: (3,3S@d@-a+20,3,3S@p@a-4) + (3,3S@d@-a+20,3,3S@p@a-4) + (3,3S@d@-a+20,cx4@0@a) + (3,3S@p@a-4,cx4@1@-a+12,cx4@0@a,cx4@1@-a+12)  P=1 α∈[[60.0, 120.0]]  checks 5/5 pass
[14:06:45]   ctrnact-mixed-family-k4-96: (3,3,3,3,3S@p@a-4,cx4@1@-a+12) + (3,3,3,6S@p@a,cx4@1@-a+12) + (3,3S@d@-a+20,cx4@0@a) + (3,6S@d@-a+20,cx4@0@a)  P=1 α∈[[60.0, 120.0]]  checks 5/5 pass
[14:06:45]   ctrnact-mixed-family-k4-97: (3,3S@d@-a+20,cx4@0@a) + (3,3S@p@a-4,cx4@1@-a+12,3,cx4@1@8) + (3,6S@d@-a+20,cx4@0@a) + (3,6S@p@a,cx4@1@-a+12,3,cx4@0@4)  P=1 α∈[[60.0, 120.0]]  checks 5/5 pass
[14:06:45]   ctrnact-mixed-family-k4-98: (3,3S@d@a+11,cx4@0@-a+9) + (3,3S@p@-a+5,cx4@1@a+3,cx4@1@-a+12,cx4@0@a) + (3,cx4@1@-a+12,6S@p@5,cx4@1@a+3) + (6S@d@15,cx4@0@-a+9,cx4@0@a)  P=1 α∈[[15.0, 75.0]]  checks 5/5 pass
[14:06:45]   ctrnact-mixed-family-k4-99: (3,3S@d@-a+20,cx4@0@a) + (3,3S@p@a-4,cx4@1@-a+12,cx4@1@-a+12,cx4@0@a) + (3,cx4@1@-a+12,6S@p@2a-4,cx4@1@-a+12) + (6S@d@-2a+24,cx4@0@a,cx4@0@a)  P=1 α∈[[60.0, 90.0]]  checks 5/5 pass
[14:06:45]   ctrnact-mixed-family-k4-100: (3,3,3,3,3S@p@a-4,cx4@1@-a+12) + (3,3,cx12@0@a+4,cx4@1@-a+12) + (3,3,cx12@1@-a+16,cx4@0@a) + (3,3S@d@-a+20,cx4@0@a)  P=1 α∈[[60.0, 120.0]]  checks 5/5 pass
[14:06:45]   ctrnact-mixed-family-k4-101: (3,3,3S@p@a-4,cx4@1@-a+12,cx4@1@8) + (3,3,cx12@0@a+4,cx4@1@-a+12) + (3,3S@d@-a+20,cx4@0@a) + (3,cx12@1@-a+16,cx4@0@a,cx4@0@4)  P=1 α∈[[60.0, 120.0]]  checks 5/5 pass
[14:06:45]   ctrnact-mixed-family-k4-102: (3,3S@d@15,cx4@0@5) + (3,3S@p@1,cx4@1@7,cx4@0@a,cx4@1@-a+12) + (3,cx4@0@a,cx12@0@-a+13,cx4@1@7) + (cx12@1@a+7,cx4@0@5,cx4@1@-a+12)  P=1 α∈[[15.0, 75.0]]  checks 5/5 pass
[14:06:45]   ctrnact-mixed-family-k4-103: (3,3,3,3,3,3) + (3,3,cx4@0@a,3,cx4@1@-a+12) + (3,3S@d@-a+20,cx4@0@a) + (3,3S@p@a-4,cx4@1@-a+12,3,3S@p@a-4,cx4@1@-a+12)  P=1 α∈[[60.0, 120.0]]  checks 5/5 pass
[14:06:45]   ctrnact-mixed-family-k4-104: (3,3,3,3,3S@p@a-4,cx4@1@-a+12) + (3,3,3,3,6) + (3,3,3,cx4@0@a,cx4@1@-a+12) + (3,3S@d@-a+20,cx4@0@a)  P=1 α∈[[60.0, 120.0]]  checks 5/5 pass
[14:06:45]   ctrnact-mixed-family-k4-105: (3,3,3,cx4@0@a,cx4@1@-a+12) + (3,3,3S@p@a-4,cx4@1@-a+12,3,6S@p@4) + (3,3,6S@d@16) + (3,3S@d@-a+20,cx4@0@a)  P=1 α∈[[60.0, 120.0]]  checks 5/5 pass
[14:06:45]   ctrnact-mixed-family-k4-106: (3,3S@d@-a+20,cx4@0@a) + (3,3S@p@a-4,cx4@1@-a+12,3,cx4@1@8) + (3,cx4@0@4,3,cx4@0@a,cx4@1@-a+12) + (3,cx4@0@4,6,cx4@1@8)  P=1 α∈[[60.0, 120.0]]  checks 5/5 pass
[14:06:45]   ctrnact-mixed-family-k4-107: (3,3,3S@p@a-4,cx4@1@-a+12,cx4@1@8) + (3,3,cx4@0@4,cx4@0@a,cx4@1@-a+12) + (3,3S@d@-a+20,cx4@0@a) + (3,cx4@0@4,6,cx4@1@8)  P=1 α∈[[60.0, 120.0]]  checks 5/5 pass
[14:06:45]   ctrnact-mixed-family-k4-108: (3,3S@d@-a+20,cx4@0@a) + (3,3S@p@a-4,cx4@1@-a+12,cx4@0@4,3,cx4@0@4) + (3,6,3,cx4@1@8) + (3,cx4@1@-a+12,cx4@0@a,cx4@1@8)  P=1 α∈[[60.0, 120.0]]  checks 5/5 pass
[14:06:45]   ctrnact-mixed-family-k4-109: (3,3,3S@p@a-4,cx4@1@-a+12,6) + (3,3,cx4@1@-a+12,cx6@1@a+4) + (3,3S@d@-a+20,cx4@0@a) + (3,6,cx4@0@a,cx6@0@-a+12)  P=1 α∈[[60.0, 120.0]]  checks 5/5 pass
[14:06:45]   ctrnact-mixed-family-k4-110: (3,3,cx4@1@-a+12,3S@p@1,cx4@1@a+3) + (3,cx4@0@-a+9,cx12@1@11,cx4@0@a) + (3S@d@15,cx4@0@-a+9,cx4@0@a) + (cx12@0@9,cx4@1@-a+12,cx4@1@a+3)  P=1 α∈[[0.0, 135.0]]  checks 5/5 pass
[14:06:45]   ctrnact-mixed-family-k4-111: (3,3,6,3,cx4@0@4) + (3,3,cx4@1@-a+12,3S@p@a-4,cx4@1@8) + (3,cx4@0@a,cx4@1@-a+12,cx4@1@8) + (3S@d@-a+20,cx4@0@4,cx4@0@a)  P=1 α∈[[60.0, 120.0]]  checks 5/5 pass
[14:06:45]   ctrnact-mixed-family-k4-112: (3,6S@d@-a+20,cx4@0@a) + (3,6S@p@a,cx4@1@-a+12,cx4@1@8) + (3,cx4@0@4,cx4@1@8,3S@p@a-4,cx4@1@-a+12) + (3S@d@-a+20,cx4@0@4,cx4@0@a)  P=1 α∈[[60.0, 120.0]]  checks 5/5 pass
[14:06:45]   ctrnact-mixed-family-k4-113: (3S@d@15,cx4@0@-a+9,cx4@0@a) + (3S@p@1,cx4@1@-a+12,6,cx4@1@a+3) + (6,cx4@0@-a+9,cx6@0@7,cx4@0@a) + (cx4@1@-a+12,cx4@1@a+3,cx6@1@9)  P=1 α∈[[0.0, 135.0]]  checks 5/5 pass
[14:06:45]   ctrnact-mixed-family-k4-114: (3S@d@-a+20,cx4@0@4,cx4@0@a) + (3S@p@a-4,cx4@1@-a+12,cx4@1@8,cx4@1@8) + (cx12@0@a+4,cx4@1@-a+12,cx4@1@8) + (cx12@1@-a+16,cx4@0@4,cx4@0@4,cx4@0@a)  P=1 α∈[[60.0, 120.0]]  checks 5/5 pass
[14:06:45]   ctrnact-mixed-family-k4-115: (3S@d@-a+20,cx4@0@4,cx4@0@a) + (3S@p@a-4,cx4@1@-a+12,cx4@1@8,cx4@1@8) + (6,cx4@0@4,cx4@0@4,cx4@1@8) + (cx4@0@4,cx4@0@a,cx4@1@-a+12,cx4@1@8)  P=1 α∈[[60.0, 120.0]]  checks 5/5 pass
[14:06:45]   ctrnact-mixed-family-k4-116: (3,6S@d@16,cx4@0@4) + (3,6S@p@4,cx4@1@8,3S@p@a-4,cx4@1@-a+12) + (3,cx4@0@a,cx4@1@-a+12,cx4@1@8) + (3S@d@-a+20,cx4@0@4,cx4@0@a)  P=1 α∈[[60.0, 120.0]]  checks 5/5 pass
[14:06:45]   ctrnact-mixed-family-k4-117: (3,3S@d@-a+20,cx4@0@a) + (3,3S@p@a-4,cx6@0@-a+12,3S@p@a-4,3,cx6@0@-a+12) + (3,cx4@1@-a+12,3,cx6@1@a+4) + (3S@d@-a+20,cx6@1@a+4) + (3S@p@a-4,cx4@1@-a+12,3S@p@a-4,cx4@1@-a+12,3S@p@a-4,cx4@1@-a+12)  P=1 α∈[[60.0, 120.0]]  checks 5/5 pass
[14:06:45]   ctrnact-mixed-family-k4-118: (3,3S@d@-a+20,3,3S@p@a-4) + (3,3S@d@-a+20,cx4@0@a) + (3,3S@p@a-4,cx6@0@-a+12,3S@p@a-4,3,cx4@1@-a+12) + (3S@d@-a+20,cx6@1@a+4) + (3S@d@-a+20,cx6@1@a+4) + (3S@p@a-4,cx4@1@-a+12,3S@p@a-4,cx6@0@-a+12,3S@p@a-4,cx6@0@-a+12)  P=1 α∈[[60.0, 120.0]]  checks 5/5 pass
[14:06:45]   ctrnact-mixed-family-k4-119: (3,3,3S@p@a-4,3,3,cx4@1@-a+12) + (3,3S@d@-a+20,cx4@0@a) + (3S@d@-a+20,3S@p@a-4,cx6@0@-a+12,3S@p@a-4) + (3S@d@-a+20,cx6@1@a+4) + (3S@d@-a+20,cx6@1@a+4) + (3S@p@a-4,cx4@1@-a+12,3S@p@a-4,cx6@0@-a+12,3S@p@a-4,cx6@0@-a+12)  P=1 α∈[[60.0, 120.0]]  checks 5/5 pass
[14:06:45]   ctrnact-mixed-family-k4-120: (3S@d@-a+20,3S@p@a-4,cx6@0@-a+12,3S@p@a-4) + (3S@d@-a+20,cx4@0@4,cx4@0@a) + (3S@d@-a+20,cx6@1@a+4) + (3S@d@-a+20,cx6@1@a+4) + (3S@p@a-4,cx4@1@-a+12,3S@p@a-4,cx6@0@-a+12,3S@p@a-4,cx6@0@-a+12) + (3S@p@a-4,cx4@1@8,cx4@1@-a+12,cx4@1@8)  P=1 α∈[[60.0, 120.0]]  checks 5/5 pass
[14:06:45]   ctrnact-mixed-family-k4-121: (3,3S@d@-a+20,3,3S@p@a-4) + (3,3S@d@-a+20,cx4@0@a) + (3,3S@p@a-4,cx6@0@-a+12,3S@p@a-4,3,cx4@1@-a+12) + (3S@d@-a+20,cx6@1@a+4) + (3S@d@-a+20,cx6@1@a+4) + (3S@p@a-4,cx4@1@-a+12,3S@p@a-4,cx6@0@-a+12,3S@p@a-4,cx6@0@-a+12)  P=1 α∈[[60.0, 120.0]]  checks 5/5 pass
[14:06:45]   ctrnact-mixed-family-k4-122: (3,3S@d@-a+20,3,3S@p@a-4) + (3,3S@d@-a+20,cx6@0@a) + (3,3S@p@a-4,cx6@0@-a+12,3S@p@a-4,cx6@1@-a+16) + (3S@d@-a+20,cx6@1@a+4) + (3S@d@-a+20,cx6@1@a+4) + (3S@p@a-4,cx6@0@-a+12,3S@p@a-4,cx6@0@-a+12,3S@p@a-4,cx6@0@-a+12)  P=1 α∈[[60.0, 120.0]]  checks 5/5 pass
[14:06:45]   ctrnact-mixed-family-k4-123: (3,cx12@0@-a+16,3,cx6@0@a) + (3,cx12@1@a+4,cx6@1@-a+16) + (3,cx6@0@a,3,cx6@1@-a+16) + (3S@d@a+8,cx6@1@-a+16) + (3S@p@-a+8,cx6@0@a,cx12@0@-a+16,cx6@0@a)  P=1 α∈[[60.0, 120.0]]  checks 5/5 pass
[14:06:45]   ctrnact-mixed-family-k4-124: (3,cx6@0@-a+12,3,cx6@1@a+4) + (3,cx6@0@-a+12,3S@p@a-4,cx6@0@-a+12,cx6@0@a) + (3,cx6@1@-a+16,cx6@1@a+4) + (3S@d@-a+20,cx6@1@a+4) + (3S@d@-a+20,cx6@1@a+4) + (3S@p@a-4,cx6@0@-a+12,3S@p@a-4,cx6@0@-a+12,3S@p@a-4,cx6@0@-a+12)  P=1 α∈[[60.0, 120.0]]  checks 5/5 pass
[14:06:45]   ctrnact-mixed-family-k4-125: (3,3S@d@-a+20,cx4@0@a) + (3,3S@p@a-4,3,6S@d@-a+20) + (3,6S@p@a,cx6@0@-a+12,3S@p@a-4,cx4@1@-a+12) + (3S@d@-a+20,cx6@1@a+4) + (6S@d@-a+20,cx6@1@a+4) + (6S@p@a,cx6@0@-a+12,6S@p@a,cx6@0@-a+12)  P=1 α∈[[60.0, 120.0]]  checks 5/5 pass
[14:06:45]   ctrnact-mixed-family-k4-126: (3,3,cx4@1@-a+12,cx6@1@a+4) + (3,cx4@0@a,cx6@0@-a+12,3S@p@a-4,cx6@0@-a+12) + (3S@d@-a+20,3S@p@a-4,cx6@0@-a+12,3S@p@a-4) + (3S@d@-a+20,cx6@1@a+4) + (3S@d@-a+20,cx6@1@a+4) + (3S@d@-a+20,cx6@1@a+4) + (3S@d@-a+20,cx6@1@a+4) + (3S@d@-a+20,cx6@1@a+4) + (3S@p@a-4,cx6@0@-a+12,3S@p@a-4,cx6@0@-a+12,3S@p@a-4,cx6@0@-a+12)  P=1 α∈[[60.0, 120.0]]  checks 5/5 pass
[14:06:45]   ctrnact-mixed-family-k4-127: (3,3,cx4@1@-a+12,cx6@1@a+4) + (3,cx4@0@a,cx6@0@-a+12,3S@p@a-4,cx6@0@-a+12) + (3S@d@-a+20,3S@p@a-4,cx6@0@-a+12,3S@p@a-4) + (3S@d@-a+20,cx6@1@a+4) + (3S@d@-a+20,cx6@1@a+4) + (3S@d@-a+20,cx6@1@a+4) + (3S@d@-a+20,cx6@1@a+4) + (3S@d@-a+20,cx6@1@a+4) + (3S@p@a-4,cx6@0@-a+12,3S@p@a-4,cx6@0@-a+12,3S@p@a-4,cx6@0@-a+12)  P=1 α∈[[60.0, 120.0]]  checks 5/5 pass
[14:06:45]   ctrnact-mixed-family-k4-128: (3S@d@15,3S@p@1,cx6@0@7,3S@p@1) + (3S@d@15,cx6@1@9) + (3S@d@15,cx6@1@9) + (3S@d@15,cx6@1@9) + (3S@d@15,cx6@1@9) + (3S@d@15,cx6@1@9) + (3S@p@1,cx6@0@7,3S@p@1,cx6@0@7,3S@p@1,cx6@0@7) + (3S@p@1,cx6@0@7,cx4@0@-a+9,cx4@0@a,cx6@0@7) + (cx4@1@-a+12,cx4@1@a+3,cx6@1@9)  P=1 α∈[[0.0, 135.0]]  checks 5/5 pass
[14:06:45]   ctrnact-mixed-family-k4-129: (3S@d@15,3S@p@1,cx6@0@7,3S@p@1) + (3S@d@15,cx6@1@9) + (3S@d@15,cx6@1@9) + (3S@d@15,cx6@1@9) + (3S@d@15,cx6@1@9) + (3S@d@15,cx6@1@9) + (3S@p@1,cx6@0@7,3S@p@1,cx6@0@7,3S@p@1,cx6@0@7) + (3S@p@1,cx6@0@7,cx4@0@-a+9,cx4@0@a,cx6@0@7) + (cx4@1@-a+12,cx4@1@a+3,cx6@1@9)  P=1 α∈[[0.0, 135.0]]  checks 5/5 pass
[14:06:45]   ctrnact-mixed-family-k4-130: (3,3,cx4@0@a,3,cx4@1@-a+12) + (3,3,cx4@1@-a+12,cx6@1@a+4) + (3,cx4@0@a,cx6@0@-a+12,3S@p@a-4,cx6@0@-a+12) + (3S@d@-a+20,3S@p@a-4,cx6@0@-a+12,3S@p@a-4) + (3S@d@-a+20,cx6@1@a+4) + (3S@d@-a+20,cx6@1@a+4)  P=1 α∈[[60.0, 120.0]]  checks 5/5 pass
[14:06:45]   ctrnact-mixed-family-k4-131: (3,3,cx4@0@a,3,cx4@1@-a+12) + (3,3,cx4@1@-a+12,cx6@1@a+4) + (3,cx4@0@a,cx6@0@-a+12,3S@p@a-4,cx6@0@-a+12) + (3S@d@-a+20,3S@p@a-4,cx6@0@-a+12,3S@p@a-4) + (3S@d@-a+20,cx6@1@a+4) + (3S@d@-a+20,cx6@1@a+4)  P=1 α∈[[60.0, 120.0]]  checks 5/5 pass
[14:06:45]   ctrnact-mixed-family-k4-132: (3,3,3,cx4@0@a,cx4@1@-a+12) + (3,3,cx4@1@-a+12,cx6@1@a+4) + (3,cx4@0@a,cx6@0@-a+12,3S@p@a-4,cx6@0@-a+12) + (3S@d@-a+20,3S@p@a-4,cx6@0@-a+12,3S@p@a-4) + (3S@d@-a+20,cx6@1@a+4) + (3S@d@-a+20,cx6@1@a+4)  P=1 α∈[[60.0, 120.0]]  checks 5/5 pass
[14:06:45]   ctrnact-mixed-family-k4-133: (3,3,3,cx4@0@a,cx4@1@-a+12) + (3,3,cx4@1@-a+12,cx6@1@a+4) + (3,cx4@0@a,cx6@0@-a+12,3S@p@a-4,cx6@0@-a+12) + (3S@d@-a+20,3S@p@a-4,cx6@0@-a+12,3S@p@a-4) + (3S@d@-a+20,cx6@1@a+4) + (3S@d@-a+20,cx6@1@a+4)  P=1 α∈[[60.0, 120.0]]  checks 5/5 pass
[14:06:45]   ctrnact-mixed-family-k4-134: (3,cx4@0@4,cx4@1@-a+12,cx6@1@a+4) + (3,cx4@0@a,cx6@0@-a+12,3S@p@a-4,cx6@0@-a+12) + (3,cx4@1@-a+12,cx4@0@a,cx4@1@8) + (3S@d@-a+20,3S@p@a-4,cx6@0@-a+12,3S@p@a-4) + (3S@d@-a+20,cx6@1@a+4) + (3S@d@-a+20,cx6@1@a+4)  P=1 α∈[[60.0, 120.0]]  checks 5/5 pass
[14:06:45]   ctrnact-mixed-family-k4-135: (3,cx4@0@4,cx4@1@-a+12,cx6@1@a+4) + (3,cx4@0@a,cx6@0@-a+12,3S@p@a-4,cx6@0@-a+12) + (3,cx4@1@-a+12,cx4@0@a,cx4@1@8) + (3S@d@-a+20,3S@p@a-4,cx6@0@-a+12,3S@p@a-4) + (3S@d@-a+20,cx6@1@a+4) + (3S@d@-a+20,cx6@1@a+4)  P=1 α∈[[60.0, 120.0]]  checks 5/5 pass
[14:06:45]   ctrnact-mixed-family-k4-136: (3S@d@15,3S@p@1,cx6@0@7,3S@p@1) + (3S@d@15,cx6@1@9) + (3S@d@15,cx6@1@9) + (3S@p@1,cx6@0@7,cx4@0@-a+9,cx4@0@a,cx6@0@7) + (cx4@0@-a+9,cx4@0@a,cx4@1@a+3,cx4@1@-a+12) + (cx4@1@-a+12,cx4@1@a+3,cx6@1@9)  P=1 α∈[[0.0, 135.0]]  checks 5/5 pass
[14:06:45]   ctrnact-mixed-family-k4-137: (3S@d@15,3S@p@1,cx6@0@7,3S@p@1) + (3S@d@15,cx6@1@9) + (3S@d@15,cx6@1@9) + (3S@p@1,cx6@0@7,cx4@0@-a+9,cx4@0@a,cx6@0@7) + (cx4@0@-a+9,cx4@0@a,cx4@1@a+3,cx4@1@-a+12) + (cx4@1@-a+12,cx4@1@a+3,cx6@1@9)  P=1 α∈[[0.0, 135.0]]  checks 5/5 pass
[14:06:45]   ctrnact-mixed-family-k4-138: (3S@d@15,3S@p@1,cx6@0@7,3S@p@1) + (3S@d@15,cx6@1@9) + (3S@d@15,cx6@1@9) + (3S@p@1,cx6@0@7,cx4@0@-a+9,cx4@0@a,cx6@0@7) + (cx4@0@-a+9,cx4@0@a,cx4@1@-a+12,cx4@1@a+3) + (cx4@1@-a+12,cx4@1@a+3,cx6@1@9)  P=1 α∈[[0.0, 135.0]]  checks 5/5 pass
[14:06:45]   ctrnact-mixed-family-k4-139: (3S@d@15,3S@p@1,cx6@0@7,3S@p@1) + (3S@d@15,cx6@1@9) + (3S@d@15,cx6@1@9) + (3S@p@1,cx6@0@7,cx4@0@-a+9,cx4@0@a,cx6@0@7) + (cx4@0@-a+9,cx4@0@a,cx4@1@-a+12,cx4@1@a+3) + (cx4@1@-a+12,cx4@1@a+3,cx6@1@9)  P=1 α∈[[0.0, 135.0]]  checks 5/5 pass
[14:06:45]   ctrnact-mixed-family-k4-140: (3,cx6@0@-a+12,3S@p@a-4,cx6@0@-a+12,cx6@0@a) + (3,cx6@0@a,3,cx6@1@-a+16) + (3,cx6@1@-a+16,cx6@1@a+4) + (3S@d@-a+20,3S@p@a-4,cx6@0@-a+12,3S@p@a-4) + (3S@d@-a+20,cx6@1@a+4) + (3S@d@-a+20,cx6@1@a+4)  P=1 α∈[[60.0, 120.0]]  checks 5/5 pass
[14:06:45]   ctrnact-mixed-family-k4-141: (3,cx6@0@-a+12,3S@p@a-4,cx6@0@-a+12,cx6@0@a) + (3,cx6@0@a,3,cx6@1@-a+16) + (3,cx6@1@-a+16,cx6@1@a+4) + (3S@d@-a+20,3S@p@a-4,cx6@0@-a+12,3S@p@a-4) + (3S@d@-a+20,cx6@1@a+4) + (3S@d@-a+20,cx6@1@a+4)  P=1 α∈[[60.0, 120.0]]  checks 5/5 pass
[14:06:45]   ctrnact-mixed-family-k4-142: (3,3,3S@p@a-4,cx6@0@-a+12,3S@p@a-4,cx4@1@-a+12) + (3,3S@d@-a+20,cx4@0@a) + (3,3S@d@-a+20,cx4@0@a) + (3,3S@p@a-4,cx4@1@-a+12,3,6) + (3S@d@-a+20,cx6@1@a+4)  P=1 α∈[[60.0, 120.0]]  checks 5/5 pass
[14:06:45]   ctrnact-mixed-family-k4-143: (3,3,3S@p@a-4,6S@d@-a+20) + (3,3,3S@p@a-4,cx6@0@-a+12,3S@p@a-4,cx4@1@-a+12) + (3,3S@d@-a+20,6S@p@a) + (3,3S@d@-a+20,cx4@0@a) + (3S@d@-a+20,cx6@1@a+4)  P=1 α∈[[60.0, 120.0]]  checks 5/5 pass
[14:06:45]   ctrnact-mixed-family-k4-144: (3,3,3S@p@a-4,cx6@0@-a+12,3S@p@a-4,cx4@1@-a+12) + (3,3S@d@-a+20,cx4@0@a) + (3S@d@-a+20,6S@p@4,cx4@0@a) + (3S@d@-a+20,cx6@1@a+4) + (3S@p@a-4,6S@d@16,cx4@1@-a+12)  P=1 α∈[[60.0, 120.0]]  checks 5/5 pass
[14:06:45]   ctrnact-mixed-family-k4-145: (3,3S@d@-a+20,cx4@0@a) + (3,3S@p@a-4,cx4@1@-a+12,3,6) + (3S@d@-a+20,cx4@0@4,cx4@0@a) + (3S@d@-a+20,cx6@1@a+4) + (3S@p@a-4,cx4@1@-a+12,cx4@1@8,3S@p@a-4,cx6@0@-a+12)  P=1 α∈[[60.0, 120.0]]  checks 5/5 pass
[14:06:45]   ctrnact-mixed-family-k4-146: (3,3,cx4@1@-a+12,cx6@1@a+4) + (3,cx4@0@a,cx6@0@-a+12,3S@p@a-4,cx6@0@-a+12) + (3S@d@-a+20,cx4@0@4,cx4@0@a) + (3S@d@-a+20,cx6@1@a+4) + (3S@d@-a+20,cx6@1@a+4) + (3S@p@a-4,cx4@1@-a+12,cx4@1@8,3S@p@a-4,cx6@0@-a+12)  P=1 α∈[[60.0, 120.0]]  checks 5/5 pass
[14:06:45]   ctrnact-mixed-family-k4-147: (3,3,cx4@1@-a+12,cx6@1@a+4) + (3,cx4@0@a,cx6@0@-a+12,3S@p@a-4,cx6@0@-a+12) + (3S@d@-a+20,cx4@0@4,cx4@0@a) + (3S@d@-a+20,cx6@1@a+4) + (3S@d@-a+20,cx6@1@a+4) + (3S@p@a-4,cx4@1@-a+12,cx4@1@8,3S@p@a-4,cx6@0@-a+12)  P=1 α∈[[60.0, 120.0]]  checks 5/5 pass
[14:06:45]   ctrnact-mixed-family-k4-148: (3S@d@15,cx4@0@-a+9,cx4@0@a) + (3S@d@15,cx6@1@9) + (3S@d@15,cx6@1@9) + (3S@p@1,cx4@1@-a+12,cx4@1@a+3,3S@p@1,cx6@0@7) + (3S@p@1,cx6@0@7,cx4@0@-a+9,cx4@0@a,cx6@0@7) + (cx4@1@-a+12,cx4@1@a+3,cx6@1@9)  P=1 α∈[[0.0, 135.0]]  checks 5/5 pass
[14:06:45]   ctrnact-mixed-family-k4-149: (3S@d@15,cx4@0@-a+9,cx4@0@a) + (3S@d@15,cx6@1@9) + (3S@d@15,cx6@1@9) + (3S@p@1,cx4@1@-a+12,cx4@1@a+3,3S@p@1,cx6@0@7) + (3S@p@1,cx6@0@7,cx4@0@-a+9,cx4@0@a,cx6@0@7) + (cx4@1@-a+12,cx4@1@a+3,cx6@1@9)  P=1 α∈[[0.0, 135.0]]  checks 5/5 pass
[14:06:45]   ctrnact-mixed-family-k4-150: (3S@d@-a+19,6S@p@5,cx4@0@a) + (3S@d@-a+19,cx4@0@5,cx4@0@a) + (3S@d@-a+19,cx6@1@a+5) + (3S@p@a-3,6S@d@15,cx4@1@-a+12) + (3S@p@a-3,cx4@1@-a+12,cx4@1@7,3S@p@a-3,cx6@0@-a+11)  P=1 α∈[[45.0, 105.0]]  checks 5/5 pass
[14:06:45]   ctrnact-mixed-family-k4-151: (3S@d@15,cx4@0@-a+9,cx4@0@a) + (3S@d@15,cx6@1@9) + (3S@d@15,cx6@1@9) + (3S@p@1,cx4@1@-a+12,cx4@1@a+3,3S@p@1,cx6@0@7) + (3S@p@1,cx6@0@7,cx4@0@-a+9,cx4@0@a,cx6@0@7) + (cx4@1@-a+12,cx4@1@a+3,cx6@1@9)  P=1 α∈[[0.0, 135.0]]  checks 5/5 pass
[14:06:45]   ctrnact-mixed-family-k4-152: (3S@d@15,cx4@0@-a+9,cx4@0@a) + (3S@d@15,cx6@1@9) + (3S@d@15,cx6@1@9) + (3S@p@1,cx4@1@-a+12,cx4@1@a+3,3S@p@1,cx6@0@7) + (3S@p@1,cx6@0@7,cx4@0@-a+9,cx4@0@a,cx6@0@7) + (cx4@1@-a+12,cx4@1@a+3,cx6@1@9)  P=1 α∈[[0.0, 135.0]]  checks 5/5 pass
[14:06:45]   ctrnact-mixed-family-k4-153: (3S@d@-a+20,6S@p@4,cx4@0@a) + (3S@d@-a+20,cx4@0@4,cx4@0@a) + (3S@d@-a+20,cx6@1@a+4) + (3S@p@a-4,6S@d@16,cx4@1@-a+12) + (3S@p@a-4,cx4@1@-a+12,cx4@1@8,3S@p@a-4,cx6@0@-a+12)  P=1 α∈[[60.0, 120.0]]  checks 5/5 pass
[14:06:45]   ctrnact-mixed-family-k4-154: (3,3,3S@p@a-4,cx6@0@-a+12,3S@p@a-4,cx4@1@-a+12) + (3,3,cx4@1@-a+12,cx6@1@a+4) + (3,3S@d@-a+20,cx4@0@a) + (3,cx4@0@a,cx6@0@-a+12,3S@p@a-4,cx6@0@-a+12) + (3S@d@-a+20,cx6@1@a+4) + (3S@d@-a+20,cx6@1@a+4)  P=1 α∈[[60.0, 120.0]]  checks 5/5 pass
[14:06:45]   ctrnact-mixed-family-k4-155: (3,3,3S@p@a-4,cx6@0@-a+12,3S@p@a-4,cx4@1@-a+12) + (3,3,cx4@1@-a+12,cx6@1@a+4) + (3,3S@d@-a+20,cx4@0@a) + (3,cx4@0@a,cx6@0@-a+12,3S@p@a-4,cx6@0@-a+12) + (3S@d@-a+20,cx6@1@a+4) + (3S@d@-a+20,cx6@1@a+4)  P=1 α∈[[60.0, 120.0]]  checks 5/5 pass
[14:06:45]   ctrnact-mixed-family-k4-156: (3,3,3S@p@a-4,cx6@0@-a+12,3S@p@a-4,cx4@1@-a+12) + (3,3,cx4@1@-a+12,cx6@1@a+4) + (3,3S@d@-a+20,cx4@0@a) + (3,cx4@0@a,cx6@0@-a+12,3S@p@a-4,cx6@0@-a+12) + (3S@d@-a+20,cx6@1@a+4) + (3S@d@-a+20,cx6@1@a+4)  P=1 α∈[[60.0, 120.0]]  checks 5/5 pass
[14:06:45]   ctrnact-mixed-family-k4-157: (3,3,3S@p@a-4,cx6@0@-a+12,3S@p@a-4,cx4@1@-a+12) + (3,3,cx4@1@-a+12,cx6@1@a+4) + (3,3S@d@-a+20,cx4@0@a) + (3,cx4@0@a,cx6@0@-a+12,3S@p@a-4,cx6@0@-a+12) + (3S@d@-a+20,cx6@1@a+4) + (3S@d@-a+20,cx6@1@a+4)  P=1 α∈[[60.0, 120.0]]  checks 5/5 pass
[14:06:45]   ctrnact-mixed-family-k4-158: (3,3,cx4@1@-a+12,cx6@1@a+4) + (3,cx4@0@a,cx6@0@-a+12,3S@p@a-4,cx6@0@-a+12) + (3S@d@-a+20,cx6@1@a+4) + (6S@d@16,cx4@1@8) + (6S@p@4,cx4@0@4,cx4@0@a,cx6@0@-a+12,cx4@0@4) + (cx4@1@-a+12,cx4@1@8,cx6@1@a+4)  P=1 α∈[[60.0, 120.0]]  checks 5/5 pass
[14:06:45]   ctrnact-mixed-family-k4-159: (3,3,3S@p@a-4,cx6@0@-a+12,3S@p@a-4,cx4@1@-a+12) + (3,3S@d@-a+20,cx4@0@a) + (3S@d@-a+20,cx6@1@a+4) + (3S@d@-a+20,cx6@1@a+4) + (3S@p@a-4,cx6@0@-a+12,cx4@0@4,cx4@0@a,cx6@0@-a+12) + (cx4@1@-a+12,cx4@1@8,cx6@1@a+4)  P=1 α∈[[60.0, 120.0]]  checks 5/5 pass
[14:06:45]   ctrnact-mixed-family-k4-160: (3,3,3S@p@a-4,cx6@0@-a+12,3S@p@a-4,cx4@1@-a+12) + (3,3S@d@-a+20,cx4@0@a) + (3S@d@-a+20,cx6@1@a+4) + (3S@d@-a+20,cx6@1@a+4) + (3S@p@a-4,cx6@0@-a+12,cx4@0@4,cx4@0@a,cx6@0@-a+12) + (cx4@1@-a+12,cx4@1@8,cx6@1@a+4)  P=1 α∈[[60.0, 120.0]]  checks 5/5 pass
[14:06:45]   ctrnact-mixed-family-k4-161: (3S@d@-a+20,cx6@1@a+4) + (3S@p@a-4,cx6@0@-a+12,cx4@0@4,cx4@0@a,cx6@0@-a+12) + (6S@d@16,cx4@1@8) + (6S@p@4,cx4@0@4,cx4@0@a,cx6@0@-a+12,cx4@0@4) + (cx4@1@-a+12,cx4@1@8,cx6@1@a+4) + (cx4@1@-a+12,cx4@1@8,cx6@1@a+4)  P=1 α∈[[60.0, 120.0]]  checks 5/5 pass
[14:06:45]   ctrnact-mixed-family-k4-162: (3,3,3S@p@a-4,cx6@0@-a+12,3S@p@a-4,cx4@1@-a+12) + (3,3,cx4@0@a,3,cx4@1@-a+12) + (3,3S@d@-a+20,cx4@0@a) + (3S@d@-a+20,cx6@1@a+4) + (3S@d@-a+20,cx6@1@a+4) + (3S@p@a-4,cx6@0@-a+12,cx6@1@a+4,cx6@0@-a+12)  P=1 α∈[[60.0, 120.0]]  checks 5/5 pass
[14:06:45]   ctrnact-mixed-family-k4-163: (3,3,3S@p@a-4,cx6@0@-a+12,3S@p@a-4,cx4@1@-a+12) + (3,3,cx4@0@a,3,cx4@1@-a+12) + (3,3S@d@-a+20,cx4@0@a) + (3S@d@-a+20,cx6@1@a+4) + (3S@d@-a+20,cx6@1@a+4) + (3S@p@a-4,cx6@0@-a+12,cx6@1@a+4,cx6@0@-a+12)  P=1 α∈[[60.0, 120.0]]  checks 5/5 pass
[14:06:45]   ctrnact-mixed-family-k4-164: (3,3,3,cx4@0@a,cx4@1@-a+12) + (3,3,3S@p@a-4,cx6@0@-a+12,3S@p@a-4,cx4@1@-a+12) + (3,3S@d@-a+20,cx4@0@a) + (3S@d@-a+20,cx6@1@a+4) + (3S@d@-a+20,cx6@1@a+4) + (3S@p@a-4,cx6@0@-a+12,cx6@1@a+4,cx6@0@-a+12)  P=1 α∈[[60.0, 120.0]]  checks 5/5 pass
[14:06:45]   ctrnact-mixed-family-k4-165: (3,3,3,cx4@0@a,cx4@1@-a+12) + (3,3,3S@p@a-4,cx6@0@-a+12,3S@p@a-4,cx4@1@-a+12) + (3,3S@d@-a+20,cx4@0@a) + (3S@d@-a+20,cx6@1@a+4) + (3S@d@-a+20,cx6@1@a+4) + (3S@p@a-4,cx6@0@-a+12,cx6@1@a+4,cx6@0@-a+12)  P=1 α∈[[60.0, 120.0]]  checks 5/5 pass
[14:06:45]   ctrnact-mixed-family-k4-166: (3,3S@d@-a+20,cx4@0@a) + (3,3S@p@a-4,cx6@0@-a+12,3S@p@a-4,cx4@1@-a+12,cx4@0@4) + (3,cx4@1@-a+12,cx4@0@a,cx4@1@8) + (3S@d@-a+20,cx6@1@a+4) + (3S@d@-a+20,cx6@1@a+4) + (3S@p@a-4,cx6@0@-a+12,cx6@1@a+4,cx6@0@-a+12)  P=1 α∈[[60.0, 120.0]]  checks 5/5 pass
[14:06:45]   ctrnact-mixed-family-k4-167: (3,3S@d@-a+20,cx4@0@a) + (3,3S@p@a-4,cx6@0@-a+12,3S@p@a-4,cx4@1@-a+12,cx4@0@4) + (3,cx4@1@-a+12,cx4@0@a,cx4@1@8) + (3S@d@-a+20,cx6@1@a+4) + (3S@d@-a+20,cx6@1@a+4) + (3S@p@a-4,cx6@0@-a+12,cx6@1@a+4,cx6@0@-a+12)  P=1 α∈[[60.0, 120.0]]  checks 5/5 pass
[14:06:45]   ctrnact-mixed-family-k4-168: (3S@d@15,cx4@0@-a+9,cx4@0@a) + (3S@d@15,cx6@1@9) + (3S@d@15,cx6@1@9) + (3S@p@1,cx4@1@-a+12,cx4@1@a+3,3S@p@1,cx6@0@7) + (3S@p@1,cx6@0@7,cx6@1@9,cx6@0@7) + (cx4@0@-a+9,cx4@0@a,cx4@1@a+3,cx4@1@-a+12)  P=1 α∈[[0.0, 135.0]]  checks 5/5 pass
[14:06:45]   ctrnact-mixed-family-k4-169: (3S@d@15,cx4@0@-a+9,cx4@0@a) + (3S@d@15,cx6@1@9) + (3S@d@15,cx6@1@9) + (3S@p@1,cx4@1@-a+12,cx4@1@a+3,3S@p@1,cx6@0@7) + (3S@p@1,cx6@0@7,cx6@1@9,cx6@0@7) + (cx4@0@-a+9,cx4@0@a,cx4@1@a+3,cx4@1@-a+12)  P=1 α∈[[0.0, 135.0]]  checks 5/5 pass
[14:06:45]   ctrnact-mixed-family-k4-170: (3S@d@15,cx4@0@-a+9,cx4@0@a) + (3S@d@15,cx6@1@9) + (3S@d@15,cx6@1@9) + (3S@p@1,cx4@1@-a+12,cx4@1@a+3,3S@p@1,cx6@0@7) + (3S@p@1,cx6@0@7,cx6@1@9,cx6@0@7) + (cx4@0@-a+9,cx4@0@a,cx4@1@-a+12,cx4@1@a+3)  P=1 α∈[[0.0, 135.0]]  checks 5/5 pass
[14:06:45]   ctrnact-mixed-family-k4-171: (3S@d@15,cx4@0@-a+9,cx4@0@a) + (3S@d@15,cx6@1@9) + (3S@d@15,cx6@1@9) + (3S@p@1,cx4@1@-a+12,cx4@1@a+3,3S@p@1,cx6@0@7) + (3S@p@1,cx6@0@7,cx6@1@9,cx6@0@7) + (cx4@0@-a+9,cx4@0@a,cx4@1@-a+12,cx4@1@a+3)  P=1 α∈[[0.0, 135.0]]  checks 5/5 pass
[14:06:45]   ctrnact-mixed-family-k4-172: (3,3,3S@p@a-4,cx6@0@-a+12,3S@p@a-4,cx4@1@-a+12) + (3,3S@d@-a+20,cx4@0@a) + (3S@d@-a+20,cx6@1@a+4) + (3S@d@-a+20,cx6@1@a+4) + (3S@d@-a+20,cx6@1@a+4) + (3S@d@-a+20,cx6@1@a+4) + (3S@d@-a+20,cx6@1@a+4) + (3S@p@a-4,cx6@0@-a+12,3S@p@a-4,cx6@0@-a+12,3S@p@a-4,cx6@0@-a+12) + (3S@p@a-4,cx6@0@-a+12,cx6@1@a+4,cx6@0@-a+12)  P=1 α∈[[60.0, 120.0]]  checks 5/5 pass
[14:06:45]   ctrnact-mixed-family-k4-173: (3,3,3S@p@a-4,cx6@0@-a+12,3S@p@a-4,cx4@1@-a+12) + (3,3S@d@-a+20,cx4@0@a) + (3S@d@-a+20,cx6@1@a+4) + (3S@d@-a+20,cx6@1@a+4) + (3S@d@-a+20,cx6@1@a+4) + (3S@d@-a+20,cx6@1@a+4) + (3S@d@-a+20,cx6@1@a+4) + (3S@p@a-4,cx6@0@-a+12,3S@p@a-4,cx6@0@-a+12,3S@p@a-4,cx6@0@-a+12) + (3S@p@a-4,cx6@0@-a+12,cx6@1@a+4,cx6@0@-a+12)  P=1 α∈[[60.0, 120.0]]  checks 5/5 pass
[14:06:45]   ctrnact-mixed-family-k4-174: (3S@d@15,cx4@0@-a+9,cx4@0@a) + (3S@d@15,cx6@1@9) + (3S@d@15,cx6@1@9) + (3S@d@15,cx6@1@9) + (3S@d@15,cx6@1@9) + (3S@d@15,cx6@1@9) + (3S@p@1,cx4@1@-a+12,cx4@1@a+3,3S@p@1,cx6@0@7) + (3S@p@1,cx6@0@7,3S@p@1,cx6@0@7,3S@p@1,cx6@0@7) + (3S@p@1,cx6@0@7,cx6@1@9,cx6@0@7)  P=1 α∈[[0.0, 135.0]]  checks 5/5 pass
[14:06:45]   ctrnact-mixed-family-k4-175: (3S@d@15,cx4@0@-a+9,cx4@0@a) + (3S@d@15,cx6@1@9) + (3S@d@15,cx6@1@9) + (3S@d@15,cx6@1@9) + (3S@d@15,cx6@1@9) + (3S@d@15,cx6@1@9) + (3S@p@1,cx4@1@-a+12,cx4@1@a+3,3S@p@1,cx6@0@7) + (3S@p@1,cx6@0@7,3S@p@1,cx6@0@7,3S@p@1,cx6@0@7) + (3S@p@1,cx6@0@7,cx6@1@9,cx6@0@7)  P=1 α∈[[0.0, 135.0]]  checks 5/5 pass
[14:06:45]   ctrnact-mixed-family-k4-176: (3,3S@d@-a+20,cx6@0@a) + (3,3S@p@a-4,cx6@0@-a+12,3S@p@a-4,cx6@1@-a+16) + (3,cx6@0@a,3,cx6@1@-a+16) + (3S@d@-a+20,cx6@1@a+4) + (3S@d@-a+20,cx6@1@a+4) + (3S@p@a-4,cx6@0@-a+12,cx6@1@a+4,cx6@0@-a+12)  P=1 α∈[[60.0, 120.0]]  checks 5/5 pass
[14:06:45]   ctrnact-mixed-family-k4-177: (3,3S@d@-a+20,cx6@0@a) + (3,3S@p@a-4,cx6@0@-a+12,3S@p@a-4,cx6@1@-a+16) + (3,cx6@0@a,3,cx6@1@-a+16) + (3S@d@-a+20,cx6@1@a+4) + (3S@d@-a+20,cx6@1@a+4) + (3S@p@a-4,cx6@0@-a+12,cx6@1@a+4,cx6@0@-a+12)  P=1 α∈[[60.0, 120.0]]  checks 5/5 pass
[14:06:45]   ctrnact-mixed-family-k4-178: (3,3,3,3S@p@a-4,cx6@1@-a+16) + (3,3,cx6@0@a,cx6@1@-a+16) + (3,3S@d@-a+20,cx6@0@a) + (6,cx6@0@a,cx6@1@-a+16)  P=1 α∈[[60.0, 120.0]]  checks 5/5 pass
[14:06:45]   ctrnact-mixed-family-k4-179: (3,3S@d@-a+20,cx6@0@a) + (3,3S@p@a-4,cx6@1@-a+16,cx4@1@8) + (3,cx4@0@4,cx6@0@a,cx6@1@-a+16) + (6,cx6@0@a,cx6@1@-a+16)  P=1 α∈[[60.0, 120.0]]  checks 5/5 pass
[14:06:45]   ctrnact-mixed-family-k4-180: (3S@d@-a+20,cx4@0@4,cx6@0@a) + (3S@p@a-4,cx4@1@8,cx4@0@4,cx6@1@-a+16) + (6,cx6@0@a,cx6@1@-a+16) + (cx4@1@8,cx6@0@a,cx6@1@-a+16)  P=1 α∈[[60.0, 120.0]]  checks 5/5 pass
[14:06:45]   ctrnact-mixed-family-k4-181: (3,4,3,4S@p@a-2,cx4@1@-a+12) + (3,4S@d@-a+20,cx4@0@a) + (4S@d@-a+20,4S@p@4,cx4@0@a) + (4S@d@14,4S@p@a-2,cx4@1@-a+12)  P=1 α∈[[30.0, 120.0]]  checks 5/5 pass
[14:06:45]   ctrnact-mixed-family-k4-182: (3,3,4S@d@-a+16,4S@p@a) + (3,4S@d@-a+18,4S@p@a+2) + (4S@d@-a+16,4S@p@a,cx4@1@8) + (4S@d@-a+18,4S@p@a+2,cx4@0@4)  P=1 α∈[[0.0, 60.0]]  checks 5/5 pass
[14:06:45]   ctrnact-mixed-family-k4-183: (4,4,4S@p@a,cx4@1@-a+12) + (4,4,cx4@0@a,cx4@1@-a+12) + (4,4S@d@-a+18,4S@p@a) + (4,4S@d@-a+18,cx4@0@a)  P=1 α∈[[0.0, 90.0]]  checks 5/5 pass
[14:06:45]   ctrnact-mixed-family-k4-184: (4,4,4,4) + (4,4,4S@p@a,cx4@1@-a+12) + (4,4,cx4@0@a,cx4@1@-a+12) + (4,4S@d@-a+18,cx4@0@a)  P=1 α∈[[0.0, 90.0]]  checks 5/5 pass
[14:06:45]   ctrnact-mixed-family-k4-185: (4,4,4S@p@a,cx4@1@-a+12) + (4,4,cx4@0@a,cx8@0@-a+12) + (4,4S@d@-a+18,cx4@0@a) + (4,cx4@1@-a+12,cx8@1@a+6)  P=1 α∈[[0.0, 90.0]]  checks 5/5 pass
[14:06:45]   ctrnact-mixed-family-k4-186: (4,cx4@0@a,cx8@0@-2a+18,cx4@0@a) + (4,cx4@1@-a+12,4S@p@2a-6,cx4@1@-a+12) + (4S@d@-2a+24,cx4@0@a,cx4@0@a) + (cx4@1@-a+12,cx4@1@-a+12,cx8@1@2a)  P=1 α∈[[45.0, 90.0]]  checks 5/5 pass
[14:06:45]   ctrnact-mixed-family-k4-187: (3,cx4@0@a,4S@p@-a+6,cx4@0@a,cx6@1@-a+14) + (3,cx4@1@-a+12,3,cx8@0@a+4) + (3,cx6@0@a+2,3,cx8@1@-a+14) + (4S@d@a+10,cx6@1@-a+14) + (4S@d@a+12,cx4@1@-a+12) + (4S@d@a+12,cx4@1@-a+12) + (4S@p@-a+8,cx6@0@a+2,cx4@1@-a+12,cx6@0@a+2)  P=1 α∈[[30.0, 90.0]]  checks 5/5 pass
[14:06:45]   ctrnact-mixed-family-k4-188: (3,cx4@0@a,4S@p@-a+6,cx4@0@a,3,cx6@0@-a+10) + (3,cx4@1@-a+12,3,cx8@0@a+4) + (3,cx6@1@a+6,cx8@1@-a+14) + (4S@d@-a+18,cx6@1@a+6) + (4S@d@a+12,cx4@1@-a+12) + (4S@p@a,cx6@0@-a+10,cx8@0@a+4,cx6@0@-a+10)  P=1 α∈[[30.0, 90.0]]  checks 5/5 pass
[14:06:45]   ctrnact-mixed-family-k4-189: (4S@d@-a+18,cx4@0@a,4S@p@-a+6,cx4@0@a) + (4S@d@-a+18,cx6@1@a+6) + (4S@d@a+12,cx4@1@-a+12) + (4S@p@-a+6,cx4@0@a,6S@d@-a+18,cx4@0@a) + (4S@p@a,cx4@1@-a+12,6S@p@a+2,cx6@0@-a+10) + (6S@d@-a+18,cx6@1@a+6) + (6S@p@a+2,cx6@0@-a+10,6S@p@a+2,cx6@0@-a+10)  P=1 α∈[[0.0, 90.0]]  checks 5/5 pass
[14:06:45]   ctrnact-mixed-family-k4-190: (4S@d@a+8,cx6@1@-a+16) + (4S@d@a+8,cx8@1@-a+16) + (4S@p@-a+10,cx6@0@a,6S@p@-a+12,cx8@0@a+2) + (6S@d@a+8,cx6@1@-a+16) + (6S@d@a+8,cx6@1@-a+16) + (6S@d@a+8,cx6@1@-a+16) + (6S@d@a+8,cx6@1@-a+16) + (6S@d@a+8,cx6@1@-a+16) + (6S@d@a+8,cx8@1@-a+16) + (6S@p@-a+12,cx6@0@a,6S@p@-a+12,cx6@0@a) + (6S@p@-a+12,cx6@0@a,6S@p@-a+12,cx6@0@a) + (6S@p@-a+12,cx6@0@a,6S@p@-a+12,cx6@0@a)  P=1 α∈[[60.0, 150.0]]  checks 5/5 pass
[14:06:45]   ctrnact-mixed-family-k4-191: (4S@d@a+8,cx6@1@-a+16) + (4S@d@a+8,cx6@1@-a+16) + (4S@d@a+8,cx8@1@-a+16) + (4S@d@a+8,cx8@1@-a+16) + (4S@d@a+8,cx8@1@-a+16) + (4S@d@a+8,cx8@1@-a+16) + (4S@d@a+8,cx8@1@-a+16) + (4S@p@-a+10,cx6@0@a,6S@p@-a+12,cx8@0@a+2) + (4S@p@-a+10,cx6@0@a,6S@p@-a+12,cx8@0@a+2) + (4S@p@-a+10,cx8@0@a+2,4S@p@-a+10,cx8@0@a+2) + (6S@d@a+8,cx6@1@-a+16) + (6S@d@a+8,cx6@1@-a+16) + (6S@d@a+8,cx8@1@-a+16) + (6S@d@a+8,cx8@1@-a+16) + (6S@p@-a+12,cx6@0@a,6S@p@-a+12,cx6@0@a)  P=1 α∈[[60.0, 150.0]]  checks 5/5 pass
[14:06:45]   ctrnact-mixed-family-k4-192: (4S@d@a+8,cx6@1@-a+16) + (4S@d@a+8,cx6@1@-a+16) + (4S@d@a+8,cx8@1@-a+16) + (4S@d@a+8,cx8@1@-a+16) + (4S@d@a+8,cx8@1@-a+16) + (4S@p@-a+10,cx6@0@a,6S@p@-a+12,cx8@0@a+2) + (4S@p@-a+10,cx6@0@a,6S@p@-a+12,cx8@0@a+2) + (4S@p@-a+10,cx8@0@a+2,4S@p@-a+10,cx8@0@a+2) + (6S@d@a+8,cx6@1@-a+16) + (6S@d@a+8,cx6@1@-a+16) + (6S@d@a+8,cx8@1@-a+16) + (6S@d@a+8,cx8@1@-a+16) + (6S@p@-a+12,cx6@0@a,6S@p@-a+12,cx6@0@a)  P=1 α∈[[60.0, 150.0]]  checks 5/5 pass
[14:06:45]   ctrnact-mixed-family-k4-193: (4S@d@a+8,cx6@1@-a+16) + (4S@d@a+8,cx8@1@-a+16) + (4S@d@a+8,cx8@1@-a+16) + (4S@d@a+8,cx8@1@-a+16) + (4S@d@a+8,cx8@1@-a+16) + (4S@p@-a+10,cx6@0@a,6S@p@-a+12,cx8@0@a+2) + (4S@p@-a+10,cx8@0@a+2,4S@p@-a+10,cx8@0@a+2) + (6S@d@a+8,cx6@1@-a+16) + (6S@d@a+8,cx6@1@-a+16) + (6S@d@a+8,cx6@1@-a+16) + (6S@d@a+8,cx8@1@-a+16) + (6S@p@-a+12,cx6@0@a,6S@p@-a+12,cx6@0@a) + (6S@p@-a+12,cx6@0@a,6S@p@-a+12,cx6@0@a)  P=1 α∈[[60.0, 150.0]]  checks 5/5 pass
[14:06:45]   ctrnact-mixed-family-k4-194: (4S@d@a+8,cx6@1@-a+16) + (4S@d@a+8,cx8@1@-a+16) + (4S@d@a+8,cx8@1@-a+16) + (4S@p@-a+10,cx6@0@a,6S@p@-a+12,cx8@0@a+2) + (4S@p@-a+10,cx8@0@a+2,4S@p@-a+10,cx8@0@a+2) + (6S@d@a+8,cx6@1@-a+16) + (6S@d@a+8,cx6@1@-a+16) + (6S@d@a+8,cx6@1@-a+16) + (6S@d@a+8,cx8@1@-a+16) + (6S@p@-a+12,cx6@0@a,6S@p@-a+12,cx6@0@a) + (6S@p@-a+12,cx6@0@a,6S@p@-a+12,cx6@0@a)  P=1 α∈[[60.0, 150.0]]  checks 5/5 pass
[14:06:45]   ctrnact-mixed-family-k4-195: (4S@d@a+8,cx6@1@-a+16) + (4S@d@a+8,cx8@1@-a+16) + (4S@d@a+8,cx8@1@-a+16) + (4S@d@a+8,cx8@1@-a+16) + (4S@d@a+8,cx8@1@-a+16) + (4S@d@a+8,cx8@1@-a+16) + (4S@d@a+8,cx8@1@-a+16) + (4S@d@a+8,cx8@1@-a+16) + (4S@p@-a+10,cx6@0@a,6S@p@-a+12,cx8@0@a+2) + (4S@p@-a+10,cx8@0@a+2,4S@p@-a+10,cx8@0@a+2) + (4S@p@-a+10,cx8@0@a+2,4S@p@-a+10,cx8@0@a+2) + (6S@d@a+8,cx6@1@-a+16) + (6S@d@a+8,cx8@1@-a+16) + (6S@p@-a+12,cx6@0@a,6S@p@-a+12,cx6@0@a)  P=1 α∈[[60.0, 150.0]]  checks 5/5 pass
[14:06:45]   ctrnact-mixed-family-k4-196: (4S@d@a+8,cx6@1@-a+16) + (4S@d@a+8,cx8@1@-a+16) + (4S@d@a+8,cx8@1@-a+16) + (4S@d@a+8,cx8@1@-a+16) + (4S@d@a+8,cx8@1@-a+16) + (4S@d@a+8,cx8@1@-a+16) + (4S@p@-a+10,cx6@0@a,6S@p@-a+12,cx8@0@a+2) + (4S@p@-a+10,cx8@0@a+2,4S@p@-a+10,cx8@0@a+2) + (4S@p@-a+10,cx8@0@a+2,4S@p@-a+10,cx8@0@a+2) + (6S@d@a+8,cx6@1@-a+16) + (6S@d@a+8,cx8@1@-a+16) + (6S@p@-a+12,cx6@0@a,6S@p@-a+12,cx6@0@a)  P=1 α∈[[60.0, 150.0]]  checks 5/5 pass
[14:06:45]   ctrnact-mixed-family-k4-197: (4S@d@-a+18,cx4@0@a,4S@p@-a+6,cx4@0@a) + (4S@d@-a+18,cx4@0@a,4S@p@-a+6,cx4@0@a) + (4S@d@-a+18,cx8@1@a+6) + (4S@d@a+12,cx4@1@-a+12) + (4S@d@a+12,cx4@1@-a+12) + (4S@d@a+12,cx4@1@-a+12) + (4S@p@a,cx4@1@-a+12,4S@p@a,cx4@1@-a+12) + (4S@p@a,cx4@1@-a+12,4S@p@a,cx8@0@-a+12)  P=1 α∈[[0.0, 90.0]]  checks 5/5 pass
[14:06:45]   ctrnact-mixed-family-k4-198: (4S@d@-a+18,cx4@0@a,4S@p@-a+6,cx4@0@a) + (4S@d@-a+18,cx4@0@a,4S@p@-a+6,cx4@0@a) + (4S@d@-a+18,cx8@1@a+6) + (4S@d@-a+18,cx8@1@a+6) + (4S@d@-a+18,cx8@1@a+6) + (4S@d@-a+18,cx8@1@a+6) + (4S@d@-a+18,cx8@1@a+6) + (4S@d@a+12,cx4@1@-a+12) + (4S@p@a,cx4@1@-a+12,4S@p@a,cx8@0@-a+12) + (4S@p@a,cx8@0@-a+12,4S@p@a,cx8@0@-a+12)  P=1 α∈[[0.0, 90.0]]  checks 5/5 pass
[14:06:45]   ctrnact-mixed-family-k4-199: (4S@d@-a+18,cx4@0@a,4S@p@-a+6,cx4@0@a) + (4S@d@-a+18,cx4@0@a,4S@p@-a+6,cx4@0@a) + (4S@d@-a+18,cx8@1@a+6) + (4S@d@-a+18,cx8@1@a+6) + (4S@d@-a+18,cx8@1@a+6) + (4S@d@a+12,cx4@1@-a+12) + (4S@p@a,cx4@1@-a+12,4S@p@a,cx8@0@-a+12) + (4S@p@a,cx8@0@-a+12,4S@p@a,cx8@0@-a+12)  P=1 α∈[[0.0, 90.0]]  checks 5/5 pass
[14:06:45]   ctrnact-mixed-family-k4-200: (4S@d@-a+18,cx4@0@a,4S@p@-a+6,cx4@0@a) + (4S@d@-a+18,cx8@1@a+6) + (4S@d@-a+18,cx8@1@a+6) + (4S@d@-a+18,cx8@1@a+6) + (4S@d@-a+18,cx8@1@a+6) + (4S@d@-a+18,cx8@1@a+6) + (4S@d@a+12,cx4@1@-a+12) + (4S@p@a,cx4@1@-a+12,4S@p@a,cx8@0@-a+12) + (4S@p@a,cx8@0@-a+12,4S@p@a,cx8@0@-a+12) + (4S@p@a,cx8@0@-a+12,4S@p@a,cx8@0@-a+12)  P=1 α∈[[0.0, 90.0]]  checks 5/5 pass
[14:06:45]   ctrnact-mixed-family-k4-201: (4S@d@-2a+24,cx4@0@a,cx4@0@a) + (4S@d@-2a+24,cx8@1@2a) + (4S@d@-2a+24,cx8@1@2a) + (4S@d@-2a+24,cx8@1@2a) + (4S@d@-2a+24,cx8@1@2a) + (4S@p@2a-6,cx4@1@-a+12,cx4@0@a,cx8@0@-2a+18) + (4S@p@2a-6,cx8@0@-2a+18,4S@p@2a-6,cx8@0@-2a+18) + (cx4@1@-a+12,cx4@1@-a+12,cx8@1@2a)  P=1 α∈[[45.0, 90.0]]  checks 5/5 pass
[14:06:45]   ctrnact-mixed-family-k4-202: (4S@d@-2a+24,cx4@0@a,cx4@0@a) + (4S@d@-2a+24,cx8@1@2a) + (4S@d@-2a+24,cx8@1@2a) + (4S@p@2a-6,cx4@1@-a+12,cx4@0@a,cx8@0@-2a+18) + (4S@p@2a-6,cx8@0@-2a+18,4S@p@2a-6,cx8@0@-2a+18) + (cx4@1@-a+12,cx4@1@-a+12,cx8@1@2a)  P=1 α∈[[45.0, 90.0]]  checks 5/5 pass
[14:06:45]   ctrnact-mixed-family-k4-203: (4,4,4S@p@a,cx8@0@-a+12) + (4,4S@d@-a+18,cx4@0@a) + (4,cx4@1@-a+12,cx8@1@a+6) + (4S@d@-a+18,cx8@1@a+6) + (4S@d@-a+18,cx8@1@a+6) + (4S@p@a,cx4@1@-a+12,cx4@0@a,cx8@0@-a+12)  P=1 α∈[[0.0, 90.0]]  checks 5/5 pass
[14:06:45]   ctrnact-mixed-family-k4-204: (4S@d@-a+18,cx4@0@a,4S@p@-a+6,cx4@0@a) + (4S@d@-a+18,cx8@1@a+6) + (4S@d@a+12,cx4@1@-a+12) + (4S@d@a+12,cx8@0@-a+12) + (4S@p@-a+6,cx4@0@a,cx4@1@-a+12,cx8@1@a+6) + (4S@p@-a+6,cx8@1@a+6,4S@p@-a+6,cx8@1@a+6) + (4S@p@a,cx4@1@-a+12,cx4@0@a,cx8@0@-a+12)  P=1 α∈[[0.0, 90.0]]  checks 5/5 pass
[14:06:45]   ctrnact-mixed-family-k4-205: (4S@d@-a+18,cx8@1@a+6) + (4S@d@a+12,cx4@1@-a+12) + (4S@d@a+12,cx4@1@-a+12) + (4S@d@a+12,cx4@1@-a+12) + (4S@d@a+12,cx8@0@-a+12) + (4S@p@-a+6,cx4@0@a,4S@p@-a+6,cx4@0@a,4S@p@-a+6,cx8@1@a+6) + (4S@p@-a+6,cx4@0@a,cx4@1@-a+12,cx8@1@a+6) + (4S@p@a,cx8@0@-a+12,cx4@0@a,cx8@0@-a+12) + (cx4@0@a,cx4@1@-a+12,cx4@0@a,cx4@1@-a+12)  P=1 α∈[[0.0, 90.0]]  checks 5/5 pass
[14:06:45]   ctrnact-mixed-family-k4-206: (4S@d@-a+18,cx8@1@a+6) + (4S@d@a+12,cx4@1@-a+12) + (4S@d@a+12,cx8@0@-a+12) + (4S@d@a+12,cx8@0@-a+12) + (4S@p@-a+6,cx4@0@a,cx4@1@-a+12,cx8@1@a+6) + (4S@p@-a+6,cx8@1@a+6,4S@p@-a+6,cx8@1@a+6) + (4S@p@a,cx8@0@-a+12,cx4@0@a,cx8@0@-a+12) + (cx4@0@a,cx4@1@-a+12,cx4@0@a,cx4@1@-a+12)  P=1 α∈[[0.0, 90.0]]  checks 5/5 pass
[14:06:45]   ctrnact-mixed-family-k4-207: (4,4S@d@-a+18,cx4@0@a) + (4,4S@p@a,4,cx4@1@-a+12) + (4S@d@-a+18,cx8@1@a+6) + (4S@p@a,cx4@1@-a+12,4S@p@a,cx8@0@-a+12) + (4S@p@a,cx8@0@-a+12,4S@p@a,cx8@0@-a+12)  P=1 α∈[[0.0, 90.0]]  checks 5/5 pass
[14:06:45]   ctrnact-mixed-family-k4-208: (4S@d@-a+18,cx4@0@a,4S@p@-a+6,cx4@0@a) + (4S@d@-a+18,cx8@1@a+6) + (4S@d@a+12,cx4@1@-a+12) + (4S@d@a+12,cx4@1@-a+12) + (4S@p@a,cx4@1@-a+12,4S@p@a,cx4@1@-a+12) + (4S@p@a,cx4@1@-a+12,4S@p@a,cx8@0@-a+12) + (4S@p@a,cx8@0@-a+12,4S@p@a,cx8@0@-a+12)  P=1 α∈[[0.0, 90.0]]  checks 5/5 pass
[14:06:45]   ctrnact-mixed-family-k4-209: (4S@d@-a+18,cx4@0@a,4S@p@-a+6,cx4@0@a) + (4S@d@-a+18,cx8@1@a+6) + (4S@d@a+12,cx4@1@-a+12) + (4S@d@a+12,cx4@1@-a+12) + (4S@d@a+12,cx8@0@-a+12) + (4S@p@-a+6,cx4@0@a,cx4@1@-a+12,cx8@1@a+6) + (4S@p@a,cx4@1@-a+12,4S@p@a,cx8@0@-a+12) + (4S@p@a,cx4@1@-a+12,cx4@0@a,cx8@0@-a+12)  P=1 α∈[[0.0, 90.0]]  checks 5/5 pass
[14:06:45]   ctrnact-mixed-family-k4-210: (4S@d@-a+18,cx4@0@a,4S@p@-a+6,cx4@0@a) + (4S@d@-a+18,cx8@1@a+6) + (4S@d@-a+18,cx8@1@a+6) + (4S@d@-a+18,cx8@1@a+6) + (4S@d@-a+18,cx8@1@a+6) + (4S@d@a+12,cx4@1@-a+12) + (4S@p@a,cx4@1@-a+12,4S@p@a,cx8@0@-a+12) + (4S@p@a,cx8@0@-a+12,4S@p@a,cx8@0@-a+12) + (4S@p@a,cx8@0@-a+12,4S@p@a,cx8@0@-a+12)  P=1 α∈[[0.0, 90.0]]  checks 5/5 pass
[14:06:45]   ctrnact-mixed-family-k4-211: (4S@d@-a+18,cx8@1@a+6) + (4S@d@a+12,cx4@1@-a+12) + (4S@d@a+12,cx8@0@-a+12) + (4S@p@-a+6,cx4@0@a,cx4@1@-a+12,cx8@1@a+6) + (4S@p@a,cx8@0@-a+12,4S@p@a,cx8@0@-a+12) + (4S@p@a,cx8@0@-a+12,cx4@0@a,cx8@0@-a+12) + (cx4@0@a,cx4@1@-a+12,cx4@0@a,cx4@1@-a+12)  P=1 α∈[[0.0, 90.0]]  checks 5/5 pass
[14:06:45]   ctrnact-mixed-family-k4-212: (4,cx4@0@a,4,cx8@0@-a+12) + (4,cx4@1@-a+12,cx8@1@a+6) + (4S@d@-a+18,cx8@1@a+6) + (4S@p@a,cx8@0@-a+12,4S@p@a,cx8@0@-a+12) + (4S@p@a,cx8@0@-a+12,cx4@0@a,cx8@0@-a+12)  P=1 α∈[[0.0, 90.0]]  checks 5/5 pass
[14:06:45]   ctrnact-mixed-family-k4-213: (4,4,4S@p@a,cx8@0@-a+12) + (4,4S@d@-a+18,cx4@0@a) + (4,cx4@1@-a+12,cx8@1@a+6) + (4S@d@-a+18,cx8@1@a+6) + (4S@p@a,cx4@1@-a+12,cx4@0@a,cx8@0@-a+12)  P=1 α∈[[0.0, 90.0]]  checks 5/5 pass
[14:06:45]   ctrnact-mixed-family-k4-214: (4S@d@15,8) + (4S@d@15,8) + (4S@d@15,cx4@0@-a+9,cx4@0@a) + (4S@p@3,8,cx4@0@-a+9,cx4@1@a+3) + (4S@p@3,8,cx4@0@a,cx4@1@-a+12) + (8,cx4@1@-a+12,cx4@1@a+3)  P=1 α∈[[0.0, 135.0]]  checks 5/5 pass
[14:06:45]   ctrnact-mixed-family-k4-215: (4S@d@15,8) + (4S@d@15,cx4@0@-a+9,cx4@0@a) + (4S@p@3,8,cx4@0@-a+9,cx4@1@a+3) + (4S@p@3,8,cx4@0@a,cx4@1@-a+12) + (8,cx4@1@-a+12,cx4@1@a+3)  P=1 α∈[[0.0, 135.0]]  checks 5/5 pass
[14:06:45]   ctrnact-mixed-family-k4-216: (3,3,3,cx4@0@a,cx4@1@-a+12) + (3,3,4S@d@16) + (3,3,4S@p@2,3,cx4@1@-a+12,4S@p@a-2) + (3,4S@d@-a+20,cx4@0@a)  P=1 α∈[[30.0, 120.0]]  checks 5/5 pass
[14:06:45]   ctrnact-mixed-family-k4-217: (3,4S@d@16,cx4@0@4) + (3,4S@p@2,cx4@1@8,4S@p@a-2,cx4@1@-a+12) + (3,cx4@0@a,cx4@1@-a+12,cx4@1@8) + (4S@d@-a+20,cx4@0@4,cx4@0@a)  P=1 α∈[[30.0, 120.0]]  checks 5/5 pass
[14:06:45]   ctrnact-mixed-family-k4-218: (4,cx4@0@-a+9,8,cx4@0@a) + (4,cx4@1@-a+12,4S@p@3,cx4@1@a+3) + (4S@d@15,cx4@0@-a+9,cx4@0@a) + (8,cx4@1@-a+12,cx4@1@a+3)  P=1 α∈[[0.0, 135.0]]  checks 5/5 pass
[14:06:45]   ctrnact-mixed-family-k4-219: (3,3,3,3,3,3) + (3,3,cx4@0@a,3,cx4@1@-a+12) + (3,4S@d@-a+20,cx4@0@a) + (3,4S@p@a-2,cx6@0@-a+12,4S@p@a-2,cx4@1@-a+12) + (4S@d@-a+20,cx6@1@a+4)  P=1 α∈[[30.0, 120.0]]  checks 5/5 pass
[14:06:45]   ctrnact-mixed-family-k4-220: (3,3,4,cx4@1@-a+12,4S@p@a-2) + (3,3,cx4@1@-a+12,cx8@0@a+4) + (3,4,cx4@0@a,cx8@1@-a+14) + (3,4S@d@-a+20,cx4@0@a)  P=1 α∈[[30.0, 120.0]]  checks 5/5 pass
[14:06:45]   ctrnact-mixed-family-k4-221: (4,cx4@0@a,cx8@1@-2a+18,cx4@0@a) + (4,cx4@1@-a+12,4S@p@2a-6,cx4@1@-a+12) + (4S@d@-2a+24,cx4@0@a,cx4@0@a) + (cx4@1@-a+12,cx4@1@-a+12,cx8@0@2a)  P=1 α∈[[45.0, 90.0]]  checks 5/5 pass
[14:06:45]   ctrnact-mixed-family-k4-222: (4S@d@-a+18,cx4@0@a,4S@p@-a+6,cx4@0@a) + (4S@d@a+12,cx4@1@-a+12) + (4S@d@a+12,cx4@1@-a+12) + (4S@d@a+12,cx4@1@-a+12) + (4S@p@-a+6,cx4@0@a,4S@p@-a+6,cx4@0@a,cx4@1@-a+12,cx4@0@a) + (4S@p@a,cx4@1@-a+12,4S@p@a,cx4@1@-a+12) + (4S@p@a,cx4@1@-a+12,cx4@0@a,cx4@1@-a+12)  P=1 α∈[[0.0, 90.0]]  checks 5/5 pass
[14:06:45]   ctrnact-mixed-family-k4-223: (4S@d@a+12,4S@p@-a+6,cx4@0@a,4S@p@-a+6) + (4S@d@a+12,4S@p@-a+6,cx4@0@a,4S@p@-a+6) + (4S@d@a+12,4S@p@-a+6,cx4@0@a,4S@p@-a+6) + (4S@d@a+12,cx4@1@-a+12) + (4S@d@a+12,cx4@1@-a+12) + (4S@d@a+12,cx4@1@-a+12) + (4S@d@a+12,cx4@1@-a+12) + (4S@d@a+12,cx4@1@-a+12) + (4S@p@-a+6,cx4@0@a,4S@p@-a+6,cx4@0@a,4S@p@-a+6,cx4@0@a,4S@p@-a+6,cx4@0@a)  P=1 α∈[[0.0, 90.0]]  checks 5/5 pass
[14:06:45]   ctrnact-mixed-family-k4-224: (4S@d@a+12,4S@p@-a+6,cx4@0@a,4S@p@-a+6) + (4S@d@a+12,4S@p@-a+6,cx4@0@a,4S@p@-a+6) + (4S@d@a+12,cx4@1@-a+12) + (4S@d@a+12,cx4@1@-a+12) + (4S@d@a+12,cx4@1@-a+12) + (4S@d@a+12,cx4@1@-a+12) + (4S@d@a+12,cx4@1@-a+12) + (4S@d@a+12,cx4@1@-a+12) + (4S@d@a+12,cx4@1@-a+12) + (4S@d@a+12,cx4@1@-a+12) + (4S@p@-a+6,cx4@0@a,4S@p@-a+6,cx4@0@a,4S@p@-a+6,cx4@0@a,4S@p@-a+6,cx4@0@a) + (4S@p@-a+6,cx4@0@a,4S@p@-a+6,cx4@0@a,4S@p@-a+6,cx4@0@a,4S@p@-a+6,cx4@0@a)  P=1 α∈[[0.0, 90.0]]  checks 5/5 pass
[14:06:45]   ctrnact-mixed-family-k4-225: (4S@d@a+12,4S@p@-a+6,cx4@0@a,4S@p@-a+6) + (4S@d@a+12,4S@p@-a+6,cx4@0@a,4S@p@-a+6) + (4S@d@a+12,cx4@1@-a+12) + (4S@d@a+12,cx4@1@-a+12) + (4S@d@a+12,cx4@1@-a+12) + (4S@d@a+12,cx4@1@-a+12) + (4S@d@a+12,cx4@1@-a+12) + (4S@d@a+12,cx4@1@-a+12) + (4S@p@-a+6,cx4@0@a,4S@p@-a+6,cx4@0@a,4S@p@-a+6,cx4@0@a,4S@p@-a+6,cx4@0@a) + (4S@p@-a+6,cx4@0@a,4S@p@-a+6,cx4@0@a,4S@p@-a+6,cx4@0@a,4S@p@-a+6,cx4@0@a)  P=1 α∈[[0.0, 90.0]]  checks 5/5 pass
[14:06:45]   ctrnact-mixed-family-k4-226: (4S@d@a+12,4S@p@-a+6,cx4@0@a,4S@p@-a+6) + (4S@d@a+12,4S@p@-a+6,cx4@0@a,4S@p@-a+6) + (4S@d@a+12,cx4@1@-a+12) + (4S@d@a+12,cx4@1@-a+12) + (4S@d@a+12,cx4@1@-a+12) + (4S@d@a+12,cx4@1@-a+12) + (4S@d@a+12,cx4@1@-a+12) + (4S@d@a+12,cx4@1@-a+12) + (4S@p@-a+6,cx4@0@a,4S@p@-a+6,cx4@0@a,4S@p@-a+6,cx4@0@a,4S@p@-a+6,cx4@0@a) + (4S@p@-a+6,cx4@0@a,4S@p@-a+6,cx4@0@a,cx4@1@-a+12,cx4@0@a)  P=1 α∈[[0.0, 90.0]]  checks 5/5 pass
[14:06:45]   ctrnact-mixed-family-k4-227: (4S@d@a+12,4S@p@-a+6,cx4@0@a,4S@p@-a+6) + (4S@d@a+12,4S@p@-a+6,cx4@0@a,4S@p@-a+6) + (4S@d@a+12,cx4@1@-a+12) + (4S@d@a+12,cx4@1@-a+12) + (4S@d@a+12,cx4@1@-a+12) + (4S@d@a+12,cx4@1@-a+12) + (4S@d@a+12,cx4@1@-a+12) + (4S@p@-a+6,cx4@0@a,4S@p@-a+6,cx4@0@a,cx4@1@-a+12,cx4@0@a) + (4S@p@-a+6,cx4@0@a,4S@p@-a+6,cx4@0@a,cx4@1@-a+12,cx4@0@a)  P=1 α∈[[0.0, 90.0]]  checks 5/5 pass
[14:06:45]   ctrnact-mixed-family-k4-228: (4S@d@a+12,4S@p@-a+6,cx4@0@a,4S@p@-a+6) + (4S@d@a+12,4S@p@-a+6,cx4@0@a,4S@p@-a+6) + (4S@d@a+12,cx4@1@-a+12) + (4S@d@a+12,cx4@1@-a+12) + (4S@d@a+12,cx4@1@-a+12) + (4S@p@-a+6,cx4@0@a,4S@p@-a+6,cx4@0@a,cx4@1@-a+12,cx4@0@a) + (cx4@0@a,cx4@1@-a+12,cx4@0@a,cx4@1@-a+12)  P=1 α∈[[0.0, 90.0]]  checks 5/5 pass
[14:06:45]   ctrnact-mixed-family-k4-229: (4S@d@a+12,4S@p@-a+6,cx4@0@a,4S@p@-a+6) + (4S@d@a+12,4S@p@-a+6,cx4@0@a,4S@p@-a+6) + (4S@d@a+12,cx4@1@-a+12) + (4S@d@a+12,cx4@1@-a+12) + (4S@d@a+12,cx4@1@-a+12) + (4S@p@-a+6,cx4@0@a,4S@p@-a+6,cx4@0@a,cx4@1@-a+12,cx4@0@a) + (cx4@0@a,cx4@1@-a+12,cx4@0@a,cx4@1@-a+12)  P=1 α∈[[0.0, 90.0]]  checks 5/5 pass
[14:06:45]   ctrnact-mixed-family-k4-230: (4S@d@a+12,4S@p@-a+6,cx4@0@a,4S@p@-a+6) + (4S@d@a+12,4S@p@-a+6,cx4@0@a,4S@p@-a+6) + (4S@d@a+12,4S@p@-a+6,cx4@0@a,4S@p@-a+6) + (4S@d@a+12,cx4@1@-a+12) + (4S@d@a+12,cx4@1@-a+12) + (4S@d@a+12,cx4@1@-a+12) + (4S@d@a+12,cx4@1@-a+12) + (4S@d@a+12,cx4@1@-a+12) + (4S@d@a+12,cx4@1@-a+12) + (4S@d@a+12,cx8@0@-a+12) + (4S@d@a+12,cx8@0@-a+12) + (4S@p@-a+6,cx4@0@a,4S@p@-a+6,cx4@0@a,4S@p@-a+6,cx8@1@a+6)  P=1 α∈[[0.0, 90.0]]  checks 5/5 pass
[14:06:45]   ctrnact-mixed-family-k4-231: (4S@d@a+12,cx4@1@-a+12) + (4S@d@a+12,cx4@1@-a+12) + (4S@d@a+12,cx4@1@-a+12) + (4S@d@a+12,cx4@1@-a+12) + (4S@d@a+12,cx4@1@-a+12) + (4S@d@a+12,cx4@1@-a+12) + (4S@d@a+12,cx4@1@-a+12) + (4S@d@a+12,cx4@1@-a+12) + (4S@d@a+12,cx4@1@-a+12) + (4S@d@a+12,cx4@1@-a+12) + (4S@d@a+12,cx8@0@-a+12) + (4S@p@-a+6,cx4@0@a,4S@p@-a+6,cx4@0@a,4S@p@-a+6,cx4@0@a,4S@p@-a+6,cx4@0@a) + (4S@p@-a+6,cx4@0@a,4S@p@-a+6,cx4@0@a,4S@p@-a+6,cx4@0@a,4S@p@-a+6,cx4@0@a) + (4S@p@-a+6,cx4@0@a,4S@p@-a+6,cx4@0@a,4S@p@-a+6,cx4@0@a,4S@p@-a+6,cx4@0@a) + (4S@p@-a+6,cx4@0@a,4S@p@-a+6,cx4@0@a,4S@p@-a+6,cx8@1@a+6)  P=1 α∈[[0.0, 90.0]]  checks 5/5 pass
[14:06:45]   ctrnact-mixed-family-k4-232: (4S@d@a+12,cx4@1@-a+12) + (4S@d@a+12,cx4@1@-a+12) + (4S@d@a+12,cx4@1@-a+12) + (4S@d@a+12,cx4@1@-a+12) + (4S@d@a+12,cx4@1@-a+12) + (4S@d@a+12,cx4@1@-a+12) + (4S@d@a+12,cx8@0@-a+12) + (4S@d@a+12,cx8@0@-a+12) + (4S@d@a+12,cx8@0@-a+12) + (4S@p@-a+6,cx4@0@a,4S@p@-a+6,cx4@0@a,4S@p@-a+6,cx4@0@a,4S@p@-a+6,cx4@0@a) + (4S@p@-a+6,cx4@0@a,4S@p@-a+6,cx4@0@a,4S@p@-a+6,cx4@0@a,4S@p@-a+6,cx4@0@a) + (4S@p@-a+6,cx4@0@a,4S@p@-a+6,cx4@0@a,4S@p@-a+6,cx8@1@a+6) + (4S@p@-a+6,cx8@1@a+6,4S@p@-a+6,cx8@1@a+6)  P=1 α∈[[0.0, 90.0]]  checks 5/5 pass
[14:06:45]   ctrnact-mixed-family-k4-233: (4S@d@a+12,4S@p@-a+6,cx4@0@a,4S@p@-a+6) + (4S@d@a+12,4S@p@-a+6,cx4@0@a,4S@p@-a+6) + (4S@d@a+12,4S@p@-a+6,cx4@0@a,4S@p@-a+6) + (4S@d@a+12,cx4@1@-a+12) + (4S@d@a+12,cx4@1@-a+12) + (4S@d@a+12,cx4@1@-a+12) + (4S@d@a+12,cx4@1@-a+12) + (4S@d@a+12,cx4@1@-a+12) + (4S@p@-a+6,cx4@0@a,4S@p@-a+6,cx4@0@a,4S@p@-a+6,cx4@0@a,4S@p@-a+6,cx4@0@a)  P=1 α∈[[0.0, 90.0]]  checks 5/5 pass
[14:06:45]   ctrnact-mixed-family-k4-234: (4S@d@a+12,4S@p@-a+6,cx4@0@a,4S@p@-a+6) + (4S@d@a+12,cx4@1@-a+12) + (4S@d@a+12,cx4@1@-a+12) + (4S@d@a+12,cx4@1@-a+12) + (4S@d@a+12,cx4@1@-a+12) + (4S@d@a+12,cx4@1@-a+12) + (4S@d@a+12,cx4@1@-a+12) + (4S@d@a+12,cx4@1@-a+12) + (4S@d@a+12,cx4@1@-a+12) + (4S@d@a+12,cx4@1@-a+12) + (4S@d@a+12,cx4@1@-a+12) + (4S@p@-a+6,cx4@0@a,4S@p@-a+6,cx4@0@a,4S@p@-a+6,cx4@0@a,4S@p@-a+6,cx4@0@a) + (4S@p@-a+6,cx4@0@a,4S@p@-a+6,cx4@0@a,4S@p@-a+6,cx4@0@a,4S@p@-a+6,cx4@0@a) + (4S@p@-a+6,cx4@0@a,4S@p@-a+6,cx4@0@a,4S@p@-a+6,cx4@0@a,4S@p@-a+6,cx4@0@a)  P=1 α∈[[0.0, 90.0]]  checks 5/5 pass
[14:06:45]   ctrnact-mixed-family-k4-235: (4,4S@d@a+12,4S@p@-a+6) + (4S@d@a+12,4S@p@-a+6,cx4@0@a,4S@p@-a+6) + (4S@d@a+12,4S@p@-a+6,cx4@0@a,4S@p@-a+6) + (4S@d@a+12,cx4@1@-a+12) + (4S@d@a+12,cx4@1@-a+12) + (4S@d@a+12,cx4@1@-a+12) + (4S@d@a+12,cx4@1@-a+12) + (4S@p@-a+6,cx4@0@a,4S@p@-a+6,cx4@0@a,4S@p@-a+6,cx4@0@a,4S@p@-a+6,cx4@0@a)  P=1 α∈[[0.0, 90.0]]  checks 5/5 pass
[14:06:45]   ctrnact-mixed-family-k4-236: (4S@d@a+12,4S@p@-a+6,cx4@0@a,4S@p@-a+6) + (4S@d@a+12,4S@p@-a+6,cx4@0@a,4S@p@-a+6) + (4S@d@a+12,cx4@1@-a+12) + (4S@d@a+12,cx4@1@-a+12) + (4S@d@a+12,cx4@1@-a+12) + (4S@d@a+12,cx4@1@-a+12) + (4S@d@a+12,cx4@1@-a+12) + (4S@d@a+12,cx4@1@-a+12) + (4S@d@a+12,cx8@0@-a+12) + (4S@d@a+12,cx8@0@-a+12) + (4S@p@-a+6,cx4@0@a,4S@p@-a+6,cx4@0@a,4S@p@-a+6,cx4@0@a,4S@p@-a+6,cx4@0@a) + (4S@p@-a+6,cx4@0@a,4S@p@-a+6,cx4@0@a,4S@p@-a+6,cx8@1@a+6)  P=1 α∈[[0.0, 90.0]]  checks 5/5 pass
[14:06:45]   ctrnact-mixed-family-k4-237: (4S@d@a+12,cx4@1@-a+12) + (4S@d@a+12,cx4@1@-a+12) + (4S@d@a+12,cx4@1@-a+12) + (4S@d@a+12,cx4@1@-a+12) + (4S@d@a+12,cx4@1@-a+12) + (4S@d@a+12,cx4@1@-a+12) + (4S@d@a+12,cx4@1@-a+12) + (4S@d@a+12,cx4@1@-a+12) + (4S@d@a+12,cx4@1@-a+12) + (4S@d@a+12,cx4@1@-a+12) + (4S@d@a+12,cx4@1@-a+12) + (4S@d@a+12,cx4@1@-a+12) + (4S@d@a+12,cx4@1@-a+12) + (4S@d@a+12,cx8@0@-a+12) + (4S@d@a+12,cx8@0@-a+12) + (4S@p@-a+6,cx4@0@a,4S@p@-a+6,cx4@0@a,4S@p@-a+6,cx4@0@a,4S@p@-a+6,cx4@0@a) + (4S@p@-a+6,cx4@0@a,4S@p@-a+6,cx4@0@a,4S@p@-a+6,cx4@0@a,4S@p@-a+6,cx4@0@a) + (4S@p@-a+6,cx4@0@a,4S@p@-a+6,cx4@0@a,4S@p@-a+6,cx4@0@a,4S@p@-a+6,cx4@0@a) + (4S@p@-a+6,cx4@0@a,4S@p@-a+6,cx4@0@a,4S@p@-a+6,cx8@1@a+6)  P=1 α∈[[0.0, 90.0]]  checks 5/5 pass
[14:06:45]   ctrnact-mixed-family-k4-238: (4S@d@a+12,cx4@1@-a+12) + (4S@d@a+12,cx4@1@-a+12) + (4S@d@a+12,cx4@1@-a+12) + (4S@d@a+12,cx4@1@-a+12) + (4S@d@a+12,cx4@1@-a+12) + (4S@d@a+12,cx4@1@-a+12) + (4S@d@a+12,cx4@1@-a+12) + (4S@d@a+12,cx4@1@-a+12) + (4S@d@a+12,cx4@1@-a+12) + (4S@d@a+12,cx4@1@-a+12) + (4S@d@a+12,cx4@1@-a+12) + (4S@d@a+12,cx4@1@-a+12) + (4S@d@a+12,cx4@1@-a+12) + (4S@d@a+12,cx4@1@-a+12) + (4S@d@a+12,cx4@1@-a+12) + (4S@d@a+12,cx4@1@-a+12) + (4S@d@a+12,cx4@1@-a+12) + (4S@d@a+12,cx4@1@-a+12) + (4S@d@a+12,cx8@0@-a+12) + (4S@d@a+12,cx8@0@-a+12) + (4S@p@-a+6,cx4@0@a,4S@p@-a+6,cx4@0@a,4S@p@-a+6,cx4@0@a,4S@p@-a+6,cx4@0@a) + (4S@p@-a+6,cx4@0@a,4S@p@-a+6,cx4@0@a,4S@p@-a+6,cx4@0@a,4S@p@-a+6,cx4@0@a) + (4S@p@-a+6,cx4@0@a,4S@p@-a+6,cx4@0@a,4S@p@-a+6,cx4@0@a,4S@p@-a+6,cx4@0@a) + (4S@p@-a+6,cx4@0@a,4S@p@-a+6,cx4@0@a,4S@p@-a+6,cx8@1@a+6)  P=1 α∈[[0.0, 90.0]]  checks 5/5 pass
[14:06:45]   ctrnact-mixed-family-k4-239: (4S@d@a+12,cx4@1@-a+12) + (4S@d@a+12,cx4@1@-a+12) + (4S@d@a+12,cx4@1@-a+12) + (4S@d@a+12,cx4@1@-a+12) + (4S@d@a+12,cx4@1@-a+12) + (4S@d@a+12,cx4@1@-a+12) + (4S@d@a+12,cx4@1@-a+12) + (4S@d@a+12,cx4@1@-a+12) + (4S@d@a+12,cx4@1@-a+12) + (4S@d@a+12,cx4@1@-a+12) + (4S@d@a+12,cx4@1@-a+12) + (4S@d@a+12,cx4@1@-a+12) + (4S@d@a+12,cx8@0@-a+12) + (4S@d@a+12,cx8@0@-a+12) + (4S@d@a+12,cx8@0@-a+12) + (4S@d@a+12,cx8@0@-a+12) + (4S@d@a+12,cx8@0@-a+12) + (4S@p@-a+6,cx4@0@a,4S@p@-a+6,cx4@0@a,4S@p@-a+6,cx4@0@a,4S@p@-a+6,cx4@0@a) + (4S@p@-a+6,cx4@0@a,4S@p@-a+6,cx4@0@a,4S@p@-a+6,cx8@1@a+6) + (4S@p@-a+6,cx4@0@a,4S@p@-a+6,cx4@0@a,4S@p@-a+6,cx8@1@a+6) + (4S@p@-a+6,cx4@0@a,4S@p@-a+6,cx4@0@a,4S@p@-a+6,cx8@1@a+6)  P=1 α∈[[0.0, 90.0]]  checks 5/5 pass
[14:06:45]   ctrnact-mixed-family-k4-240: (4S@d@a+12,cx4@1@-a+12) + (4S@d@a+12,cx4@1@-a+12) + (4S@d@a+12,cx4@1@-a+12) + (4S@d@a+12,cx4@1@-a+12) + (4S@d@a+12,cx4@1@-a+12) + (4S@d@a+12,cx4@1@-a+12) + (4S@d@a+12,cx4@1@-a+12) + (4S@d@a+12,cx4@1@-a+12) + (4S@d@a+12,cx4@1@-a+12) + (4S@d@a+12,cx4@1@-a+12) + (4S@d@a+12,cx4@1@-a+12) + (4S@d@a+12,cx4@1@-a+12) + (4S@d@a+12,cx4@1@-a+12) + (4S@d@a+12,cx4@1@-a+12) + (4S@d@a+12,cx8@0@-a+12) + (4S@d@a+12,cx8@0@-a+12) + (4S@d@a+12,cx8@0@-a+12) + (4S@p@-a+6,cx4@0@a,4S@p@-a+6,cx4@0@a,4S@p@-a+6,cx4@0@a,4S@p@-a+6,cx4@0@a) + (4S@p@-a+6,cx4@0@a,4S@p@-a+6,cx4@0@a,4S@p@-a+6,cx4@0@a,4S@p@-a+6,cx4@0@a) + (4S@p@-a+6,cx4@0@a,4S@p@-a+6,cx4@0@a,4S@p@-a+6,cx8@1@a+6) + (4S@p@-a+6,cx4@0@a,4S@p@-a+6,cx4@0@a,4S@p@-a+6,cx8@1@a+6)  P=1 α∈[[0.0, 90.0]]  checks 5/5 pass
[14:06:45]   ctrnact-mixed-family-k4-241: (4S@d@a+12,4S@p@-a+6,cx4@0@a,4S@p@-a+6) + (4S@d@a+12,4S@p@-a+6,cx4@0@a,4S@p@-a+6) + (4S@d@a+12,4S@p@-a+6,cx4@0@a,4S@p@-a+6) + (4S@d@a+12,cx4@1@-a+12) + (4S@d@a+12,cx4@1@-a+12) + (4S@d@a+12,cx4@1@-a+12) + (4S@p@-a+6,cx4@0@a,4S@p@-a+6,cx4@0@a,4S@p@-a+6,cx4@0@a,4S@p@-a+6,cx4@0@a)  P=1 α∈[[0.0, 90.0]]  checks 5/5 pass
[14:06:45]   ctrnact-mixed-family-k4-242: (4S@d@a+12,4S@p@-a+6,cx4@0@a,4S@p@-a+6) + (4S@d@a+12,4S@p@-a+6,cx4@0@a,4S@p@-a+6) + (4S@d@a+12,cx4@1@-a+12) + (4S@d@a+12,cx4@1@-a+12) + (4S@d@a+12,cx4@1@-a+12) + (4S@d@a+12,cx4@1@-a+12) + (4S@d@a+12,cx4@1@-a+12) + (4S@d@a+12,cx4@1@-a+12) + (4S@p@-a+6,cx4@0@a,4S@p@-a+6,cx4@0@a,4S@p@-a+6,cx4@0@a,4S@p@-a+6,cx4@0@a) + (4S@p@-a+6,cx4@0@a,4S@p@-a+6,cx4@0@a,4S@p@-a+6,cx4@0@a,4S@p@-a+6,cx4@0@a)  P=1 α∈[[0.0, 90.0]]  checks 5/5 pass
[14:06:45]   ctrnact-mixed-family-k4-243: (4S@d@a+12,4S@p@-a+6,cx4@0@a,4S@p@-a+6) + (4S@d@a+12,cx4@1@-a+12) + (4S@d@a+12,cx4@1@-a+12) + (4S@d@a+12,cx4@1@-a+12) + (4S@d@a+12,cx4@1@-a+12) + (4S@d@a+12,cx4@1@-a+12) + (4S@d@a+12,cx4@1@-a+12) + (4S@d@a+12,cx4@1@-a+12) + (4S@d@a+12,cx4@1@-a+12) + (4S@p@-a+6,cx4@0@a,4S@p@-a+6,cx4@0@a,4S@p@-a+6,cx4@0@a,4S@p@-a+6,cx4@0@a) + (4S@p@-a+6,cx4@0@a,4S@p@-a+6,cx4@0@a,4S@p@-a+6,cx4@0@a,4S@p@-a+6,cx4@0@a) + (4S@p@-a+6,cx4@0@a,4S@p@-a+6,cx4@0@a,4S@p@-a+6,cx4@0@a,4S@p@-a+6,cx4@0@a)  P=1 α∈[[0.0, 90.0]]  checks 5/5 pass
[14:06:45]   ctrnact-mixed-family-k4-244: (4S@d@a+12,4S@p@-a+6,cx4@0@a,4S@p@-a+6) + (4S@d@a+12,cx4@1@-a+12) + (4S@d@a+12,cx4@1@-a+12) + (4S@d@a+12,cx4@1@-a+12) + (4S@d@a+12,cx4@1@-a+12) + (4S@d@a+12,cx4@1@-a+12) + (4S@d@a+12,cx4@1@-a+12) + (4S@d@a+12,cx4@1@-a+12) + (4S@p@-a+6,cx4@0@a,4S@p@-a+6,cx4@0@a,4S@p@-a+6,cx4@0@a,4S@p@-a+6,cx4@0@a) + (4S@p@-a+6,cx4@0@a,4S@p@-a+6,cx4@0@a,cx4@1@-a+12,cx4@0@a) + (4S@p@-a+6,cx4@0@a,4S@p@-a+6,cx4@0@a,cx4@1@-a+12,cx4@0@a)  P=1 α∈[[0.0, 90.0]]  checks 5/5 pass
[14:06:45]   ctrnact-mixed-family-k4-245: (4S@d@a+12,cx4@1@-a+12) + (4S@d@a+12,cx4@1@-a+12) + (4S@d@a+12,cx4@1@-a+12) + (4S@d@a+12,cx4@1@-a+12) + (4S@d@a+12,cx4@1@-a+12) + (4S@d@a+12,cx4@1@-a+12) + (4S@d@a+12,cx4@1@-a+12) + (4S@d@a+12,cx4@1@-a+12) + (4S@d@a+12,cx4@1@-a+12) + (4S@d@a+12,cx4@1@-a+12) + (4S@p@-a+6,cx4@0@a,4S@p@-a+6,cx4@0@a,4S@p@-a+6,cx4@0@a,4S@p@-a+6,cx4@0@a) + (4S@p@-a+6,cx4@0@a,4S@p@-a+6,cx4@0@a,4S@p@-a+6,cx4@0@a,4S@p@-a+6,cx4@0@a) + (4S@p@-a+6,cx4@0@a,4S@p@-a+6,cx4@0@a,cx4@1@-a+12,cx4@0@a) + (4S@p@-a+6,cx4@0@a,4S@p@-a+6,cx4@0@a,cx4@1@-a+12,cx4@0@a)  P=1 α∈[[0.0, 90.0]]  checks 5/5 pass
[14:06:45]   ctrnact-mixed-family-k4-246: (4S@d@a+12,cx4@1@-a+12) + (4S@d@a+12,cx4@1@-a+12) + (4S@d@a+12,cx4@1@-a+12) + (4S@d@a+12,cx4@1@-a+12) + (4S@d@a+12,cx4@1@-a+12) + (4S@d@a+12,cx4@1@-a+12) + (4S@d@a+12,cx4@1@-a+12) + (4S@d@a+12,cx4@1@-a+12) + (4S@p@-a+6,cx4@0@a,4S@p@-a+6,cx4@0@a,4S@p@-a+6,cx4@0@a,4S@p@-a+6,cx4@0@a) + (4S@p@-a+6,cx4@0@a,4S@p@-a+6,cx4@0@a,4S@p@-a+6,cx4@0@a,4S@p@-a+6,cx4@0@a) + (4S@p@-a+6,cx4@0@a,4S@p@-a+6,cx4@0@a,cx4@1@-a+12,cx4@0@a) + (4S@p@-a+6,cx4@0@a,4S@p@-a+6,cx4@0@a,cx4@1@-a+12,cx4@0@a)  P=1 α∈[[0.0, 90.0]]  checks 5/5 pass
[14:06:45]   ctrnact-mixed-family-k4-247: (4S@d@a+12,cx4@1@-a+12) + (4S@d@a+12,cx4@1@-a+12) + (4S@d@a+12,cx4@1@-a+12) + (4S@d@a+12,cx4@1@-a+12) + (4S@d@a+12,cx4@1@-a+12) + (4S@d@a+12,cx4@1@-a+12) + (4S@d@a+12,cx4@1@-a+12) + (4S@d@a+12,cx4@1@-a+12) + (4S@p@-a+6,cx4@0@a,4S@p@-a+6,cx4@0@a,4S@p@-a+6,cx4@0@a,4S@p@-a+6,cx4@0@a) + (4S@p@-a+6,cx4@0@a,4S@p@-a+6,cx4@0@a,cx4@1@-a+12,cx4@0@a) + (4S@p@-a+6,cx4@0@a,4S@p@-a+6,cx4@0@a,cx4@1@-a+12,cx4@0@a) + (4S@p@-a+6,cx4@0@a,4S@p@-a+6,cx4@0@a,cx4@1@-a+12,cx4@0@a)  P=1 α∈[[0.0, 90.0]]  checks 5/5 pass
[14:06:45]   ctrnact-mixed-family-k4-248: (4S@d@a+12,cx4@1@-a+12) + (4S@d@a+12,cx4@1@-a+12) + (4S@d@a+12,cx4@1@-a+12) + (4S@d@a+12,cx4@1@-a+12) + (4S@d@a+12,cx4@1@-a+12) + (4S@p@-a+6,cx4@0@a,4S@p@-a+6,cx4@0@a,cx4@1@-a+12,cx4@0@a) + (4S@p@-a+6,cx4@0@a,4S@p@-a+6,cx4@0@a,cx4@1@-a+12,cx4@0@a) + (4S@p@-a+6,cx4@0@a,4S@p@-a+6,cx4@0@a,cx4@1@-a+12,cx4@0@a) + (cx4@0@a,cx4@1@-a+12,cx4@0@a,cx4@1@-a+12)  P=1 α∈[[0.0, 90.0]]  checks 5/5 pass
[14:06:45]   ctrnact-mixed-family-k4-249: (4S@d@a+12,cx4@1@-a+12) + (4S@d@a+12,cx4@1@-a+12) + (4S@d@a+12,cx4@1@-a+12) + (4S@d@a+12,cx4@1@-a+12) + (4S@d@a+12,cx4@1@-a+12) + (4S@p@-a+6,cx4@0@a,4S@p@-a+6,cx4@0@a,cx4@1@-a+12,cx4@0@a) + (4S@p@-a+6,cx4@0@a,4S@p@-a+6,cx4@0@a,cx4@1@-a+12,cx4@0@a) + (4S@p@-a+6,cx4@0@a,4S@p@-a+6,cx4@0@a,cx4@1@-a+12,cx4@0@a) + (cx4@0@a,cx4@1@-a+12,cx4@0@a,cx4@1@-a+12)  P=1 α∈[[0.0, 90.0]]  checks 5/5 pass
[14:06:45]   ctrnact-mixed-family-k4-250: (4S@d@a+12,4S@p@-a+6,cx4@0@a,4S@p@-a+6) + (4S@d@a+12,cx4@1@-a+12) + (4S@d@a+12,cx4@1@-a+12) + (4S@d@a+12,cx4@1@-a+12) + (4S@d@a+12,cx4@1@-a+12) + (4S@p@-a+6,cx4@0@a,4S@p@-a+6,cx4@0@a,cx4@1@-a+12,cx4@0@a) + (4S@p@-a+6,cx4@0@a,4S@p@-a+6,cx4@0@a,cx4@1@-a+12,cx4@0@a) + (cx4@0@a,cx4@1@-a+12,cx4@0@a,cx4@1@-a+12)  P=1 α∈[[0.0, 90.0]]  checks 5/5 pass
[14:06:45]   ctrnact-mixed-family-k4-251: (4S@d@a+12,cx4@1@-a+12) + (4S@d@a+12,cx4@1@-a+12) + (4S@d@a+12,cx4@1@-a+12) + (4S@d@a+12,cx4@1@-a+12) + (4S@d@a+12,cx4@1@-a+12) + (4S@d@a+12,cx4@1@-a+12) + (4S@d@a+12,cx4@1@-a+12) + (4S@p@-a+6,cx4@0@a,4S@p@-a+6,cx4@0@a,4S@p@-a+6,cx4@0@a,4S@p@-a+6,cx4@0@a) + (4S@p@-a+6,cx4@0@a,4S@p@-a+6,cx4@0@a,cx4@1@-a+12,cx4@0@a) + (4S@p@-a+6,cx4@0@a,4S@p@-a+6,cx4@0@a,cx4@1@-a+12,cx4@0@a) + (cx4@0@a,cx4@1@-a+12,cx4@0@a,cx4@1@-a+12)  P=1 α∈[[0.0, 90.0]]  checks 5/5 pass
[14:06:45]   ctrnact-mixed-family-k4-252: (4S@d@a+12,cx4@1@-a+12) + (4S@d@a+12,cx4@1@-a+12) + (4S@d@a+12,cx4@1@-a+12) + (4S@d@a+12,cx4@1@-a+12) + (4S@d@a+12,cx4@1@-a+12) + (4S@p@-a+6,cx4@0@a,4S@p@-a+6,cx4@0@a,4S@p@-a+6,cx4@0@a,4S@p@-a+6,cx4@0@a) + (4S@p@-a+6,cx4@0@a,4S@p@-a+6,cx4@0@a,cx4@1@-a+12,cx4@0@a) + (4S@p@-a+6,cx4@0@a,4S@p@-a+6,cx4@0@a,cx4@1@-a+12,cx4@0@a) + (cx4@0@a,cx4@1@-a+12,cx4@0@a,cx4@1@-a+12)  P=1 α∈[[0.0, 90.0]]  checks 5/5 pass
[14:06:45]   ctrnact-mixed-family-k4-253: (4S@d@a+12,cx4@1@-a+12) + (4S@d@a+12,cx4@1@-a+12) + (4S@d@a+12,cx4@1@-a+12) + (4S@d@a+12,cx4@1@-a+12) + (4S@d@a+12,cx4@1@-a+12) + (4S@p@-a+6,cx4@0@a,4S@p@-a+6,cx4@0@a,cx4@1@-a+12,cx4@0@a) + (4S@p@-a+6,cx4@0@a,4S@p@-a+6,cx4@0@a,cx4@1@-a+12,cx4@0@a) + (4S@p@-a+6,cx4@0@a,4S@p@-a+6,cx4@0@a,cx4@1@-a+12,cx4@0@a) + (cx4@0@a,cx4@1@-a+12,cx4@0@a,cx4@1@-a+12)  P=1 α∈[[0.0, 90.0]]  checks 5/5 pass
[14:06:45]   ctrnact-mixed-family-k4-254: (4S@d@a+12,cx4@1@-a+12) + (4S@d@a+12,cx4@1@-a+12) + (4S@p@-a+6,cx4@0@a,4S@p@-a+6,cx4@0@a,cx4@1@-a+12,cx4@0@a) + (cx4@0@a,cx4@1@-a+12,cx4@0@a,cx4@1@-a+12) + (cx4@0@a,cx4@1@-a+12,cx4@0@a,cx4@1@-a+12) + (cx4@0@a,cx4@1@-a+12,cx4@0@a,cx4@1@-a+12)  P=1 α∈[[0.0, 90.0]]  checks 5/5 pass
[14:06:45]   ctrnact-mixed-family-k4-255: (4S@d@a+12,cx4@1@-a+12) + (4S@d@a+12,cx4@1@-a+12) + (4S@p@-a+6,cx4@0@a,4S@p@-a+6,cx4@0@a,cx4@1@-a+12,cx4@0@a) + (cx4@0@a,cx4@1@-a+12,cx4@0@a,cx4@1@-a+12) + (cx4@0@a,cx4@1@-a+12,cx4@0@a,cx4@1@-a+12) + (cx4@0@a,cx4@1@-a+12,cx4@0@a,cx4@1@-a+12)  P=1 α∈[[0.0, 90.0]]  checks 5/5 pass
[14:06:45]   ctrnact-mixed-family-k4-256: (4S@d@a+12,4S@p@-a+6,cx4@0@a,4S@p@-a+6) + (4S@d@a+12,4S@p@-a+6,cx4@0@a,4S@p@-a+6) + (4S@d@a+12,4S@p@-a+6,cx4@0@a,4S@p@-a+6) + (4S@d@a+12,cx4@1@-a+12) + (4S@d@a+12,cx4@1@-a+12) + (4S@d@a+12,cx4@1@-a+12) + (4S@p@-a+6,cx4@0@a,4S@p@-a+6,cx4@0@a,cx4@1@-a+12,cx4@0@a)  P=1 α∈[[0.0, 90.0]]  checks 5/5 pass
[14:06:45]   ctrnact-mixed-family-k4-257: (4S@d@a+12,4S@p@-a+6,cx4@0@a,4S@p@-a+6) + (4S@d@a+12,4S@p@-a+6,cx4@0@a,4S@p@-a+6) + (4S@d@a+12,cx4@1@-a+12) + (4S@d@a+12,cx4@1@-a+12) + (4S@d@a+12,cx4@1@-a+12) + (4S@d@a+12,cx4@1@-a+12) + (4S@d@a+12,cx4@1@-a+12) + (4S@d@a+12,cx4@1@-a+12) + (4S@p@-a+6,cx4@0@a,4S@p@-a+6,cx4@0@a,4S@p@-a+6,cx4@0@a,4S@p@-a+6,cx4@0@a) + (4S@p@-a+6,cx4@0@a,4S@p@-a+6,cx4@0@a,cx4@1@-a+12,cx4@0@a)  P=1 α∈[[0.0, 90.0]]  checks 5/5 pass
[14:06:45]   ctrnact-mixed-family-k4-258: (4S@d@a+12,4S@p@-a+6,cx4@0@a,4S@p@-a+6) + (4S@d@a+12,4S@p@-a+6,cx4@0@a,4S@p@-a+6) + (4S@d@a+12,cx4@1@-a+12) + (4S@d@a+12,cx4@1@-a+12) + (4S@d@a+12,cx4@1@-a+12) + (4S@d@a+12,cx4@1@-a+12) + (4S@p@-a+6,cx4@0@a,4S@p@-a+6,cx4@0@a,4S@p@-a+6,cx4@0@a,4S@p@-a+6,cx4@0@a) + (4S@p@-a+6,cx4@0@a,4S@p@-a+6,cx4@0@a,cx4@1@-a+12,cx4@0@a)  P=1 α∈[[0.0, 90.0]]  checks 5/5 pass
[14:06:45]   ctrnact-mixed-family-k4-259: (4S@d@a+12,4S@p@-a+6,cx4@0@a,4S@p@-a+6) + (4S@d@a+12,cx4@1@-a+12) + (4S@d@a+12,cx4@1@-a+12) + (4S@d@a+12,cx4@1@-a+12) + (4S@d@a+12,cx4@1@-a+12) + (4S@d@a+12,cx4@1@-a+12) + (4S@d@a+12,cx4@1@-a+12) + (4S@d@a+12,cx4@1@-a+12) + (4S@d@a+12,cx4@1@-a+12) + (4S@p@-a+6,cx4@0@a,4S@p@-a+6,cx4@0@a,4S@p@-a+6,cx4@0@a,4S@p@-a+6,cx4@0@a) + (4S@p@-a+6,cx4@0@a,4S@p@-a+6,cx4@0@a,4S@p@-a+6,cx4@0@a,4S@p@-a+6,cx4@0@a) + (4S@p@-a+6,cx4@0@a,4S@p@-a+6,cx4@0@a,cx4@1@-a+12,cx4@0@a)  P=1 α∈[[0.0, 90.0]]  checks 5/5 pass
[14:06:45]   ctrnact-mixed-family-k4-260: (4S@d@a+12,cx4@1@-a+12) + (4S@d@a+12,cx4@1@-a+12) + (4S@d@a+12,cx4@1@-a+12) + (4S@d@a+12,cx4@1@-a+12) + (4S@d@a+12,cx4@1@-a+12) + (4S@d@a+12,cx4@1@-a+12) + (4S@d@a+12,cx4@1@-a+12) + (4S@d@a+12,cx4@1@-a+12) + (4S@d@a+12,cx4@1@-a+12) + (4S@d@a+12,cx4@1@-a+12) + (4S@d@a+12,cx4@1@-a+12) + (4S@p@-a+6,cx4@0@a,4S@p@-a+6,cx4@0@a,4S@p@-a+6,cx4@0@a,4S@p@-a+6,cx4@0@a) + (4S@p@-a+6,cx4@0@a,4S@p@-a+6,cx4@0@a,4S@p@-a+6,cx4@0@a,4S@p@-a+6,cx4@0@a) + (4S@p@-a+6,cx4@0@a,4S@p@-a+6,cx4@0@a,4S@p@-a+6,cx4@0@a,4S@p@-a+6,cx4@0@a) + (4S@p@-a+6,cx4@0@a,4S@p@-a+6,cx4@0@a,cx4@1@-a+12,cx4@0@a)  P=1 α∈[[0.0, 90.0]]  checks 5/5 pass
[14:06:45]   ctrnact-mixed-family-k4-261: (4S@d@a+12,cx4@1@-a+12) + (4S@d@a+12,cx4@1@-a+12) + (4S@d@a+12,cx4@1@-a+12) + (4S@d@a+12,cx4@1@-a+12) + (4S@d@a+12,cx4@1@-a+12) + (4S@d@a+12,cx4@1@-a+12) + (4S@d@a+12,cx4@1@-a+12) + (4S@d@a+12,cx4@1@-a+12) + (4S@d@a+12,cx4@1@-a+12) + (4S@p@-a+6,cx4@0@a,4S@p@-a+6,cx4@0@a,4S@p@-a+6,cx4@0@a,4S@p@-a+6,cx4@0@a) + (4S@p@-a+6,cx4@0@a,4S@p@-a+6,cx4@0@a,4S@p@-a+6,cx4@0@a,4S@p@-a+6,cx4@0@a) + (4S@p@-a+6,cx4@0@a,4S@p@-a+6,cx4@0@a,4S@p@-a+6,cx4@0@a,4S@p@-a+6,cx4@0@a) + (4S@p@-a+6,cx4@0@a,4S@p@-a+6,cx4@0@a,cx4@1@-a+12,cx4@0@a)  P=1 α∈[[0.0, 90.0]]  checks 5/5 pass
[14:06:45]   ctrnact-mixed-family-k4-262: (4S@d@a+12,cx4@1@-a+12) + (4S@d@a+12,cx4@1@-a+12) + (4S@d@a+12,cx4@1@-a+12) + (4S@d@a+12,cx4@1@-a+12) + (4S@d@a+12,cx4@1@-a+12) + (4S@d@a+12,cx4@1@-a+12) + (4S@p@-a+6,cx4@0@a,4S@p@-a+6,cx4@0@a,4S@p@-a+6,cx4@0@a,4S@p@-a+6,cx4@0@a) + (4S@p@-a+6,cx4@0@a,4S@p@-a+6,cx4@0@a,cx4@1@-a+12,cx4@0@a) + (4S@p@-a+6,cx4@0@a,4S@p@-a+6,cx4@0@a,cx4@1@-a+12,cx4@0@a) + (cx4@0@a,cx4@1@-a+12,cx4@0@a,cx4@1@-a+12)  P=1 α∈[[0.0, 90.0]]  checks 5/5 pass
[14:06:45]   ctrnact-mixed-family-k4-263: (4S@d@a+12,cx4@1@-a+12) + (4S@d@a+12,cx4@1@-a+12) + (4S@d@a+12,cx4@1@-a+12) + (4S@d@a+12,cx4@1@-a+12) + (4S@d@a+12,cx4@1@-a+12) + (4S@d@a+12,cx4@1@-a+12) + (4S@p@-a+6,cx4@0@a,4S@p@-a+6,cx4@0@a,4S@p@-a+6,cx4@0@a,4S@p@-a+6,cx4@0@a) + (4S@p@-a+6,cx4@0@a,4S@p@-a+6,cx4@0@a,cx4@1@-a+12,cx4@0@a) + (4S@p@-a+6,cx4@0@a,4S@p@-a+6,cx4@0@a,cx4@1@-a+12,cx4@0@a) + (cx4@0@a,cx4@1@-a+12,cx4@0@a,cx4@1@-a+12)  P=1 α∈[[0.0, 90.0]]  checks 5/5 pass
[14:06:45]   ctrnact-mixed-family-k4-264: (4S@d@a+12,4S@p@-a+6,cx4@0@a,4S@p@-a+6) + (4S@d@a+12,cx4@1@-a+12) + (4S@d@a+12,cx4@1@-a+12) + (4S@d@a+12,cx4@1@-a+12) + (4S@d@a+12,cx4@1@-a+12) + (4S@d@a+12,cx4@1@-a+12) + (4S@p@-a+6,cx4@0@a,4S@p@-a+6,cx4@0@a,cx4@1@-a+12,cx4@0@a) + (4S@p@-a+6,cx4@0@a,4S@p@-a+6,cx4@0@a,cx4@1@-a+12,cx4@0@a) + (4S@p@-a+6,cx4@0@a,4S@p@-a+6,cx4@0@a,cx4@1@-a+12,cx4@0@a)  P=1 α∈[[0.0, 90.0]]  checks 5/5 pass
[14:06:45]   ctrnact-mixed-family-k4-265: (4S@d@a+12,cx4@1@-a+12) + (4S@d@a+12,cx4@1@-a+12) + (4S@d@a+12,cx4@1@-a+12) + (4S@d@a+12,cx4@1@-a+12) + (4S@d@a+12,cx4@1@-a+12) + (4S@d@a+12,cx4@1@-a+12) + (4S@d@a+12,cx4@1@-a+12) + (4S@d@a+12,cx4@1@-a+12) + (4S@p@-a+6,cx4@0@a,4S@p@-a+6,cx4@0@a,4S@p@-a+6,cx4@0@a,4S@p@-a+6,cx4@0@a) + (4S@p@-a+6,cx4@0@a,4S@p@-a+6,cx4@0@a,cx4@1@-a+12,cx4@0@a) + (4S@p@-a+6,cx4@0@a,4S@p@-a+6,cx4@0@a,cx4@1@-a+12,cx4@0@a) + (4S@p@-a+6,cx4@0@a,4S@p@-a+6,cx4@0@a,cx4@1@-a+12,cx4@0@a)  P=1 α∈[[0.0, 90.0]]  checks 5/5 pass
[14:06:45]   ctrnact-mixed-family-k4-266: (4S@d@a+12,cx4@1@-a+12) + (4S@d@a+12,cx4@1@-a+12) + (4S@d@a+12,cx4@1@-a+12) + (4S@d@a+12,cx4@1@-a+12) + (4S@d@a+12,cx4@1@-a+12) + (4S@d@a+12,cx4@1@-a+12) + (4S@p@-a+6,cx4@0@a,4S@p@-a+6,cx4@0@a,4S@p@-a+6,cx4@0@a,4S@p@-a+6,cx4@0@a) + (4S@p@-a+6,cx4@0@a,4S@p@-a+6,cx4@0@a,cx4@1@-a+12,cx4@0@a) + (4S@p@-a+6,cx4@0@a,4S@p@-a+6,cx4@0@a,cx4@1@-a+12,cx4@0@a) + (4S@p@-a+6,cx4@0@a,4S@p@-a+6,cx4@0@a,cx4@1@-a+12,cx4@0@a)  P=1 α∈[[0.0, 90.0]]  checks 5/5 pass
[14:06:45]   ctrnact-mixed-family-k4-267: (4S@d@a+12,cx4@1@-a+12) + (4S@d@a+12,cx4@1@-a+12) + (4S@d@a+12,cx4@1@-a+12) + (4S@d@a+12,cx4@1@-a+12) + (4S@d@a+12,cx4@1@-a+12) + (4S@d@a+12,cx4@1@-a+12) + (4S@d@a+12,cx4@1@-a+12) + (4S@d@a+12,cx4@1@-a+12) + (4S@d@a+12,cx4@1@-a+12) + (4S@d@a+12,cx8@0@-a+12) + (4S@d@a+12,cx8@0@-a+12) + (4S@p@-a+6,cx4@0@a,4S@p@-a+6,cx4@0@a,4S@p@-a+6,cx8@1@a+6) + (4S@p@-a+6,cx4@0@a,4S@p@-a+6,cx4@0@a,cx4@1@-a+12,cx4@0@a) + (4S@p@-a+6,cx4@0@a,4S@p@-a+6,cx4@0@a,cx4@1@-a+12,cx4@0@a) + (4S@p@-a+6,cx4@0@a,4S@p@-a+6,cx4@0@a,cx4@1@-a+12,cx4@0@a)  P=1 α∈[[0.0, 90.0]]  checks 5/5 pass
[14:06:45]   ctrnact-mixed-family-k4-268: (4S@d@a+12,cx4@1@-a+12) + (4S@d@a+12,cx4@1@-a+12) + (4S@d@a+12,cx4@1@-a+12) + (4S@p@-a+6,cx4@0@a,4S@p@-a+6,cx4@0@a,cx4@1@-a+12,cx4@0@a) + (4S@p@-a+6,cx4@0@a,4S@p@-a+6,cx4@0@a,cx4@1@-a+12,cx4@0@a) + (cx4@0@a,cx4@1@-a+12,cx4@0@a,cx4@1@-a+12) + (cx4@0@a,cx4@1@-a+12,cx4@0@a,cx4@1@-a+12)  P=1 α∈[[0.0, 90.0]]  checks 5/5 pass
[14:06:45]   ctrnact-mixed-family-k4-269: (4S@d@a+12,cx4@1@-a+12) + (4S@d@a+12,cx4@1@-a+12) + (4S@d@a+12,cx4@1@-a+12) + (4S@p@-a+6,cx4@0@a,4S@p@-a+6,cx4@0@a,cx4@1@-a+12,cx4@0@a) + (4S@p@-a+6,cx4@0@a,4S@p@-a+6,cx4@0@a,cx4@1@-a+12,cx4@0@a) + (cx4@0@a,cx4@1@-a+12,cx4@0@a,cx4@1@-a+12) + (cx4@0@a,cx4@1@-a+12,cx4@0@a,cx4@1@-a+12)  P=1 α∈[[0.0, 90.0]]  checks 5/5 pass
[14:06:45]   ctrnact-mixed-family-k4-270: (4S@d@a+12,cx4@1@-a+12) + (4S@d@a+12,cx4@1@-a+12) + (4S@d@a+12,cx4@1@-a+12) + (4S@d@a+12,cx4@1@-a+12) + (4S@d@a+12,cx4@1@-a+12) + (4S@d@a+12,cx4@1@-a+12) + (4S@d@a+12,cx4@1@-a+12) + (4S@d@a+12,cx8@0@-a+12) + (4S@p@-a+6,cx4@0@a,4S@p@-a+6,cx4@0@a,cx4@1@-a+12,cx4@0@a) + (4S@p@-a+6,cx4@0@a,4S@p@-a+6,cx4@0@a,cx4@1@-a+12,cx4@0@a) + (4S@p@-a+6,cx4@0@a,4S@p@-a+6,cx4@0@a,cx8@0@-a+12,cx4@0@a) + (4S@p@-a+6,cx4@0@a,cx4@1@-a+12,cx8@1@a+6)  P=1 α∈[[0.0, 90.0]]  checks 5/5 pass
[14:06:45]   ctrnact-mixed-family-k4-271: (4S@d@a+12,cx4@1@-a+12) + (4S@d@a+12,cx4@1@-a+12) + (4S@d@a+12,cx4@1@-a+12) + (4S@d@a+12,cx4@1@-a+12) + (4S@d@a+12,cx4@1@-a+12) + (4S@d@a+12,cx4@1@-a+12) + (4S@d@a+12,cx8@0@-a+12) + (4S@d@a+12,cx8@0@-a+12) + (4S@p@-a+6,cx4@0@a,4S@p@-a+6,cx4@0@a,cx4@1@-a+12,cx4@0@a) + (4S@p@-a+6,cx4@0@a,4S@p@-a+6,cx4@0@a,cx4@1@-a+12,cx4@0@a) + (4S@p@-a+6,cx4@0@a,cx4@1@-a+12,cx8@1@a+6) + (4S@p@-a+6,cx4@0@a,cx8@0@-a+12,cx8@1@a+6)  P=1 α∈[[0.0, 90.0]]  checks 5/5 pass
[14:06:45]   ctrnact-mixed-family-k4-272: (4S@d@a+12,cx4@1@-a+12) + (4S@d@a+12,cx4@1@-a+12) + (4S@d@a+12,cx8@0@-a+12) + (4S@p@-a+6,cx4@0@a,4S@p@-a+6,cx4@0@a,cx4@1@-a+12,cx4@0@a) + (4S@p@-a+6,cx4@0@a,cx4@1@-a+12,cx8@1@a+6) + (cx4@0@a,cx4@1@-a+12,cx4@0@a,cx4@1@-a+12) + (cx4@0@a,cx8@0@-a+12,cx4@0@a,cx8@0@-a+12)  P=1 α∈[[0.0, 90.0]]  checks 5/5 pass
[14:06:45]   ctrnact-mixed-family-k4-273: (4S@d@a+12,cx4@1@-a+12) + (4S@d@a+12,cx4@1@-a+12) + (4S@d@a+12,cx8@0@-a+12) + (4S@p@-a+6,cx4@0@a,4S@p@-a+6,cx4@0@a,cx4@1@-a+12,cx4@0@a) + (4S@p@-a+6,cx4@0@a,cx4@1@-a+12,cx8@1@a+6) + (cx4@0@a,cx4@1@-a+12,cx4@0@a,cx4@1@-a+12) + (cx4@0@a,cx4@1@-a+12,cx4@0@a,cx8@0@-a+12)  P=1 α∈[[0.0, 90.0]]  checks 5/5 pass
[14:06:45]   ctrnact-mixed-family-k4-274: (4S@d@a+12,4S@p@-a+6,cx4@0@a,4S@p@-a+6) + (4S@d@a+12,cx4@1@-a+12) + (4S@d@a+12,cx4@1@-a+12) + (4S@d@a+12,cx4@1@-a+12) + (4S@d@a+12,cx4@1@-a+12) + (4S@d@a+12,cx4@1@-a+12) + (4S@d@a+12,cx4@1@-a+12) + (4S@d@a+12,cx4@1@-a+12) + (4S@p@-a+6,cx4@0@a,4S@p@-a+6,cx4@0@a,4S@p@-a+6,cx4@0@a,4S@p@-a+6,cx4@0@a) + (4S@p@-a+6,cx4@0@a,4S@p@-a+6,cx4@0@a,cx4@1@-a+12,cx4@0@a) + (4S@p@-a+6,cx4@0@a,4S@p@-a+6,cx4@0@a,cx4@1@-a+12,cx4@0@a)  P=1 α∈[[0.0, 90.0]]  checks 5/5 pass
[14:06:45]   ctrnact-mixed-family-k4-275: (4S@d@a+12,4S@p@-a+6,cx4@0@a,4S@p@-a+6) + (4S@d@a+12,cx4@1@-a+12) + (4S@d@a+12,cx4@1@-a+12) + (4S@d@a+12,cx4@1@-a+12) + (4S@d@a+12,cx4@1@-a+12) + (4S@d@a+12,cx4@1@-a+12) + (4S@p@-a+6,cx4@0@a,4S@p@-a+6,cx4@0@a,4S@p@-a+6,cx4@0@a,4S@p@-a+6,cx4@0@a) + (4S@p@-a+6,cx4@0@a,4S@p@-a+6,cx4@0@a,cx4@1@-a+12,cx4@0@a) + (4S@p@-a+6,cx4@0@a,4S@p@-a+6,cx4@0@a,cx4@1@-a+12,cx4@0@a)  P=1 α∈[[0.0, 90.0]]  checks 5/5 pass
[14:06:45]   ctrnact-mixed-family-k4-276: (4S@d@a+12,cx4@1@-a+12) + (4S@d@a+12,cx4@1@-a+12) + (4S@d@a+12,cx4@1@-a+12) + (4S@d@a+12,cx4@1@-a+12) + (4S@d@a+12,cx4@1@-a+12) + (4S@d@a+12,cx4@1@-a+12) + (4S@d@a+12,cx4@1@-a+12) + (4S@d@a+12,cx4@1@-a+12) + (4S@p@-a+6,cx4@0@a,4S@p@-a+6,cx4@0@a,4S@p@-a+6,cx4@0@a,4S@p@-a+6,cx4@0@a) + (4S@p@-a+6,cx4@0@a,4S@p@-a+6,cx4@0@a,4S@p@-a+6,cx4@0@a,4S@p@-a+6,cx4@0@a) + (4S@p@-a+6,cx4@0@a,4S@p@-a+6,cx4@0@a,cx4@1@-a+12,cx4@0@a) + (4S@p@-a+6,cx4@0@a,4S@p@-a+6,cx4@0@a,cx4@1@-a+12,cx4@0@a)  P=1 α∈[[0.0, 90.0]]  checks 5/5 pass
[14:06:45]   ctrnact-mixed-family-k4-277: (4S@d@a+12,4S@p@-a+6,cx4@0@a,4S@p@-a+6) + (4S@d@a+12,cx4@1@-a+12) + (4S@d@a+12,cx4@1@-a+12) + (4S@d@a+12,cx4@1@-a+12) + (4S@d@a+12,cx4@1@-a+12) + (4S@d@a+12,cx4@1@-a+12) + (4S@p@-a+6,cx4@0@a,4S@p@-a+6,cx4@0@a,4S@p@-a+6,cx4@0@a,4S@p@-a+6,cx4@0@a) + (4S@p@-a+6,cx4@0@a,4S@p@-a+6,cx4@0@a,cx4@1@-a+12,cx4@0@a) + (cx4@0@a,cx4@1@-a+12,cx4@0@a,cx4@1@-a+12)  P=1 α∈[[0.0, 90.0]]  checks 5/5 pass
[14:06:45]   ctrnact-mixed-family-k4-278: (4S@d@a+12,cx4@1@-a+12) + (4S@d@a+12,cx4@1@-a+12) + (4S@d@a+12,cx4@1@-a+12) + (4S@d@a+12,cx4@1@-a+12) + (4S@d@a+12,cx4@1@-a+12) + (4S@d@a+12,cx4@1@-a+12) + (4S@d@a+12,cx4@1@-a+12) + (4S@d@a+12,cx4@1@-a+12) + (4S@p@-a+6,cx4@0@a,4S@p@-a+6,cx4@0@a,4S@p@-a+6,cx4@0@a,4S@p@-a+6,cx4@0@a) + (4S@p@-a+6,cx4@0@a,4S@p@-a+6,cx4@0@a,4S@p@-a+6,cx4@0@a,4S@p@-a+6,cx4@0@a) + (4S@p@-a+6,cx4@0@a,4S@p@-a+6,cx4@0@a,cx4@1@-a+12,cx4@0@a) + (cx4@0@a,cx4@1@-a+12,cx4@0@a,cx4@1@-a+12)  P=1 α∈[[0.0, 90.0]]  checks 5/5 pass
[14:06:45]   ctrnact-mixed-family-k4-279: (4S@d@a+12,cx4@1@-a+12) + (4S@d@a+12,cx4@1@-a+12) + (4S@d@a+12,cx4@1@-a+12) + (4S@d@a+12,cx4@1@-a+12) + (4S@d@a+12,cx4@1@-a+12) + (4S@d@a+12,cx4@1@-a+12) + (4S@p@-a+6,cx4@0@a,4S@p@-a+6,cx4@0@a,4S@p@-a+6,cx4@0@a,4S@p@-a+6,cx4@0@a) + (4S@p@-a+6,cx4@0@a,4S@p@-a+6,cx4@0@a,4S@p@-a+6,cx4@0@a,4S@p@-a+6,cx4@0@a) + (4S@p@-a+6,cx4@0@a,4S@p@-a+6,cx4@0@a,cx4@1@-a+12,cx4@0@a) + (cx4@0@a,cx4@1@-a+12,cx4@0@a,cx4@1@-a+12)  P=1 α∈[[0.0, 90.0]]  checks 5/5 pass
[14:06:45]   ctrnact-mixed-family-k4-280: (4S@d@a+12,4S@p@-a+6,cx4@0@a,4S@p@-a+6) + (4S@d@a+12,cx4@1@-a+12) + (4S@d@a+12,cx4@1@-a+12) + (4S@p@-a+6,cx4@0@a,4S@p@-a+6,cx4@0@a,cx4@1@-a+12,cx4@0@a) + (cx4@0@a,cx4@1@-a+12,cx4@0@a,cx4@1@-a+12) + (cx4@0@a,cx4@1@-a+12,cx4@0@a,cx4@1@-a+12)  P=1 α∈[[0.0, 90.0]]  checks 5/5 pass
[14:06:45]   ctrnact-mixed-family-k4-281: (4S@d@a+12,cx4@1@-a+12) + (4S@d@a+12,cx4@1@-a+12) + (4S@d@a+12,cx4@1@-a+12) + (4S@d@a+12,cx4@1@-a+12) + (4S@d@a+12,cx4@1@-a+12) + (4S@p@-a+6,cx4@0@a,4S@p@-a+6,cx4@0@a,4S@p@-a+6,cx4@0@a,4S@p@-a+6,cx4@0@a) + (4S@p@-a+6,cx4@0@a,4S@p@-a+6,cx4@0@a,cx4@1@-a+12,cx4@0@a) + (cx4@0@a,cx4@1@-a+12,cx4@0@a,cx4@1@-a+12) + (cx4@0@a,cx4@1@-a+12,cx4@0@a,cx4@1@-a+12)  P=1 α∈[[0.0, 90.0]]  checks 5/5 pass
[14:06:45]   ctrnact-mixed-family-k4-282: (4S@d@a+12,cx4@1@-a+12) + (4S@d@a+12,cx4@1@-a+12) + (4S@d@a+12,cx4@1@-a+12) + (4S@p@-a+6,cx4@0@a,4S@p@-a+6,cx4@0@a,4S@p@-a+6,cx4@0@a,4S@p@-a+6,cx4@0@a) + (4S@p@-a+6,cx4@0@a,4S@p@-a+6,cx4@0@a,cx4@1@-a+12,cx4@0@a) + (cx4@0@a,cx4@1@-a+12,cx4@0@a,cx4@1@-a+12) + (cx4@0@a,cx4@1@-a+12,cx4@0@a,cx4@1@-a+12)  P=1 α∈[[0.0, 90.0]]  checks 5/5 pass
[14:06:45]   ctrnact-mixed-family-k4-283: (4S@d@a+12,4S@p@-a+6,cx4@0@a,4S@p@-a+6) + (4S@d@a+12,cx4@1@-a+12) + (4S@d@a+12,cx4@1@-a+12) + (4S@p@-a+6,cx4@0@a,4S@p@-a+6,cx4@0@a,cx4@1@-a+12,cx4@0@a) + (cx4@0@a,cx4@1@-a+12,cx4@0@a,cx4@1@-a+12) + (cx4@0@a,cx4@1@-a+12,cx4@0@a,cx4@1@-a+12)  P=1 α∈[[0.0, 90.0]]  checks 5/5 pass
[14:06:45]   ctrnact-mixed-family-k4-284: (4S@d@a+12,cx4@1@-a+12) + (4S@d@a+12,cx4@1@-a+12) + (4S@d@a+12,cx4@1@-a+12) + (4S@d@a+12,cx4@1@-a+12) + (4S@d@a+12,cx4@1@-a+12) + (4S@p@-a+6,cx4@0@a,4S@p@-a+6,cx4@0@a,4S@p@-a+6,cx4@0@a,4S@p@-a+6,cx4@0@a) + (4S@p@-a+6,cx4@0@a,4S@p@-a+6,cx4@0@a,cx4@1@-a+12,cx4@0@a) + (cx4@0@a,cx4@1@-a+12,cx4@0@a,cx4@1@-a+12) + (cx4@0@a,cx4@1@-a+12,cx4@0@a,cx4@1@-a+12)  P=1 α∈[[0.0, 90.0]]  checks 5/5 pass
[14:06:45]   ctrnact-mixed-family-k4-285: (4S@d@a+12,cx4@1@-a+12) + (4S@d@a+12,cx4@1@-a+12) + (4S@d@a+12,cx4@1@-a+12) + (4S@p@-a+6,cx4@0@a,4S@p@-a+6,cx4@0@a,4S@p@-a+6,cx4@0@a,4S@p@-a+6,cx4@0@a) + (4S@p@-a+6,cx4@0@a,4S@p@-a+6,cx4@0@a,cx4@1@-a+12,cx4@0@a) + (cx4@0@a,cx4@1@-a+12,cx4@0@a,cx4@1@-a+12) + (cx4@0@a,cx4@1@-a+12,cx4@0@a,cx4@1@-a+12)  P=1 α∈[[0.0, 90.0]]  checks 5/5 pass
[14:06:45]   ctrnact-mixed-family-k4-286: (4S@d@a+12,4S@p@-a+6,cx4@0@a,4S@p@-a+6) + (4S@d@a+12,cx4@1@-a+12) + (4S@d@a+12,cx4@1@-a+12) + (4S@d@a+12,cx4@1@-a+12) + (4S@d@a+12,cx4@1@-a+12) + (4S@d@a+12,cx4@1@-a+12) + (4S@p@-a+6,cx4@0@a,4S@p@-a+6,cx4@0@a,4S@p@-a+6,cx4@0@a,4S@p@-a+6,cx4@0@a) + (4S@p@-a+6,cx4@0@a,4S@p@-a+6,cx4@0@a,cx4@1@-a+12,cx4@0@a) + (cx4@0@a,cx4@1@-a+12,cx4@0@a,cx4@1@-a+12)  P=1 α∈[[0.0, 90.0]]  checks 5/5 pass
[14:06:45]   ctrnact-mixed-family-k4-287: (4S@d@a+12,cx4@1@-a+12) + (4S@d@a+12,cx4@1@-a+12) + (4S@d@a+12,cx4@1@-a+12) + (4S@d@a+12,cx4@1@-a+12) + (4S@d@a+12,cx4@1@-a+12) + (4S@d@a+12,cx4@1@-a+12) + (4S@d@a+12,cx4@1@-a+12) + (4S@d@a+12,cx4@1@-a+12) + (4S@p@-a+6,cx4@0@a,4S@p@-a+6,cx4@0@a,4S@p@-a+6,cx4@0@a,4S@p@-a+6,cx4@0@a) + (4S@p@-a+6,cx4@0@a,4S@p@-a+6,cx4@0@a,4S@p@-a+6,cx4@0@a,4S@p@-a+6,cx4@0@a) + (4S@p@-a+6,cx4@0@a,4S@p@-a+6,cx4@0@a,cx4@1@-a+12,cx4@0@a) + (cx4@0@a,cx4@1@-a+12,cx4@0@a,cx4@1@-a+12)  P=1 α∈[[0.0, 90.0]]  checks 5/5 pass
[14:06:45]   ctrnact-mixed-family-k4-288: (4S@d@a+12,cx4@1@-a+12) + (4S@d@a+12,cx4@1@-a+12) + (4S@d@a+12,cx4@1@-a+12) + (4S@d@a+12,cx4@1@-a+12) + (4S@d@a+12,cx4@1@-a+12) + (4S@d@a+12,cx4@1@-a+12) + (4S@p@-a+6,cx4@0@a,4S@p@-a+6,cx4@0@a,4S@p@-a+6,cx4@0@a,4S@p@-a+6,cx4@0@a) + (4S@p@-a+6,cx4@0@a,4S@p@-a+6,cx4@0@a,4S@p@-a+6,cx4@0@a,4S@p@-a+6,cx4@0@a) + (4S@p@-a+6,cx4@0@a,4S@p@-a+6,cx4@0@a,cx4@1@-a+12,cx4@0@a) + (cx4@0@a,cx4@1@-a+12,cx4@0@a,cx4@1@-a+12)  P=1 α∈[[0.0, 90.0]]  checks 5/5 pass
[14:06:45]   ctrnact-mixed-family-k4-289: (4S@d@a+12,cx4@1@-a+12) + (4S@d@a+12,cx4@1@-a+12) + (4S@d@a+12,cx4@1@-a+12) + (4S@p@-a+6,cx4@0@a,4S@p@-a+6,cx4@0@a,cx4@1@-a+12,cx4@0@a) + (4S@p@-a+6,cx4@0@a,4S@p@-a+6,cx4@0@a,cx4@1@-a+12,cx4@0@a) + (cx4@0@a,cx4@1@-a+12,cx4@0@a,cx4@1@-a+12) + (cx4@0@a,cx4@1@-a+12,cx4@0@a,cx4@1@-a+12)  P=1 α∈[[0.0, 90.0]]  checks 5/5 pass
[14:06:45]   ctrnact-mixed-family-k4-290: (4S@d@a+12,cx4@1@-a+12) + (4S@d@a+12,cx4@1@-a+12) + (4S@d@a+12,cx4@1@-a+12) + (4S@d@a+12,cx4@1@-a+12) + (4S@d@a+12,cx8@0@-a+12) + (4S@p@-a+6,cx4@0@a,4S@p@-a+6,cx4@0@a,cx4@1@-a+12,cx4@0@a) + (4S@p@-a+6,cx4@0@a,cx4@1@-a+12,cx8@1@a+6) + (cx4@0@a,cx4@1@-a+12,cx4@0@a,cx4@1@-a+12) + (cx4@0@a,cx4@1@-a+12,cx4@0@a,cx8@0@-a+12)  P=1 α∈[[0.0, 90.0]]  checks 5/5 pass
[14:06:45]   ctrnact-mixed-family-k4-291: (4S@d@a+12,cx4@1@-a+12) + (4S@d@a+12,cx4@1@-a+12) + (4S@d@a+12,cx4@1@-a+12) + (4S@d@a+12,cx4@1@-a+12) + (4S@d@a+12,cx4@1@-a+12) + (4S@d@a+12,cx4@1@-a+12) + (4S@d@a+12,cx4@1@-a+12) + (4S@d@a+12,cx4@1@-a+12) + (4S@d@a+12,cx8@0@-a+12) + (4S@p@-a+6,cx4@0@a,4S@p@-a+6,cx4@0@a,cx4@1@-a+12,cx4@0@a) + (4S@p@-a+6,cx4@0@a,4S@p@-a+6,cx4@0@a,cx4@1@-a+12,cx4@0@a) + (4S@p@-a+6,cx4@0@a,4S@p@-a+6,cx4@0@a,cx8@0@-a+12,cx4@0@a) + (4S@p@-a+6,cx4@0@a,cx4@1@-a+12,cx8@1@a+6)  P=1 α∈[[0.0, 90.0]]  checks 5/5 pass
[14:06:45]   ctrnact-mixed-family-k4-292: (4S@d@a+12,cx4@1@-a+12) + (4S@d@a+12,cx4@1@-a+12) + (4S@d@a+12,cx4@1@-a+12) + (4S@d@a+12,cx4@1@-a+12) + (4S@d@a+12,cx4@1@-a+12) + (4S@d@a+12,cx4@1@-a+12) + (4S@d@a+12,cx4@1@-a+12) + (4S@d@a+12,cx8@0@-a+12) + (4S@d@a+12,cx8@0@-a+12) + (4S@p@-a+6,cx4@0@a,4S@p@-a+6,cx4@0@a,cx4@1@-a+12,cx4@0@a) + (4S@p@-a+6,cx4@0@a,4S@p@-a+6,cx4@0@a,cx4@1@-a+12,cx4@0@a) + (4S@p@-a+6,cx4@0@a,cx4@1@-a+12,cx8@1@a+6) + (4S@p@-a+6,cx4@0@a,cx8@0@-a+12,cx8@1@a+6)  P=1 α∈[[0.0, 90.0]]  checks 5/5 pass
[14:06:45]   ctrnact-mixed-family-k4-293: (4S@d@a+12,cx4@1@-a+12) + (4S@d@a+12,cx4@1@-a+12) + (4S@d@a+12,cx4@1@-a+12) + (4S@d@a+12,cx4@1@-a+12) + (4S@d@a+12,cx4@1@-a+12) + (4S@d@a+12,cx4@1@-a+12) + (4S@d@a+12,cx4@1@-a+12) + (4S@d@a+12,cx8@0@-a+12) + (4S@d@a+12,cx8@0@-a+12) + (4S@p@-a+6,cx4@0@a,4S@p@-a+6,cx4@0@a,cx4@1@-a+12,cx4@0@a) + (4S@p@-a+6,cx4@0@a,4S@p@-a+6,cx4@0@a,cx8@0@-a+12,cx4@0@a) + (4S@p@-a+6,cx4@0@a,cx4@1@-a+12,cx8@1@a+6) + (4S@p@-a+6,cx4@0@a,cx4@1@-a+12,cx8@1@a+6)  P=1 α∈[[0.0, 90.0]]  checks 5/5 pass
[14:06:45]   ctrnact-mixed-family-k4-294: (4S@d@a+12,cx4@1@-a+12) + (4S@d@a+12,cx4@1@-a+12) + (4S@d@a+12,cx4@1@-a+12) + (4S@d@a+12,cx4@1@-a+12) + (4S@d@a+12,cx4@1@-a+12) + (4S@d@a+12,cx4@1@-a+12) + (4S@d@a+12,cx4@1@-a+12) + (4S@d@a+12,cx4@1@-a+12) + (4S@d@a+12,cx8@0@-a+12) + (4S@d@a+12,cx8@0@-a+12) + (4S@p@-a+6,cx4@0@a,4S@p@-a+6,cx4@0@a,4S@p@-a+6,cx4@0@a,4S@p@-a+6,cx4@0@a) + (4S@p@-a+6,cx4@0@a,4S@p@-a+6,cx4@0@a,4S@p@-a+6,cx8@1@a+6) + (4S@p@-a+6,cx4@0@a,4S@p@-a+6,cx4@0@a,cx4@1@-a+12,cx4@0@a) + (4S@p@-a+6,cx4@0@a,4S@p@-a+6,cx4@0@a,cx4@1@-a+12,cx4@0@a)  P=1 α∈[[0.0, 90.0]]  checks 5/5 pass
[14:06:45]   ctrnact-mixed-family-k4-295: (4S@d@a+12,cx4@1@-a+12) + (4S@d@a+12,cx4@1@-a+12) + (4S@d@a+12,cx4@1@-a+12) + (4S@d@a+12,cx4@1@-a+12) + (4S@d@a+12,cx4@1@-a+12) + (4S@d@a+12,cx4@1@-a+12) + (4S@d@a+12,cx4@1@-a+12) + (4S@d@a+12,cx4@1@-a+12) + (4S@d@a+12,cx8@0@-a+12) + (4S@d@a+12,cx8@0@-a+12) + (4S@p@-a+6,cx4@0@a,4S@p@-a+6,cx4@0@a,4S@p@-a+6,cx8@1@a+6) + (4S@p@-a+6,cx4@0@a,4S@p@-a+6,cx4@0@a,cx4@1@-a+12,cx4@0@a) + (4S@p@-a+6,cx4@0@a,4S@p@-a+6,cx4@0@a,cx4@1@-a+12,cx4@0@a) + (4S@p@-a+6,cx4@0@a,4S@p@-a+6,cx4@0@a,cx4@1@-a+12,cx4@0@a)  P=1 α∈[[0.0, 90.0]]  checks 5/5 pass
[14:06:45]   ctrnact-mixed-family-k4-296: (4,cx4@0@a,4S@p@-a+6,cx4@0@a,cx4@1@-a+12) + (4S@d@a+12,cx4@1@-a+12) + (4S@d@a+12,cx4@1@-a+12) + (4S@d@a+12,cx4@1@-a+12) + (4S@d@a+12,cx4@1@-a+12) + (4S@d@a+12,cx4@1@-a+12) + (4S@d@a+12,cx4@1@-a+12) + (4S@d@a+12,cx4@1@-a+12) + (4S@p@-a+6,cx4@0@a,4S@p@-a+6,cx4@0@a,4S@p@-a+6,cx4@0@a,4S@p@-a+6,cx4@0@a) + (4S@p@-a+6,cx4@0@a,4S@p@-a+6,cx4@0@a,cx4@1@-a+12,cx4@0@a) + (4S@p@-a+6,cx4@0@a,4S@p@-a+6,cx4@0@a,cx4@1@-a+12,cx4@0@a)  P=1 α∈[[0.0, 90.0]]  checks 5/5 pass
[14:06:45]   ctrnact-mixed-family-k4-297: (4S@d@a+12,cx4@1@-a+12) + (4S@d@a+12,cx4@1@-a+12) + (4S@d@a+12,cx4@1@-a+12) + (4S@d@a+12,cx4@1@-a+12) + (4S@d@a+12,cx4@1@-a+12) + (4S@d@a+12,cx4@1@-a+12) + (4S@d@a+12,cx4@1@-a+12) + (4S@d@a+12,cx4@1@-a+12) + (4S@d@a+12,cx4@1@-a+12) + (4S@d@a+12,cx4@1@-a+12) + (4S@d@a+12,cx4@1@-a+12) + (4S@d@a+12,cx4@1@-a+12) + (4S@d@a+12,cx8@0@-a+12) + (4S@d@a+12,cx8@0@-a+12) + (4S@p@-a+6,cx4@0@a,4S@p@-a+6,cx4@0@a,4S@p@-a+6,cx4@0@a,4S@p@-a+6,cx4@0@a) + (4S@p@-a+6,cx4@0@a,4S@p@-a+6,cx4@0@a,4S@p@-a+6,cx8@1@a+6) + (4S@p@-a+6,cx4@0@a,4S@p@-a+6,cx4@0@a,cx4@1@-a+12,cx4@0@a) + (cx4@0@a,cx4@1@-a+12,cx4@0@a,cx4@1@-a+12)  P=1 α∈[[0.0, 90.0]]  checks 5/5 pass
[14:06:45]   ctrnact-mixed-family-k4-298: (4S@d@a+12,cx4@1@-a+12) + (4S@d@a+12,cx4@1@-a+12) + (4S@d@a+12,cx4@1@-a+12) + (4S@d@a+12,cx4@1@-a+12) + (4S@d@a+12,cx4@1@-a+12) + (4S@d@a+12,cx4@1@-a+12) + (4S@d@a+12,cx4@1@-a+12) + (4S@d@a+12,cx4@1@-a+12) + (4S@d@a+12,cx4@1@-a+12) + (4S@d@a+12,cx4@1@-a+12) + (4S@d@a+12,cx8@0@-a+12) + (4S@d@a+12,cx8@0@-a+12) + (4S@d@a+12,cx8@0@-a+12) + (4S@p@-a+6,cx4@0@a,4S@p@-a+6,cx4@0@a,4S@p@-a+6,cx8@1@a+6) + (4S@p@-a+6,cx4@0@a,4S@p@-a+6,cx4@0@a,4S@p@-a+6,cx8@1@a+6) + (4S@p@-a+6,cx4@0@a,4S@p@-a+6,cx4@0@a,cx4@1@-a+12,cx4@0@a) + (cx4@0@a,cx4@1@-a+12,cx4@0@a,cx4@1@-a+12)  P=1 α∈[[0.0, 90.0]]  checks 5/5 pass
[14:06:45]   ctrnact-mixed-family-k4-299: (4S@d@a+12,cx4@1@-a+12) + (4S@d@a+12,cx4@1@-a+12) + (4S@d@a+12,cx4@1@-a+12) + (4S@d@a+12,cx4@1@-a+12) + (4S@d@a+12,cx4@1@-a+12) + (4S@d@a+12,cx4@1@-a+12) + (4S@d@a+12,cx4@1@-a+12) + (4S@d@a+12,cx4@1@-a+12) + (4S@d@a+12,cx4@1@-a+12) + (4S@d@a+12,cx8@0@-a+12) + (4S@d@a+12,cx8@0@-a+12) + (4S@d@a+12,cx8@0@-a+12) + (4S@p@-a+6,cx4@0@a,4S@p@-a+6,cx4@0@a,4S@p@-a+6,cx8@1@a+6) + (4S@p@-a+6,cx4@0@a,4S@p@-a+6,cx4@0@a,4S@p@-a+6,cx8@1@a+6) + (4S@p@-a+6,cx4@0@a,4S@p@-a+6,cx4@0@a,cx4@1@-a+12,cx4@0@a) + (cx4@0@a,cx4@1@-a+12,cx4@0@a,cx4@1@-a+12)  P=1 α∈[[0.0, 90.0]]  checks 5/5 pass
[14:06:45]   ctrnact-mixed-family-k4-300: (4S@d@a+12,cx4@1@-a+12) + (4S@d@a+12,cx4@1@-a+12) + (4S@d@a+12,cx4@1@-a+12) + (4S@d@a+12,cx4@1@-a+12) + (4S@d@a+12,cx4@1@-a+12) + (4S@d@a+12,cx4@1@-a+12) + (4S@d@a+12,cx8@0@-a+12) + (4S@d@a+12,cx8@0@-a+12) + (4S@d@a+12,cx8@0@-a+12) + (4S@d@a+12,cx8@0@-a+12) + (4S@d@a+12,cx8@0@-a+12) + (4S@p@-a+6,cx4@0@a,4S@p@-a+6,cx4@0@a,4S@p@-a+6,cx8@1@a+6) + (4S@p@-a+6,cx4@0@a,4S@p@-a+6,cx4@0@a,cx4@1@-a+12,cx4@0@a) + (4S@p@-a+6,cx8@1@a+6,4S@p@-a+6,cx8@1@a+6) + (cx4@0@a,cx4@1@-a+12,cx4@0@a,cx4@1@-a+12)  P=1 α∈[[0.0, 90.0]]  checks 5/5 pass
[14:06:45]   ctrnact-mixed-family-k4-301: (4S@d@a+12,cx4@1@-a+12) + (4S@d@a+12,cx4@1@-a+12) + (4S@d@a+12,cx4@1@-a+12) + (4S@d@a+12,cx4@1@-a+12) + (4S@d@a+12,cx4@1@-a+12) + (4S@d@a+12,cx4@1@-a+12) + (4S@d@a+12,cx8@0@-a+12) + (4S@d@a+12,cx8@0@-a+12) + (4S@d@a+12,cx8@0@-a+12) + (4S@p@-a+6,cx4@0@a,4S@p@-a+6,cx4@0@a,4S@p@-a+6,cx8@1@a+6) + (4S@p@-a+6,cx4@0@a,4S@p@-a+6,cx4@0@a,cx4@1@-a+12,cx4@0@a) + (4S@p@-a+6,cx8@1@a+6,4S@p@-a+6,cx8@1@a+6) + (cx4@0@a,cx4@1@-a+12,cx4@0@a,cx4@1@-a+12)  P=1 α∈[[0.0, 90.0]]  checks 5/5 pass
[14:06:45]   ctrnact-mixed-family-k4-302: (4S@d@a+12,cx4@1@-a+12) + (4S@d@a+12,cx4@1@-a+12) + (4S@d@a+12,cx4@1@-a+12) + (4S@d@a+12,cx4@1@-a+12) + (4S@d@a+12,cx4@1@-a+12) + (4S@d@a+12,cx4@1@-a+12) + (4S@d@a+12,cx8@0@-a+12) + (4S@d@a+12,cx8@0@-a+12) + (4S@p@-a+6,cx4@0@a,4S@p@-a+6,cx4@0@a,4S@p@-a+6,cx8@1@a+6) + (4S@p@-a+6,cx4@0@a,4S@p@-a+6,cx4@0@a,cx4@1@-a+12,cx4@0@a) + (cx4@0@a,cx4@1@-a+12,cx4@0@a,cx4@1@-a+12) + (cx4@0@a,cx4@1@-a+12,cx4@0@a,cx4@1@-a+12)  P=1 α∈[[0.0, 90.0]]  checks 5/5 pass
[14:06:45]   ctrnact-mixed-family-k4-303: (4S@d@a+12,cx4@1@-a+12) + (4S@d@a+12,cx4@1@-a+12) + (4S@d@a+12,cx4@1@-a+12) + (4S@d@a+12,cx8@0@-a+12) + (4S@d@a+12,cx8@0@-a+12) + (4S@d@a+12,cx8@0@-a+12) + (4S@p@-a+6,cx4@0@a,4S@p@-a+6,cx4@0@a,cx8@0@-a+12,cx4@0@a) + (4S@p@-a+6,cx4@0@a,cx4@1@-a+12,cx8@1@a+6) + (4S@p@-a+6,cx4@0@a,cx4@1@-a+12,cx8@1@a+6) + (4S@p@-a+6,cx4@0@a,cx8@0@-a+12,cx8@1@a+6)  P=1 α∈[[0.0, 90.0]]  checks 5/5 pass
[14:06:45]   ctrnact-mixed-family-k4-304: (4,cx4@0@a,4,cx4@1@-a+12) + (4,cx4@0@a,4S@p@-a+6,cx4@0@a,cx4@1@-a+12) + (4S@d@a+12,cx4@1@-a+12) + (4S@d@a+12,cx4@1@-a+12) + (4S@d@a+12,cx4@1@-a+12) + (4S@p@-a+6,cx4@0@a,4S@p@-a+6,cx4@0@a,cx4@1@-a+12,cx4@0@a) + (cx4@0@a,cx4@1@-a+12,cx4@0@a,cx4@1@-a+12)  P=1 α∈[[0.0, 90.0]]  checks 5/5 pass
[14:06:45]   ctrnact-mixed-family-k4-305: (4,cx4@0@a+1,cx4@1@-2a+16,cx4@0@a+1) + (4,cx4@1@-a+11,4S@p@2a-4,cx4@1@-a+11) + (4S@d@-2a+22,cx4@0@a+1,cx4@0@a+1) + (4S@d@2a+8,cx4@1@-2a+16) + (4S@p@-2a+10,cx4@0@2a-4,cx4@1@-a+11,cx4@1@-a+11,cx4@0@2a-4)  P=1 α∈[[30.0, 75.0]]  checks 5/5 pass
[14:06:45]   ctrnact-mixed-family-k4-306: (4S@d@a+12,cx4@1@-a+12) + (4S@d@a+12,cx4@1@-a+12) + (4S@d@a+12,cx4@1@-a+12) + (4S@d@a+12,cx4@1@-a+12) + (4S@d@a+12,cx4@1@-a+12) + (4S@d@a+12,cx4@1@-a+12) + (4S@d@a+12,cx4@1@-a+12) + (4S@d@a+12,cx4@1@-a+12) + (4S@d@a+12,cx8@0@-a+12) + (4S@d@a+12,cx8@0@-a+12) + (4S@p@-a+6,cx4@0@a,4S@p@-a+6,cx4@0@a,4S@p@-a+6,cx4@0@a,4S@p@-a+6,cx4@0@a) + (4S@p@-a+6,cx4@0@a,4S@p@-a+6,cx4@0@a,4S@p@-a+6,cx8@1@a+6) + (4S@p@-a+6,cx4@0@a,4S@p@-a+6,cx4@0@a,4S@p@-a+6,cx8@1@a+6) + (4S@p@-a+6,cx8@1@a+6,4S@p@-a+6,cx8@1@a+6)  P=1 α∈[[0.0, 90.0]]  checks 5/5 pass
[14:06:45]   ctrnact-mixed-family-k4-307: (4S@d@a+12,cx4@1@-a+12) + (4S@d@a+12,cx4@1@-a+12) + (4S@d@a+12,cx4@1@-a+12) + (4S@d@a+12,cx4@1@-a+12) + (4S@d@a+12,cx4@1@-a+12) + (4S@d@a+12,cx4@1@-a+12) + (4S@d@a+12,cx8@0@-a+12) + (4S@d@a+12,cx8@0@-a+12) + (4S@d@a+12,cx8@0@-a+12) + (4S@p@-a+6,cx4@0@a,4S@p@-a+6,cx4@0@a,4S@p@-a+6,cx8@1@a+6) + (4S@p@-a+6,cx4@0@a,4S@p@-a+6,cx4@0@a,4S@p@-a+6,cx8@1@a+6) + (4S@p@-a+6,cx4@0@a,4S@p@-a+6,cx4@0@a,4S@p@-a+6,cx8@1@a+6) + (4S@p@-a+6,cx8@1@a+6,4S@p@-a+6,cx8@1@a+6)  P=1 α∈[[0.0, 90.0]]  checks 5/5 pass
[14:06:45]   ctrnact-mixed-family-k4-308: (4S@d@a+12,cx4@1@-a+12) + (4S@d@a+12,cx4@1@-a+12) + (4S@d@a+12,cx8@0@-a+12) + (4S@d@a+12,cx8@0@-a+12) + (4S@d@a+12,cx8@0@-a+12) + (4S@d@a+12,cx8@0@-a+12) + (4S@d@a+12,cx8@0@-a+12) + (4S@p@-a+6,cx4@0@a,4S@p@-a+6,cx4@0@a,4S@p@-a+6,cx8@1@a+6) + (4S@p@-a+6,cx8@1@a+6,4S@p@-a+6,cx8@1@a+6) + (4S@p@-a+6,cx8@1@a+6,4S@p@-a+6,cx8@1@a+6) + (4S@p@-a+6,cx8@1@a+6,4S@p@-a+6,cx8@1@a+6)  P=1 α∈[[0.0, 90.0]]  checks 5/5 pass
[14:06:45]   ctrnact-mixed-family-k4-309: (4S@d@a+12,cx4@1@-a+12) + (4S@d@a+12,cx4@1@-a+12) + (4S@d@a+12,cx4@1@-a+12) + (4S@d@a+12,cx4@1@-a+12) + (4S@d@a+12,cx4@1@-a+12) + (4S@d@a+12,cx4@1@-a+12) + (4S@d@a+12,cx4@1@-a+12) + (4S@d@a+12,cx4@1@-a+12) + (4S@d@a+12,cx4@1@-a+12) + (4S@d@a+12,cx4@1@-a+12) + (4S@d@a+12,cx4@1@-a+12) + (4S@d@a+12,cx4@1@-a+12) + (4S@d@a+12,cx4@1@-a+12) + (4S@d@a+12,cx4@1@-a+12) + (4S@d@a+12,cx4@1@-a+12) + (4S@d@a+12,cx4@1@-a+12) + (4S@d@a+12,cx8@0@-a+12) + (4S@d@a+12,cx8@0@-a+12) + (4S@d@a+12,cx8@0@-a+12) + (4S@p@-a+6,cx4@0@a,4S@p@-a+6,cx4@0@a,4S@p@-a+6,cx4@0@a,4S@p@-a+6,cx4@0@a) + (4S@p@-a+6,cx4@0@a,4S@p@-a+6,cx4@0@a,4S@p@-a+6,cx4@0@a,4S@p@-a+6,cx4@0@a) + (4S@p@-a+6,cx4@0@a,4S@p@-a+6,cx4@0@a,4S@p@-a+6,cx8@1@a+6) + (4S@p@-a+6,cx4@0@a,4S@p@-a+6,cx4@0@a,4S@p@-a+6,cx8@1@a+6)  P=1 α∈[[0.0, 90.0]]  checks 5/5 pass
[14:06:45]   ctrnact-mixed-family-k4-310: (4S@d@a+12,cx4@1@-a+12) + (4S@d@a+12,cx4@1@-a+12) + (4S@d@a+12,cx4@1@-a+12) + (4S@d@a+12,cx4@1@-a+12) + (4S@d@a+12,cx4@1@-a+12) + (4S@d@a+12,cx4@1@-a+12) + (4S@d@a+12,cx4@1@-a+12) + (4S@d@a+12,cx4@1@-a+12) + (4S@d@a+12,cx4@1@-a+12) + (4S@d@a+12,cx4@1@-a+12) + (4S@d@a+12,cx4@1@-a+12) + (4S@d@a+12,cx4@1@-a+12) + (4S@d@a+12,cx4@1@-a+12) + (4S@d@a+12,cx4@1@-a+12) + (4S@d@a+12,cx4@1@-a+12) + (4S@d@a+12,cx4@1@-a+12) + (4S@d@a+12,cx4@1@-a+12) + (4S@d@a+12,cx4@1@-a+12) + (4S@d@a+12,cx4@1@-a+12) + (4S@d@a+12,cx4@1@-a+12) + (4S@d@a+12,cx8@0@-a+12) + (4S@d@a+12,cx8@0@-a+12) + (4S@d@a+12,cx8@0@-a+12) + (4S@p@-a+6,cx4@0@a,4S@p@-a+6,cx4@0@a,4S@p@-a+6,cx4@0@a,4S@p@-a+6,cx4@0@a) + (4S@p@-a+6,cx4@0@a,4S@p@-a+6,cx4@0@a,4S@p@-a+6,cx4@0@a,4S@p@-a+6,cx4@0@a) + (4S@p@-a+6,cx4@0@a,4S@p@-a+6,cx4@0@a,4S@p@-a+6,cx8@1@a+6) + (4S@p@-a+6,cx4@0@a,4S@p@-a+6,cx4@0@a,4S@p@-a+6,cx8@1@a+6)  P=1 α∈[[0.0, 90.0]]  checks 5/5 pass
[14:06:45]   ctrnact-mixed-family-k4-311: (4S@d@a+12,cx4@1@-a+12) + (4S@d@a+12,cx4@1@-a+12) + (4S@d@a+12,cx4@1@-a+12) + (4S@d@a+12,cx4@1@-a+12) + (4S@d@a+12,cx4@1@-a+12) + (4S@d@a+12,cx4@1@-a+12) + (4S@d@a+12,cx4@1@-a+12) + (4S@d@a+12,cx4@1@-a+12) + (4S@d@a+12,cx4@1@-a+12) + (4S@d@a+12,cx4@1@-a+12) + (4S@d@a+12,cx4@1@-a+12) + (4S@d@a+12,cx4@1@-a+12) + (4S@d@a+12,cx4@1@-a+12) + (4S@d@a+12,cx4@1@-a+12) + (4S@d@a+12,cx4@1@-a+12) + (4S@d@a+12,cx4@1@-a+12) + (4S@d@a+12,cx4@1@-a+12) + (4S@d@a+12,cx4@1@-a+12) + (4S@d@a+12,cx4@1@-a+12) + (4S@d@a+12,cx8@0@-a+12) + (4S@d@a+12,cx8@0@-a+12) + (4S@d@a+12,cx8@0@-a+12) + (4S@p@-a+6,cx4@0@a,4S@p@-a+6,cx4@0@a,4S@p@-a+6,cx4@0@a,4S@p@-a+6,cx4@0@a) + (4S@p@-a+6,cx4@0@a,4S@p@-a+6,cx4@0@a,4S@p@-a+6,cx4@0@a,4S@p@-a+6,cx4@0@a) + (4S@p@-a+6,cx4@0@a,4S@p@-a+6,cx4@0@a,4S@p@-a+6,cx8@1@a+6) + (4S@p@-a+6,cx4@0@a,4S@p@-a+6,cx4@0@a,4S@p@-a+6,cx8@1@a+6)  P=1 α∈[[0.0, 90.0]]  checks 5/5 pass
[14:06:45]   ctrnact-mixed-family-k4-312: (4S@d@a+12,cx4@1@-a+12) + (4S@d@a+12,cx4@1@-a+12) + (4S@d@a+12,cx4@1@-a+12) + (4S@d@a+12,cx4@1@-a+12) + (4S@d@a+12,cx4@1@-a+12) + (4S@d@a+12,cx4@1@-a+12) + (4S@d@a+12,cx4@1@-a+12) + (4S@d@a+12,cx4@1@-a+12) + (4S@d@a+12,cx4@1@-a+12) + (4S@d@a+12,cx4@1@-a+12) + (4S@d@a+12,cx4@1@-a+12) + (4S@d@a+12,cx4@1@-a+12) + (4S@d@a+12,cx4@1@-a+12) + (4S@d@a+12,cx4@1@-a+12) + (4S@d@a+12,cx4@1@-a+12) + (4S@d@a+12,cx4@1@-a+12) + (4S@d@a+12,cx8@0@-a+12) + (4S@d@a+12,cx8@0@-a+12) + (4S@d@a+12,cx8@0@-a+12) + (4S@p@-a+6,cx4@0@a,4S@p@-a+6,cx4@0@a,4S@p@-a+6,cx4@0@a,4S@p@-a+6,cx4@0@a) + (4S@p@-a+6,cx4@0@a,4S@p@-a+6,cx4@0@a,4S@p@-a+6,cx4@0@a,4S@p@-a+6,cx4@0@a) + (4S@p@-a+6,cx4@0@a,4S@p@-a+6,cx4@0@a,4S@p@-a+6,cx8@1@a+6) + (4S@p@-a+6,cx4@0@a,4S@p@-a+6,cx4@0@a,4S@p@-a+6,cx8@1@a+6)  P=1 α∈[[0.0, 90.0]]  checks 5/5 pass
[14:06:45]   ctrnact-mixed-family-k4-313: (4S@d@a+12,cx4@1@-a+12) + (4S@d@a+12,cx4@1@-a+12) + (4S@d@a+12,cx4@1@-a+12) + (4S@d@a+12,cx4@1@-a+12) + (4S@d@a+12,cx4@1@-a+12) + (4S@d@a+12,cx4@1@-a+12) + (4S@d@a+12,cx4@1@-a+12) + (4S@d@a+12,cx4@1@-a+12) + (4S@d@a+12,cx4@1@-a+12) + (4S@d@a+12,cx4@1@-a+12) + (4S@d@a+12,cx4@1@-a+12) + (4S@d@a+12,cx4@1@-a+12) + (4S@d@a+12,cx4@1@-a+12) + (4S@d@a+12,cx4@1@-a+12) + (4S@d@a+12,cx4@1@-a+12) + (4S@d@a+12,cx4@1@-a+12) + (4S@d@a+12,cx8@0@-a+12) + (4S@d@a+12,cx8@0@-a+12) + (4S@d@a+12,cx8@0@-a+12) + (4S@d@a+12,cx8@0@-a+12) + (4S@d@a+12,cx8@0@-a+12) + (4S@p@-a+6,cx4@0@a,4S@p@-a+6,cx4@0@a,4S@p@-a+6,cx4@0@a,4S@p@-a+6,cx4@0@a) + (4S@p@-a+6,cx4@0@a,4S@p@-a+6,cx4@0@a,4S@p@-a+6,cx8@1@a+6) + (4S@p@-a+6,cx4@0@a,4S@p@-a+6,cx4@0@a,4S@p@-a+6,cx8@1@a+6) + (4S@p@-a+6,cx4@0@a,4S@p@-a+6,cx4@0@a,4S@p@-a+6,cx8@1@a+6)  P=1 α∈[[0.0, 90.0]]  checks 5/5 pass
[14:06:45]   ctrnact-mixed-family-k4-314: (4S@d@a+12,cx4@1@-a+12) + (4S@d@a+12,cx4@1@-a+12) + (4S@d@a+12,cx4@1@-a+12) + (4S@d@a+12,cx4@1@-a+12) + (4S@d@a+12,cx4@1@-a+12) + (4S@d@a+12,cx4@1@-a+12) + (4S@d@a+12,cx4@1@-a+12) + (4S@d@a+12,cx4@1@-a+12) + (4S@d@a+12,cx4@1@-a+12) + (4S@d@a+12,cx4@1@-a+12) + (4S@d@a+12,cx4@1@-a+12) + (4S@d@a+12,cx4@1@-a+12) + (4S@d@a+12,cx4@1@-a+12) + (4S@d@a+12,cx4@1@-a+12) + (4S@d@a+12,cx4@1@-a+12) + (4S@d@a+12,cx4@1@-a+12) + (4S@d@a+12,cx8@0@-a+12) + (4S@d@a+12,cx8@0@-a+12) + (4S@d@a+12,cx8@0@-a+12) + (4S@d@a+12,cx8@0@-a+12) + (4S@d@a+12,cx8@0@-a+12) + (4S@p@-a+6,cx4@0@a,4S@p@-a+6,cx4@0@a,4S@p@-a+6,cx4@0@a,4S@p@-a+6,cx4@0@a) + (4S@p@-a+6,cx4@0@a,4S@p@-a+6,cx4@0@a,4S@p@-a+6,cx8@1@a+6) + (4S@p@-a+6,cx4@0@a,4S@p@-a+6,cx4@0@a,4S@p@-a+6,cx8@1@a+6) + (4S@p@-a+6,cx4@0@a,4S@p@-a+6,cx4@0@a,4S@p@-a+6,cx8@1@a+6)  P=1 α∈[[0.0, 90.0]]  checks 5/5 pass
[14:06:45]   ctrnact-mixed-family-k4-315: (4S@d@a+12,cx4@1@-a+12) + (4S@d@a+12,cx4@1@-a+12) + (4S@d@a+12,cx4@1@-a+12) + (4S@d@a+12,cx4@1@-a+12) + (4S@d@a+12,cx4@1@-a+12) + (4S@d@a+12,cx4@1@-a+12) + (4S@d@a+12,cx4@1@-a+12) + (4S@d@a+12,cx4@1@-a+12) + (4S@d@a+12,cx4@1@-a+12) + (4S@d@a+12,cx4@1@-a+12) + (4S@d@a+12,cx4@1@-a+12) + (4S@d@a+12,cx4@1@-a+12) + (4S@d@a+12,cx4@1@-a+12) + (4S@d@a+12,cx8@0@-a+12) + (4S@d@a+12,cx8@0@-a+12) + (4S@d@a+12,cx8@0@-a+12) + (4S@d@a+12,cx8@0@-a+12) + (4S@d@a+12,cx8@0@-a+12) + (4S@d@a+12,cx8@0@-a+12) + (4S@p@-a+6,cx4@0@a,4S@p@-a+6,cx4@0@a,4S@p@-a+6,cx8@1@a+6) + (4S@p@-a+6,cx4@0@a,4S@p@-a+6,cx4@0@a,4S@p@-a+6,cx8@1@a+6) + (4S@p@-a+6,cx4@0@a,4S@p@-a+6,cx4@0@a,4S@p@-a+6,cx8@1@a+6) + (4S@p@-a+6,cx4@0@a,4S@p@-a+6,cx4@0@a,4S@p@-a+6,cx8@1@a+6)  P=1 α∈[[0.0, 90.0]]  checks 5/5 pass
[14:06:45]   ctrnact-mixed-family-k4-316: (4S@d@a+12,cx4@1@-a+12) + (4S@d@a+12,cx4@1@-a+12) + (4S@d@a+12,cx4@1@-a+12) + (4S@d@a+12,cx4@1@-a+12) + (4S@d@a+12,cx4@1@-a+12) + (4S@d@a+12,cx4@1@-a+12) + (4S@d@a+12,cx4@1@-a+12) + (4S@d@a+12,cx4@1@-a+12) + (4S@d@a+12,cx4@1@-a+12) + (4S@d@a+12,cx4@1@-a+12) + (4S@d@a+12,cx8@0@-a+12) + (4S@d@a+12,cx8@0@-a+12) + (4S@d@a+12,cx8@0@-a+12) + (4S@d@a+12,cx8@0@-a+12) + (4S@d@a+12,cx8@0@-a+12) + (4S@d@a+12,cx8@0@-a+12) + (4S@d@a+12,cx8@0@-a+12) + (4S@d@a+12,cx8@0@-a+12) + (4S@p@-a+6,cx4@0@a,4S@p@-a+6,cx4@0@a,4S@p@-a+6,cx8@1@a+6) + (4S@p@-a+6,cx4@0@a,4S@p@-a+6,cx4@0@a,4S@p@-a+6,cx8@1@a+6) + (4S@p@-a+6,cx4@0@a,4S@p@-a+6,cx4@0@a,4S@p@-a+6,cx8@1@a+6) + (4S@p@-a+6,cx8@1@a+6,4S@p@-a+6,cx8@1@a+6)  P=1 α∈[[0.0, 90.0]]  checks 5/5 pass
[14:06:45]   ctrnact-mixed-family-k4-317: (4S@d@a+12,cx4@1@-a+12) + (4S@d@a+12,cx4@1@-a+12) + (4S@d@a+12,cx4@1@-a+12) + (4S@d@a+12,cx4@1@-a+12) + (4S@d@a+12,cx4@1@-a+12) + (4S@d@a+12,cx4@1@-a+12) + (4S@d@a+12,cx4@1@-a+12) + (4S@d@a+12,cx4@1@-a+12) + (4S@d@a+12,cx4@1@-a+12) + (4S@d@a+12,cx4@1@-a+12) + (4S@d@a+12,cx8@0@-a+12) + (4S@d@a+12,cx8@0@-a+12) + (4S@d@a+12,cx8@0@-a+12) + (4S@d@a+12,cx8@0@-a+12) + (4S@d@a+12,cx8@0@-a+12) + (4S@d@a+12,cx8@0@-a+12) + (4S@p@-a+6,cx4@0@a,4S@p@-a+6,cx4@0@a,4S@p@-a+6,cx8@1@a+6) + (4S@p@-a+6,cx4@0@a,4S@p@-a+6,cx4@0@a,4S@p@-a+6,cx8@1@a+6) + (4S@p@-a+6,cx4@0@a,4S@p@-a+6,cx4@0@a,4S@p@-a+6,cx8@1@a+6) + (4S@p@-a+6,cx8@1@a+6,4S@p@-a+6,cx8@1@a+6)  P=1 α∈[[0.0, 90.0]]  checks 5/5 pass
[14:06:45]   ctrnact-mixed-family-k4-318: (4S@d@a+12,cx4@1@-a+12) + (4S@d@a+12,cx4@1@-a+12) + (4S@d@a+12,cx4@1@-a+12) + (4S@d@a+12,cx4@1@-a+12) + (4S@d@a+12,cx4@1@-a+12) + (4S@d@a+12,cx4@1@-a+12) + (4S@d@a+12,cx4@1@-a+12) + (4S@d@a+12,cx4@1@-a+12) + (4S@d@a+12,cx4@1@-a+12) + (4S@d@a+12,cx4@1@-a+12) + (4S@d@a+12,cx4@1@-a+12) + (4S@d@a+12,cx4@1@-a+12) + (4S@d@a+12,cx4@1@-a+12) + (4S@d@a+12,cx8@0@-a+12) + (4S@d@a+12,cx8@0@-a+12) + (4S@d@a+12,cx8@0@-a+12) + (4S@d@a+12,cx8@0@-a+12) + (4S@d@a+12,cx8@0@-a+12) + (4S@d@a+12,cx8@0@-a+12) + (4S@p@-a+6,cx4@0@a,4S@p@-a+6,cx4@0@a,4S@p@-a+6,cx8@1@a+6) + (4S@p@-a+6,cx4@0@a,4S@p@-a+6,cx4@0@a,4S@p@-a+6,cx8@1@a+6) + (4S@p@-a+6,cx4@0@a,4S@p@-a+6,cx4@0@a,4S@p@-a+6,cx8@1@a+6) + (4S@p@-a+6,cx4@0@a,4S@p@-a+6,cx4@0@a,4S@p@-a+6,cx8@1@a+6)  P=1 α∈[[0.0, 90.0]]  checks 5/5 pass
[14:06:45]   ctrnact-mixed-family-k4-319: (4S@d@a+12,cx4@1@-a+12) + (4S@d@a+12,cx4@1@-a+12) + (4S@d@a+12,cx4@1@-a+12) + (4S@d@a+12,cx4@1@-a+12) + (4S@d@a+12,cx4@1@-a+12) + (4S@d@a+12,cx4@1@-a+12) + (4S@d@a+12,cx4@1@-a+12) + (4S@d@a+12,cx4@1@-a+12) + (4S@d@a+12,cx4@1@-a+12) + (4S@d@a+12,cx4@1@-a+12) + (4S@d@a+12,cx8@0@-a+12) + (4S@d@a+12,cx8@0@-a+12) + (4S@d@a+12,cx8@0@-a+12) + (4S@d@a+12,cx8@0@-a+12) + (4S@d@a+12,cx8@0@-a+12) + (4S@d@a+12,cx8@0@-a+12) + (4S@d@a+12,cx8@0@-a+12) + (4S@d@a+12,cx8@0@-a+12) + (4S@p@-a+6,cx4@0@a,4S@p@-a+6,cx4@0@a,4S@p@-a+6,cx8@1@a+6) + (4S@p@-a+6,cx4@0@a,4S@p@-a+6,cx4@0@a,4S@p@-a+6,cx8@1@a+6) + (4S@p@-a+6,cx4@0@a,4S@p@-a+6,cx4@0@a,4S@p@-a+6,cx8@1@a+6) + (4S@p@-a+6,cx8@1@a+6,4S@p@-a+6,cx8@1@a+6)  P=1 α∈[[0.0, 90.0]]  checks 5/5 pass
[14:06:45]   ctrnact-mixed-family-k4-320: (4S@d@a+12,cx4@1@-a+12) + (4S@d@a+12,cx4@1@-a+12) + (4S@d@a+12,cx4@1@-a+12) + (4S@d@a+12,cx4@1@-a+12) + (4S@d@a+12,cx4@1@-a+12) + (4S@d@a+12,cx4@1@-a+12) + (4S@d@a+12,cx4@1@-a+12) + (4S@d@a+12,cx4@1@-a+12) + (4S@d@a+12,cx4@1@-a+12) + (4S@d@a+12,cx4@1@-a+12) + (4S@d@a+12,cx8@0@-a+12) + (4S@d@a+12,cx8@0@-a+12) + (4S@d@a+12,cx8@0@-a+12) + (4S@d@a+12,cx8@0@-a+12) + (4S@d@a+12,cx8@0@-a+12) + (4S@d@a+12,cx8@0@-a+12) + (4S@p@-a+6,cx4@0@a,4S@p@-a+6,cx4@0@a,4S@p@-a+6,cx8@1@a+6) + (4S@p@-a+6,cx4@0@a,4S@p@-a+6,cx4@0@a,4S@p@-a+6,cx8@1@a+6) + (4S@p@-a+6,cx4@0@a,4S@p@-a+6,cx4@0@a,4S@p@-a+6,cx8@1@a+6) + (4S@p@-a+6,cx8@1@a+6,4S@p@-a+6,cx8@1@a+6)  P=1 α∈[[0.0, 90.0]]  checks 5/5 pass
[14:06:45]   ctrnact-mixed-family-k4-321: (4S@d@a+12,cx4@1@-a+12) + (4S@d@a+12,cx4@1@-a+12) + (4S@d@a+12,cx4@1@-a+12) + (4S@d@a+12,cx4@1@-a+12) + (4S@d@a+12,cx4@1@-a+12) + (4S@d@a+12,cx4@1@-a+12) + (4S@d@a+12,cx4@1@-a+12) + (4S@d@a+12,cx4@1@-a+12) + (4S@d@a+12,cx4@1@-a+12) + (4S@d@a+12,cx4@1@-a+12) + (4S@d@a+12,cx8@0@-a+12) + (4S@d@a+12,cx8@0@-a+12) + (4S@d@a+12,cx8@0@-a+12) + (4S@d@a+12,cx8@0@-a+12) + (4S@d@a+12,cx8@0@-a+12) + (4S@d@a+12,cx8@0@-a+12) + (4S@p@-a+6,cx4@0@a,4S@p@-a+6,cx4@0@a,4S@p@-a+6,cx4@0@a,4S@p@-a+6,cx4@0@a) + (4S@p@-a+6,cx4@0@a,4S@p@-a+6,cx4@0@a,4S@p@-a+6,cx8@1@a+6) + (4S@p@-a+6,cx4@0@a,4S@p@-a+6,cx4@0@a,4S@p@-a+6,cx8@1@a+6) + (4S@p@-a+6,cx8@1@a+6,4S@p@-a+6,cx8@1@a+6)  P=1 α∈[[0.0, 90.0]]  checks 5/5 pass
[14:06:45]   ctrnact-mixed-family-k4-322: (4S@d@a+12,cx4@1@-a+12) + (4S@d@a+12,cx4@1@-a+12) + (4S@d@a+12,cx4@1@-a+12) + (4S@d@a+12,cx4@1@-a+12) + (4S@d@a+12,cx4@1@-a+12) + (4S@d@a+12,cx4@1@-a+12) + (4S@d@a+12,cx4@1@-a+12) + (4S@d@a+12,cx4@1@-a+12) + (4S@d@a+12,cx4@1@-a+12) + (4S@d@a+12,cx4@1@-a+12) + (4S@d@a+12,cx4@1@-a+12) + (4S@d@a+12,cx4@1@-a+12) + (4S@d@a+12,cx4@1@-a+12) + (4S@d@a+12,cx4@1@-a+12) + (4S@d@a+12,cx8@0@-a+12) + (4S@d@a+12,cx8@0@-a+12) + (4S@d@a+12,cx8@0@-a+12) + (4S@d@a+12,cx8@0@-a+12) + (4S@d@a+12,cx8@0@-a+12) + (4S@d@a+12,cx8@0@-a+12) + (4S@p@-a+6,cx4@0@a,4S@p@-a+6,cx4@0@a,4S@p@-a+6,cx4@0@a,4S@p@-a+6,cx4@0@a) + (4S@p@-a+6,cx4@0@a,4S@p@-a+6,cx4@0@a,4S@p@-a+6,cx8@1@a+6) + (4S@p@-a+6,cx4@0@a,4S@p@-a+6,cx4@0@a,4S@p@-a+6,cx8@1@a+6) + (4S@p@-a+6,cx8@1@a+6,4S@p@-a+6,cx8@1@a+6)  P=1 α∈[[0.0, 90.0]]  checks 5/5 pass
[14:06:45]   ctrnact-mixed-family-k4-323: (4S@d@a+12,cx4@1@-a+12) + (4S@d@a+12,cx4@1@-a+12) + (4S@d@a+12,cx4@1@-a+12) + (4S@d@a+12,cx4@1@-a+12) + (4S@d@a+12,cx4@1@-a+12) + (4S@d@a+12,cx4@1@-a+12) + (4S@d@a+12,cx4@1@-a+12) + (4S@d@a+12,cx4@1@-a+12) + (4S@d@a+12,cx4@1@-a+12) + (4S@d@a+12,cx4@1@-a+12) + (4S@d@a+12,cx4@1@-a+12) + (4S@d@a+12,cx4@1@-a+12) + (4S@d@a+12,cx4@1@-a+12) + (4S@d@a+12,cx8@0@-a+12) + (4S@d@a+12,cx8@0@-a+12) + (4S@d@a+12,cx8@0@-a+12) + (4S@d@a+12,cx8@0@-a+12) + (4S@d@a+12,cx8@0@-a+12) + (4S@d@a+12,cx8@0@-a+12) + (4S@p@-a+6,cx4@0@a,4S@p@-a+6,cx4@0@a,4S@p@-a+6,cx4@0@a,4S@p@-a+6,cx4@0@a) + (4S@p@-a+6,cx4@0@a,4S@p@-a+6,cx4@0@a,4S@p@-a+6,cx8@1@a+6) + (4S@p@-a+6,cx4@0@a,4S@p@-a+6,cx4@0@a,4S@p@-a+6,cx8@1@a+6) + (4S@p@-a+6,cx8@1@a+6,4S@p@-a+6,cx8@1@a+6)  P=1 α∈[[0.0, 90.0]]  checks 5/5 pass
[14:06:45]   ctrnact-mixed-family-k4-324: (4S@d@a+12,cx4@1@-a+12) + (4S@d@a+12,cx4@1@-a+12) + (4S@d@a+12,cx4@1@-a+12) + (4S@d@a+12,cx4@1@-a+12) + (4S@d@a+12,cx4@1@-a+12) + (4S@d@a+12,cx4@1@-a+12) + (4S@d@a+12,cx4@1@-a+12) + (4S@d@a+12,cx4@1@-a+12) + (4S@d@a+12,cx4@1@-a+12) + (4S@d@a+12,cx4@1@-a+12) + (4S@d@a+12,cx8@0@-a+12) + (4S@d@a+12,cx8@0@-a+12) + (4S@d@a+12,cx8@0@-a+12) + (4S@d@a+12,cx8@0@-a+12) + (4S@d@a+12,cx8@0@-a+12) + (4S@d@a+12,cx8@0@-a+12) + (4S@p@-a+6,cx4@0@a,4S@p@-a+6,cx4@0@a,4S@p@-a+6,cx4@0@a,4S@p@-a+6,cx4@0@a) + (4S@p@-a+6,cx4@0@a,4S@p@-a+6,cx4@0@a,4S@p@-a+6,cx8@1@a+6) + (4S@p@-a+6,cx4@0@a,4S@p@-a+6,cx4@0@a,4S@p@-a+6,cx8@1@a+6) + (4S@p@-a+6,cx8@1@a+6,4S@p@-a+6,cx8@1@a+6)  P=1 α∈[[0.0, 90.0]]  checks 5/5 pass
[14:06:45]   ctrnact-mixed-family-k4-325: (4S@d@a+12,cx4@1@-a+12) + (4S@d@a+12,cx4@1@-a+12) + (4S@d@a+12,cx4@1@-a+12) + (4S@d@a+12,cx4@1@-a+12) + (4S@d@a+12,cx4@1@-a+12) + (4S@d@a+12,cx4@1@-a+12) + (4S@d@a+12,cx4@1@-a+12) + (4S@d@a+12,cx4@1@-a+12) + (4S@d@a+12,cx4@1@-a+12) + (4S@d@a+12,cx4@1@-a+12) + (4S@d@a+12,cx8@0@-a+12) + (4S@d@a+12,cx8@0@-a+12) + (4S@d@a+12,cx8@0@-a+12) + (4S@d@a+12,cx8@0@-a+12) + (4S@d@a+12,cx8@0@-a+12) + (4S@d@a+12,cx8@0@-a+12) + (4S@d@a+12,cx8@0@-a+12) + (4S@d@a+12,cx8@0@-a+12) + (4S@p@-a+6,cx4@0@a,4S@p@-a+6,cx4@0@a,4S@p@-a+6,cx8@1@a+6) + (4S@p@-a+6,cx4@0@a,4S@p@-a+6,cx4@0@a,4S@p@-a+6,cx8@1@a+6) + (4S@p@-a+6,cx4@0@a,4S@p@-a+6,cx4@0@a,4S@p@-a+6,cx8@1@a+6) + (4S@p@-a+6,cx8@1@a+6,4S@p@-a+6,cx8@1@a+6)  P=1 α∈[[0.0, 90.0]]  checks 5/5 pass
[14:06:45]   ctrnact-mixed-family-k4-326: (4S@d@a+12,cx4@1@-a+12) + (4S@d@a+12,cx4@1@-a+12) + (4S@d@a+12,cx4@1@-a+12) + (4S@d@a+12,cx4@1@-a+12) + (4S@d@a+12,cx4@1@-a+12) + (4S@d@a+12,cx4@1@-a+12) + (4S@d@a+12,cx4@1@-a+12) + (4S@d@a+12,cx4@1@-a+12) + (4S@d@a+12,cx4@1@-a+12) + (4S@d@a+12,cx4@1@-a+12) + (4S@d@a+12,cx8@0@-a+12) + (4S@d@a+12,cx8@0@-a+12) + (4S@d@a+12,cx8@0@-a+12) + (4S@d@a+12,cx8@0@-a+12) + (4S@d@a+12,cx8@0@-a+12) + (4S@d@a+12,cx8@0@-a+12) + (4S@d@a+12,cx8@0@-a+12) + (4S@d@a+12,cx8@0@-a+12) + (4S@p@-a+6,cx4@0@a,4S@p@-a+6,cx4@0@a,4S@p@-a+6,cx8@1@a+6) + (4S@p@-a+6,cx4@0@a,4S@p@-a+6,cx4@0@a,4S@p@-a+6,cx8@1@a+6) + (4S@p@-a+6,cx4@0@a,4S@p@-a+6,cx4@0@a,4S@p@-a+6,cx8@1@a+6) + (4S@p@-a+6,cx8@1@a+6,4S@p@-a+6,cx8@1@a+6)  P=1 α∈[[0.0, 90.0]]  checks 5/5 pass
[14:06:45]   ctrnact-mixed-family-k4-327: (4S@d@a+12,cx4@1@-a+12) + (4S@d@a+12,cx4@1@-a+12) + (4S@d@a+12,cx4@1@-a+12) + (4S@d@a+12,cx4@1@-a+12) + (4S@d@a+12,cx4@1@-a+12) + (4S@d@a+12,cx4@1@-a+12) + (4S@d@a+12,cx4@1@-a+12) + (4S@d@a+12,cx8@0@-a+12) + (4S@d@a+12,cx8@0@-a+12) + (4S@d@a+12,cx8@0@-a+12) + (4S@d@a+12,cx8@0@-a+12) + (4S@d@a+12,cx8@0@-a+12) + (4S@d@a+12,cx8@0@-a+12) + (4S@d@a+12,cx8@0@-a+12) + (4S@d@a+12,cx8@0@-a+12) + (4S@d@a+12,cx8@0@-a+12) + (4S@p@-a+6,cx4@0@a,4S@p@-a+6,cx4@0@a,4S@p@-a+6,cx8@1@a+6) + (4S@p@-a+6,cx4@0@a,4S@p@-a+6,cx4@0@a,4S@p@-a+6,cx8@1@a+6) + (4S@p@-a+6,cx8@1@a+6,4S@p@-a+6,cx8@1@a+6) + (4S@p@-a+6,cx8@1@a+6,4S@p@-a+6,cx8@1@a+6)  P=1 α∈[[0.0, 90.0]]  checks 5/5 pass
[14:06:45]   ctrnact-mixed-family-k4-328: (4S@d@a+12,cx4@1@-a+12) + (4S@d@a+12,cx4@1@-a+12) + (4S@d@a+12,cx4@1@-a+12) + (4S@d@a+12,cx4@1@-a+12) + (4S@d@a+12,cx8@0@-a+12) + (4S@d@a+12,cx8@0@-a+12) + (4S@d@a+12,cx8@0@-a+12) + (4S@d@a+12,cx8@0@-a+12) + (4S@d@a+12,cx8@0@-a+12) + (4S@d@a+12,cx8@0@-a+12) + (4S@d@a+12,cx8@0@-a+12) + (4S@d@a+12,cx8@0@-a+12) + (4S@d@a+12,cx8@0@-a+12) + (4S@d@a+12,cx8@0@-a+12) + (4S@d@a+12,cx8@0@-a+12) + (4S@p@-a+6,cx4@0@a,4S@p@-a+6,cx4@0@a,4S@p@-a+6,cx8@1@a+6) + (4S@p@-a+6,cx8@1@a+6,4S@p@-a+6,cx8@1@a+6) + (4S@p@-a+6,cx8@1@a+6,4S@p@-a+6,cx8@1@a+6) + (4S@p@-a+6,cx8@1@a+6,4S@p@-a+6,cx8@1@a+6)  P=1 α∈[[0.0, 90.0]]  checks 5/5 pass
[14:06:45]   ctrnact-mixed-family-k4-329: (4S@d@a+12,cx4@1@-a+12) + (4S@d@a+12,cx4@1@-a+12) + (4S@d@a+12,cx4@1@-a+12) + (4S@d@a+12,cx4@1@-a+12) + (4S@d@a+12,cx8@0@-a+12) + (4S@d@a+12,cx8@0@-a+12) + (4S@d@a+12,cx8@0@-a+12) + (4S@d@a+12,cx8@0@-a+12) + (4S@d@a+12,cx8@0@-a+12) + (4S@d@a+12,cx8@0@-a+12) + (4S@d@a+12,cx8@0@-a+12) + (4S@d@a+12,cx8@0@-a+12) + (4S@d@a+12,cx8@0@-a+12) + (4S@p@-a+6,cx4@0@a,4S@p@-a+6,cx4@0@a,4S@p@-a+6,cx8@1@a+6) + (4S@p@-a+6,cx8@1@a+6,4S@p@-a+6,cx8@1@a+6) + (4S@p@-a+6,cx8@1@a+6,4S@p@-a+6,cx8@1@a+6) + (4S@p@-a+6,cx8@1@a+6,4S@p@-a+6,cx8@1@a+6)  P=1 α∈[[0.0, 90.0]]  checks 5/5 pass
[14:06:45]   ctrnact-mixed-family-k4-330: (4S@d@a+12,cx4@1@-a+12) + (4S@d@a+12,cx4@1@-a+12) + (4S@d@a+12,cx4@1@-a+12) + (4S@d@a+12,cx4@1@-a+12) + (4S@d@a+12,cx4@1@-a+12) + (4S@d@a+12,cx4@1@-a+12) + (4S@d@a+12,cx4@1@-a+12) + (4S@d@a+12,cx4@1@-a+12) + (4S@d@a+12,cx4@1@-a+12) + (4S@d@a+12,cx4@1@-a+12) + (4S@d@a+12,cx8@0@-a+12) + (4S@d@a+12,cx8@0@-a+12) + (4S@d@a+12,cx8@0@-a+12) + (4S@d@a+12,cx8@0@-a+12) + (4S@d@a+12,cx8@0@-a+12) + (4S@d@a+12,cx8@0@-a+12) + (4S@p@-a+6,cx4@0@a,4S@p@-a+6,cx4@0@a,4S@p@-a+6,cx8@1@a+6) + (4S@p@-a+6,cx4@0@a,4S@p@-a+6,cx4@0@a,4S@p@-a+6,cx8@1@a+6) + (4S@p@-a+6,cx4@0@a,4S@p@-a+6,cx4@0@a,4S@p@-a+6,cx8@1@a+6) + (4S@p@-a+6,cx8@1@a+6,4S@p@-a+6,cx8@1@a+6)  P=1 α∈[[0.0, 90.0]]  checks 5/5 pass
[14:06:45]   ctrnact-mixed-family-k4-331: (4S@d@a+12,cx4@1@-a+12) + (4S@d@a+12,cx4@1@-a+12) + (4S@d@a+12,cx4@1@-a+12) + (4S@d@a+12,cx4@1@-a+12) + (4S@d@a+12,cx8@0@-a+12) + (4S@d@a+12,cx8@0@-a+12) + (4S@d@a+12,cx8@0@-a+12) + (4S@d@a+12,cx8@0@-a+12) + (4S@d@a+12,cx8@0@-a+12) + (4S@d@a+12,cx8@0@-a+12) + (4S@d@a+12,cx8@0@-a+12) + (4S@d@a+12,cx8@0@-a+12) + (4S@d@a+12,cx8@0@-a+12) + (4S@p@-a+6,cx4@0@a,4S@p@-a+6,cx4@0@a,4S@p@-a+6,cx8@1@a+6) + (4S@p@-a+6,cx8@1@a+6,4S@p@-a+6,cx8@1@a+6) + (4S@p@-a+6,cx8@1@a+6,4S@p@-a+6,cx8@1@a+6) + (4S@p@-a+6,cx8@1@a+6,4S@p@-a+6,cx8@1@a+6)  P=1 α∈[[0.0, 90.0]]  checks 5/5 pass
[14:06:45]   ctrnact-mixed-family-k4-332: (4S@d@a+12,4S@p@-a+6,cx4@0@a,4S@p@-a+6) + (4S@d@a+12,4S@p@-a+6,cx4@0@a,4S@p@-a+6) + (4S@d@a+12,4S@p@-a+6,cx4@0@a,4S@p@-a+6) + (4S@d@a+12,cx4@1@-a+12) + (4S@d@a+12,cx4@1@-a+12) + (4S@d@a+12,cx4@1@-a+12) + (4S@d@a+12,cx4@1@-a+12) + (4S@d@a+12,cx4@1@-a+12) + (4S@d@a+12,cx8@0@-a+12) + (4S@d@a+12,cx8@0@-a+12) + (4S@p@-a+6,cx4@0@a,4S@p@-a+6,cx4@0@a,4S@p@-a+6,cx8@1@a+6)  P=1 α∈[[0.0, 90.0]]  checks 5/5 pass
[14:06:45]   ctrnact-mixed-family-k4-333: (4S@d@a+12,cx4@1@-a+12) + (4S@d@a+12,cx4@1@-a+12) + (4S@d@a+12,cx4@1@-a+12) + (4S@d@a+12,cx4@1@-a+12) + (4S@d@a+12,cx4@1@-a+12) + (4S@d@a+12,cx4@1@-a+12) + (4S@d@a+12,cx4@1@-a+12) + (4S@d@a+12,cx4@1@-a+12) + (4S@d@a+12,cx4@1@-a+12) + (4S@d@a+12,cx4@1@-a+12) + (4S@d@a+12,cx4@1@-a+12) + (4S@d@a+12,cx4@1@-a+12) + (4S@d@a+12,cx4@1@-a+12) + (4S@d@a+12,cx4@1@-a+12) + (4S@d@a+12,cx4@1@-a+12) + (4S@d@a+12,cx8@0@-a+12) + (4S@d@a+12,cx8@0@-a+12) + (4S@d@a+12,cx8@0@-a+12) + (4S@p@-a+6,cx4@0@a,4S@p@-a+6,cx4@0@a,4S@p@-a+6,cx4@0@a,4S@p@-a+6,cx4@0@a) + (4S@p@-a+6,cx4@0@a,4S@p@-a+6,cx4@0@a,4S@p@-a+6,cx4@0@a,4S@p@-a+6,cx4@0@a) + (4S@p@-a+6,cx4@0@a,4S@p@-a+6,cx4@0@a,4S@p@-a+6,cx8@1@a+6) + (4S@p@-a+6,cx4@0@a,4S@p@-a+6,cx4@0@a,4S@p@-a+6,cx8@1@a+6)  P=1 α∈[[0.0, 90.0]]  checks 5/5 pass
[14:06:45]   ctrnact-mixed-family-k4-334: (4S@d@a+12,cx4@1@-a+12) + (4S@d@a+12,cx4@1@-a+12) + (4S@d@a+12,cx4@1@-a+12) + (4S@d@a+12,cx4@1@-a+12) + (4S@d@a+12,cx4@1@-a+12) + (4S@d@a+12,cx4@1@-a+12) + (4S@d@a+12,cx4@1@-a+12) + (4S@d@a+12,cx4@1@-a+12) + (4S@d@a+12,cx4@1@-a+12) + (4S@d@a+12,cx4@1@-a+12) + (4S@d@a+12,cx4@1@-a+12) + (4S@d@a+12,cx4@1@-a+12) + (4S@d@a+12,cx4@1@-a+12) + (4S@d@a+12,cx4@1@-a+12) + (4S@d@a+12,cx4@1@-a+12) + (4S@d@a+12,cx4@1@-a+12) + (4S@d@a+12,cx4@1@-a+12) + (4S@d@a+12,cx4@1@-a+12) + (4S@d@a+12,cx4@1@-a+12) + (4S@d@a+12,cx8@0@-a+12) + (4S@d@a+12,cx8@0@-a+12) + (4S@d@a+12,cx8@0@-a+12) + (4S@p@-a+6,cx4@0@a,4S@p@-a+6,cx4@0@a,4S@p@-a+6,cx4@0@a,4S@p@-a+6,cx4@0@a) + (4S@p@-a+6,cx4@0@a,4S@p@-a+6,cx4@0@a,4S@p@-a+6,cx4@0@a,4S@p@-a+6,cx4@0@a) + (4S@p@-a+6,cx4@0@a,4S@p@-a+6,cx4@0@a,4S@p@-a+6,cx8@1@a+6) + (4S@p@-a+6,cx4@0@a,4S@p@-a+6,cx4@0@a,4S@p@-a+6,cx8@1@a+6)  P=1 α∈[[0.0, 90.0]]  checks 5/5 pass
[14:06:45]   ctrnact-mixed-family-k4-335: (4S@d@a+12,cx4@1@-a+12) + (4S@d@a+12,cx4@1@-a+12) + (4S@d@a+12,cx4@1@-a+12) + (4S@d@a+12,cx4@1@-a+12) + (4S@d@a+12,cx4@1@-a+12) + (4S@d@a+12,cx4@1@-a+12) + (4S@d@a+12,cx4@1@-a+12) + (4S@d@a+12,cx4@1@-a+12) + (4S@d@a+12,cx4@1@-a+12) + (4S@d@a+12,cx4@1@-a+12) + (4S@d@a+12,cx4@1@-a+12) + (4S@d@a+12,cx4@1@-a+12) + (4S@d@a+12,cx4@1@-a+12) + (4S@d@a+12,cx4@1@-a+12) + (4S@d@a+12,cx4@1@-a+12) + (4S@d@a+12,cx4@1@-a+12) + (4S@d@a+12,cx4@1@-a+12) + (4S@d@a+12,cx4@1@-a+12) + (4S@d@a+12,cx8@0@-a+12) + (4S@d@a+12,cx8@0@-a+12) + (4S@d@a+12,cx8@0@-a+12) + (4S@p@-a+6,cx4@0@a,4S@p@-a+6,cx4@0@a,4S@p@-a+6,cx4@0@a,4S@p@-a+6,cx4@0@a) + (4S@p@-a+6,cx4@0@a,4S@p@-a+6,cx4@0@a,4S@p@-a+6,cx4@0@a,4S@p@-a+6,cx4@0@a) + (4S@p@-a+6,cx4@0@a,4S@p@-a+6,cx4@0@a,4S@p@-a+6,cx8@1@a+6) + (4S@p@-a+6,cx4@0@a,4S@p@-a+6,cx4@0@a,4S@p@-a+6,cx8@1@a+6)  P=1 α∈[[0.0, 90.0]]  checks 5/5 pass
[14:06:45]   ctrnact-mixed-family-k4-336: (4S@d@a+12,cx4@1@-a+12) + (4S@d@a+12,cx4@1@-a+12) + (4S@d@a+12,cx4@1@-a+12) + (4S@d@a+12,cx4@1@-a+12) + (4S@d@a+12,cx4@1@-a+12) + (4S@d@a+12,cx4@1@-a+12) + (4S@d@a+12,cx4@1@-a+12) + (4S@d@a+12,cx4@1@-a+12) + (4S@d@a+12,cx4@1@-a+12) + (4S@d@a+12,cx4@1@-a+12) + (4S@d@a+12,cx4@1@-a+12) + (4S@d@a+12,cx4@1@-a+12) + (4S@d@a+12,cx4@1@-a+12) + (4S@d@a+12,cx4@1@-a+12) + (4S@d@a+12,cx4@1@-a+12) + (4S@d@a+12,cx8@0@-a+12) + (4S@d@a+12,cx8@0@-a+12) + (4S@d@a+12,cx8@0@-a+12) + (4S@p@-a+6,cx4@0@a,4S@p@-a+6,cx4@0@a,4S@p@-a+6,cx4@0@a,4S@p@-a+6,cx4@0@a) + (4S@p@-a+6,cx4@0@a,4S@p@-a+6,cx4@0@a,4S@p@-a+6,cx4@0@a,4S@p@-a+6,cx4@0@a) + (4S@p@-a+6,cx4@0@a,4S@p@-a+6,cx4@0@a,4S@p@-a+6,cx8@1@a+6) + (4S@p@-a+6,cx4@0@a,4S@p@-a+6,cx4@0@a,4S@p@-a+6,cx8@1@a+6)  P=1 α∈[[0.0, 90.0]]  checks 5/5 pass
[14:06:45]   ctrnact-mixed-family-k4-337: (4S@d@a+12,cx4@1@-a+12) + (4S@d@a+12,cx4@1@-a+12) + (4S@d@a+12,cx4@1@-a+12) + (4S@d@a+12,cx4@1@-a+12) + (4S@d@a+12,cx4@1@-a+12) + (4S@d@a+12,cx4@1@-a+12) + (4S@d@a+12,cx4@1@-a+12) + (4S@d@a+12,cx4@1@-a+12) + (4S@d@a+12,cx4@1@-a+12) + (4S@d@a+12,cx4@1@-a+12) + (4S@d@a+12,cx4@1@-a+12) + (4S@d@a+12,cx4@1@-a+12) + (4S@d@a+12,cx4@1@-a+12) + (4S@d@a+12,cx4@1@-a+12) + (4S@d@a+12,cx4@1@-a+12) + (4S@d@a+12,cx8@0@-a+12) + (4S@d@a+12,cx8@0@-a+12) + (4S@d@a+12,cx8@0@-a+12) + (4S@d@a+12,cx8@0@-a+12) + (4S@d@a+12,cx8@0@-a+12) + (4S@p@-a+6,cx4@0@a,4S@p@-a+6,cx4@0@a,4S@p@-a+6,cx4@0@a,4S@p@-a+6,cx4@0@a) + (4S@p@-a+6,cx4@0@a,4S@p@-a+6,cx4@0@a,4S@p@-a+6,cx8@1@a+6) + (4S@p@-a+6,cx4@0@a,4S@p@-a+6,cx4@0@a,4S@p@-a+6,cx8@1@a+6) + (4S@p@-a+6,cx4@0@a,4S@p@-a+6,cx4@0@a,4S@p@-a+6,cx8@1@a+6)  P=1 α∈[[0.0, 90.0]]  checks 5/5 pass
[14:06:45]   ctrnact-mixed-family-k4-338: (4S@d@a+12,cx4@1@-a+12) + (4S@d@a+12,cx4@1@-a+12) + (4S@d@a+12,cx4@1@-a+12) + (4S@d@a+12,cx4@1@-a+12) + (4S@d@a+12,cx4@1@-a+12) + (4S@d@a+12,cx4@1@-a+12) + (4S@d@a+12,cx4@1@-a+12) + (4S@d@a+12,cx4@1@-a+12) + (4S@d@a+12,cx4@1@-a+12) + (4S@d@a+12,cx4@1@-a+12) + (4S@d@a+12,cx4@1@-a+12) + (4S@d@a+12,cx4@1@-a+12) + (4S@d@a+12,cx4@1@-a+12) + (4S@d@a+12,cx4@1@-a+12) + (4S@d@a+12,cx4@1@-a+12) + (4S@d@a+12,cx8@0@-a+12) + (4S@d@a+12,cx8@0@-a+12) + (4S@d@a+12,cx8@0@-a+12) + (4S@d@a+12,cx8@0@-a+12) + (4S@d@a+12,cx8@0@-a+12) + (4S@p@-a+6,cx4@0@a,4S@p@-a+6,cx4@0@a,4S@p@-a+6,cx4@0@a,4S@p@-a+6,cx4@0@a) + (4S@p@-a+6,cx4@0@a,4S@p@-a+6,cx4@0@a,4S@p@-a+6,cx8@1@a+6) + (4S@p@-a+6,cx4@0@a,4S@p@-a+6,cx4@0@a,4S@p@-a+6,cx8@1@a+6) + (4S@p@-a+6,cx4@0@a,4S@p@-a+6,cx4@0@a,4S@p@-a+6,cx8@1@a+6)  P=1 α∈[[0.0, 90.0]]  checks 5/5 pass
[14:06:45]   ctrnact-mixed-family-k4-339: (4S@d@a+12,cx4@1@-a+12) + (4S@d@a+12,cx4@1@-a+12) + (4S@d@a+12,cx4@1@-a+12) + (4S@d@a+12,cx4@1@-a+12) + (4S@d@a+12,cx4@1@-a+12) + (4S@d@a+12,cx4@1@-a+12) + (4S@d@a+12,cx4@1@-a+12) + (4S@d@a+12,cx4@1@-a+12) + (4S@d@a+12,cx4@1@-a+12) + (4S@d@a+12,cx8@0@-a+12) + (4S@d@a+12,cx8@0@-a+12) + (4S@d@a+12,cx8@0@-a+12) + (4S@d@a+12,cx8@0@-a+12) + (4S@d@a+12,cx8@0@-a+12) + (4S@d@a+12,cx8@0@-a+12) + (4S@d@a+12,cx8@0@-a+12) + (4S@d@a+12,cx8@0@-a+12) + (4S@p@-a+6,cx4@0@a,4S@p@-a+6,cx4@0@a,4S@p@-a+6,cx8@1@a+6) + (4S@p@-a+6,cx4@0@a,4S@p@-a+6,cx4@0@a,4S@p@-a+6,cx8@1@a+6) + (4S@p@-a+6,cx4@0@a,4S@p@-a+6,cx4@0@a,4S@p@-a+6,cx8@1@a+6) + (4S@p@-a+6,cx8@1@a+6,4S@p@-a+6,cx8@1@a+6)  P=1 α∈[[0.0, 90.0]]  checks 5/5 pass
[14:06:45]   ctrnact-mixed-family-k4-340: (4S@d@a+12,cx4@1@-a+12) + (4S@d@a+12,cx4@1@-a+12) + (4S@d@a+12,cx4@1@-a+12) + (4S@d@a+12,cx4@1@-a+12) + (4S@d@a+12,cx4@1@-a+12) + (4S@d@a+12,cx4@1@-a+12) + (4S@d@a+12,cx4@1@-a+12) + (4S@d@a+12,cx4@1@-a+12) + (4S@d@a+12,cx4@1@-a+12) + (4S@d@a+12,cx8@0@-a+12) + (4S@d@a+12,cx8@0@-a+12) + (4S@d@a+12,cx8@0@-a+12) + (4S@d@a+12,cx8@0@-a+12) + (4S@d@a+12,cx8@0@-a+12) + (4S@d@a+12,cx8@0@-a+12) + (4S@p@-a+6,cx4@0@a,4S@p@-a+6,cx4@0@a,4S@p@-a+6,cx8@1@a+6) + (4S@p@-a+6,cx4@0@a,4S@p@-a+6,cx4@0@a,4S@p@-a+6,cx8@1@a+6) + (4S@p@-a+6,cx4@0@a,4S@p@-a+6,cx4@0@a,4S@p@-a+6,cx8@1@a+6) + (4S@p@-a+6,cx8@1@a+6,4S@p@-a+6,cx8@1@a+6)  P=1 α∈[[0.0, 90.0]]  checks 5/5 pass
[14:06:45]   ctrnact-mixed-family-k4-341: (4S@d@a+12,cx4@1@-a+12) + (4S@d@a+12,cx4@1@-a+12) + (4S@d@a+12,cx4@1@-a+12) + (4S@d@a+12,cx4@1@-a+12) + (4S@d@a+12,cx4@1@-a+12) + (4S@d@a+12,cx4@1@-a+12) + (4S@d@a+12,cx4@1@-a+12) + (4S@d@a+12,cx4@1@-a+12) + (4S@d@a+12,cx4@1@-a+12) + (4S@d@a+12,cx8@0@-a+12) + (4S@d@a+12,cx8@0@-a+12) + (4S@d@a+12,cx8@0@-a+12) + (4S@d@a+12,cx8@0@-a+12) + (4S@d@a+12,cx8@0@-a+12) + (4S@d@a+12,cx8@0@-a+12) + (4S@d@a+12,cx8@0@-a+12) + (4S@d@a+12,cx8@0@-a+12) + (4S@p@-a+6,cx4@0@a,4S@p@-a+6,cx4@0@a,4S@p@-a+6,cx8@1@a+6) + (4S@p@-a+6,cx4@0@a,4S@p@-a+6,cx4@0@a,4S@p@-a+6,cx8@1@a+6) + (4S@p@-a+6,cx4@0@a,4S@p@-a+6,cx4@0@a,4S@p@-a+6,cx8@1@a+6) + (4S@p@-a+6,cx8@1@a+6,4S@p@-a+6,cx8@1@a+6)  P=1 α∈[[0.0, 90.0]]  checks 5/5 pass
[14:06:45]   ctrnact-mixed-family-k4-342: (4S@d@a+12,cx4@1@-a+12) + (4S@d@a+12,cx4@1@-a+12) + (4S@d@a+12,cx4@1@-a+12) + (4S@d@a+12,cx4@1@-a+12) + (4S@d@a+12,cx4@1@-a+12) + (4S@d@a+12,cx4@1@-a+12) + (4S@d@a+12,cx4@1@-a+12) + (4S@d@a+12,cx4@1@-a+12) + (4S@d@a+12,cx4@1@-a+12) + (4S@d@a+12,cx8@0@-a+12) + (4S@d@a+12,cx8@0@-a+12) + (4S@d@a+12,cx8@0@-a+12) + (4S@d@a+12,cx8@0@-a+12) + (4S@d@a+12,cx8@0@-a+12) + (4S@d@a+12,cx8@0@-a+12) + (4S@p@-a+6,cx4@0@a,4S@p@-a+6,cx4@0@a,4S@p@-a+6,cx8@1@a+6) + (4S@p@-a+6,cx4@0@a,4S@p@-a+6,cx4@0@a,4S@p@-a+6,cx8@1@a+6) + (4S@p@-a+6,cx4@0@a,4S@p@-a+6,cx4@0@a,4S@p@-a+6,cx8@1@a+6) + (4S@p@-a+6,cx8@1@a+6,4S@p@-a+6,cx8@1@a+6)  P=1 α∈[[0.0, 90.0]]  checks 5/5 pass
[14:06:45]   ctrnact-mixed-family-k4-343: (4S@d@a+12,cx4@1@-a+12) + (4S@d@a+12,cx4@1@-a+12) + (4S@d@a+12,cx4@1@-a+12) + (4S@d@a+12,cx4@1@-a+12) + (4S@d@a+12,cx4@1@-a+12) + (4S@d@a+12,cx4@1@-a+12) + (4S@d@a+12,cx4@1@-a+12) + (4S@d@a+12,cx4@1@-a+12) + (4S@d@a+12,cx4@1@-a+12) + (4S@d@a+12,cx8@0@-a+12) + (4S@d@a+12,cx8@0@-a+12) + (4S@d@a+12,cx8@0@-a+12) + (4S@d@a+12,cx8@0@-a+12) + (4S@d@a+12,cx8@0@-a+12) + (4S@d@a+12,cx8@0@-a+12) + (4S@p@-a+6,cx4@0@a,4S@p@-a+6,cx4@0@a,4S@p@-a+6,cx4@0@a,4S@p@-a+6,cx4@0@a) + (4S@p@-a+6,cx4@0@a,4S@p@-a+6,cx4@0@a,4S@p@-a+6,cx8@1@a+6) + (4S@p@-a+6,cx4@0@a,4S@p@-a+6,cx4@0@a,4S@p@-a+6,cx8@1@a+6) + (4S@p@-a+6,cx8@1@a+6,4S@p@-a+6,cx8@1@a+6)  P=1 α∈[[0.0, 90.0]]  checks 5/5 pass
[14:06:45]   ctrnact-mixed-family-k4-344: (4S@d@a+12,cx4@1@-a+12) + (4S@d@a+12,cx4@1@-a+12) + (4S@d@a+12,cx4@1@-a+12) + (4S@d@a+12,cx4@1@-a+12) + (4S@d@a+12,cx4@1@-a+12) + (4S@d@a+12,cx4@1@-a+12) + (4S@d@a+12,cx4@1@-a+12) + (4S@d@a+12,cx4@1@-a+12) + (4S@d@a+12,cx4@1@-a+12) + (4S@d@a+12,cx4@1@-a+12) + (4S@d@a+12,cx4@1@-a+12) + (4S@d@a+12,cx4@1@-a+12) + (4S@d@a+12,cx4@1@-a+12) + (4S@d@a+12,cx8@0@-a+12) + (4S@d@a+12,cx8@0@-a+12) + (4S@d@a+12,cx8@0@-a+12) + (4S@d@a+12,cx8@0@-a+12) + (4S@d@a+12,cx8@0@-a+12) + (4S@d@a+12,cx8@0@-a+12) + (4S@p@-a+6,cx4@0@a,4S@p@-a+6,cx4@0@a,4S@p@-a+6,cx4@0@a,4S@p@-a+6,cx4@0@a) + (4S@p@-a+6,cx4@0@a,4S@p@-a+6,cx4@0@a,4S@p@-a+6,cx8@1@a+6) + (4S@p@-a+6,cx4@0@a,4S@p@-a+6,cx4@0@a,4S@p@-a+6,cx8@1@a+6) + (4S@p@-a+6,cx8@1@a+6,4S@p@-a+6,cx8@1@a+6)  P=1 α∈[[0.0, 90.0]]  checks 5/5 pass
[14:06:45]   ctrnact-mixed-family-k4-345: (4S@d@a+12,cx4@1@-a+12) + (4S@d@a+12,cx4@1@-a+12) + (4S@d@a+12,cx4@1@-a+12) + (4S@d@a+12,cx4@1@-a+12) + (4S@d@a+12,cx4@1@-a+12) + (4S@d@a+12,cx4@1@-a+12) + (4S@d@a+12,cx4@1@-a+12) + (4S@d@a+12,cx4@1@-a+12) + (4S@d@a+12,cx4@1@-a+12) + (4S@d@a+12,cx4@1@-a+12) + (4S@d@a+12,cx4@1@-a+12) + (4S@d@a+12,cx4@1@-a+12) + (4S@d@a+12,cx8@0@-a+12) + (4S@d@a+12,cx8@0@-a+12) + (4S@d@a+12,cx8@0@-a+12) + (4S@d@a+12,cx8@0@-a+12) + (4S@d@a+12,cx8@0@-a+12) + (4S@d@a+12,cx8@0@-a+12) + (4S@p@-a+6,cx4@0@a,4S@p@-a+6,cx4@0@a,4S@p@-a+6,cx4@0@a,4S@p@-a+6,cx4@0@a) + (4S@p@-a+6,cx4@0@a,4S@p@-a+6,cx4@0@a,4S@p@-a+6,cx8@1@a+6) + (4S@p@-a+6,cx4@0@a,4S@p@-a+6,cx4@0@a,4S@p@-a+6,cx8@1@a+6) + (4S@p@-a+6,cx8@1@a+6,4S@p@-a+6,cx8@1@a+6)  P=1 α∈[[0.0, 90.0]]  checks 5/5 pass
[14:06:45]   ctrnact-mixed-family-k4-346: (4S@d@a+12,cx4@1@-a+12) + (4S@d@a+12,cx4@1@-a+12) + (4S@d@a+12,cx4@1@-a+12) + (4S@d@a+12,cx4@1@-a+12) + (4S@d@a+12,cx4@1@-a+12) + (4S@d@a+12,cx4@1@-a+12) + (4S@d@a+12,cx4@1@-a+12) + (4S@d@a+12,cx4@1@-a+12) + (4S@d@a+12,cx4@1@-a+12) + (4S@d@a+12,cx8@0@-a+12) + (4S@d@a+12,cx8@0@-a+12) + (4S@d@a+12,cx8@0@-a+12) + (4S@d@a+12,cx8@0@-a+12) + (4S@d@a+12,cx8@0@-a+12) + (4S@d@a+12,cx8@0@-a+12) + (4S@p@-a+6,cx4@0@a,4S@p@-a+6,cx4@0@a,4S@p@-a+6,cx4@0@a,4S@p@-a+6,cx4@0@a) + (4S@p@-a+6,cx4@0@a,4S@p@-a+6,cx4@0@a,4S@p@-a+6,cx8@1@a+6) + (4S@p@-a+6,cx4@0@a,4S@p@-a+6,cx4@0@a,4S@p@-a+6,cx8@1@a+6) + (4S@p@-a+6,cx8@1@a+6,4S@p@-a+6,cx8@1@a+6)  P=1 α∈[[0.0, 90.0]]  checks 5/5 pass
[14:06:45]   ctrnact-mixed-family-k4-347: (4S@d@a+12,cx4@1@-a+12) + (4S@d@a+12,cx4@1@-a+12) + (4S@d@a+12,cx4@1@-a+12) + (4S@d@a+12,cx4@1@-a+12) + (4S@d@a+12,cx4@1@-a+12) + (4S@d@a+12,cx4@1@-a+12) + (4S@d@a+12,cx4@1@-a+12) + (4S@d@a+12,cx4@1@-a+12) + (4S@d@a+12,cx4@1@-a+12) + (4S@d@a+12,cx8@0@-a+12) + (4S@d@a+12,cx8@0@-a+12) + (4S@d@a+12,cx8@0@-a+12) + (4S@d@a+12,cx8@0@-a+12) + (4S@d@a+12,cx8@0@-a+12) + (4S@d@a+12,cx8@0@-a+12) + (4S@d@a+12,cx8@0@-a+12) + (4S@d@a+12,cx8@0@-a+12) + (4S@p@-a+6,cx4@0@a,4S@p@-a+6,cx4@0@a,4S@p@-a+6,cx8@1@a+6) + (4S@p@-a+6,cx4@0@a,4S@p@-a+6,cx4@0@a,4S@p@-a+6,cx8@1@a+6) + (4S@p@-a+6,cx4@0@a,4S@p@-a+6,cx4@0@a,4S@p@-a+6,cx8@1@a+6) + (4S@p@-a+6,cx8@1@a+6,4S@p@-a+6,cx8@1@a+6)  P=1 α∈[[0.0, 90.0]]  checks 5/5 pass
[14:06:45]   ctrnact-mixed-family-k4-348: (4S@d@a+12,cx4@1@-a+12) + (4S@d@a+12,cx4@1@-a+12) + (4S@d@a+12,cx4@1@-a+12) + (4S@d@a+12,cx4@1@-a+12) + (4S@d@a+12,cx4@1@-a+12) + (4S@d@a+12,cx4@1@-a+12) + (4S@d@a+12,cx4@1@-a+12) + (4S@d@a+12,cx4@1@-a+12) + (4S@d@a+12,cx4@1@-a+12) + (4S@d@a+12,cx8@0@-a+12) + (4S@d@a+12,cx8@0@-a+12) + (4S@d@a+12,cx8@0@-a+12) + (4S@d@a+12,cx8@0@-a+12) + (4S@d@a+12,cx8@0@-a+12) + (4S@d@a+12,cx8@0@-a+12) + (4S@d@a+12,cx8@0@-a+12) + (4S@d@a+12,cx8@0@-a+12) + (4S@p@-a+6,cx4@0@a,4S@p@-a+6,cx4@0@a,4S@p@-a+6,cx8@1@a+6) + (4S@p@-a+6,cx4@0@a,4S@p@-a+6,cx4@0@a,4S@p@-a+6,cx8@1@a+6) + (4S@p@-a+6,cx4@0@a,4S@p@-a+6,cx4@0@a,4S@p@-a+6,cx8@1@a+6) + (4S@p@-a+6,cx8@1@a+6,4S@p@-a+6,cx8@1@a+6)  P=1 α∈[[0.0, 90.0]]  checks 5/5 pass
[14:06:45]   ctrnact-mixed-family-k4-349: (4S@d@a+12,cx4@1@-a+12) + (4S@d@a+12,cx4@1@-a+12) + (4S@d@a+12,cx4@1@-a+12) + (4S@d@a+12,cx8@0@-a+12) + (4S@d@a+12,cx8@0@-a+12) + (4S@d@a+12,cx8@0@-a+12) + (4S@d@a+12,cx8@0@-a+12) + (4S@d@a+12,cx8@0@-a+12) + (4S@d@a+12,cx8@0@-a+12) + (4S@d@a+12,cx8@0@-a+12) + (4S@d@a+12,cx8@0@-a+12) + (4S@d@a+12,cx8@0@-a+12) + (4S@d@a+12,cx8@0@-a+12) + (4S@d@a+12,cx8@0@-a+12) + (4S@p@-a+6,cx4@0@a,4S@p@-a+6,cx4@0@a,4S@p@-a+6,cx8@1@a+6) + (4S@p@-a+6,cx8@1@a+6,4S@p@-a+6,cx8@1@a+6) + (4S@p@-a+6,cx8@1@a+6,4S@p@-a+6,cx8@1@a+6) + (4S@p@-a+6,cx8@1@a+6,4S@p@-a+6,cx8@1@a+6)  P=1 α∈[[0.0, 90.0]]  checks 5/5 pass
[14:06:45]   ctrnact-mixed-family-k4-350: (4S@d@a+12,cx4@1@-a+12) + (4S@d@a+12,cx4@1@-a+12) + (4S@d@a+12,cx4@1@-a+12) + (4S@d@a+12,cx8@0@-a+12) + (4S@d@a+12,cx8@0@-a+12) + (4S@d@a+12,cx8@0@-a+12) + (4S@d@a+12,cx8@0@-a+12) + (4S@d@a+12,cx8@0@-a+12) + (4S@d@a+12,cx8@0@-a+12) + (4S@d@a+12,cx8@0@-a+12) + (4S@d@a+12,cx8@0@-a+12) + (4S@d@a+12,cx8@0@-a+12) + (4S@p@-a+6,cx4@0@a,4S@p@-a+6,cx4@0@a,4S@p@-a+6,cx8@1@a+6) + (4S@p@-a+6,cx8@1@a+6,4S@p@-a+6,cx8@1@a+6) + (4S@p@-a+6,cx8@1@a+6,4S@p@-a+6,cx8@1@a+6) + (4S@p@-a+6,cx8@1@a+6,4S@p@-a+6,cx8@1@a+6)  P=1 α∈[[0.0, 90.0]]  checks 5/5 pass
[14:06:45]   ctrnact-mixed-family-k4-351: (4S@d@a+12,cx4@1@-a+12) + (4S@d@a+12,cx4@1@-a+12) + (4S@d@a+12,cx4@1@-a+12) + (4S@d@a+12,cx4@1@-a+12) + (4S@d@a+12,cx4@1@-a+12) + (4S@d@a+12,cx4@1@-a+12) + (4S@d@a+12,cx8@0@-a+12) + (4S@d@a+12,cx8@0@-a+12) + (4S@d@a+12,cx8@0@-a+12) + (4S@p@-a+6,cx4@0@a,4S@p@-a+6,cx4@0@a,4S@p@-a+6,cx4@0@a,4S@p@-a+6,cx4@0@a) + (4S@p@-a+6,cx4@0@a,4S@p@-a+6,cx4@0@a,4S@p@-a+6,cx8@1@a+6) + (4S@p@-a+6,cx8@1@a+6,4S@p@-a+6,cx8@1@a+6) + (4S@p@-a+6,cx8@1@a+6,4S@p@-a+6,cx8@1@a+6)  P=1 α∈[[0.0, 90.0]]  checks 5/5 pass
[14:06:45]   ctrnact-mixed-family-k4-352: (4S@d@a+12,cx4@1@-a+12) + (4S@d@a+12,cx4@1@-a+12) + (4S@d@a+12,cx4@1@-a+12) + (4S@d@a+12,cx4@1@-a+12) + (4S@d@a+12,cx4@1@-a+12) + (4S@d@a+12,cx4@1@-a+12) + (4S@d@a+12,cx4@1@-a+12) + (4S@d@a+12,cx4@1@-a+12) + (4S@d@a+12,cx4@1@-a+12) + (4S@d@a+12,cx4@1@-a+12) + (4S@d@a+12,cx4@1@-a+12) + (4S@d@a+12,cx4@1@-a+12) + (4S@d@a+12,cx4@1@-a+12) + (4S@d@a+12,cx4@1@-a+12) + (4S@d@a+12,cx4@1@-a+12) + (4S@d@a+12,cx4@1@-a+12) + (4S@d@a+12,cx8@0@-a+12) + (4S@d@a+12,cx8@0@-a+12) + (4S@d@a+12,cx8@0@-a+12) + (4S@p@-a+6,cx4@0@a,4S@p@-a+6,cx4@0@a,4S@p@-a+6,cx4@0@a,4S@p@-a+6,cx4@0@a) + (4S@p@-a+6,cx4@0@a,4S@p@-a+6,cx4@0@a,4S@p@-a+6,cx4@0@a,4S@p@-a+6,cx4@0@a) + (4S@p@-a+6,cx4@0@a,4S@p@-a+6,cx4@0@a,4S@p@-a+6,cx8@1@a+6) + (4S@p@-a+6,cx4@0@a,4S@p@-a+6,cx4@0@a,4S@p@-a+6,cx8@1@a+6)  P=1 α∈[[0.0, 90.0]]  checks 5/5 pass
[14:06:45]   ctrnact-mixed-family-k4-353: (4S@d@a+12,cx4@1@-a+12) + (4S@d@a+12,cx4@1@-a+12) + (4S@d@a+12,cx4@1@-a+12) + (4S@d@a+12,cx4@1@-a+12) + (4S@d@a+12,cx4@1@-a+12) + (4S@d@a+12,cx4@1@-a+12) + (4S@d@a+12,cx4@1@-a+12) + (4S@d@a+12,cx4@1@-a+12) + (4S@d@a+12,cx4@1@-a+12) + (4S@d@a+12,cx4@1@-a+12) + (4S@d@a+12,cx4@1@-a+12) + (4S@d@a+12,cx4@1@-a+12) + (4S@d@a+12,cx4@1@-a+12) + (4S@d@a+12,cx4@1@-a+12) + (4S@d@a+12,cx4@1@-a+12) + (4S@d@a+12,cx8@0@-a+12) + (4S@d@a+12,cx8@0@-a+12) + (4S@d@a+12,cx8@0@-a+12) + (4S@p@-a+6,cx4@0@a,4S@p@-a+6,cx4@0@a,4S@p@-a+6,cx4@0@a,4S@p@-a+6,cx4@0@a) + (4S@p@-a+6,cx4@0@a,4S@p@-a+6,cx4@0@a,4S@p@-a+6,cx4@0@a,4S@p@-a+6,cx4@0@a) + (4S@p@-a+6,cx4@0@a,4S@p@-a+6,cx4@0@a,4S@p@-a+6,cx8@1@a+6) + (4S@p@-a+6,cx4@0@a,4S@p@-a+6,cx4@0@a,4S@p@-a+6,cx8@1@a+6)  P=1 α∈[[0.0, 90.0]]  checks 5/5 pass
[14:06:45]   ctrnact-mixed-family-k4-354: (4S@d@a+12,cx4@1@-a+12) + (4S@d@a+12,cx4@1@-a+12) + (4S@d@a+12,cx4@1@-a+12) + (4S@d@a+12,cx4@1@-a+12) + (4S@d@a+12,cx4@1@-a+12) + (4S@d@a+12,cx4@1@-a+12) + (4S@d@a+12,cx8@0@-a+12) + (4S@d@a+12,cx8@0@-a+12) + (4S@d@a+12,cx8@0@-a+12) + (4S@d@a+12,cx8@0@-a+12) + (4S@d@a+12,cx8@0@-a+12) + (4S@d@a+12,cx8@0@-a+12) + (4S@d@a+12,cx8@0@-a+12) + (4S@d@a+12,cx8@0@-a+12) + (4S@p@-a+6,cx4@0@a,4S@p@-a+6,cx4@0@a,4S@p@-a+6,cx4@0@a,4S@p@-a+6,cx4@0@a) + (4S@p@-a+6,cx4@0@a,4S@p@-a+6,cx4@0@a,4S@p@-a+6,cx8@1@a+6) + (4S@p@-a+6,cx8@1@a+6,4S@p@-a+6,cx8@1@a+6) + (4S@p@-a+6,cx8@1@a+6,4S@p@-a+6,cx8@1@a+6)  P=1 α∈[[0.0, 90.0]]  checks 5/5 pass
[14:06:45]   ctrnact-mixed-family-k4-355: (4S@d@a+12,cx4@1@-a+12) + (4S@d@a+12,cx4@1@-a+12) + (4S@d@a+12,cx4@1@-a+12) + (4S@d@a+12,cx4@1@-a+12) + (4S@d@a+12,cx4@1@-a+12) + (4S@d@a+12,cx4@1@-a+12) + (4S@d@a+12,cx8@0@-a+12) + (4S@d@a+12,cx8@0@-a+12) + (4S@d@a+12,cx8@0@-a+12) + (4S@d@a+12,cx8@0@-a+12) + (4S@d@a+12,cx8@0@-a+12) + (4S@d@a+12,cx8@0@-a+12) + (4S@p@-a+6,cx4@0@a,4S@p@-a+6,cx4@0@a,4S@p@-a+6,cx4@0@a,4S@p@-a+6,cx4@0@a) + (4S@p@-a+6,cx4@0@a,4S@p@-a+6,cx4@0@a,4S@p@-a+6,cx8@1@a+6) + (4S@p@-a+6,cx8@1@a+6,4S@p@-a+6,cx8@1@a+6) + (4S@p@-a+6,cx8@1@a+6,4S@p@-a+6,cx8@1@a+6)  P=1 α∈[[0.0, 90.0]]  checks 5/5 pass
[14:06:45]   ctrnact-mixed-family-k4-356: (4S@d@a+12,cx4@1@-a+12) + (4S@d@a+12,cx4@1@-a+12) + (4S@d@a+12,cx4@1@-a+12) + (4S@d@a+12,cx4@1@-a+12) + (4S@d@a+12,cx4@1@-a+12) + (4S@d@a+12,cx4@1@-a+12) + (4S@d@a+12,cx4@1@-a+12) + (4S@d@a+12,cx8@0@-a+12) + (4S@d@a+12,cx8@0@-a+12) + (4S@p@-a+6,cx4@0@a,4S@p@-a+6,cx4@0@a,4S@p@-a+6,cx4@0@a,4S@p@-a+6,cx4@0@a) + (4S@p@-a+6,cx4@0@a,4S@p@-a+6,cx4@0@a,4S@p@-a+6,cx8@1@a+6) + (4S@p@-a+6,cx4@0@a,4S@p@-a+6,cx4@0@a,cx8@0@-a+12,cx4@0@a) + (4S@p@-a+6,cx4@0@a,cx4@1@-a+12,cx8@1@a+6)  P=1 α∈[[0.0, 90.0]]  checks 5/5 pass
[14:06:45]   ctrnact-mixed-family-k4-357: (4S@d@a+12,cx4@1@-a+12) + (4S@d@a+12,cx4@1@-a+12) + (4S@d@a+12,cx4@1@-a+12) + (4S@d@a+12,cx4@1@-a+12) + (4S@d@a+12,cx4@1@-a+12) + (4S@d@a+12,cx4@1@-a+12) + (4S@d@a+12,cx4@1@-a+12) + (4S@d@a+12,cx4@1@-a+12) + (4S@d@a+12,cx4@1@-a+12) + (4S@d@a+12,cx4@1@-a+12) + (4S@d@a+12,cx4@1@-a+12) + (4S@d@a+12,cx4@1@-a+12) + (4S@d@a+12,cx4@1@-a+12) + (4S@d@a+12,cx4@1@-a+12) + (4S@d@a+12,cx4@1@-a+12) + (4S@d@a+12,cx4@1@-a+12) + (4S@d@a+12,cx4@1@-a+12) + (4S@d@a+12,cx4@1@-a+12) + (4S@d@a+12,cx4@1@-a+12) + (4S@d@a+12,cx8@0@-a+12) + (4S@d@a+12,cx8@0@-a+12) + (4S@d@a+12,cx8@0@-a+12) + (4S@p@-a+6,cx4@0@a,4S@p@-a+6,cx4@0@a,4S@p@-a+6,cx4@0@a,4S@p@-a+6,cx4@0@a) + (4S@p@-a+6,cx4@0@a,4S@p@-a+6,cx4@0@a,4S@p@-a+6,cx4@0@a,4S@p@-a+6,cx4@0@a) + (4S@p@-a+6,cx4@0@a,4S@p@-a+6,cx4@0@a,4S@p@-a+6,cx8@1@a+6) + (4S@p@-a+6,cx4@0@a,4S@p@-a+6,cx4@0@a,4S@p@-a+6,cx8@1@a+6)  P=1 α∈[[0.0, 90.0]]  checks 5/5 pass
[14:06:45]   ctrnact-mixed-family-k4-358: (4S@d@a+12,cx4@1@-a+12) + (4S@d@a+12,cx4@1@-a+12) + (4S@d@a+12,cx4@1@-a+12) + (4S@d@a+12,cx4@1@-a+12) + (4S@d@a+12,cx4@1@-a+12) + (4S@d@a+12,cx4@1@-a+12) + (4S@d@a+12,cx4@1@-a+12) + (4S@d@a+12,cx4@1@-a+12) + (4S@d@a+12,cx4@1@-a+12) + (4S@d@a+12,cx4@1@-a+12) + (4S@d@a+12,cx8@0@-a+12) + (4S@d@a+12,cx8@0@-a+12) + (4S@d@a+12,cx8@0@-a+12) + (4S@d@a+12,cx8@0@-a+12) + (4S@d@a+12,cx8@0@-a+12) + (4S@d@a+12,cx8@0@-a+12) + (4S@d@a+12,cx8@0@-a+12) + (4S@d@a+12,cx8@0@-a+12) + (4S@p@-a+6,cx4@0@a,4S@p@-a+6,cx4@0@a,4S@p@-a+6,cx4@0@a,4S@p@-a+6,cx4@0@a) + (4S@p@-a+6,cx4@0@a,4S@p@-a+6,cx4@0@a,4S@p@-a+6,cx8@1@a+6) + (4S@p@-a+6,cx8@1@a+6,4S@p@-a+6,cx8@1@a+6) + (4S@p@-a+6,cx8@1@a+6,4S@p@-a+6,cx8@1@a+6)  P=1 α∈[[0.0, 90.0]]  checks 5/5 pass
[14:06:45]   ctrnact-mixed-family-k4-359: (4S@d@a+12,cx4@1@-a+12) + (4S@d@a+12,cx4@1@-a+12) + (4S@d@a+12,cx4@1@-a+12) + (4S@d@a+12,cx4@1@-a+12) + (4S@d@a+12,cx4@1@-a+12) + (4S@d@a+12,cx4@1@-a+12) + (4S@d@a+12,cx4@1@-a+12) + (4S@d@a+12,cx4@1@-a+12) + (4S@d@a+12,cx4@1@-a+12) + (4S@d@a+12,cx4@1@-a+12) + (4S@d@a+12,cx8@0@-a+12) + (4S@d@a+12,cx8@0@-a+12) + (4S@d@a+12,cx8@0@-a+12) + (4S@d@a+12,cx8@0@-a+12) + (4S@d@a+12,cx8@0@-a+12) + (4S@d@a+12,cx8@0@-a+12) + (4S@p@-a+6,cx4@0@a,4S@p@-a+6,cx4@0@a,4S@p@-a+6,cx4@0@a,4S@p@-a+6,cx4@0@a) + (4S@p@-a+6,cx4@0@a,4S@p@-a+6,cx4@0@a,4S@p@-a+6,cx8@1@a+6) + (4S@p@-a+6,cx8@1@a+6,4S@p@-a+6,cx8@1@a+6) + (4S@p@-a+6,cx8@1@a+6,4S@p@-a+6,cx8@1@a+6)  P=1 α∈[[0.0, 90.0]]  checks 5/5 pass
[14:06:45]   ctrnact-mixed-family-k4-360: (4S@d@a+12,cx4@1@-a+12) + (4S@d@a+12,cx4@1@-a+12) + (4S@d@a+12,cx4@1@-a+12) + (4S@d@a+12,cx4@1@-a+12) + (4S@d@a+12,cx4@1@-a+12) + (4S@d@a+12,cx4@1@-a+12) + (4S@d@a+12,cx4@1@-a+12) + (4S@d@a+12,cx4@1@-a+12) + (4S@d@a+12,cx4@1@-a+12) + (4S@d@a+12,cx4@1@-a+12) + (4S@d@a+12,cx4@1@-a+12) + (4S@d@a+12,cx4@1@-a+12) + (4S@d@a+12,cx4@1@-a+12) + (4S@d@a+12,cx4@1@-a+12) + (4S@d@a+12,cx4@1@-a+12) + (4S@d@a+12,cx4@1@-a+12) + (4S@d@a+12,cx8@0@-a+12) + (4S@d@a+12,cx8@0@-a+12) + (4S@d@a+12,cx8@0@-a+12) + (4S@p@-a+6,cx4@0@a,4S@p@-a+6,cx4@0@a,4S@p@-a+6,cx4@0@a,4S@p@-a+6,cx4@0@a) + (4S@p@-a+6,cx4@0@a,4S@p@-a+6,cx4@0@a,4S@p@-a+6,cx4@0@a,4S@p@-a+6,cx4@0@a) + (4S@p@-a+6,cx4@0@a,4S@p@-a+6,cx4@0@a,4S@p@-a+6,cx8@1@a+6) + (4S@p@-a+6,cx4@0@a,4S@p@-a+6,cx4@0@a,4S@p@-a+6,cx8@1@a+6)  P=1 α∈[[0.0, 90.0]]  checks 5/5 pass
[14:06:45]   ctrnact-mixed-family-k4-361: (4S@d@a+12,cx4@1@-a+12) + (4S@d@a+12,cx4@1@-a+12) + (4S@d@a+12,cx4@1@-a+12) + (4S@d@a+12,cx4@1@-a+12) + (4S@d@a+12,cx4@1@-a+12) + (4S@d@a+12,cx4@1@-a+12) + (4S@d@a+12,cx4@1@-a+12) + (4S@d@a+12,cx4@1@-a+12) + (4S@d@a+12,cx4@1@-a+12) + (4S@d@a+12,cx4@1@-a+12) + (4S@d@a+12,cx4@1@-a+12) + (4S@d@a+12,cx4@1@-a+12) + (4S@d@a+12,cx8@0@-a+12) + (4S@d@a+12,cx8@0@-a+12) + (4S@d@a+12,cx8@0@-a+12) + (4S@d@a+12,cx8@0@-a+12) + (4S@d@a+12,cx8@0@-a+12) + (4S@p@-a+6,cx4@0@a,4S@p@-a+6,cx4@0@a,4S@p@-a+6,cx4@0@a,4S@p@-a+6,cx4@0@a) + (4S@p@-a+6,cx4@0@a,4S@p@-a+6,cx4@0@a,4S@p@-a+6,cx8@1@a+6) + (4S@p@-a+6,cx4@0@a,4S@p@-a+6,cx4@0@a,4S@p@-a+6,cx8@1@a+6) + (4S@p@-a+6,cx8@1@a+6,4S@p@-a+6,cx8@1@a+6)  P=1 α∈[[0.0, 90.0]]  checks 5/5 pass
[14:06:45]   ctrnact-mixed-family-k4-362: (4S@d@a+12,cx4@1@-a+12) + (4S@d@a+12,cx4@1@-a+12) + (4S@d@a+12,cx4@1@-a+12) + (4S@d@a+12,cx4@1@-a+12) + (4S@d@a+12,cx4@1@-a+12) + (4S@d@a+12,cx4@1@-a+12) + (4S@d@a+12,cx4@1@-a+12) + (4S@d@a+12,cx4@1@-a+12) + (4S@d@a+12,cx4@1@-a+12) + (4S@d@a+12,cx8@0@-a+12) + (4S@d@a+12,cx8@0@-a+12) + (4S@d@a+12,cx8@0@-a+12) + (4S@d@a+12,cx8@0@-a+12) + (4S@d@a+12,cx8@0@-a+12) + (4S@d@a+12,cx8@0@-a+12) + (4S@d@a+12,cx8@0@-a+12) + (4S@d@a+12,cx8@0@-a+12) + (4S@p@-a+6,cx4@0@a,4S@p@-a+6,cx4@0@a,4S@p@-a+6,cx4@0@a,4S@p@-a+6,cx4@0@a) + (4S@p@-a+6,cx4@0@a,4S@p@-a+6,cx4@0@a,4S@p@-a+6,cx8@1@a+6) + (4S@p@-a+6,cx8@1@a+6,4S@p@-a+6,cx8@1@a+6) + (4S@p@-a+6,cx8@1@a+6,4S@p@-a+6,cx8@1@a+6)  P=1 α∈[[0.0, 90.0]]  checks 5/5 pass
[14:06:45]   ctrnact-mixed-family-k4-363: (4S@d@a+12,cx4@1@-a+12) + (4S@d@a+12,cx4@1@-a+12) + (4S@d@a+12,cx4@1@-a+12) + (4S@d@a+12,cx4@1@-a+12) + (4S@d@a+12,cx4@1@-a+12) + (4S@d@a+12,cx4@1@-a+12) + (4S@d@a+12,cx4@1@-a+12) + (4S@d@a+12,cx4@1@-a+12) + (4S@d@a+12,cx4@1@-a+12) + (4S@d@a+12,cx8@0@-a+12) + (4S@d@a+12,cx8@0@-a+12) + (4S@d@a+12,cx8@0@-a+12) + (4S@d@a+12,cx8@0@-a+12) + (4S@d@a+12,cx8@0@-a+12) + (4S@d@a+12,cx8@0@-a+12) + (4S@p@-a+6,cx4@0@a,4S@p@-a+6,cx4@0@a,4S@p@-a+6,cx4@0@a,4S@p@-a+6,cx4@0@a) + (4S@p@-a+6,cx4@0@a,4S@p@-a+6,cx4@0@a,4S@p@-a+6,cx8@1@a+6) + (4S@p@-a+6,cx8@1@a+6,4S@p@-a+6,cx8@1@a+6) + (4S@p@-a+6,cx8@1@a+6,4S@p@-a+6,cx8@1@a+6)  P=1 α∈[[0.0, 90.0]]  checks 5/5 pass
[14:06:45]   ctrnact-mixed-family-k4-364: (4S@d@a+12,cx4@1@-a+12) + (4S@d@a+12,cx4@1@-a+12) + (4S@d@a+12,cx4@1@-a+12) + (4S@d@a+12,cx4@1@-a+12) + (4S@d@a+12,cx4@1@-a+12) + (4S@d@a+12,cx4@1@-a+12) + (4S@d@a+12,cx4@1@-a+12) + (4S@d@a+12,cx4@1@-a+12) + (4S@d@a+12,cx4@1@-a+12) + (4S@d@a+12,cx4@1@-a+12) + (4S@d@a+12,cx4@1@-a+12) + (4S@d@a+12,cx4@1@-a+12) + (4S@d@a+12,cx8@0@-a+12) + (4S@d@a+12,cx8@0@-a+12) + (4S@d@a+12,cx8@0@-a+12) + (4S@d@a+12,cx8@0@-a+12) + (4S@d@a+12,cx8@0@-a+12) + (4S@p@-a+6,cx4@0@a,4S@p@-a+6,cx4@0@a,4S@p@-a+6,cx4@0@a,4S@p@-a+6,cx4@0@a) + (4S@p@-a+6,cx4@0@a,4S@p@-a+6,cx4@0@a,4S@p@-a+6,cx4@0@a,4S@p@-a+6,cx4@0@a) + (4S@p@-a+6,cx4@0@a,4S@p@-a+6,cx4@0@a,4S@p@-a+6,cx8@1@a+6) + (4S@p@-a+6,cx8@1@a+6,4S@p@-a+6,cx8@1@a+6)  P=1 α∈[[0.0, 90.0]]  checks 5/5 pass
[14:06:45]   ctrnact-mixed-family-k4-365: (4S@d@a+12,cx4@1@-a+12) + (4S@d@a+12,cx4@1@-a+12) + (4S@d@a+12,cx4@1@-a+12) + (4S@d@a+12,cx4@1@-a+12) + (4S@d@a+12,cx4@1@-a+12) + (4S@d@a+12,cx4@1@-a+12) + (4S@d@a+12,cx4@1@-a+12) + (4S@d@a+12,cx4@1@-a+12) + (4S@d@a+12,cx4@1@-a+12) + (4S@d@a+12,cx4@1@-a+12) + (4S@d@a+12,cx4@1@-a+12) + (4S@d@a+12,cx4@1@-a+12) + (4S@d@a+12,cx8@0@-a+12) + (4S@d@a+12,cx8@0@-a+12) + (4S@d@a+12,cx8@0@-a+12) + (4S@p@-a+6,cx4@0@a,4S@p@-a+6,cx4@0@a,4S@p@-a+6,cx4@0@a,4S@p@-a+6,cx4@0@a) + (4S@p@-a+6,cx4@0@a,4S@p@-a+6,cx4@0@a,4S@p@-a+6,cx4@0@a,4S@p@-a+6,cx4@0@a) + (4S@p@-a+6,cx4@0@a,4S@p@-a+6,cx4@0@a,4S@p@-a+6,cx8@1@a+6) + (4S@p@-a+6,cx8@1@a+6,4S@p@-a+6,cx8@1@a+6)  P=1 α∈[[0.0, 90.0]]  checks 5/5 pass
[14:06:45]   ctrnact-mixed-family-k4-366: (4S@d@a+12,cx4@1@-a+12) + (4S@d@a+12,cx4@1@-a+12) + (4S@d@a+12,cx4@1@-a+12) + (4S@d@a+12,cx4@1@-a+12) + (4S@d@a+12,cx4@1@-a+12) + (4S@d@a+12,cx4@1@-a+12) + (4S@d@a+12,cx4@1@-a+12) + (4S@d@a+12,cx4@1@-a+12) + (4S@d@a+12,cx4@1@-a+12) + (4S@d@a+12,cx4@1@-a+12) + (4S@d@a+12,cx4@1@-a+12) + (4S@d@a+12,cx4@1@-a+12) + (4S@d@a+12,cx4@1@-a+12) + (4S@d@a+12,cx4@1@-a+12) + (4S@d@a+12,cx4@1@-a+12) + (4S@d@a+12,cx4@1@-a+12) + (4S@d@a+12,cx8@0@-a+12) + (4S@d@a+12,cx8@0@-a+12) + (4S@d@a+12,cx8@0@-a+12) + (4S@d@a+12,cx8@0@-a+12) + (4S@d@a+12,cx8@0@-a+12) + (4S@p@-a+6,cx4@0@a,4S@p@-a+6,cx4@0@a,4S@p@-a+6,cx4@0@a,4S@p@-a+6,cx4@0@a) + (4S@p@-a+6,cx4@0@a,4S@p@-a+6,cx4@0@a,4S@p@-a+6,cx4@0@a,4S@p@-a+6,cx4@0@a) + (4S@p@-a+6,cx4@0@a,4S@p@-a+6,cx4@0@a,4S@p@-a+6,cx8@1@a+6) + (4S@p@-a+6,cx8@1@a+6,4S@p@-a+6,cx8@1@a+6)  P=1 α∈[[0.0, 90.0]]  checks 5/5 pass
[14:06:45]   ctrnact-mixed-family-k4-367: (4S@d@a+12,cx4@1@-a+12) + (4S@d@a+12,cx4@1@-a+12) + (4S@d@a+12,cx4@1@-a+12) + (4S@d@a+12,cx4@1@-a+12) + (4S@d@a+12,cx4@1@-a+12) + (4S@d@a+12,cx4@1@-a+12) + (4S@d@a+12,cx4@1@-a+12) + (4S@d@a+12,cx4@1@-a+12) + (4S@d@a+12,cx4@1@-a+12) + (4S@d@a+12,cx4@1@-a+12) + (4S@d@a+12,cx4@1@-a+12) + (4S@d@a+12,cx4@1@-a+12) + (4S@d@a+12,cx4@1@-a+12) + (4S@d@a+12,cx4@1@-a+12) + (4S@d@a+12,cx4@1@-a+12) + (4S@d@a+12,cx4@1@-a+12) + (4S@d@a+12,cx8@0@-a+12) + (4S@d@a+12,cx8@0@-a+12) + (4S@d@a+12,cx8@0@-a+12) + (4S@p@-a+6,cx4@0@a,4S@p@-a+6,cx4@0@a,4S@p@-a+6,cx4@0@a,4S@p@-a+6,cx4@0@a) + (4S@p@-a+6,cx4@0@a,4S@p@-a+6,cx4@0@a,4S@p@-a+6,cx4@0@a,4S@p@-a+6,cx4@0@a) + (4S@p@-a+6,cx4@0@a,4S@p@-a+6,cx4@0@a,4S@p@-a+6,cx8@1@a+6) + (4S@p@-a+6,cx8@1@a+6,4S@p@-a+6,cx8@1@a+6)  P=1 α∈[[0.0, 90.0]]  checks 5/5 pass
[14:06:45]   ctrnact-mixed-family-k4-368: (4S@d@a+12,cx4@1@-a+12) + (4S@d@a+12,cx4@1@-a+12) + (4S@d@a+12,cx4@1@-a+12) + (4S@d@a+12,cx4@1@-a+12) + (4S@d@a+12,cx4@1@-a+12) + (4S@d@a+12,cx4@1@-a+12) + (4S@d@a+12,cx4@1@-a+12) + (4S@d@a+12,cx4@1@-a+12) + (4S@d@a+12,cx4@1@-a+12) + (4S@d@a+12,cx4@1@-a+12) + (4S@d@a+12,cx4@1@-a+12) + (4S@d@a+12,cx4@1@-a+12) + (4S@d@a+12,cx4@1@-a+12) + (4S@d@a+12,cx4@1@-a+12) + (4S@d@a+12,cx4@1@-a+12) + (4S@d@a+12,cx8@0@-a+12) + (4S@d@a+12,cx8@0@-a+12) + (4S@d@a+12,cx8@0@-a+12) + (4S@d@a+12,cx8@0@-a+12) + (4S@d@a+12,cx8@0@-a+12) + (4S@p@-a+6,cx4@0@a,4S@p@-a+6,cx4@0@a,4S@p@-a+6,cx4@0@a,4S@p@-a+6,cx4@0@a) + (4S@p@-a+6,cx4@0@a,4S@p@-a+6,cx4@0@a,4S@p@-a+6,cx4@0@a,4S@p@-a+6,cx4@0@a) + (4S@p@-a+6,cx4@0@a,4S@p@-a+6,cx4@0@a,4S@p@-a+6,cx8@1@a+6) + (4S@p@-a+6,cx8@1@a+6,4S@p@-a+6,cx8@1@a+6)  P=1 α∈[[0.0, 90.0]]  checks 5/5 pass
[14:06:45]   ctrnact-mixed-family-k4-369: (4S@d@a+12,cx4@1@-a+12) + (4S@d@a+12,cx4@1@-a+12) + (4S@d@a+12,cx4@1@-a+12) + (4S@d@a+12,cx4@1@-a+12) + (4S@d@a+12,cx4@1@-a+12) + (4S@d@a+12,cx4@1@-a+12) + (4S@d@a+12,cx4@1@-a+12) + (4S@d@a+12,cx4@1@-a+12) + (4S@d@a+12,cx4@1@-a+12) + (4S@d@a+12,cx4@1@-a+12) + (4S@d@a+12,cx4@1@-a+12) + (4S@d@a+12,cx4@1@-a+12) + (4S@d@a+12,cx4@1@-a+12) + (4S@d@a+12,cx4@1@-a+12) + (4S@d@a+12,cx4@1@-a+12) + (4S@d@a+12,cx8@0@-a+12) + (4S@d@a+12,cx8@0@-a+12) + (4S@d@a+12,cx8@0@-a+12) + (4S@p@-a+6,cx4@0@a,4S@p@-a+6,cx4@0@a,4S@p@-a+6,cx4@0@a,4S@p@-a+6,cx4@0@a) + (4S@p@-a+6,cx4@0@a,4S@p@-a+6,cx4@0@a,4S@p@-a+6,cx4@0@a,4S@p@-a+6,cx4@0@a) + (4S@p@-a+6,cx4@0@a,4S@p@-a+6,cx4@0@a,4S@p@-a+6,cx8@1@a+6) + (4S@p@-a+6,cx8@1@a+6,4S@p@-a+6,cx8@1@a+6)  P=1 α∈[[0.0, 90.0]]  checks 5/5 pass
[14:06:45]   ctrnact-mixed-family-k4-370: (4S@d@a+12,cx4@1@-a+12) + (4S@d@a+12,cx4@1@-a+12) + (4S@d@a+12,cx4@1@-a+12) + (4S@d@a+12,cx4@1@-a+12) + (4S@d@a+12,cx4@1@-a+12) + (4S@d@a+12,cx4@1@-a+12) + (4S@d@a+12,cx4@1@-a+12) + (4S@d@a+12,cx4@1@-a+12) + (4S@d@a+12,cx4@1@-a+12) + (4S@d@a+12,cx4@1@-a+12) + (4S@d@a+12,cx4@1@-a+12) + (4S@d@a+12,cx4@1@-a+12) + (4S@d@a+12,cx4@1@-a+12) + (4S@d@a+12,cx4@1@-a+12) + (4S@d@a+12,cx4@1@-a+12) + (4S@d@a+12,cx4@1@-a+12) + (4S@d@a+12,cx4@1@-a+12) + (4S@d@a+12,cx4@1@-a+12) + (4S@d@a+12,cx8@0@-a+12) + (4S@d@a+12,cx8@0@-a+12) + (4S@p@-a+6,cx4@0@a,4S@p@-a+6,cx4@0@a,4S@p@-a+6,cx4@0@a,4S@p@-a+6,cx4@0@a) + (4S@p@-a+6,cx4@0@a,4S@p@-a+6,cx4@0@a,4S@p@-a+6,cx4@0@a,4S@p@-a+6,cx4@0@a) + (4S@p@-a+6,cx4@0@a,4S@p@-a+6,cx4@0@a,4S@p@-a+6,cx4@0@a,4S@p@-a+6,cx4@0@a) + (4S@p@-a+6,cx4@0@a,4S@p@-a+6,cx4@0@a,4S@p@-a+6,cx8@1@a+6)  P=1 α∈[[0.0, 90.0]]  checks 5/5 pass
[14:06:45]   ctrnact-mixed-family-k4-371: (4S@d@a+12,cx4@1@-a+12) + (4S@d@a+12,cx4@1@-a+12) + (4S@d@a+12,cx4@1@-a+12) + (4S@d@a+12,cx4@1@-a+12) + (4S@d@a+12,cx4@1@-a+12) + (4S@d@a+12,cx4@1@-a+12) + (4S@d@a+12,cx4@1@-a+12) + (4S@d@a+12,cx4@1@-a+12) + (4S@d@a+12,cx4@1@-a+12) + (4S@d@a+12,cx4@1@-a+12) + (4S@d@a+12,cx4@1@-a+12) + (4S@d@a+12,cx4@1@-a+12) + (4S@d@a+12,cx4@1@-a+12) + (4S@d@a+12,cx4@1@-a+12) + (4S@d@a+12,cx4@1@-a+12) + (4S@d@a+12,cx4@1@-a+12) + (4S@d@a+12,cx4@1@-a+12) + (4S@d@a+12,cx4@1@-a+12) + (4S@d@a+12,cx4@1@-a+12) + (4S@d@a+12,cx4@1@-a+12) + (4S@d@a+12,cx4@1@-a+12) + (4S@d@a+12,cx4@1@-a+12) + (4S@d@a+12,cx8@0@-a+12) + (4S@d@a+12,cx8@0@-a+12) + (4S@p@-a+6,cx4@0@a,4S@p@-a+6,cx4@0@a,4S@p@-a+6,cx4@0@a,4S@p@-a+6,cx4@0@a) + (4S@p@-a+6,cx4@0@a,4S@p@-a+6,cx4@0@a,4S@p@-a+6,cx4@0@a,4S@p@-a+6,cx4@0@a) + (4S@p@-a+6,cx4@0@a,4S@p@-a+6,cx4@0@a,4S@p@-a+6,cx4@0@a,4S@p@-a+6,cx4@0@a) + (4S@p@-a+6,cx4@0@a,4S@p@-a+6,cx4@0@a,4S@p@-a+6,cx8@1@a+6)  P=1 α∈[[0.0, 90.0]]  checks 5/5 pass
[14:06:45]   ctrnact-mixed-family-k4-372: (4S@d@a+12,cx4@1@-a+12) + (4S@d@a+12,cx4@1@-a+12) + (4S@d@a+12,cx4@1@-a+12) + (4S@d@a+12,cx4@1@-a+12) + (4S@d@a+12,cx4@1@-a+12) + (4S@d@a+12,cx4@1@-a+12) + (4S@d@a+12,cx4@1@-a+12) + (4S@d@a+12,cx4@1@-a+12) + (4S@d@a+12,cx4@1@-a+12) + (4S@d@a+12,cx4@1@-a+12) + (4S@d@a+12,cx4@1@-a+12) + (4S@d@a+12,cx4@1@-a+12) + (4S@d@a+12,cx4@1@-a+12) + (4S@d@a+12,cx4@1@-a+12) + (4S@d@a+12,cx4@1@-a+12) + (4S@d@a+12,cx4@1@-a+12) + (4S@d@a+12,cx4@1@-a+12) + (4S@d@a+12,cx4@1@-a+12) + (4S@d@a+12,cx4@1@-a+12) + (4S@d@a+12,cx4@1@-a+12) + (4S@d@a+12,cx4@1@-a+12) + (4S@d@a+12,cx8@0@-a+12) + (4S@d@a+12,cx8@0@-a+12) + (4S@p@-a+6,cx4@0@a,4S@p@-a+6,cx4@0@a,4S@p@-a+6,cx4@0@a,4S@p@-a+6,cx4@0@a) + (4S@p@-a+6,cx4@0@a,4S@p@-a+6,cx4@0@a,4S@p@-a+6,cx4@0@a,4S@p@-a+6,cx4@0@a) + (4S@p@-a+6,cx4@0@a,4S@p@-a+6,cx4@0@a,4S@p@-a+6,cx4@0@a,4S@p@-a+6,cx4@0@a) + (4S@p@-a+6,cx4@0@a,4S@p@-a+6,cx4@0@a,4S@p@-a+6,cx8@1@a+6)  P=1 α∈[[0.0, 90.0]]  checks 5/5 pass
[14:06:45]   ctrnact-mixed-family-k4-373: (4S@d@a+12,cx4@1@-a+12) + (4S@d@a+12,cx4@1@-a+12) + (4S@d@a+12,cx4@1@-a+12) + (4S@d@a+12,cx4@1@-a+12) + (4S@d@a+12,cx4@1@-a+12) + (4S@d@a+12,cx4@1@-a+12) + (4S@d@a+12,cx4@1@-a+12) + (4S@d@a+12,cx4@1@-a+12) + (4S@d@a+12,cx4@1@-a+12) + (4S@d@a+12,cx4@1@-a+12) + (4S@d@a+12,cx4@1@-a+12) + (4S@d@a+12,cx4@1@-a+12) + (4S@d@a+12,cx4@1@-a+12) + (4S@d@a+12,cx4@1@-a+12) + (4S@d@a+12,cx4@1@-a+12) + (4S@d@a+12,cx4@1@-a+12) + (4S@d@a+12,cx4@1@-a+12) + (4S@d@a+12,cx4@1@-a+12) + (4S@d@a+12,cx8@0@-a+12) + (4S@d@a+12,cx8@0@-a+12) + (4S@p@-a+6,cx4@0@a,4S@p@-a+6,cx4@0@a,4S@p@-a+6,cx4@0@a,4S@p@-a+6,cx4@0@a) + (4S@p@-a+6,cx4@0@a,4S@p@-a+6,cx4@0@a,4S@p@-a+6,cx4@0@a,4S@p@-a+6,cx4@0@a) + (4S@p@-a+6,cx4@0@a,4S@p@-a+6,cx4@0@a,4S@p@-a+6,cx4@0@a,4S@p@-a+6,cx4@0@a) + (4S@p@-a+6,cx4@0@a,4S@p@-a+6,cx4@0@a,4S@p@-a+6,cx8@1@a+6)  P=1 α∈[[0.0, 90.0]]  checks 5/5 pass
[14:06:45]   ctrnact-mixed-family-k4-374: (4S@d@a+12,cx4@1@-a+12) + (4S@d@a+12,cx4@1@-a+12) + (4S@d@a+12,cx4@1@-a+12) + (4S@d@a+12,cx4@1@-a+12) + (4S@d@a+12,cx4@1@-a+12) + (4S@d@a+12,cx4@1@-a+12) + (4S@d@a+12,cx4@1@-a+12) + (4S@d@a+12,cx4@1@-a+12) + (4S@d@a+12,cx4@1@-a+12) + (4S@d@a+12,cx4@1@-a+12) + (4S@d@a+12,cx4@1@-a+12) + (4S@d@a+12,cx4@1@-a+12) + (4S@d@a+12,cx8@0@-a+12) + (4S@d@a+12,cx8@0@-a+12) + (4S@d@a+12,cx8@0@-a+12) + (4S@d@a+12,cx8@0@-a+12) + (4S@d@a+12,cx8@0@-a+12) + (4S@p@-a+6,cx4@0@a,4S@p@-a+6,cx4@0@a,4S@p@-a+6,cx4@0@a,4S@p@-a+6,cx4@0@a) + (4S@p@-a+6,cx4@0@a,4S@p@-a+6,cx4@0@a,4S@p@-a+6,cx4@0@a,4S@p@-a+6,cx4@0@a) + (4S@p@-a+6,cx4@0@a,4S@p@-a+6,cx4@0@a,4S@p@-a+6,cx8@1@a+6) + (4S@p@-a+6,cx8@1@a+6,4S@p@-a+6,cx8@1@a+6)  P=1 α∈[[0.0, 90.0]]  checks 5/5 pass
[14:06:45]   ctrnact-mixed-family-k4-375: (4S@d@a+12,cx4@1@-a+12) + (4S@d@a+12,cx4@1@-a+12) + (4S@d@a+12,cx4@1@-a+12) + (4S@d@a+12,cx4@1@-a+12) + (4S@d@a+12,cx4@1@-a+12) + (4S@d@a+12,cx4@1@-a+12) + (4S@d@a+12,cx4@1@-a+12) + (4S@d@a+12,cx4@1@-a+12) + (4S@d@a+12,cx4@1@-a+12) + (4S@d@a+12,cx4@1@-a+12) + (4S@d@a+12,cx4@1@-a+12) + (4S@d@a+12,cx4@1@-a+12) + (4S@d@a+12,cx8@0@-a+12) + (4S@d@a+12,cx8@0@-a+12) + (4S@d@a+12,cx8@0@-a+12) + (4S@p@-a+6,cx4@0@a,4S@p@-a+6,cx4@0@a,4S@p@-a+6,cx4@0@a,4S@p@-a+6,cx4@0@a) + (4S@p@-a+6,cx4@0@a,4S@p@-a+6,cx4@0@a,4S@p@-a+6,cx4@0@a,4S@p@-a+6,cx4@0@a) + (4S@p@-a+6,cx4@0@a,4S@p@-a+6,cx4@0@a,4S@p@-a+6,cx8@1@a+6) + (4S@p@-a+6,cx8@1@a+6,4S@p@-a+6,cx8@1@a+6)  P=1 α∈[[0.0, 90.0]]  checks 5/5 pass
[14:06:45]   ctrnact-mixed-family-k4-376: (4S@d@a+12,cx4@1@-a+12) + (4S@d@a+12,cx4@1@-a+12) + (4S@d@a+12,cx4@1@-a+12) + (4S@d@a+12,cx4@1@-a+12) + (4S@d@a+12,cx4@1@-a+12) + (4S@d@a+12,cx4@1@-a+12) + (4S@d@a+12,cx4@1@-a+12) + (4S@d@a+12,cx4@1@-a+12) + (4S@d@a+12,cx4@1@-a+12) + (4S@d@a+12,cx4@1@-a+12) + (4S@d@a+12,cx4@1@-a+12) + (4S@d@a+12,cx4@1@-a+12) + (4S@d@a+12,cx8@0@-a+12) + (4S@d@a+12,cx8@0@-a+12) + (4S@d@a+12,cx8@0@-a+12) + (4S@d@a+12,cx8@0@-a+12) + (4S@d@a+12,cx8@0@-a+12) + (4S@d@a+12,cx8@0@-a+12) + (4S@d@a+12,cx8@0@-a+12) + (4S@p@-a+6,cx4@0@a,4S@p@-a+6,cx4@0@a,4S@p@-a+6,cx4@0@a,4S@p@-a+6,cx4@0@a) + (4S@p@-a+6,cx4@0@a,4S@p@-a+6,cx4@0@a,4S@p@-a+6,cx8@1@a+6) + (4S@p@-a+6,cx4@0@a,4S@p@-a+6,cx4@0@a,4S@p@-a+6,cx8@1@a+6) + (4S@p@-a+6,cx8@1@a+6,4S@p@-a+6,cx8@1@a+6)  P=1 α∈[[0.0, 90.0]]  checks 5/5 pass
[14:06:45]   ctrnact-mixed-family-k4-377: (4S@d@a+12,cx4@1@-a+12) + (4S@d@a+12,cx4@1@-a+12) + (4S@d@a+12,cx4@1@-a+12) + (4S@d@a+12,cx4@1@-a+12) + (4S@d@a+12,cx4@1@-a+12) + (4S@d@a+12,cx4@1@-a+12) + (4S@d@a+12,cx4@1@-a+12) + (4S@d@a+12,cx4@1@-a+12) + (4S@d@a+12,cx4@1@-a+12) + (4S@d@a+12,cx4@1@-a+12) + (4S@d@a+12,cx4@1@-a+12) + (4S@d@a+12,cx4@1@-a+12) + (4S@d@a+12,cx8@0@-a+12) + (4S@d@a+12,cx8@0@-a+12) + (4S@d@a+12,cx8@0@-a+12) + (4S@d@a+12,cx8@0@-a+12) + (4S@d@a+12,cx8@0@-a+12) + (4S@p@-a+6,cx4@0@a,4S@p@-a+6,cx4@0@a,4S@p@-a+6,cx4@0@a,4S@p@-a+6,cx4@0@a) + (4S@p@-a+6,cx4@0@a,4S@p@-a+6,cx4@0@a,4S@p@-a+6,cx8@1@a+6) + (4S@p@-a+6,cx4@0@a,4S@p@-a+6,cx4@0@a,4S@p@-a+6,cx8@1@a+6) + (4S@p@-a+6,cx8@1@a+6,4S@p@-a+6,cx8@1@a+6)  P=1 α∈[[0.0, 90.0]]  checks 5/5 pass
[14:06:45]   ctrnact-mixed-family-k4-378: (4S@d@a+12,cx4@1@-a+12) + (4S@d@a+12,cx4@1@-a+12) + (4S@d@a+12,cx4@1@-a+12) + (4S@d@a+12,cx4@1@-a+12) + (4S@d@a+12,cx4@1@-a+12) + (4S@d@a+12,cx4@1@-a+12) + (4S@d@a+12,cx4@1@-a+12) + (4S@d@a+12,cx4@1@-a+12) + (4S@d@a+12,cx4@1@-a+12) + (4S@d@a+12,cx4@1@-a+12) + (4S@d@a+12,cx4@1@-a+12) + (4S@d@a+12,cx4@1@-a+12) + (4S@d@a+12,cx8@0@-a+12) + (4S@d@a+12,cx8@0@-a+12) + (4S@d@a+12,cx8@0@-a+12) + (4S@d@a+12,cx8@0@-a+12) + (4S@d@a+12,cx8@0@-a+12) + (4S@d@a+12,cx8@0@-a+12) + (4S@d@a+12,cx8@0@-a+12) + (4S@p@-a+6,cx4@0@a,4S@p@-a+6,cx4@0@a,4S@p@-a+6,cx4@0@a,4S@p@-a+6,cx4@0@a) + (4S@p@-a+6,cx4@0@a,4S@p@-a+6,cx4@0@a,4S@p@-a+6,cx8@1@a+6) + (4S@p@-a+6,cx4@0@a,4S@p@-a+6,cx4@0@a,4S@p@-a+6,cx8@1@a+6) + (4S@p@-a+6,cx8@1@a+6,4S@p@-a+6,cx8@1@a+6)  P=1 α∈[[0.0, 90.0]]  checks 5/5 pass
[14:06:45]   ctrnact-mixed-family-k4-379: (4S@d@a+12,cx4@1@-a+12) + (4S@d@a+12,cx4@1@-a+12) + (4S@d@a+12,cx4@1@-a+12) + (4S@d@a+12,cx4@1@-a+12) + (4S@d@a+12,cx4@1@-a+12) + (4S@d@a+12,cx4@1@-a+12) + (4S@d@a+12,cx4@1@-a+12) + (4S@d@a+12,cx4@1@-a+12) + (4S@d@a+12,cx4@1@-a+12) + (4S@d@a+12,cx4@1@-a+12) + (4S@d@a+12,cx4@1@-a+12) + (4S@d@a+12,cx4@1@-a+12) + (4S@d@a+12,cx8@0@-a+12) + (4S@d@a+12,cx8@0@-a+12) + (4S@d@a+12,cx8@0@-a+12) + (4S@d@a+12,cx8@0@-a+12) + (4S@d@a+12,cx8@0@-a+12) + (4S@p@-a+6,cx4@0@a,4S@p@-a+6,cx4@0@a,4S@p@-a+6,cx4@0@a,4S@p@-a+6,cx4@0@a) + (4S@p@-a+6,cx4@0@a,4S@p@-a+6,cx4@0@a,4S@p@-a+6,cx8@1@a+6) + (4S@p@-a+6,cx4@0@a,4S@p@-a+6,cx4@0@a,4S@p@-a+6,cx8@1@a+6) + (4S@p@-a+6,cx8@1@a+6,4S@p@-a+6,cx8@1@a+6)  P=1 α∈[[0.0, 90.0]]  checks 5/5 pass
[14:06:45]   ctrnact-mixed-family-k4-380: (4S@d@a+12,cx4@1@-a+12) + (4S@d@a+12,cx4@1@-a+12) + (4S@d@a+12,cx4@1@-a+12) + (4S@d@a+12,cx4@1@-a+12) + (4S@d@a+12,cx4@1@-a+12) + (4S@d@a+12,cx4@1@-a+12) + (4S@d@a+12,cx4@1@-a+12) + (4S@d@a+12,cx4@1@-a+12) + (4S@d@a+12,cx4@1@-a+12) + (4S@d@a+12,cx4@1@-a+12) + (4S@d@a+12,cx8@0@-a+12) + (4S@d@a+12,cx8@0@-a+12) + (4S@d@a+12,cx8@0@-a+12) + (4S@d@a+12,cx8@0@-a+12) + (4S@d@a+12,cx8@0@-a+12) + (4S@d@a+12,cx8@0@-a+12) + (4S@p@-a+6,cx4@0@a,4S@p@-a+6,cx4@0@a,4S@p@-a+6,cx4@0@a,4S@p@-a+6,cx4@0@a) + (4S@p@-a+6,cx4@0@a,4S@p@-a+6,cx4@0@a,4S@p@-a+6,cx8@1@a+6) + (4S@p@-a+6,cx4@0@a,4S@p@-a+6,cx4@0@a,4S@p@-a+6,cx8@1@a+6) + (4S@p@-a+6,cx8@1@a+6,4S@p@-a+6,cx8@1@a+6)  P=1 α∈[[0.0, 90.0]]  checks 5/5 pass
[14:06:45]   ctrnact-mixed-family-k4-381: (4S@d@a+12,cx4@1@-a+12) + (4S@d@a+12,cx4@1@-a+12) + (4S@d@a+12,cx4@1@-a+12) + (4S@d@a+12,cx4@1@-a+12) + (4S@d@a+12,cx4@1@-a+12) + (4S@d@a+12,cx4@1@-a+12) + (4S@d@a+12,cx4@1@-a+12) + (4S@d@a+12,cx4@1@-a+12) + (4S@d@a+12,cx4@1@-a+12) + (4S@d@a+12,cx4@1@-a+12) + (4S@d@a+12,cx8@0@-a+12) + (4S@d@a+12,cx8@0@-a+12) + (4S@d@a+12,cx8@0@-a+12) + (4S@d@a+12,cx8@0@-a+12) + (4S@d@a+12,cx8@0@-a+12) + (4S@p@-a+6,cx4@0@a,4S@p@-a+6,cx4@0@a,4S@p@-a+6,cx4@0@a,4S@p@-a+6,cx4@0@a) + (4S@p@-a+6,cx4@0@a,4S@p@-a+6,cx4@0@a,4S@p@-a+6,cx8@1@a+6) + (4S@p@-a+6,cx4@0@a,4S@p@-a+6,cx4@0@a,4S@p@-a+6,cx8@1@a+6) + (4S@p@-a+6,cx8@1@a+6,4S@p@-a+6,cx8@1@a+6)  P=1 α∈[[0.0, 90.0]]  checks 5/5 pass
[14:06:45]   ctrnact-mixed-family-k4-382: (4S@d@a+12,cx4@1@-a+12) + (4S@d@a+12,cx4@1@-a+12) + (4S@d@a+12,cx4@1@-a+12) + (4S@d@a+12,cx4@1@-a+12) + (4S@d@a+12,cx4@1@-a+12) + (4S@d@a+12,cx4@1@-a+12) + (4S@d@a+12,cx4@1@-a+12) + (4S@d@a+12,cx4@1@-a+12) + (4S@d@a+12,cx4@1@-a+12) + (4S@d@a+12,cx4@1@-a+12) + (4S@d@a+12,cx4@1@-a+12) + (4S@d@a+12,cx4@1@-a+12) + (4S@d@a+12,cx4@1@-a+12) + (4S@d@a+12,cx4@1@-a+12) + (4S@d@a+12,cx8@0@-a+12) + (4S@d@a+12,cx8@0@-a+12) + (4S@d@a+12,cx8@0@-a+12) + (4S@p@-a+6,cx4@0@a,4S@p@-a+6,cx4@0@a,4S@p@-a+6,cx4@0@a,4S@p@-a+6,cx4@0@a) + (4S@p@-a+6,cx4@0@a,4S@p@-a+6,cx4@0@a,4S@p@-a+6,cx4@0@a,4S@p@-a+6,cx4@0@a) + (4S@p@-a+6,cx4@0@a,4S@p@-a+6,cx4@0@a,4S@p@-a+6,cx8@1@a+6) + (4S@p@-a+6,cx4@0@a,4S@p@-a+6,cx4@0@a,4S@p@-a+6,cx8@1@a+6)  P=1 α∈[[0.0, 90.0]]  checks 5/5 pass
[14:06:45]   ctrnact-mixed-family-k4-383: (4S@d@a+12,cx4@1@-a+12) + (4S@d@a+12,cx4@1@-a+12) + (4S@d@a+12,cx4@1@-a+12) + (4S@d@a+12,cx4@1@-a+12) + (4S@d@a+12,cx4@1@-a+12) + (4S@d@a+12,cx4@1@-a+12) + (4S@d@a+12,cx4@1@-a+12) + (4S@d@a+12,cx4@1@-a+12) + (4S@d@a+12,cx4@1@-a+12) + (4S@d@a+12,cx4@1@-a+12) + (4S@d@a+12,cx4@1@-a+12) + (4S@d@a+12,cx4@1@-a+12) + (4S@d@a+12,cx8@0@-a+12) + (4S@d@a+12,cx8@0@-a+12) + (4S@d@a+12,cx8@0@-a+12) + (4S@d@a+12,cx8@0@-a+12) + (4S@p@-a+6,cx4@0@a,4S@p@-a+6,cx4@0@a,4S@p@-a+6,cx4@0@a,4S@p@-a+6,cx4@0@a) + (4S@p@-a+6,cx4@0@a,4S@p@-a+6,cx4@0@a,4S@p@-a+6,cx8@1@a+6) + (4S@p@-a+6,cx4@0@a,4S@p@-a+6,cx4@0@a,4S@p@-a+6,cx8@1@a+6) + (4S@p@-a+6,cx4@0@a,4S@p@-a+6,cx4@0@a,4S@p@-a+6,cx8@1@a+6)  P=1 α∈[[0.0, 90.0]]  checks 5/5 pass
[14:06:45]   ctrnact-mixed-family-k4-384: (4S@d@a+12,cx4@1@-a+12) + (4S@d@a+12,cx4@1@-a+12) + (4S@d@a+12,cx4@1@-a+12) + (4S@d@a+12,cx4@1@-a+12) + (4S@d@a+12,cx4@1@-a+12) + (4S@d@a+12,cx4@1@-a+12) + (4S@d@a+12,cx4@1@-a+12) + (4S@d@a+12,cx4@1@-a+12) + (4S@d@a+12,cx4@1@-a+12) + (4S@d@a+12,cx4@1@-a+12) + (4S@d@a+12,cx4@1@-a+12) + (4S@d@a+12,cx4@1@-a+12) + (4S@d@a+12,cx8@0@-a+12) + (4S@d@a+12,cx8@0@-a+12) + (4S@d@a+12,cx8@0@-a+12) + (4S@p@-a+6,cx4@0@a,4S@p@-a+6,cx4@0@a,4S@p@-a+6,cx4@0@a,4S@p@-a+6,cx4@0@a) + (4S@p@-a+6,cx4@0@a,4S@p@-a+6,cx4@0@a,4S@p@-a+6,cx4@0@a,4S@p@-a+6,cx4@0@a) + (4S@p@-a+6,cx4@0@a,4S@p@-a+6,cx4@0@a,4S@p@-a+6,cx8@1@a+6) + (4S@p@-a+6,cx4@0@a,4S@p@-a+6,cx4@0@a,4S@p@-a+6,cx8@1@a+6)  P=1 α∈[[0.0, 90.0]]  checks 5/5 pass
[14:06:45]   ctrnact-mixed-family-k4-385: (4S@d@a+12,cx4@1@-a+12) + (4S@d@a+12,cx4@1@-a+12) + (4S@d@a+12,cx4@1@-a+12) + (4S@d@a+12,cx4@1@-a+12) + (4S@d@a+12,cx4@1@-a+12) + (4S@d@a+12,cx4@1@-a+12) + (4S@d@a+12,cx4@1@-a+12) + (4S@d@a+12,cx4@1@-a+12) + (4S@d@a+12,cx4@1@-a+12) + (4S@d@a+12,cx4@1@-a+12) + (4S@d@a+12,cx4@1@-a+12) + (4S@d@a+12,cx4@1@-a+12) + (4S@d@a+12,cx4@1@-a+12) + (4S@d@a+12,cx4@1@-a+12) + (4S@d@a+12,cx4@1@-a+12) + (4S@d@a+12,cx4@1@-a+12) + (4S@d@a+12,cx8@0@-a+12) + (4S@d@a+12,cx8@0@-a+12) + (4S@d@a+12,cx8@0@-a+12) + (4S@p@-a+6,cx4@0@a,4S@p@-a+6,cx4@0@a,4S@p@-a+6,cx4@0@a,4S@p@-a+6,cx4@0@a) + (4S@p@-a+6,cx4@0@a,4S@p@-a+6,cx4@0@a,4S@p@-a+6,cx4@0@a,4S@p@-a+6,cx4@0@a) + (4S@p@-a+6,cx4@0@a,4S@p@-a+6,cx4@0@a,4S@p@-a+6,cx8@1@a+6) + (4S@p@-a+6,cx4@0@a,4S@p@-a+6,cx4@0@a,4S@p@-a+6,cx8@1@a+6)  P=1 α∈[[0.0, 90.0]]  checks 5/5 pass
[14:06:45]   ctrnact-mixed-family-k4-386: (4S@d@a+12,cx4@1@-a+12) + (4S@d@a+12,cx4@1@-a+12) + (4S@d@a+12,cx4@1@-a+12) + (4S@d@a+12,cx4@1@-a+12) + (4S@d@a+12,cx4@1@-a+12) + (4S@d@a+12,cx4@1@-a+12) + (4S@d@a+12,cx4@1@-a+12) + (4S@d@a+12,cx4@1@-a+12) + (4S@d@a+12,cx4@1@-a+12) + (4S@d@a+12,cx4@1@-a+12) + (4S@d@a+12,cx4@1@-a+12) + (4S@d@a+12,cx4@1@-a+12) + (4S@d@a+12,cx4@1@-a+12) + (4S@d@a+12,cx4@1@-a+12) + (4S@d@a+12,cx4@1@-a+12) + (4S@d@a+12,cx8@0@-a+12) + (4S@d@a+12,cx8@0@-a+12) + (4S@d@a+12,cx8@0@-a+12) + (4S@p@-a+6,cx4@0@a,4S@p@-a+6,cx4@0@a,4S@p@-a+6,cx4@0@a,4S@p@-a+6,cx4@0@a) + (4S@p@-a+6,cx4@0@a,4S@p@-a+6,cx4@0@a,4S@p@-a+6,cx4@0@a,4S@p@-a+6,cx4@0@a) + (4S@p@-a+6,cx4@0@a,4S@p@-a+6,cx4@0@a,4S@p@-a+6,cx8@1@a+6) + (4S@p@-a+6,cx4@0@a,4S@p@-a+6,cx4@0@a,4S@p@-a+6,cx8@1@a+6)  P=1 α∈[[0.0, 90.0]]  checks 5/5 pass
[14:06:45]   ctrnact-mixed-family-k4-387: (4S@d@a+12,cx4@1@-a+12) + (4S@d@a+12,cx4@1@-a+12) + (4S@d@a+12,cx4@1@-a+12) + (4S@d@a+12,cx4@1@-a+12) + (4S@d@a+12,cx4@1@-a+12) + (4S@d@a+12,cx4@1@-a+12) + (4S@d@a+12,cx8@0@-a+12) + (4S@d@a+12,cx8@0@-a+12) + (4S@d@a+12,cx8@0@-a+12) + (4S@d@a+12,cx8@0@-a+12) + (4S@d@a+12,cx8@0@-a+12) + (4S@d@a+12,cx8@0@-a+12) + (4S@d@a+12,cx8@0@-a+12) + (4S@d@a+12,cx8@0@-a+12) + (4S@p@-a+6,cx4@0@a,4S@p@-a+6,cx4@0@a,4S@p@-a+6,cx4@0@a,4S@p@-a+6,cx4@0@a) + (4S@p@-a+6,cx4@0@a,4S@p@-a+6,cx4@0@a,4S@p@-a+6,cx8@1@a+6) + (4S@p@-a+6,cx8@1@a+6,4S@p@-a+6,cx8@1@a+6) + (4S@p@-a+6,cx8@1@a+6,4S@p@-a+6,cx8@1@a+6)  P=1 α∈[[0.0, 90.0]]  checks 5/5 pass
[14:06:45]   ctrnact-mixed-family-k4-388: (4S@d@a+12,cx4@1@-a+12) + (4S@d@a+12,cx4@1@-a+12) + (4S@d@a+12,cx4@1@-a+12) + (4S@d@a+12,cx4@1@-a+12) + (4S@d@a+12,cx4@1@-a+12) + (4S@d@a+12,cx4@1@-a+12) + (4S@d@a+12,cx8@0@-a+12) + (4S@d@a+12,cx8@0@-a+12) + (4S@d@a+12,cx8@0@-a+12) + (4S@d@a+12,cx8@0@-a+12) + (4S@d@a+12,cx8@0@-a+12) + (4S@d@a+12,cx8@0@-a+12) + (4S@p@-a+6,cx4@0@a,4S@p@-a+6,cx4@0@a,4S@p@-a+6,cx4@0@a,4S@p@-a+6,cx4@0@a) + (4S@p@-a+6,cx4@0@a,4S@p@-a+6,cx4@0@a,4S@p@-a+6,cx8@1@a+6) + (4S@p@-a+6,cx8@1@a+6,4S@p@-a+6,cx8@1@a+6) + (4S@p@-a+6,cx8@1@a+6,4S@p@-a+6,cx8@1@a+6)  P=1 α∈[[0.0, 90.0]]  checks 5/5 pass
[14:06:45]   ctrnact-mixed-family-k4-389: (4S@d@a+12,cx4@1@-a+12) + (4S@d@a+12,cx4@1@-a+12) + (4S@d@a+12,cx4@1@-a+12) + (4S@d@a+12,cx4@1@-a+12) + (4S@d@a+12,cx8@0@-a+12) + (4S@d@a+12,cx8@0@-a+12) + (4S@d@a+12,cx8@0@-a+12) + (4S@d@a+12,cx8@0@-a+12) + (4S@p@-a+6,cx4@0@a,4S@p@-a+6,cx4@0@a,4S@p@-a+6,cx8@1@a+6) + (4S@p@-a+6,cx4@0@a,4S@p@-a+6,cx4@0@a,4S@p@-a+6,cx8@1@a+6) + (4S@p@-a+6,cx8@1@a+6,4S@p@-a+6,cx8@1@a+6) + (4S@p@-a+6,cx8@1@a+6,4S@p@-a+6,cx8@1@a+6)  P=1 α∈[[0.0, 90.0]]  checks 5/5 pass
[14:06:45]   ctrnact-mixed-family-k4-390: (4S@d@a+12,cx4@1@-a+12) + (4S@d@a+12,cx4@1@-a+12) + (4S@d@a+12,cx4@1@-a+12) + (4S@d@a+12,cx4@1@-a+12) + (4S@d@a+12,cx4@1@-a+12) + (4S@d@a+12,cx4@1@-a+12) + (4S@d@a+12,cx4@1@-a+12) + (4S@d@a+12,cx4@1@-a+12) + (4S@d@a+12,cx4@1@-a+12) + (4S@d@a+12,cx4@1@-a+12) + (4S@d@a+12,cx4@1@-a+12) + (4S@d@a+12,cx4@1@-a+12) + (4S@d@a+12,cx8@0@-a+12) + (4S@d@a+12,cx8@0@-a+12) + (4S@d@a+12,cx8@0@-a+12) + (4S@d@a+12,cx8@0@-a+12) + (4S@d@a+12,cx8@0@-a+12) + (4S@p@-a+6,cx4@0@a,4S@p@-a+6,cx4@0@a,4S@p@-a+6,cx4@0@a,4S@p@-a+6,cx4@0@a) + (4S@p@-a+6,cx4@0@a,4S@p@-a+6,cx4@0@a,4S@p@-a+6,cx8@1@a+6) + (4S@p@-a+6,cx4@0@a,4S@p@-a+6,cx4@0@a,4S@p@-a+6,cx8@1@a+6) + (4S@p@-a+6,cx4@0@a,4S@p@-a+6,cx4@0@a,4S@p@-a+6,cx8@1@a+6)  P=1 α∈[[0.0, 90.0]]  checks 5/5 pass
[14:06:45]   ctrnact-mixed-family-k4-391: (4S@d@a+12,cx4@1@-a+12) + (4S@d@a+12,cx4@1@-a+12) + (4S@d@a+12,cx4@1@-a+12) + (4S@d@a+12,cx4@1@-a+12) + (4S@d@a+12,cx4@1@-a+12) + (4S@d@a+12,cx4@1@-a+12) + (4S@d@a+12,cx4@1@-a+12) + (4S@d@a+12,cx4@1@-a+12) + (4S@d@a+12,cx4@1@-a+12) + (4S@d@a+12,cx4@1@-a+12) + (4S@d@a+12,cx4@1@-a+12) + (4S@d@a+12,cx4@1@-a+12) + (4S@d@a+12,cx4@1@-a+12) + (4S@d@a+12,cx4@1@-a+12) + (4S@d@a+12,cx4@1@-a+12) + (4S@d@a+12,cx4@1@-a+12) + (4S@d@a+12,cx8@0@-a+12) + (4S@d@a+12,cx8@0@-a+12) + (4S@d@a+12,cx8@0@-a+12) + (4S@d@a+12,cx8@0@-a+12) + (4S@d@a+12,cx8@0@-a+12) + (4S@p@-a+6,cx4@0@a,4S@p@-a+6,cx4@0@a,4S@p@-a+6,cx4@0@a,4S@p@-a+6,cx4@0@a) + (4S@p@-a+6,cx4@0@a,4S@p@-a+6,cx4@0@a,4S@p@-a+6,cx8@1@a+6) + (4S@p@-a+6,cx4@0@a,4S@p@-a+6,cx4@0@a,4S@p@-a+6,cx8@1@a+6) + (4S@p@-a+6,cx4@0@a,4S@p@-a+6,cx4@0@a,4S@p@-a+6,cx8@1@a+6)  P=1 α∈[[0.0, 90.0]]  checks 5/5 pass
[14:06:45]   ctrnact-mixed-family-k4-392: (4S@d@a+12,cx4@1@-a+12) + (4S@d@a+12,cx4@1@-a+12) + (4S@d@a+12,cx4@1@-a+12) + (4S@d@a+12,cx4@1@-a+12) + (4S@d@a+12,cx4@1@-a+12) + (4S@d@a+12,cx4@1@-a+12) + (4S@d@a+12,cx4@1@-a+12) + (4S@d@a+12,cx4@1@-a+12) + (4S@d@a+12,cx4@1@-a+12) + (4S@d@a+12,cx4@1@-a+12) + (4S@d@a+12,cx4@1@-a+12) + (4S@d@a+12,cx4@1@-a+12) + (4S@d@a+12,cx4@1@-a+12) + (4S@d@a+12,cx4@1@-a+12) + (4S@d@a+12,cx4@1@-a+12) + (4S@d@a+12,cx8@0@-a+12) + (4S@d@a+12,cx8@0@-a+12) + (4S@d@a+12,cx8@0@-a+12) + (4S@d@a+12,cx8@0@-a+12) + (4S@d@a+12,cx8@0@-a+12) + (4S@p@-a+6,cx4@0@a,4S@p@-a+6,cx4@0@a,4S@p@-a+6,cx4@0@a,4S@p@-a+6,cx4@0@a) + (4S@p@-a+6,cx4@0@a,4S@p@-a+6,cx4@0@a,4S@p@-a+6,cx8@1@a+6) + (4S@p@-a+6,cx4@0@a,4S@p@-a+6,cx4@0@a,4S@p@-a+6,cx8@1@a+6) + (4S@p@-a+6,cx4@0@a,4S@p@-a+6,cx4@0@a,4S@p@-a+6,cx8@1@a+6)  P=1 α∈[[0.0, 90.0]]  checks 5/5 pass
[14:06:45]   ctrnact-mixed-family-k4-393: (4S@d@a+12,cx4@1@-a+12) + (4S@d@a+12,cx4@1@-a+12) + (4S@d@a+12,cx4@1@-a+12) + (4S@d@a+12,cx4@1@-a+12) + (4S@d@a+12,cx4@1@-a+12) + (4S@d@a+12,cx4@1@-a+12) + (4S@d@a+12,cx4@1@-a+12) + (4S@d@a+12,cx4@1@-a+12) + (4S@d@a+12,cx4@1@-a+12) + (4S@d@a+12,cx4@1@-a+12) + (4S@d@a+12,cx4@1@-a+12) + (4S@d@a+12,cx4@1@-a+12) + (4S@d@a+12,cx8@0@-a+12) + (4S@d@a+12,cx8@0@-a+12) + (4S@d@a+12,cx8@0@-a+12) + (4S@d@a+12,cx8@0@-a+12) + (4S@d@a+12,cx8@0@-a+12) + (4S@p@-a+6,cx4@0@a,4S@p@-a+6,cx4@0@a,4S@p@-a+6,cx4@0@a,4S@p@-a+6,cx4@0@a) + (4S@p@-a+6,cx4@0@a,4S@p@-a+6,cx4@0@a,4S@p@-a+6,cx8@1@a+6) + (4S@p@-a+6,cx4@0@a,4S@p@-a+6,cx4@0@a,4S@p@-a+6,cx8@1@a+6) + (4S@p@-a+6,cx4@0@a,4S@p@-a+6,cx4@0@a,4S@p@-a+6,cx8@1@a+6)  P=1 α∈[[0.0, 90.0]]  checks 5/5 pass
[14:06:45]   ctrnact-mixed-family-k4-394: (4S@d@a+12,cx4@1@-a+12) + (4S@d@a+12,cx4@1@-a+12) + (4S@d@a+12,cx4@1@-a+12) + (4S@d@a+12,cx4@1@-a+12) + (4S@d@a+12,cx4@1@-a+12) + (4S@d@a+12,cx4@1@-a+12) + (4S@d@a+12,cx8@0@-a+12) + (4S@d@a+12,cx8@0@-a+12) + (4S@d@a+12,cx8@0@-a+12) + (4S@d@a+12,cx8@0@-a+12) + (4S@d@a+12,cx8@0@-a+12) + (4S@d@a+12,cx8@0@-a+12) + (4S@d@a+12,cx8@0@-a+12) + (4S@d@a+12,cx8@0@-a+12) + (4S@d@a+12,cx8@0@-a+12) + (4S@d@a+12,cx8@0@-a+12) + (4S@p@-a+6,cx4@0@a,4S@p@-a+6,cx4@0@a,4S@p@-a+6,cx8@1@a+6) + (4S@p@-a+6,cx4@0@a,4S@p@-a+6,cx4@0@a,4S@p@-a+6,cx8@1@a+6) + (4S@p@-a+6,cx8@1@a+6,4S@p@-a+6,cx8@1@a+6) + (4S@p@-a+6,cx8@1@a+6,4S@p@-a+6,cx8@1@a+6)  P=1 α∈[[0.0, 90.0]]  checks 5/5 pass
[14:06:45]   ctrnact-mixed-family-k4-395: (4S@d@a+12,cx4@1@-a+12) + (4S@d@a+12,cx4@1@-a+12) + (4S@d@a+12,cx4@1@-a+12) + (4S@d@a+12,cx4@1@-a+12) + (4S@d@a+12,cx4@1@-a+12) + (4S@d@a+12,cx4@1@-a+12) + (4S@d@a+12,cx8@0@-a+12) + (4S@d@a+12,cx8@0@-a+12) + (4S@d@a+12,cx8@0@-a+12) + (4S@d@a+12,cx8@0@-a+12) + (4S@d@a+12,cx8@0@-a+12) + (4S@d@a+12,cx8@0@-a+12) + (4S@d@a+12,cx8@0@-a+12) + (4S@d@a+12,cx8@0@-a+12) + (4S@p@-a+6,cx4@0@a,4S@p@-a+6,cx4@0@a,4S@p@-a+6,cx8@1@a+6) + (4S@p@-a+6,cx4@0@a,4S@p@-a+6,cx4@0@a,4S@p@-a+6,cx8@1@a+6) + (4S@p@-a+6,cx8@1@a+6,4S@p@-a+6,cx8@1@a+6) + (4S@p@-a+6,cx8@1@a+6,4S@p@-a+6,cx8@1@a+6)  P=1 α∈[[0.0, 90.0]]  checks 5/5 pass
[14:06:45]   ctrnact-mixed-family-k4-396: (4S@d@a+12,cx4@1@-a+12) + (4S@d@a+12,cx4@1@-a+12) + (4S@d@a+12,cx4@1@-a+12) + (4S@d@a+12,cx4@1@-a+12) + (4S@d@a+12,cx4@1@-a+12) + (4S@d@a+12,cx4@1@-a+12) + (4S@d@a+12,cx8@0@-a+12) + (4S@d@a+12,cx8@0@-a+12) + (4S@d@a+12,cx8@0@-a+12) + (4S@d@a+12,cx8@0@-a+12) + (4S@d@a+12,cx8@0@-a+12) + (4S@d@a+12,cx8@0@-a+12) + (4S@d@a+12,cx8@0@-a+12) + (4S@d@a+12,cx8@0@-a+12) + (4S@p@-a+6,cx4@0@a,4S@p@-a+6,cx4@0@a,4S@p@-a+6,cx8@1@a+6) + (4S@p@-a+6,cx4@0@a,4S@p@-a+6,cx4@0@a,4S@p@-a+6,cx8@1@a+6) + (4S@p@-a+6,cx8@1@a+6,4S@p@-a+6,cx8@1@a+6) + (4S@p@-a+6,cx8@1@a+6,4S@p@-a+6,cx8@1@a+6)  P=1 α∈[[0.0, 90.0]]  checks 5/5 pass
[14:06:45]   ctrnact-mixed-family-k4-397: (4S@d@a+12,cx4@1@-a+12) + (4S@d@a+12,cx4@1@-a+12) + (4S@d@a+12,cx4@1@-a+12) + (4S@d@a+12,cx4@1@-a+12) + (4S@d@a+12,cx4@1@-a+12) + (4S@d@a+12,cx4@1@-a+12) + (4S@d@a+12,cx8@0@-a+12) + (4S@d@a+12,cx8@0@-a+12) + (4S@d@a+12,cx8@0@-a+12) + (4S@d@a+12,cx8@0@-a+12) + (4S@d@a+12,cx8@0@-a+12) + (4S@d@a+12,cx8@0@-a+12) + (4S@d@a+12,cx8@0@-a+12) + (4S@p@-a+6,cx4@0@a,4S@p@-a+6,cx4@0@a,4S@p@-a+6,cx8@1@a+6) + (4S@p@-a+6,cx4@0@a,4S@p@-a+6,cx4@0@a,4S@p@-a+6,cx8@1@a+6) + (4S@p@-a+6,cx8@1@a+6,4S@p@-a+6,cx8@1@a+6) + (4S@p@-a+6,cx8@1@a+6,4S@p@-a+6,cx8@1@a+6)  P=1 α∈[[0.0, 90.0]]  checks 5/5 pass
[14:06:45]   ctrnact-mixed-family-k4-398: (4S@d@a+12,cx4@1@-a+12) + (4S@d@a+12,cx4@1@-a+12) + (4S@d@a+12,cx4@1@-a+12) + (4S@d@a+12,cx4@1@-a+12) + (4S@d@a+12,cx4@1@-a+12) + (4S@d@a+12,cx4@1@-a+12) + (4S@d@a+12,cx4@1@-a+12) + (4S@d@a+12,cx8@0@-a+12) + (4S@d@a+12,cx8@0@-a+12) + (4S@d@a+12,cx8@0@-a+12) + (4S@p@-a+6,cx4@0@a,4S@p@-a+6,cx4@0@a,4S@p@-a+6,cx8@1@a+6) + (4S@p@-a+6,cx4@0@a,4S@p@-a+6,cx4@0@a,4S@p@-a+6,cx8@1@a+6) + (4S@p@-a+6,cx4@0@a,cx4@1@-a+12,cx8@1@a+6) + (4S@p@-a+6,cx4@0@a,cx8@0@-a+12,cx8@1@a+6)  P=1 α∈[[0.0, 90.0]]  checks 5/5 pass
[14:06:45]   ctrnact-mixed-family-k4-399: (4S@d@a+12,cx4@1@-a+12) + (4S@d@a+12,cx4@1@-a+12) + (4S@d@a+12,cx4@1@-a+12) + (4S@d@a+12,cx4@1@-a+12) + (4S@d@a+12,cx4@1@-a+12) + (4S@d@a+12,cx4@1@-a+12) + (4S@d@a+12,cx8@0@-a+12) + (4S@d@a+12,cx8@0@-a+12) + (4S@d@a+12,cx8@0@-a+12) + (4S@d@a+12,cx8@0@-a+12) + (4S@d@a+12,cx8@0@-a+12) + (4S@d@a+12,cx8@0@-a+12) + (4S@d@a+12,cx8@0@-a+12) + (4S@d@a+12,cx8@0@-a+12) + (4S@p@-a+6,cx4@0@a,4S@p@-a+6,cx4@0@a,4S@p@-a+6,cx8@1@a+6) + (4S@p@-a+6,cx4@0@a,4S@p@-a+6,cx4@0@a,4S@p@-a+6,cx8@1@a+6) + (4S@p@-a+6,cx8@1@a+6,4S@p@-a+6,cx8@1@a+6) + (4S@p@-a+6,cx8@1@a+6,4S@p@-a+6,cx8@1@a+6)  P=1 α∈[[0.0, 90.0]]  checks 5/5 pass
[14:06:45]   ctrnact-mixed-family-k4-400: (4S@d@a+12,cx4@1@-a+12) + (4S@d@a+12,cx4@1@-a+12) + (4S@d@a+12,cx4@1@-a+12) + (4S@d@a+12,cx4@1@-a+12) + (4S@d@a+12,cx4@1@-a+12) + (4S@d@a+12,cx4@1@-a+12) + (4S@d@a+12,cx4@1@-a+12) + (4S@d@a+12,cx4@1@-a+12) + (4S@d@a+12,cx4@1@-a+12) + (4S@d@a+12,cx4@1@-a+12) + (4S@d@a+12,cx4@1@-a+12) + (4S@d@a+12,cx4@1@-a+12) + (4S@d@a+12,cx8@0@-a+12) + (4S@d@a+12,cx8@0@-a+12) + (4S@d@a+12,cx8@0@-a+12) + (4S@d@a+12,cx8@0@-a+12) + (4S@d@a+12,cx8@0@-a+12) + (4S@p@-a+6,cx4@0@a,4S@p@-a+6,cx4@0@a,4S@p@-a+6,cx4@0@a,4S@p@-a+6,cx4@0@a) + (4S@p@-a+6,cx4@0@a,4S@p@-a+6,cx4@0@a,4S@p@-a+6,cx8@1@a+6) + (4S@p@-a+6,cx4@0@a,4S@p@-a+6,cx4@0@a,4S@p@-a+6,cx8@1@a+6) + (4S@p@-a+6,cx4@0@a,4S@p@-a+6,cx4@0@a,4S@p@-a+6,cx8@1@a+6)  P=1 α∈[[0.0, 90.0]]  checks 5/5 pass
[14:06:45]   ctrnact-mixed-family-k4-401: (4S@d@a+12,cx4@1@-a+12) + (4S@d@a+12,cx4@1@-a+12) + (4S@d@a+12,cx4@1@-a+12) + (4S@d@a+12,cx4@1@-a+12) + (4S@d@a+12,cx4@1@-a+12) + (4S@d@a+12,cx4@1@-a+12) + (4S@d@a+12,cx4@1@-a+12) + (4S@d@a+12,cx4@1@-a+12) + (4S@d@a+12,cx4@1@-a+12) + (4S@d@a+12,cx4@1@-a+12) + (4S@d@a+12,cx4@1@-a+12) + (4S@d@a+12,cx4@1@-a+12) + (4S@d@a+12,cx4@1@-a+12) + (4S@d@a+12,cx4@1@-a+12) + (4S@d@a+12,cx4@1@-a+12) + (4S@d@a+12,cx4@1@-a+12) + (4S@d@a+12,cx8@0@-a+12) + (4S@d@a+12,cx8@0@-a+12) + (4S@d@a+12,cx8@0@-a+12) + (4S@d@a+12,cx8@0@-a+12) + (4S@d@a+12,cx8@0@-a+12) + (4S@p@-a+6,cx4@0@a,4S@p@-a+6,cx4@0@a,4S@p@-a+6,cx4@0@a,4S@p@-a+6,cx4@0@a) + (4S@p@-a+6,cx4@0@a,4S@p@-a+6,cx4@0@a,4S@p@-a+6,cx8@1@a+6) + (4S@p@-a+6,cx4@0@a,4S@p@-a+6,cx4@0@a,4S@p@-a+6,cx8@1@a+6) + (4S@p@-a+6,cx4@0@a,4S@p@-a+6,cx4@0@a,4S@p@-a+6,cx8@1@a+6)  P=1 α∈[[0.0, 90.0]]  checks 5/5 pass
[14:06:45]   ctrnact-mixed-family-k4-402: (4S@d@a+12,cx4@1@-a+12) + (4S@d@a+12,cx4@1@-a+12) + (4S@d@a+12,cx4@1@-a+12) + (4S@d@a+12,cx4@1@-a+12) + (4S@d@a+12,cx4@1@-a+12) + (4S@d@a+12,cx4@1@-a+12) + (4S@d@a+12,cx4@1@-a+12) + (4S@d@a+12,cx4@1@-a+12) + (4S@d@a+12,cx4@1@-a+12) + (4S@d@a+12,cx4@1@-a+12) + (4S@d@a+12,cx4@1@-a+12) + (4S@d@a+12,cx4@1@-a+12) + (4S@d@a+12,cx4@1@-a+12) + (4S@d@a+12,cx4@1@-a+12) + (4S@d@a+12,cx4@1@-a+12) + (4S@d@a+12,cx8@0@-a+12) + (4S@d@a+12,cx8@0@-a+12) + (4S@d@a+12,cx8@0@-a+12) + (4S@d@a+12,cx8@0@-a+12) + (4S@d@a+12,cx8@0@-a+12) + (4S@p@-a+6,cx4@0@a,4S@p@-a+6,cx4@0@a,4S@p@-a+6,cx4@0@a,4S@p@-a+6,cx4@0@a) + (4S@p@-a+6,cx4@0@a,4S@p@-a+6,cx4@0@a,4S@p@-a+6,cx8@1@a+6) + (4S@p@-a+6,cx4@0@a,4S@p@-a+6,cx4@0@a,4S@p@-a+6,cx8@1@a+6) + (4S@p@-a+6,cx4@0@a,4S@p@-a+6,cx4@0@a,4S@p@-a+6,cx8@1@a+6)  P=1 α∈[[0.0, 90.0]]  checks 5/5 pass
[14:06:45]   ctrnact-mixed-family-k4-403: (4S@d@a+12,cx4@1@-a+12) + (4S@d@a+12,cx4@1@-a+12) + (4S@d@a+12,cx4@1@-a+12) + (4S@d@a+12,cx4@1@-a+12) + (4S@d@a+12,cx4@1@-a+12) + (4S@d@a+12,cx4@1@-a+12) + (4S@d@a+12,cx4@1@-a+12) + (4S@d@a+12,cx4@1@-a+12) + (4S@d@a+12,cx4@1@-a+12) + (4S@d@a+12,cx4@1@-a+12) + (4S@d@a+12,cx4@1@-a+12) + (4S@d@a+12,cx4@1@-a+12) + (4S@d@a+12,cx8@0@-a+12) + (4S@d@a+12,cx8@0@-a+12) + (4S@d@a+12,cx8@0@-a+12) + (4S@d@a+12,cx8@0@-a+12) + (4S@d@a+12,cx8@0@-a+12) + (4S@p@-a+6,cx4@0@a,4S@p@-a+6,cx4@0@a,4S@p@-a+6,cx4@0@a,4S@p@-a+6,cx4@0@a) + (4S@p@-a+6,cx4@0@a,4S@p@-a+6,cx4@0@a,4S@p@-a+6,cx8@1@a+6) + (4S@p@-a+6,cx4@0@a,4S@p@-a+6,cx4@0@a,4S@p@-a+6,cx8@1@a+6) + (4S@p@-a+6,cx4@0@a,4S@p@-a+6,cx4@0@a,4S@p@-a+6,cx8@1@a+6)  P=1 α∈[[0.0, 90.0]]  checks 5/5 pass
[14:06:45]   ctrnact-mixed-family-k4-404: (4S@d@a+12,cx4@1@-a+12) + (4S@d@a+12,cx4@1@-a+12) + (4S@d@a+12,cx4@1@-a+12) + (4S@d@a+12,cx4@1@-a+12) + (4S@d@a+12,cx4@1@-a+12) + (4S@d@a+12,cx4@1@-a+12) + (4S@d@a+12,cx4@1@-a+12) + (4S@d@a+12,cx4@1@-a+12) + (4S@d@a+12,cx4@1@-a+12) + (4S@d@a+12,cx4@1@-a+12) + (4S@d@a+12,cx4@1@-a+12) + (4S@d@a+12,cx4@1@-a+12) + (4S@d@a+12,cx8@0@-a+12) + (4S@d@a+12,cx8@0@-a+12) + (4S@d@a+12,cx8@0@-a+12) + (4S@d@a+12,cx8@0@-a+12) + (4S@d@a+12,cx8@0@-a+12) + (4S@d@a+12,cx8@0@-a+12) + (4S@d@a+12,cx8@0@-a+12) + (4S@p@-a+6,cx4@0@a,4S@p@-a+6,cx4@0@a,4S@p@-a+6,cx8@1@a+6) + (4S@p@-a+6,cx4@0@a,4S@p@-a+6,cx4@0@a,4S@p@-a+6,cx8@1@a+6) + (4S@p@-a+6,cx4@0@a,4S@p@-a+6,cx4@0@a,4S@p@-a+6,cx8@1@a+6) + (4S@p@-a+6,cx4@0@a,4S@p@-a+6,cx4@0@a,4S@p@-a+6,cx8@1@a+6)  P=1 α∈[[0.0, 90.0]]  checks 5/5 pass
[14:06:45]   ctrnact-mixed-family-k4-405: (4S@d@a+12,cx4@1@-a+12) + (4S@d@a+12,cx4@1@-a+12) + (4S@d@a+12,cx4@1@-a+12) + (4S@d@a+12,cx4@1@-a+12) + (4S@d@a+12,cx4@1@-a+12) + (4S@d@a+12,cx4@1@-a+12) + (4S@d@a+12,cx8@0@-a+12) + (4S@d@a+12,cx8@0@-a+12) + (4S@d@a+12,cx8@0@-a+12) + (4S@d@a+12,cx8@0@-a+12) + (4S@d@a+12,cx8@0@-a+12) + (4S@d@a+12,cx8@0@-a+12) + (4S@d@a+12,cx8@0@-a+12) + (4S@d@a+12,cx8@0@-a+12) + (4S@d@a+12,cx8@0@-a+12) + (4S@d@a+12,cx8@0@-a+12) + (4S@p@-a+6,cx4@0@a,4S@p@-a+6,cx4@0@a,4S@p@-a+6,cx8@1@a+6) + (4S@p@-a+6,cx4@0@a,4S@p@-a+6,cx4@0@a,4S@p@-a+6,cx8@1@a+6) + (4S@p@-a+6,cx8@1@a+6,4S@p@-a+6,cx8@1@a+6) + (4S@p@-a+6,cx8@1@a+6,4S@p@-a+6,cx8@1@a+6)  P=1 α∈[[0.0, 90.0]]  checks 5/5 pass
[14:06:45]   ctrnact-mixed-family-k4-406: (4S@d@a+12,cx4@1@-a+12) + (4S@d@a+12,cx4@1@-a+12) + (4S@d@a+12,cx4@1@-a+12) + (4S@d@a+12,cx4@1@-a+12) + (4S@d@a+12,cx4@1@-a+12) + (4S@d@a+12,cx4@1@-a+12) + (4S@d@a+12,cx8@0@-a+12) + (4S@d@a+12,cx8@0@-a+12) + (4S@d@a+12,cx8@0@-a+12) + (4S@d@a+12,cx8@0@-a+12) + (4S@d@a+12,cx8@0@-a+12) + (4S@d@a+12,cx8@0@-a+12) + (4S@d@a+12,cx8@0@-a+12) + (4S@d@a+12,cx8@0@-a+12) + (4S@p@-a+6,cx4@0@a,4S@p@-a+6,cx4@0@a,4S@p@-a+6,cx8@1@a+6) + (4S@p@-a+6,cx4@0@a,4S@p@-a+6,cx4@0@a,4S@p@-a+6,cx8@1@a+6) + (4S@p@-a+6,cx8@1@a+6,4S@p@-a+6,cx8@1@a+6) + (4S@p@-a+6,cx8@1@a+6,4S@p@-a+6,cx8@1@a+6)  P=1 α∈[[0.0, 90.0]]  checks 5/5 pass
[14:06:45]   ctrnact-mixed-family-k4-407: (4S@d@a+12,cx4@1@-a+12) + (4S@d@a+12,cx4@1@-a+12) + (4S@d@a+12,cx4@1@-a+12) + (4S@d@a+12,cx4@1@-a+12) + (4S@d@a+12,cx4@1@-a+12) + (4S@d@a+12,cx4@1@-a+12) + (4S@d@a+12,cx8@0@-a+12) + (4S@d@a+12,cx8@0@-a+12) + (4S@d@a+12,cx8@0@-a+12) + (4S@d@a+12,cx8@0@-a+12) + (4S@d@a+12,cx8@0@-a+12) + (4S@d@a+12,cx8@0@-a+12) + (4S@d@a+12,cx8@0@-a+12) + (4S@d@a+12,cx8@0@-a+12) + (4S@p@-a+6,cx4@0@a,4S@p@-a+6,cx4@0@a,4S@p@-a+6,cx8@1@a+6) + (4S@p@-a+6,cx4@0@a,4S@p@-a+6,cx4@0@a,4S@p@-a+6,cx8@1@a+6) + (4S@p@-a+6,cx8@1@a+6,4S@p@-a+6,cx8@1@a+6) + (4S@p@-a+6,cx8@1@a+6,4S@p@-a+6,cx8@1@a+6)  P=1 α∈[[0.0, 90.0]]  checks 5/5 pass
[14:06:45]   ctrnact-mixed-family-k4-408: (4S@d@a+12,cx4@1@-a+12) + (4S@d@a+12,cx4@1@-a+12) + (4S@d@a+12,cx4@1@-a+12) + (4S@d@a+12,cx4@1@-a+12) + (4S@d@a+12,cx4@1@-a+12) + (4S@d@a+12,cx4@1@-a+12) + (4S@d@a+12,cx4@1@-a+12) + (4S@d@a+12,cx4@1@-a+12) + (4S@d@a+12,cx4@1@-a+12) + (4S@d@a+12,cx4@1@-a+12) + (4S@d@a+12,cx4@1@-a+12) + (4S@d@a+12,cx4@1@-a+12) + (4S@d@a+12,cx4@1@-a+12) + (4S@d@a+12,cx4@1@-a+12) + (4S@d@a+12,cx8@0@-a+12) + (4S@d@a+12,cx8@0@-a+12) + (4S@d@a+12,cx8@0@-a+12) + (4S@d@a+12,cx8@0@-a+12) + (4S@d@a+12,cx8@0@-a+12) + (4S@p@-a+6,cx4@0@a,4S@p@-a+6,cx4@0@a,4S@p@-a+6,cx4@0@a,4S@p@-a+6,cx4@0@a) + (4S@p@-a+6,cx4@0@a,4S@p@-a+6,cx4@0@a,4S@p@-a+6,cx8@1@a+6) + (4S@p@-a+6,cx4@0@a,4S@p@-a+6,cx4@0@a,4S@p@-a+6,cx8@1@a+6) + (4S@p@-a+6,cx4@0@a,4S@p@-a+6,cx4@0@a,4S@p@-a+6,cx8@1@a+6)  P=1 α∈[[0.0, 90.0]]  checks 5/5 pass
[14:06:45]   ctrnact-mixed-family-k4-409: (4S@d@a+12,cx4@1@-a+12) + (4S@d@a+12,cx4@1@-a+12) + (4S@d@a+12,cx4@1@-a+12) + (4S@d@a+12,cx4@1@-a+12) + (4S@d@a+12,cx4@1@-a+12) + (4S@d@a+12,cx4@1@-a+12) + (4S@d@a+12,cx4@1@-a+12) + (4S@d@a+12,cx4@1@-a+12) + (4S@d@a+12,cx4@1@-a+12) + (4S@d@a+12,cx4@1@-a+12) + (4S@d@a+12,cx4@1@-a+12) + (4S@d@a+12,cx4@1@-a+12) + (4S@d@a+12,cx4@1@-a+12) + (4S@d@a+12,cx4@1@-a+12) + (4S@d@a+12,cx8@0@-a+12) + (4S@d@a+12,cx8@0@-a+12) + (4S@d@a+12,cx8@0@-a+12) + (4S@d@a+12,cx8@0@-a+12) + (4S@p@-a+6,cx4@0@a,4S@p@-a+6,cx4@0@a,4S@p@-a+6,cx4@0@a,4S@p@-a+6,cx4@0@a) + (4S@p@-a+6,cx4@0@a,4S@p@-a+6,cx4@0@a,4S@p@-a+6,cx8@1@a+6) + (4S@p@-a+6,cx4@0@a,4S@p@-a+6,cx4@0@a,4S@p@-a+6,cx8@1@a+6) + (4S@p@-a+6,cx4@0@a,4S@p@-a+6,cx4@0@a,4S@p@-a+6,cx8@1@a+6)  P=1 α∈[[0.0, 90.0]]  checks 5/5 pass
[14:06:45]   ctrnact-mixed-family-k4-410: (4S@d@a+12,cx4@1@-a+12) + (4S@d@a+12,cx4@1@-a+12) + (4S@d@a+12,cx4@1@-a+12) + (4S@d@a+12,cx4@1@-a+12) + (4S@d@a+12,cx4@1@-a+12) + (4S@d@a+12,cx4@1@-a+12) + (4S@d@a+12,cx4@1@-a+12) + (4S@d@a+12,cx4@1@-a+12) + (4S@d@a+12,cx4@1@-a+12) + (4S@d@a+12,cx4@1@-a+12) + (4S@d@a+12,cx4@1@-a+12) + (4S@d@a+12,cx4@1@-a+12) + (4S@d@a+12,cx8@0@-a+12) + (4S@d@a+12,cx8@0@-a+12) + (4S@d@a+12,cx8@0@-a+12) + (4S@d@a+12,cx8@0@-a+12) + (4S@d@a+12,cx8@0@-a+12) + (4S@p@-a+6,cx4@0@a,4S@p@-a+6,cx4@0@a,4S@p@-a+6,cx4@0@a,4S@p@-a+6,cx4@0@a) + (4S@p@-a+6,cx4@0@a,4S@p@-a+6,cx4@0@a,4S@p@-a+6,cx8@1@a+6) + (4S@p@-a+6,cx4@0@a,4S@p@-a+6,cx4@0@a,4S@p@-a+6,cx8@1@a+6) + (4S@p@-a+6,cx4@0@a,4S@p@-a+6,cx4@0@a,4S@p@-a+6,cx8@1@a+6)  P=1 α∈[[0.0, 90.0]]  checks 5/5 pass
[14:06:45]   ctrnact-mixed-family-k4-411: (4S@d@a+12,cx4@1@-a+12) + (4S@d@a+12,cx4@1@-a+12) + (4S@d@a+12,cx4@1@-a+12) + (4S@d@a+12,cx4@1@-a+12) + (4S@d@a+12,cx4@1@-a+12) + (4S@d@a+12,cx4@1@-a+12) + (4S@d@a+12,cx4@1@-a+12) + (4S@d@a+12,cx4@1@-a+12) + (4S@d@a+12,cx8@0@-a+12) + (4S@d@a+12,cx8@0@-a+12) + (4S@d@a+12,cx8@0@-a+12) + (4S@d@a+12,cx8@0@-a+12) + (4S@d@a+12,cx8@0@-a+12) + (4S@d@a+12,cx8@0@-a+12) + (4S@d@a+12,cx8@0@-a+12) + (4S@p@-a+6,cx4@0@a,4S@p@-a+6,cx4@0@a,4S@p@-a+6,cx8@1@a+6) + (4S@p@-a+6,cx4@0@a,4S@p@-a+6,cx4@0@a,4S@p@-a+6,cx8@1@a+6) + (4S@p@-a+6,cx4@0@a,4S@p@-a+6,cx4@0@a,4S@p@-a+6,cx8@1@a+6) + (4S@p@-a+6,cx8@1@a+6,4S@p@-a+6,cx8@1@a+6)  P=1 α∈[[0.0, 90.0]]  checks 5/5 pass
[14:06:45]   ctrnact-mixed-family-k4-412: (4S@d@a+12,cx4@1@-a+12) + (4S@d@a+12,cx4@1@-a+12) + (4S@d@a+12,cx4@1@-a+12) + (4S@d@a+12,cx4@1@-a+12) + (4S@d@a+12,cx4@1@-a+12) + (4S@d@a+12,cx4@1@-a+12) + (4S@d@a+12,cx4@1@-a+12) + (4S@d@a+12,cx4@1@-a+12) + (4S@d@a+12,cx8@0@-a+12) + (4S@d@a+12,cx8@0@-a+12) + (4S@p@-a+6,cx4@0@a,4S@p@-a+6,cx4@0@a,4S@p@-a+6,cx8@1@a+6) + (4S@p@-a+6,cx4@0@a,4S@p@-a+6,cx4@0@a,cx4@1@-a+12,cx4@0@a) + (4S@p@-a+6,cx4@0@a,4S@p@-a+6,cx4@0@a,cx8@0@-a+12,cx4@0@a) + (4S@p@-a+6,cx4@0@a,cx4@1@-a+12,cx8@1@a+6)  P=1 α∈[[0.0, 90.0]]  checks 5/5 pass
[14:06:45]   ctrnact-mixed-family-k4-413: (4S@d@a+12,cx4@1@-a+12) + (4S@d@a+12,cx4@1@-a+12) + (4S@d@a+12,cx4@1@-a+12) + (4S@d@a+12,cx4@1@-a+12) + (4S@d@a+12,cx4@1@-a+12) + (4S@d@a+12,cx4@1@-a+12) + (4S@d@a+12,cx4@1@-a+12) + (4S@d@a+12,cx8@0@-a+12) + (4S@d@a+12,cx8@0@-a+12) + (4S@p@-a+6,cx4@0@a,4S@p@-a+6,cx4@0@a,4S@p@-a+6,cx8@1@a+6) + (4S@p@-a+6,cx4@0@a,4S@p@-a+6,cx4@0@a,cx4@1@-a+12,cx4@0@a) + (4S@p@-a+6,cx4@0@a,4S@p@-a+6,cx4@0@a,cx8@0@-a+12,cx4@0@a) + (4S@p@-a+6,cx4@0@a,cx4@1@-a+12,cx8@1@a+6)  P=1 α∈[[0.0, 90.0]]  checks 5/5 pass
[14:06:45]   ctrnact-mixed-family-k4-414: (4S@d@a+12,cx4@1@-a+12) + (4S@d@a+12,cx4@1@-a+12) + (4S@d@a+12,cx4@1@-a+12) + (4S@d@a+12,cx4@1@-a+12) + (4S@d@a+12,cx8@0@-a+12) + (4S@d@a+12,cx8@0@-a+12) + (4S@d@a+12,cx8@0@-a+12) + (4S@d@a+12,cx8@0@-a+12) + (4S@p@-a+6,cx4@0@a,4S@p@-a+6,cx4@0@a,cx4@1@-a+12,cx4@0@a) + (4S@p@-a+6,cx4@0@a,4S@p@-a+6,cx4@0@a,cx8@0@-a+12,cx4@0@a) + (4S@p@-a+6,cx4@0@a,cx4@1@-a+12,cx8@1@a+6) + (4S@p@-a+6,cx8@1@a+6,4S@p@-a+6,cx8@1@a+6)  P=1 α∈[[0.0, 90.0]]  checks 5/5 pass
[14:06:45]   ctrnact-mixed-family-k4-415: (4S@d@a+12,cx4@1@-a+12) + (4S@d@a+12,cx4@1@-a+12) + (4S@d@a+12,cx4@1@-a+12) + (4S@d@a+12,cx4@1@-a+12) + (4S@d@a+12,cx8@0@-a+12) + (4S@d@a+12,cx8@0@-a+12) + (4S@p@-a+6,cx4@0@a,4S@p@-a+6,cx4@0@a,cx4@1@-a+12,cx4@0@a) + (4S@p@-a+6,cx4@0@a,4S@p@-a+6,cx4@0@a,cx8@0@-a+12,cx4@0@a) + (4S@p@-a+6,cx4@0@a,cx4@1@-a+12,cx8@1@a+6) + (4S@p@-a+6,cx8@1@a+6,4S@p@-a+6,cx8@1@a+6)  P=1 α∈[[0.0, 90.0]]  checks 5/5 pass
[14:06:45]   ctrnact-mixed-family-k4-416: (4S@d@a+12,cx4@1@-a+12) + (4S@d@a+12,cx4@1@-a+12) + (4S@d@a+12,cx4@1@-a+12) + (4S@d@a+12,cx4@1@-a+12) + (4S@d@a+12,cx4@1@-a+12) + (4S@d@a+12,cx4@1@-a+12) + (4S@d@a+12,cx4@1@-a+12) + (4S@d@a+12,cx8@0@-a+12) + (4S@d@a+12,cx8@0@-a+12) + (4S@p@-a+6,cx4@0@a,4S@p@-a+6,cx4@0@a,4S@p@-a+6,cx8@1@a+6) + (4S@p@-a+6,cx4@0@a,4S@p@-a+6,cx4@0@a,cx4@1@-a+12,cx4@0@a) + (4S@p@-a+6,cx4@0@a,4S@p@-a+6,cx4@0@a,cx8@0@-a+12,cx4@0@a) + (4S@p@-a+6,cx4@0@a,cx4@1@-a+12,cx8@1@a+6)  P=1 α∈[[0.0, 90.0]]  checks 5/5 pass
[14:06:45]   ctrnact-mixed-family-k4-417: (4S@d@a+12,cx4@1@-a+12) + (4S@d@a+12,cx4@1@-a+12) + (4S@d@a+12,cx4@1@-a+12) + (4S@d@a+12,cx4@1@-a+12) + (4S@d@a+12,cx4@1@-a+12) + (4S@d@a+12,cx4@1@-a+12) + (4S@d@a+12,cx8@0@-a+12) + (4S@d@a+12,cx8@0@-a+12) + (4S@p@-a+6,cx4@0@a,4S@p@-a+6,cx4@0@a,4S@p@-a+6,cx8@1@a+6) + (4S@p@-a+6,cx4@0@a,4S@p@-a+6,cx4@0@a,cx4@1@-a+12,cx4@0@a) + (4S@p@-a+6,cx4@0@a,4S@p@-a+6,cx4@0@a,cx8@0@-a+12,cx4@0@a) + (4S@p@-a+6,cx4@0@a,cx4@1@-a+12,cx8@1@a+6)  P=1 α∈[[0.0, 90.0]]  checks 5/5 pass
[14:06:45]   ctrnact-mixed-family-k4-418: (4S@d@a+12,cx4@1@-a+12) + (4S@d@a+12,cx4@1@-a+12) + (4S@d@a+12,cx4@1@-a+12) + (4S@d@a+12,cx8@0@-a+12) + (4S@d@a+12,cx8@0@-a+12) + (4S@d@a+12,cx8@0@-a+12) + (4S@d@a+12,cx8@0@-a+12) + (4S@p@-a+6,cx4@0@a,4S@p@-a+6,cx4@0@a,cx4@1@-a+12,cx4@0@a) + (4S@p@-a+6,cx4@0@a,4S@p@-a+6,cx4@0@a,cx8@0@-a+12,cx4@0@a) + (4S@p@-a+6,cx4@0@a,cx4@1@-a+12,cx8@1@a+6) + (4S@p@-a+6,cx8@1@a+6,4S@p@-a+6,cx8@1@a+6)  P=1 α∈[[0.0, 90.0]]  checks 5/5 pass
[14:06:45]   ctrnact-mixed-family-k4-419: (4S@d@a+12,cx4@1@-a+12) + (4S@d@a+12,cx4@1@-a+12) + (4S@d@a+12,cx4@1@-a+12) + (4S@d@a+12,cx8@0@-a+12) + (4S@d@a+12,cx8@0@-a+12) + (4S@p@-a+6,cx4@0@a,4S@p@-a+6,cx4@0@a,cx4@1@-a+12,cx4@0@a) + (4S@p@-a+6,cx4@0@a,4S@p@-a+6,cx4@0@a,cx8@0@-a+12,cx4@0@a) + (4S@p@-a+6,cx4@0@a,cx4@1@-a+12,cx8@1@a+6) + (4S@p@-a+6,cx8@1@a+6,4S@p@-a+6,cx8@1@a+6)  P=1 α∈[[0.0, 90.0]]  checks 5/5 pass
[14:06:45]   ctrnact-mixed-family-k4-420: (4S@d@a+12,cx4@1@-a+12) + (4S@d@a+12,cx4@1@-a+12) + (4S@d@a+12,cx4@1@-a+12) + (4S@d@a+12,cx4@1@-a+12) + (4S@d@a+12,cx4@1@-a+12) + (4S@d@a+12,cx8@0@-a+12) + (4S@p@-a+6,cx4@0@a,4S@p@-a+6,cx4@0@a,4S@p@-a+6,cx4@0@a,4S@p@-a+6,cx4@0@a) + (4S@p@-a+6,cx4@0@a,4S@p@-a+6,cx4@0@a,cx4@1@-a+12,cx4@0@a) + (4S@p@-a+6,cx4@0@a,4S@p@-a+6,cx4@0@a,cx8@0@-a+12,cx4@0@a) + (4S@p@-a+6,cx4@0@a,cx4@1@-a+12,cx8@1@a+6)  P=1 α∈[[0.0, 90.0]]  checks 5/5 pass
[14:06:45]   ctrnact-mixed-family-k4-421: (4S@d@a+12,cx4@1@-a+12) + (4S@d@a+12,cx4@1@-a+12) + (4S@d@a+12,cx4@1@-a+12) + (4S@d@a+12,cx4@1@-a+12) + (4S@d@a+12,cx4@1@-a+12) + (4S@d@a+12,cx4@1@-a+12) + (4S@d@a+12,cx8@0@-a+12) + (4S@d@a+12,cx8@0@-a+12) + (4S@p@-a+6,cx4@0@a,4S@p@-a+6,cx4@0@a,cx4@1@-a+12,cx4@0@a) + (4S@p@-a+6,cx4@0@a,4S@p@-a+6,cx4@0@a,cx8@0@-a+12,cx4@0@a) + (4S@p@-a+6,cx4@0@a,cx4@1@-a+12,cx8@1@a+6) + (4S@p@-a+6,cx4@0@a,cx4@1@-a+12,cx8@1@a+6)  P=1 α∈[[0.0, 90.0]]  checks 5/5 pass
[14:06:45]   ctrnact-mixed-family-k4-422: (4S@d@a+12,cx4@1@-a+12) + (4S@d@a+12,cx4@1@-a+12) + (4S@d@a+12,cx4@1@-a+12) + (4S@d@a+12,cx4@1@-a+12) + (4S@d@a+12,cx4@1@-a+12) + (4S@d@a+12,cx8@0@-a+12) + (4S@p@-a+6,cx4@0@a,4S@p@-a+6,cx4@0@a,cx4@1@-a+12,cx4@0@a) + (4S@p@-a+6,cx4@0@a,cx4@1@-a+12,cx8@1@a+6) + (cx4@0@a,cx4@1@-a+12,cx4@0@a,cx4@1@-a+12) + (cx4@0@a,cx4@1@-a+12,cx4@0@a,cx8@0@-a+12)  P=1 α∈[[0.0, 90.0]]  checks 5/5 pass
[14:06:45]   ctrnact-mixed-family-k4-423: (4S@d@a+12,cx4@1@-a+12) + (4S@d@a+12,cx4@1@-a+12) + (4S@d@a+12,cx4@1@-a+12) + (4S@d@a+12,cx4@1@-a+12) + (4S@d@a+12,cx8@0@-a+12) + (4S@p@-a+6,cx4@0@a,4S@p@-a+6,cx4@0@a,cx4@1@-a+12,cx4@0@a) + (4S@p@-a+6,cx4@0@a,cx4@1@-a+12,cx8@1@a+6) + (cx4@0@a,cx4@1@-a+12,cx4@0@a,cx4@1@-a+12) + (cx4@0@a,cx4@1@-a+12,cx4@0@a,cx8@0@-a+12)  P=1 α∈[[0.0, 90.0]]  checks 5/5 pass
[14:06:45]   ctrnact-mixed-family-k4-424: (4S@d@a+12,cx4@1@-a+12) + (4S@d@a+12,cx8@0@-a+12) + (4S@p@-a+6,cx4@0@a,cx4@1@-a+12,cx8@1@a+6) + (cx4@0@a,cx4@1@-a+12,cx4@0@a,cx4@1@-a+12) + (cx4@0@a,cx4@1@-a+12,cx4@0@a,cx4@1@-a+12) + (cx4@0@a,cx4@1@-a+12,cx4@0@a,cx8@0@-a+12)  P=1 α∈[[0.0, 90.0]]  checks 5/5 pass
[14:06:45]   ctrnact-mixed-family-k4-425: (4S@d@a+12,cx4@1@-a+12) + (4S@d@a+12,cx8@0@-a+12) + (4S@p@-a+6,cx4@0@a,cx4@1@-a+12,cx8@1@a+6) + (cx4@0@a,cx4@1@-a+12,cx4@0@a,cx4@1@-a+12) + (cx4@0@a,cx4@1@-a+12,cx4@0@a,cx4@1@-a+12) + (cx4@0@a,cx4@1@-a+12,cx4@0@a,cx8@0@-a+12)  P=1 α∈[[0.0, 90.0]]  checks 5/5 pass
[14:06:45]   ctrnact-mixed-family-k4-426: (4S@d@a+12,cx4@1@-a+12) + (4S@d@a+12,cx4@1@-a+12) + (4S@d@a+12,cx4@1@-a+12) + (4S@d@a+12,cx4@1@-a+12) + (4S@d@a+12,cx4@1@-a+12) + (4S@d@a+12,cx8@0@-a+12) + (4S@d@a+12,cx8@0@-a+12) + (4S@p@-a+6,cx4@0@a,4S@p@-a+6,cx4@0@a,4S@p@-a+6,cx8@1@a+6) + (4S@p@-a+6,cx4@0@a,cx4@1@-a+12,cx8@1@a+6) + (cx4@0@a,cx4@1@-a+12,cx4@0@a,cx4@1@-a+12) + (cx4@0@a,cx8@0@-a+12,cx4@0@a,cx8@0@-a+12)  P=1 α∈[[0.0, 90.0]]  checks 5/5 pass
[14:06:45]   ctrnact-mixed-family-k4-427: (4S@d@a+12,cx4@1@-a+12) + (4S@d@a+12,cx4@1@-a+12) + (4S@d@a+12,cx4@1@-a+12) + (4S@d@a+12,cx4@1@-a+12) + (4S@d@a+12,cx8@0@-a+12) + (4S@d@a+12,cx8@0@-a+12) + (4S@p@-a+6,cx4@0@a,4S@p@-a+6,cx4@0@a,4S@p@-a+6,cx8@1@a+6) + (4S@p@-a+6,cx4@0@a,cx4@1@-a+12,cx8@1@a+6) + (cx4@0@a,cx4@1@-a+12,cx4@0@a,cx4@1@-a+12) + (cx4@0@a,cx8@0@-a+12,cx4@0@a,cx8@0@-a+12)  P=1 α∈[[0.0, 90.0]]  checks 5/5 pass
[14:06:45]   ctrnact-mixed-family-k4-428: (4S@d@a+12,cx4@1@-a+12) + (4S@d@a+12,cx8@0@-a+12) + (4S@d@a+12,cx8@0@-a+12) + (4S@d@a+12,cx8@0@-a+12) + (4S@d@a+12,cx8@0@-a+12) + (4S@p@-a+6,cx4@0@a,cx4@1@-a+12,cx8@1@a+6) + (4S@p@-a+6,cx8@1@a+6,4S@p@-a+6,cx8@1@a+6) + (cx4@0@a,cx4@1@-a+12,cx4@0@a,cx4@1@-a+12) + (cx4@0@a,cx8@0@-a+12,cx4@0@a,cx8@0@-a+12)  P=1 α∈[[0.0, 90.0]]  checks 5/5 pass
[14:06:45]   ctrnact-mixed-family-k4-429: (4S@d@a+12,cx4@1@-a+12) + (4S@d@a+12,cx8@0@-a+12) + (4S@d@a+12,cx8@0@-a+12) + (4S@p@-a+6,cx4@0@a,cx4@1@-a+12,cx8@1@a+6) + (4S@p@-a+6,cx8@1@a+6,4S@p@-a+6,cx8@1@a+6) + (cx4@0@a,cx4@1@-a+12,cx4@0@a,cx4@1@-a+12) + (cx4@0@a,cx8@0@-a+12,cx4@0@a,cx8@0@-a+12)  P=1 α∈[[0.0, 90.0]]  checks 5/5 pass
[14:06:45]   ctrnact-mixed-family-k4-430: (4S@d@a+12,cx4@1@-a+12) + (4S@d@a+12,cx4@1@-a+12) + (4S@d@a+12,cx4@1@-a+12) + (4S@d@a+12,cx4@1@-a+12) + (4S@d@a+12,cx4@1@-a+12) + (4S@d@a+12,cx4@1@-a+12) + (4S@d@a+12,cx4@1@-a+12) + (4S@d@a+12,cx8@0@-a+12) + (4S@d@a+12,cx8@0@-a+12) + (4S@p@-a+6,cx4@0@a,4S@p@-a+6,cx4@0@a,4S@p@-a+6,cx4@0@a,4S@p@-a+6,cx4@0@a) + (4S@p@-a+6,cx4@0@a,4S@p@-a+6,cx4@0@a,4S@p@-a+6,cx8@1@a+6) + (4S@p@-a+6,cx4@0@a,cx4@1@-a+12,cx8@1@a+6) + (cx4@0@a,cx4@1@-a+12,cx4@0@a,cx8@0@-a+12)  P=1 α∈[[0.0, 90.0]]  checks 5/5 pass
[14:06:45]   ctrnact-mixed-family-k4-431: (4S@d@a+12,cx4@1@-a+12) + (4S@d@a+12,cx4@1@-a+12) + (4S@d@a+12,cx4@1@-a+12) + (4S@d@a+12,cx4@1@-a+12) + (4S@d@a+12,cx4@1@-a+12) + (4S@d@a+12,cx4@1@-a+12) + (4S@d@a+12,cx4@1@-a+12) + (4S@d@a+12,cx4@1@-a+12) + (4S@d@a+12,cx4@1@-a+12) + (4S@d@a+12,cx4@1@-a+12) + (4S@d@a+12,cx4@1@-a+12) + (4S@d@a+12,cx8@0@-a+12) + (4S@d@a+12,cx8@0@-a+12) + (4S@p@-a+6,cx4@0@a,4S@p@-a+6,cx4@0@a,4S@p@-a+6,cx4@0@a,4S@p@-a+6,cx4@0@a) + (4S@p@-a+6,cx4@0@a,4S@p@-a+6,cx4@0@a,4S@p@-a+6,cx8@1@a+6) + (4S@p@-a+6,cx4@0@a,cx4@1@-a+12,cx8@1@a+6) + (cx4@0@a,cx4@1@-a+12,cx4@0@a,cx8@0@-a+12)  P=1 α∈[[0.0, 90.0]]  checks 5/5 pass
[14:06:45]   ctrnact-mixed-family-k4-432: (4S@d@a+12,cx4@1@-a+12) + (4S@d@a+12,cx4@1@-a+12) + (4S@d@a+12,cx4@1@-a+12) + (4S@d@a+12,cx4@1@-a+12) + (4S@d@a+12,cx4@1@-a+12) + (4S@d@a+12,cx4@1@-a+12) + (4S@d@a+12,cx4@1@-a+12) + (4S@d@a+12,cx4@1@-a+12) + (4S@d@a+12,cx4@1@-a+12) + (4S@d@a+12,cx4@1@-a+12) + (4S@d@a+12,cx8@0@-a+12) + (4S@d@a+12,cx8@0@-a+12) + (4S@p@-a+6,cx4@0@a,4S@p@-a+6,cx4@0@a,4S@p@-a+6,cx4@0@a,4S@p@-a+6,cx4@0@a) + (4S@p@-a+6,cx4@0@a,4S@p@-a+6,cx4@0@a,4S@p@-a+6,cx8@1@a+6) + (4S@p@-a+6,cx4@0@a,cx4@1@-a+12,cx8@1@a+6) + (cx4@0@a,cx4@1@-a+12,cx4@0@a,cx8@0@-a+12)  P=1 α∈[[0.0, 90.0]]  checks 5/5 pass
[14:06:45]   ctrnact-mixed-family-k4-433: (4S@d@a+12,cx4@1@-a+12) + (4S@d@a+12,cx4@1@-a+12) + (4S@d@a+12,cx4@1@-a+12) + (4S@d@a+12,cx4@1@-a+12) + (4S@d@a+12,cx4@1@-a+12) + (4S@d@a+12,cx4@1@-a+12) + (4S@d@a+12,cx4@1@-a+12) + (4S@d@a+12,cx8@0@-a+12) + (4S@d@a+12,cx8@0@-a+12) + (4S@p@-a+6,cx4@0@a,4S@p@-a+6,cx4@0@a,4S@p@-a+6,cx4@0@a,4S@p@-a+6,cx4@0@a) + (4S@p@-a+6,cx4@0@a,4S@p@-a+6,cx4@0@a,4S@p@-a+6,cx8@1@a+6) + (4S@p@-a+6,cx4@0@a,cx4@1@-a+12,cx8@1@a+6) + (cx4@0@a,cx4@1@-a+12,cx4@0@a,cx8@0@-a+12)  P=1 α∈[[0.0, 90.0]]  checks 5/5 pass
[14:06:45]   ctrnact-mixed-family-k4-434: (4S@d@a+12,cx4@1@-a+12) + (4S@d@a+12,cx4@1@-a+12) + (4S@d@a+12,cx4@1@-a+12) + (4S@d@a+12,cx4@1@-a+12) + (4S@d@a+12,cx4@1@-a+12) + (4S@d@a+12,cx4@1@-a+12) + (4S@d@a+12,cx4@1@-a+12) + (4S@d@a+12,cx8@0@-a+12) + (4S@d@a+12,cx8@0@-a+12) + (4S@d@a+12,cx8@0@-a+12) + (4S@d@a+12,cx8@0@-a+12) + (4S@p@-a+6,cx4@0@a,4S@p@-a+6,cx4@0@a,4S@p@-a+6,cx8@1@a+6) + (4S@p@-a+6,cx4@0@a,4S@p@-a+6,cx4@0@a,4S@p@-a+6,cx8@1@a+6) + (4S@p@-a+6,cx4@0@a,cx4@1@-a+12,cx8@1@a+6) + (cx4@0@a,cx4@1@-a+12,cx4@0@a,cx8@0@-a+12)  P=1 α∈[[0.0, 90.0]]  checks 5/5 pass
[14:06:45]   ctrnact-mixed-family-k4-435: (4S@d@a+12,cx4@1@-a+12) + (4S@d@a+12,cx4@1@-a+12) + (4S@d@a+12,cx4@1@-a+12) + (4S@d@a+12,cx4@1@-a+12) + (4S@d@a+12,cx4@1@-a+12) + (4S@d@a+12,cx4@1@-a+12) + (4S@d@a+12,cx4@1@-a+12) + (4S@d@a+12,cx8@0@-a+12) + (4S@d@a+12,cx8@0@-a+12) + (4S@d@a+12,cx8@0@-a+12) + (4S@d@a+12,cx8@0@-a+12) + (4S@p@-a+6,cx4@0@a,4S@p@-a+6,cx4@0@a,4S@p@-a+6,cx8@1@a+6) + (4S@p@-a+6,cx4@0@a,4S@p@-a+6,cx4@0@a,4S@p@-a+6,cx8@1@a+6) + (4S@p@-a+6,cx4@0@a,cx4@1@-a+12,cx8@1@a+6) + (cx4@0@a,cx4@1@-a+12,cx4@0@a,cx8@0@-a+12)  P=1 α∈[[0.0, 90.0]]  checks 5/5 pass
[14:06:45]   ctrnact-mixed-family-k4-436: (4S@d@a+12,cx4@1@-a+12) + (4S@d@a+12,cx4@1@-a+12) + (4S@d@a+12,cx4@1@-a+12) + (4S@d@a+12,cx4@1@-a+12) + (4S@d@a+12,cx4@1@-a+12) + (4S@d@a+12,cx8@0@-a+12) + (4S@d@a+12,cx8@0@-a+12) + (4S@d@a+12,cx8@0@-a+12) + (4S@d@a+12,cx8@0@-a+12) + (4S@d@a+12,cx8@0@-a+12) + (4S@p@-a+6,cx4@0@a,4S@p@-a+6,cx4@0@a,4S@p@-a+6,cx8@1@a+6) + (4S@p@-a+6,cx4@0@a,cx4@1@-a+12,cx8@1@a+6) + (4S@p@-a+6,cx8@1@a+6,4S@p@-a+6,cx8@1@a+6) + (cx4@0@a,cx4@1@-a+12,cx4@0@a,cx8@0@-a+12)  P=1 α∈[[0.0, 90.0]]  checks 5/5 pass
[14:06:45]   ctrnact-mixed-family-k4-437: (4S@d@a+12,cx4@1@-a+12) + (4S@d@a+12,cx4@1@-a+12) + (4S@d@a+12,cx4@1@-a+12) + (4S@d@a+12,cx4@1@-a+12) + (4S@d@a+12,cx8@0@-a+12) + (4S@d@a+12,cx8@0@-a+12) + (4S@d@a+12,cx8@0@-a+12) + (4S@d@a+12,cx8@0@-a+12) + (4S@d@a+12,cx8@0@-a+12) + (4S@p@-a+6,cx4@0@a,4S@p@-a+6,cx4@0@a,4S@p@-a+6,cx8@1@a+6) + (4S@p@-a+6,cx4@0@a,cx4@1@-a+12,cx8@1@a+6) + (4S@p@-a+6,cx8@1@a+6,4S@p@-a+6,cx8@1@a+6) + (cx4@0@a,cx4@1@-a+12,cx4@0@a,cx8@0@-a+12)  P=1 α∈[[0.0, 90.0]]  checks 5/5 pass
[14:06:45]   ctrnact-mixed-family-k4-438: (4S@d@a+12,cx4@1@-a+12) + (4S@d@a+12,cx8@0@-a+12) + (4S@d@a+12,cx8@0@-a+12) + (4S@d@a+12,cx8@0@-a+12) + (4S@d@a+12,cx8@0@-a+12) + (4S@d@a+12,cx8@0@-a+12) + (4S@d@a+12,cx8@0@-a+12) + (4S@d@a+12,cx8@0@-a+12) + (4S@p@-a+6,cx4@0@a,cx4@1@-a+12,cx8@1@a+6) + (4S@p@-a+6,cx8@1@a+6,4S@p@-a+6,cx8@1@a+6) + (4S@p@-a+6,cx8@1@a+6,4S@p@-a+6,cx8@1@a+6) + (cx4@0@a,cx4@1@-a+12,cx4@0@a,cx8@0@-a+12)  P=1 α∈[[0.0, 90.0]]  checks 5/5 pass
[14:06:45]   ctrnact-mixed-family-k4-439: (4S@d@a+12,cx4@1@-a+12) + (4S@d@a+12,cx8@0@-a+12) + (4S@d@a+12,cx8@0@-a+12) + (4S@d@a+12,cx8@0@-a+12) + (4S@d@a+12,cx8@0@-a+12) + (4S@d@a+12,cx8@0@-a+12) + (4S@p@-a+6,cx4@0@a,cx4@1@-a+12,cx8@1@a+6) + (4S@p@-a+6,cx8@1@a+6,4S@p@-a+6,cx8@1@a+6) + (4S@p@-a+6,cx8@1@a+6,4S@p@-a+6,cx8@1@a+6) + (cx4@0@a,cx4@1@-a+12,cx4@0@a,cx8@0@-a+12)  P=1 α∈[[0.0, 90.0]]  checks 5/5 pass
[14:06:45]   ctrnact-mixed-family-k4-440: (4S@d@-a+18,cx4@0@a,4S@p@-a+6,cx4@0@a) + (4S@d@a+12,cx4@1@-a+12) + (4S@d@a+12,cx4@1@-a+12) + (4S@p@-a+6,cx4@0@a,4S@p@-a+6,cx4@0@a,4S@p@-a+6,cx4@0@a,4S@p@-a+6,cx4@0@a) + (4S@p@-a+6,cx4@0@a,4S@p@-a+6,cx4@0@a,cx4@1@-a+12,cx4@0@a) + (4S@p@a,cx4@1@-a+12,cx4@0@a,cx4@1@-a+12)  P=1 α∈[[0.0, 90.0]]  checks 5/5 pass
[14:06:45]   ctrnact-mixed-family-k4-441: (4S@d@-2a+22,cx4@0@a+1,cx4@0@a+1) + (4S@d@-2a+22,cx4@0@2a-4,4S@p@-2a+10,cx4@0@2a-4) + (4S@d@2a+8,cx4@1@-2a+16) + (4S@p@-2a+10,cx4@0@2a-4,cx4@1@-a+11,cx4@1@-a+11,cx4@0@2a-4) + (4S@p@2a-4,cx4@1@-2a+16,cx4@0@a+1,cx4@1@-a+11)  P=1 α∈[[30.0, 75.0]]  checks 5/5 pass
[14:06:45]   ctrnact-mixed-family-k4-442: (4,4S@d@a+12,4S@p@-a+6) + (4,4S@d@a+12,4S@p@-a+6) + (4S@d@a+12,4S@p@-a+6,cx4@0@a,4S@p@-a+6) + (4S@d@a+12,4S@p@-a+6,cx4@0@a,4S@p@-a+6) + (4S@d@a+12,cx4@1@-a+12) + (4S@d@a+12,cx4@1@-a+12)  P=1 α∈[[0.0, 90.0]]  checks 5/5 pass
[14:06:45]   ctrnact-mixed-family-k4-443: (4,4S@d@a+12,4S@p@-a+6) + (4S@d@a+12,4S@p@-a+6,cx4@0@a,4S@p@-a+6) + (4S@d@a+12,4S@p@-a+6,cx4@0@a,4S@p@-a+6) + (4S@d@a+12,cx4@1@-a+12) + (4S@d@a+12,cx4@1@-a+12) + (4S@d@a+12,cx4@1@-a+12) + (4S@d@a+12,cx4@1@-a+12) + (4S@d@a+12,cx4@1@-a+12) + (4S@d@a+12,cx4@1@-a+12) + (4S@p@-a+6,cx4@0@a,4S@p@-a+6,cx4@0@a,4S@p@-a+6,cx4@0@a,4S@p@-a+6,cx4@0@a)  P=1 α∈[[0.0, 90.0]]  checks 5/5 pass
[14:06:45]   ctrnact-mixed-family-k4-444: (4,4S@d@a+12,4S@p@-a+6) + (4S@d@a+12,4S@p@-a+6,cx4@0@a,4S@p@-a+6) + (4S@d@a+12,4S@p@-a+6,cx4@0@a,4S@p@-a+6) + (4S@d@a+12,cx4@1@-a+12) + (4S@d@a+12,cx4@1@-a+12) + (4S@d@a+12,cx4@1@-a+12) + (4S@d@a+12,cx4@1@-a+12) + (4S@d@a+12,cx8@0@-a+12) + (4S@p@-a+6,cx4@0@a,4S@p@-a+6,cx4@0@a,4S@p@-a+6,cx8@1@a+6)  P=1 α∈[[0.0, 90.0]]  checks 5/5 pass
[14:06:45]   ctrnact-mixed-family-k4-445: (4S@d@a+12,4S@p@-a+6,cx4@0@a,4S@p@-a+6) + (4S@d@a+12,4S@p@-a+6,cx4@0@a,4S@p@-a+6) + (4S@d@a+12,cx4@1@-a+12) + (4S@d@a+12,cx4@1@-a+12) + (4S@d@a+12,cx4@1@-a+12) + (4S@d@a+12,cx4@1@-a+12) + (4S@d@a+12,cx4@1@-a+12) + (4S@d@a+12,cx4@1@-a+12) + (4S@d@a+12,cx8@0@-a+12) + (4S@d@a+12,cx8@0@-a+12) + (4S@d@a+12,cx8@0@-a+12) + (4S@p@-a+6,cx4@0@a,4S@p@-a+6,cx4@0@a,4S@p@-a+6,cx8@1@a+6) + (4S@p@-a+6,cx4@0@a,4S@p@-a+6,cx4@0@a,4S@p@-a+6,cx8@1@a+6)  P=1 α∈[[0.0, 90.0]]  checks 5/5 pass
[14:06:45]   ctrnact-mixed-family-k4-446: (4S@d@a+12,4S@p@-a+6,cx4@0@a,4S@p@-a+6) + (4S@d@a+12,4S@p@-a+6,cx4@0@a,4S@p@-a+6) + (4S@d@a+12,cx4@1@-a+12) + (4S@d@a+12,cx4@1@-a+12) + (4S@d@a+12,cx4@1@-a+12) + (4S@d@a+12,cx4@1@-a+12) + (4S@d@a+12,cx4@1@-a+12) + (4S@d@a+12,cx4@1@-a+12) + (4S@d@a+12,cx8@0@-a+12) + (4S@d@a+12,cx8@0@-a+12) + (4S@p@-a+6,cx4@0@a,4S@p@-a+6,cx4@0@a,4S@p@-a+6,cx8@1@a+6) + (4S@p@-a+6,cx4@0@a,4S@p@-a+6,cx4@0@a,4S@p@-a+6,cx8@1@a+6)  P=1 α∈[[0.0, 90.0]]  checks 5/5 pass
[14:06:45]   ctrnact-mixed-family-k4-447: (4S@d@a+12,cx4@1@-a+12) + (4S@d@a+12,cx4@1@-a+12) + (4S@d@a+12,cx4@1@-a+12) + (4S@d@a+12,cx4@1@-a+12) + (4S@d@a+12,cx4@1@-a+12) + (4S@d@a+12,cx4@1@-a+12) + (4S@d@a+12,cx4@1@-a+12) + (4S@d@a+12,cx4@1@-a+12) + (4S@d@a+12,cx8@0@-a+12) + (4S@d@a+12,cx8@0@-a+12) + (4S@d@a+12,cx8@0@-a+12) + (4S@p@-a+6,cx4@0@a,4S@p@-a+6,cx4@0@a,4S@p@-a+6,cx8@1@a+6) + (4S@p@-a+6,cx4@0@a,4S@p@-a+6,cx4@0@a,4S@p@-a+6,cx8@1@a+6) + (4S@p@-a+6,cx4@0@a,4S@p@-a+6,cx4@0@a,cx4@1@-a+12,cx4@0@a) + (4S@p@-a+6,cx4@0@a,4S@p@-a+6,cx4@0@a,cx4@1@-a+12,cx4@0@a)  P=1 α∈[[0.0, 90.0]]  checks 5/5 pass
[14:06:45]   ctrnact-mixed-family-k4-448: (4S@d@a+12,cx4@1@-a+12) + (4S@d@a+12,cx4@1@-a+12) + (4S@d@a+12,cx4@1@-a+12) + (4S@d@a+12,cx4@1@-a+12) + (4S@d@a+12,cx4@1@-a+12) + (4S@d@a+12,cx4@1@-a+12) + (4S@d@a+12,cx4@1@-a+12) + (4S@d@a+12,cx4@1@-a+12) + (4S@d@a+12,cx8@0@-a+12) + (4S@d@a+12,cx8@0@-a+12) + (4S@p@-a+6,cx4@0@a,4S@p@-a+6,cx4@0@a,4S@p@-a+6,cx8@1@a+6) + (4S@p@-a+6,cx4@0@a,4S@p@-a+6,cx4@0@a,4S@p@-a+6,cx8@1@a+6) + (4S@p@-a+6,cx4@0@a,4S@p@-a+6,cx4@0@a,cx4@1@-a+12,cx4@0@a) + (4S@p@-a+6,cx4@0@a,4S@p@-a+6,cx4@0@a,cx4@1@-a+12,cx4@0@a)  P=1 α∈[[0.0, 90.0]]  checks 5/5 pass
[14:06:45]   ctrnact-mixed-family-k4-449: (4,cx4@0@a,4S@p@-a+6,cx4@0@a,cx4@1@-a+12) + (4S@d@a+12,cx4@1@-a+12) + (4S@d@a+12,cx4@1@-a+12) + (4S@d@a+12,cx4@1@-a+12) + (4S@d@a+12,cx4@1@-a+12) + (4S@d@a+12,cx4@1@-a+12) + (4S@d@a+12,cx4@1@-a+12) + (4S@d@a+12,cx4@1@-a+12) + (4S@d@a+12,cx4@1@-a+12) + (4S@d@a+12,cx4@1@-a+12) + (4S@p@-a+6,cx4@0@a,4S@p@-a+6,cx4@0@a,4S@p@-a+6,cx4@0@a,4S@p@-a+6,cx4@0@a) + (4S@p@-a+6,cx4@0@a,4S@p@-a+6,cx4@0@a,cx4@1@-a+12,cx4@0@a) + (4S@p@-a+6,cx4@0@a,4S@p@-a+6,cx4@0@a,cx4@1@-a+12,cx4@0@a)  P=1 α∈[[0.0, 90.0]]  checks 5/5 pass
[14:06:45]   ctrnact-mixed-family-k4-450: (4,cx4@0@a,4S@p@-a+6,cx4@0@a,cx4@1@-a+12) + (4S@d@a+12,cx4@1@-a+12) + (4S@d@a+12,cx4@1@-a+12) + (4S@d@a+12,cx4@1@-a+12) + (4S@d@a+12,cx4@1@-a+12) + (4S@d@a+12,cx4@1@-a+12) + (4S@d@a+12,cx4@1@-a+12) + (4S@d@a+12,cx4@1@-a+12) + (4S@d@a+12,cx8@0@-a+12) + (4S@p@-a+6,cx4@0@a,4S@p@-a+6,cx4@0@a,4S@p@-a+6,cx8@1@a+6) + (4S@p@-a+6,cx4@0@a,4S@p@-a+6,cx4@0@a,cx4@1@-a+12,cx4@0@a) + (4S@p@-a+6,cx4@0@a,4S@p@-a+6,cx4@0@a,cx4@1@-a+12,cx4@0@a)  P=1 α∈[[0.0, 90.0]]  checks 5/5 pass
[14:06:45]   ctrnact-mixed-family-k4-451: (4,cx4@0@a,4S@p@-a+6,cx4@0@a,cx4@1@-a+12) + (4,cx4@0@a,4S@p@-a+6,cx4@0@a,cx4@1@-a+12) + (4S@d@a+12,cx4@1@-a+12) + (4S@d@a+12,cx4@1@-a+12) + (4S@d@a+12,cx4@1@-a+12) + (4S@d@a+12,cx4@1@-a+12) + (4S@d@a+12,cx4@1@-a+12) + (4S@d@a+12,cx4@1@-a+12) + (4S@p@-a+6,cx4@0@a,4S@p@-a+6,cx4@0@a,cx4@1@-a+12,cx4@0@a) + (4S@p@-a+6,cx4@0@a,4S@p@-a+6,cx4@0@a,cx4@1@-a+12,cx4@0@a)  P=1 α∈[[0.0, 90.0]]  checks 5/5 pass
[14:06:45]   ctrnact-mixed-family-k4-452: (4,4,cx4@0@a,cx4@1@-a+12) + (4,cx4@0@a,4S@p@-a+6,cx4@0@a,cx4@1@-a+12) + (4,cx4@0@a,4S@p@-a+6,cx4@0@a,cx4@1@-a+12) + (4S@d@a+12,cx4@1@-a+12) + (4S@d@a+12,cx4@1@-a+12) + (4S@d@a+12,cx4@1@-a+12) + (4S@d@a+12,cx4@1@-a+12) + (4S@p@-a+6,cx4@0@a,4S@p@-a+6,cx4@0@a,cx4@1@-a+12,cx4@0@a)  P=1 α∈[[0.0, 90.0]]  checks 5/5 pass
[14:06:45]   ctrnact-mixed-family-k4-453: (4,4,cx4@0@a,cx4@1@-a+12) + (4,4,cx4@0@a,cx4@1@-a+12) + (4,cx4@0@a,4S@p@-a+6,cx4@0@a,cx4@1@-a+12) + (4,cx4@0@a,4S@p@-a+6,cx4@0@a,cx4@1@-a+12) + (4S@d@a+12,cx4@1@-a+12) + (4S@d@a+12,cx4@1@-a+12)  P=1 α∈[[0.0, 90.0]]  checks 5/5 pass
[14:06:45]   ctrnact-mixed-family-k4-454: (4,4,4S@p@a,cx4@1@-a+12) + (4,4,cx4@0@a,cx4@1@-a+12) + (4,4S@d@-a+18,cx4@0@a) + (4,cx4@0@a,4S@p@-a+6,cx4@0@a,cx4@1@-a+12) + (4S@d@a+12,cx4@1@-a+12)  P=1 α∈[[0.0, 90.0]]  checks 5/5 pass
[14:06:45]   ctrnact-mixed-family-k4-455: (4,4,4,4) + (4,4,cx4@0@a,cx4@1@-a+12) + (4,4,cx4@0@a,cx4@1@-a+12) + (4,cx4@0@a,4S@p@-a+6,cx4@0@a,cx4@1@-a+12) + (4S@d@a+12,cx4@1@-a+12)  P=1 α∈[[0.0, 90.0]]  checks 5/5 pass
[14:06:45]   ctrnact-mixed-family-k4-456: (4,cx4@0@a,4S@p@-a+6,cx4@0@a,cx4@1@-a+12) + (4,cx4@0@a,4S@p@-a+6,cx4@0@a,cx4@1@-a+12) + (4,cx4@0@a,4S@p@-a+6,cx4@0@a,cx8@0@-a+12) + (4,cx4@1@-a+12,cx8@1@a+6) + (4S@d@a+12,cx4@1@-a+12) + (4S@d@a+12,cx4@1@-a+12) + (4S@d@a+12,cx4@1@-a+12)  P=1 α∈[[0.0, 90.0]]  checks 5/5 pass
[14:06:45]   ctrnact-mixed-family-k4-457: (4,cx4@0@a,4S@p@-a+6,cx4@0@a,cx4@1@-a+12) + (4,cx4@0@a,4S@p@-a+6,cx4@0@a,cx8@0@-a+12) + (4,cx4@1@-a+12,cx8@1@a+6) + (4,cx8@0@-a+12,cx8@1@a+6) + (4S@d@a+12,cx4@1@-a+12) + (4S@d@a+12,cx4@1@-a+12)  P=1 α∈[[0.0, 90.0]]  checks 5/5 pass
[14:06:45]   ctrnact-mixed-family-k4-458: (3,8S@d@20) + (3,8S@d@20) + (3,8S@p@1,3,cx4@0@-a+9,cx4@0@a,4S@p@-a+6,cx4@0@a) + (3,8S@p@1,3,cx4@1@-a+12,cx4@1@a+3) + (4S@d@a+12,cx4@1@-a+12) + (4S@d@a+12,cx4@1@-a+12) + (4S@p@-a+6,cx4@0@a,8,cx4@0@-a+9,cx4@0@a) + (8,cx4@1@-a+12,cx4@1@a+3)  P=1 α∈[[0.0, 90.0]]  checks 5/5 pass
[14:06:45]   ctrnact-mixed-family-k4-459: (4S@d@a+12,cx4@1@-a+12) + (4S@p@-a+6,cx4@0@a,8,cx4@0@-a+9,cx4@0@a) + (8,cx4@0@-a+9,cx8@1@a+6) + (8,cx4@1@-a+12,cx4@1@a+3) + (8,cx4@1@a+3,cx8@0@-a+12)  P=1 α∈[[0.0, 90.0]]  checks 5/5 pass
[14:06:45]   ctrnact-mixed-family-k4-460: (4S@d@16,cx4@1@8) + (4S@p@2,cx4@0@4,cx4@1@-a+12,cx8@0@a+2,cx4@0@4) + (cx4@0@a,cx4@1@8,cx8@1@-a+16) + (cx4@0@a,cx8@0@8,cx8@1@-a+16) + (cx4@1@-a+12,cx8@0@a+2,cx8@1@10)  P=1 α∈[[60.0, 150.0]]  checks 5/5 pass
[14:06:45]   ctrnact-mixed-family-k4-461: (4,cx4@0@a,4S@p@-a+6,cx4@0@a,cx8@0@-a+12) + (4,cx4@1@-a+12,cx8@1@a+6) + (4,cx8@0@-a+12,cx8@1@a+6) + (4,cx8@0@-a+12,cx8@1@a+6) + (4S@d@a+12,cx4@1@-a+12)  P=1 α∈[[0.0, 90.0]]  checks 5/5 pass
[14:06:45]   ctrnact-mixed-family-k4-462: (4S@d@a+12,cx4@1@-a+12) + (4S@d@a+12,cx4@1@-a+12) + (4S@d@a+12,cx4@1@-a+12) + (4S@d@a+12,cx4@1@-a+12) + (4S@d@a+12,cx4@1@-a+12) + (4S@d@a+12,cx8@0@-a+12) + (4S@d@a+12,cx8@0@-a+12) + (4S@p@-a+6,cx4@0@a,4S@p@-a+6,cx4@0@a,4S@p@-a+6,cx4@0@a,4S@p@-a+6,cx4@0@a) + (4S@p@-a+6,cx4@0@a,4S@p@-a+6,cx4@0@a,4S@p@-a+6,cx8@1@a+6) + (4S@p@-a+6,cx4@0@a,4S@p@-a+6,cx4@0@a,4S@p@-a+6,cx8@1@a+6) + (4S@p@-a+6,cx8@1@a+6,4S@p@-a+6,cx8@1@a+6)  P=1 α∈[[0.0, 90.0]]  checks 5/5 pass
[14:06:45]   ctrnact-mixed-family-k4-463: (4S@d@a+12,cx4@1@-a+12) + (4S@d@a+12,cx4@1@-a+12) + (4S@d@a+12,cx4@1@-a+12) + (4S@d@a+12,cx8@0@-a+12) + (4S@d@a+12,cx8@0@-a+12) + (4S@p@-a+6,cx4@0@a,4S@p@-a+6,cx4@0@a,4S@p@-a+6,cx4@0@a,4S@p@-a+6,cx4@0@a) + (4S@p@-a+6,cx4@0@a,4S@p@-a+6,cx4@0@a,4S@p@-a+6,cx8@1@a+6) + (4S@p@-a+6,cx8@1@a+6,4S@p@-a+6,cx8@1@a+6) + (4S@p@-a+6,cx8@1@a+6,4S@p@-a+6,cx8@1@a+6)  P=1 α∈[[0.0, 90.0]]  checks 5/5 pass
[14:06:45]   ctrnact-mixed-family-k4-464: (4S@d@a+12,cx4@1@-a+12) + (4S@d@a+12,cx4@1@-a+12) + (4S@d@a+12,cx4@1@-a+12) + (4S@d@a+12,cx4@1@-a+12) + (4S@d@a+12,cx4@1@-a+12) + (4S@d@a+12,cx8@0@-a+12) + (4S@p@-a+6,cx4@0@a,4S@p@-a+6,cx4@0@a,4S@p@-a+6,cx4@0@a,4S@p@-a+6,cx4@0@a) + (4S@p@-a+6,cx4@0@a,4S@p@-a+6,cx4@0@a,4S@p@-a+6,cx4@0@a,4S@p@-a+6,cx4@0@a) + (4S@p@-a+6,cx4@0@a,4S@p@-a+6,cx4@0@a,4S@p@-a+6,cx8@1@a+6) + (4S@p@-a+6,cx8@1@a+6,4S@p@-a+6,cx8@1@a+6)  P=1 α∈[[0.0, 90.0]]  checks 5/5 pass
[14:06:45]   ctrnact-mixed-family-k4-465: (4S@d@a+12,cx4@1@-a+12) + (4S@d@a+12,cx4@1@-a+12) + (4S@d@a+12,cx4@1@-a+12) + (4S@d@a+12,cx4@1@-a+12) + (4S@d@a+12,cx8@0@-a+12) + (4S@p@-a+6,cx4@0@a,4S@p@-a+6,cx4@0@a,4S@p@-a+6,cx4@0@a,4S@p@-a+6,cx4@0@a) + (4S@p@-a+6,cx4@0@a,4S@p@-a+6,cx4@0@a,4S@p@-a+6,cx4@0@a,4S@p@-a+6,cx4@0@a) + (4S@p@-a+6,cx4@0@a,4S@p@-a+6,cx4@0@a,4S@p@-a+6,cx8@1@a+6) + (4S@p@-a+6,cx8@1@a+6,4S@p@-a+6,cx8@1@a+6)  P=1 α∈[[0.0, 90.0]]  checks 5/5 pass
[14:06:45]   ctrnact-mixed-family-k4-466: (4S@d@a+12,cx4@1@-a+12) + (4S@d@a+12,cx4@1@-a+12) + (4S@d@a+12,cx4@1@-a+12) + (4S@d@a+12,cx4@1@-a+12) + (4S@d@a+12,cx4@1@-a+12) + (4S@d@a+12,cx4@1@-a+12) + (4S@d@a+12,cx4@1@-a+12) + (4S@d@a+12,cx4@1@-a+12) + (4S@d@a+12,cx8@0@-a+12) + (4S@d@a+12,cx8@0@-a+12) + (4S@p@-a+6,cx4@0@a,4S@p@-a+6,cx4@0@a,4S@p@-a+6,cx4@0@a,4S@p@-a+6,cx4@0@a) + (4S@p@-a+6,cx4@0@a,4S@p@-a+6,cx4@0@a,4S@p@-a+6,cx8@1@a+6) + (4S@p@-a+6,cx4@0@a,4S@p@-a+6,cx4@0@a,4S@p@-a+6,cx8@1@a+6) + (4S@p@-a+6,cx4@0@a,4S@p@-a+6,cx4@0@a,4S@p@-a+6,cx8@1@a+6)  P=1 α∈[[0.0, 90.0]]  checks 5/5 pass
[14:06:45]   ctrnact-mixed-family-k4-467: (4S@d@a+12,cx4@1@-a+12) + (4S@d@a+12,cx4@1@-a+12) + (4S@d@a+12,cx4@1@-a+12) + (4S@d@a+12,cx4@1@-a+12) + (4S@d@a+12,cx4@1@-a+12) + (4S@d@a+12,cx4@1@-a+12) + (4S@d@a+12,cx8@0@-a+12) + (4S@p@-a+6,cx4@0@a,4S@p@-a+6,cx4@0@a,4S@p@-a+6,cx4@0@a,4S@p@-a+6,cx4@0@a) + (4S@p@-a+6,cx4@0@a,4S@p@-a+6,cx4@0@a,4S@p@-a+6,cx4@0@a,4S@p@-a+6,cx4@0@a) + (4S@p@-a+6,cx4@0@a,4S@p@-a+6,cx4@0@a,4S@p@-a+6,cx8@1@a+6) + (4S@p@-a+6,cx4@0@a,4S@p@-a+6,cx4@0@a,4S@p@-a+6,cx8@1@a+6)  P=1 α∈[[0.0, 90.0]]  checks 5/5 pass
[14:06:45]   ctrnact-mixed-family-k4-468: (4S@d@a+12,cx4@1@-a+12) + (4S@d@a+12,cx4@1@-a+12) + (4S@d@a+12,cx8@0@-a+12) + (4S@d@a+12,cx8@0@-a+12) + (4S@p@-a+6,cx4@0@a,4S@p@-a+6,cx4@0@a,4S@p@-a+6,cx4@0@a,4S@p@-a+6,cx4@0@a) + (4S@p@-a+6,cx4@0@a,4S@p@-a+6,cx4@0@a,4S@p@-a+6,cx8@1@a+6) + (4S@p@-a+6,cx8@1@a+6,4S@p@-a+6,cx8@1@a+6) + (4S@p@-a+6,cx8@1@a+6,4S@p@-a+6,cx8@1@a+6)  P=1 α∈[[0.0, 90.0]]  checks 5/5 pass
[14:06:45]   ctrnact-mixed-family-k4-469: (4S@d@a+12,cx4@1@-a+12) + (4S@d@a+12,cx4@1@-a+12) + (4S@d@a+12,cx8@0@-a+12) + (4S@d@a+12,cx8@0@-a+12) + (4S@d@a+12,cx8@0@-a+12) + (4S@p@-a+6,cx4@0@a,4S@p@-a+6,cx4@0@a,4S@p@-a+6,cx8@1@a+6) + (4S@p@-a+6,cx4@0@a,4S@p@-a+6,cx4@0@a,4S@p@-a+6,cx8@1@a+6) + (4S@p@-a+6,cx8@1@a+6,4S@p@-a+6,cx8@1@a+6) + (4S@p@-a+6,cx8@1@a+6,4S@p@-a+6,cx8@1@a+6)  P=1 α∈[[0.0, 90.0]]  checks 5/5 pass
[14:06:45]   ctrnact-mixed-family-k4-470: (4S@d@a+12,cx4@1@-a+12) + (4S@d@a+12,cx4@1@-a+12) + (4S@d@a+12,cx4@1@-a+12) + (4S@d@a+12,cx4@1@-a+12) + (4S@d@a+12,cx8@0@-a+12) + (4S@d@a+12,cx8@0@-a+12) + (4S@d@a+12,cx8@0@-a+12) + (4S@d@a+12,cx8@0@-a+12) + (4S@p@-a+6,cx4@0@a,4S@p@-a+6,cx4@0@a,4S@p@-a+6,cx4@0@a,4S@p@-a+6,cx4@0@a) + (4S@p@-a+6,cx4@0@a,4S@p@-a+6,cx4@0@a,4S@p@-a+6,cx8@1@a+6) + (4S@p@-a+6,cx4@0@a,4S@p@-a+6,cx4@0@a,4S@p@-a+6,cx8@1@a+6) + (4S@p@-a+6,cx8@1@a+6,4S@p@-a+6,cx8@1@a+6)  P=1 α∈[[0.0, 90.0]]  checks 5/5 pass
[14:06:45]   ctrnact-mixed-family-k4-471: (4S@d@a+12,cx4@1@-a+12) + (4S@d@a+12,cx4@1@-a+12) + (4S@d@a+12,cx4@1@-a+12) + (4S@d@a+12,cx4@1@-a+12) + (4S@d@a+12,cx8@0@-a+12) + (4S@d@a+12,cx8@0@-a+12) + (4S@p@-a+6,cx4@0@a,4S@p@-a+6,cx4@0@a,4S@p@-a+6,cx4@0@a,4S@p@-a+6,cx4@0@a) + (4S@p@-a+6,cx4@0@a,4S@p@-a+6,cx4@0@a,4S@p@-a+6,cx8@1@a+6) + (4S@p@-a+6,cx4@0@a,4S@p@-a+6,cx4@0@a,4S@p@-a+6,cx8@1@a+6) + (4S@p@-a+6,cx8@1@a+6,4S@p@-a+6,cx8@1@a+6)  P=1 α∈[[0.0, 90.0]]  checks 5/5 pass
[14:06:45]   ctrnact-mixed-family-k4-472: (4S@d@a+12,cx4@1@-a+12) + (4S@d@a+12,cx4@1@-a+12) + (4S@d@a+12,cx4@1@-a+12) + (4S@d@a+12,cx4@1@-a+12) + (4S@d@a+12,cx8@0@-a+12) + (4S@d@a+12,cx8@0@-a+12) + (4S@p@-a+6,cx4@0@a,4S@p@-a+6,cx4@0@a,4S@p@-a+6,cx4@0@a,4S@p@-a+6,cx4@0@a) + (4S@p@-a+6,cx4@0@a,4S@p@-a+6,cx4@0@a,4S@p@-a+6,cx8@1@a+6) + (4S@p@-a+6,cx4@0@a,4S@p@-a+6,cx4@0@a,4S@p@-a+6,cx8@1@a+6) + (4S@p@-a+6,cx8@1@a+6,4S@p@-a+6,cx8@1@a+6)  P=1 α∈[[0.0, 90.0]]  checks 5/5 pass
[14:06:45]   ctrnact-mixed-family-k4-473: (4S@d@a+12,cx4@1@-a+12) + (4S@d@a+12,cx4@1@-a+12) + (4S@d@a+12,cx4@1@-a+12) + (4S@d@a+12,cx4@1@-a+12) + (4S@d@a+12,cx8@0@-a+12) + (4S@d@a+12,cx8@0@-a+12) + (4S@p@-a+6,cx4@0@a,4S@p@-a+6,cx4@0@a,4S@p@-a+6,cx4@0@a,4S@p@-a+6,cx4@0@a) + (4S@p@-a+6,cx4@0@a,4S@p@-a+6,cx4@0@a,4S@p@-a+6,cx8@1@a+6) + (4S@p@-a+6,cx4@0@a,4S@p@-a+6,cx4@0@a,4S@p@-a+6,cx8@1@a+6) + (4S@p@-a+6,cx8@1@a+6,4S@p@-a+6,cx8@1@a+6)  P=1 α∈[[0.0, 90.0]]  checks 5/5 pass
[14:06:45]   ctrnact-mixed-family-k4-474: (4S@d@a+12,cx4@1@-a+12) + (4S@d@a+12,cx4@1@-a+12) + (4S@d@a+12,cx4@1@-a+12) + (4S@d@a+12,cx8@0@-a+12) + (4S@d@a+12,cx8@0@-a+12) + (4S@p@-a+6,cx4@0@a,4S@p@-a+6,cx4@0@a,4S@p@-a+6,cx4@0@a,4S@p@-a+6,cx4@0@a) + (4S@p@-a+6,cx4@0@a,4S@p@-a+6,cx4@0@a,4S@p@-a+6,cx8@1@a+6) + (4S@p@-a+6,cx4@0@a,4S@p@-a+6,cx4@0@a,4S@p@-a+6,cx8@1@a+6) + (4S@p@-a+6,cx8@1@a+6,4S@p@-a+6,cx8@1@a+6)  P=1 α∈[[0.0, 90.0]]  checks 5/5 pass
[14:06:45]   ctrnact-mixed-family-k4-475: (4S@d@a+12,cx4@1@-a+12) + (4S@d@a+12,cx8@0@-a+12) + (4S@d@a+12,cx8@0@-a+12) + (4S@d@a+12,cx8@0@-a+12) + (4S@p@-a+6,cx4@0@a,4S@p@-a+6,cx4@0@a,4S@p@-a+6,cx8@1@a+6) + (4S@p@-a+6,cx8@1@a+6,4S@p@-a+6,cx8@1@a+6) + (4S@p@-a+6,cx8@1@a+6,4S@p@-a+6,cx8@1@a+6) + (4S@p@-a+6,cx8@1@a+6,4S@p@-a+6,cx8@1@a+6)  P=1 α∈[[0.0, 90.0]]  checks 5/5 pass
[14:06:45]   ctrnact-mixed-family-k4-476: (4S@d@a+12,cx4@1@-a+12) + (4S@d@a+12,cx4@1@-a+12) + (4S@d@a+12,cx4@1@-a+12) + (4S@d@a+12,cx4@1@-a+12) + (4S@d@a+12,cx4@1@-a+12) + (4S@d@a+12,cx4@1@-a+12) + (4S@d@a+12,cx4@1@-a+12) + (4S@d@a+12,cx4@1@-a+12) + (4S@d@a+12,cx4@1@-a+12) + (4S@d@a+12,cx4@1@-a+12) + (4S@d@a+12,cx4@1@-a+12) + (4S@d@a+12,cx4@1@-a+12) + (4S@d@a+12,cx8@0@-a+12) + (4S@d@a+12,cx8@0@-a+12) + (4S@p@-a+6,cx4@0@a,4S@p@-a+6,cx4@0@a,4S@p@-a+6,cx4@0@a,4S@p@-a+6,cx4@0@a) + (4S@p@-a+6,cx4@0@a,4S@p@-a+6,cx4@0@a,4S@p@-a+6,cx4@0@a,4S@p@-a+6,cx4@0@a) + (4S@p@-a+6,cx4@0@a,4S@p@-a+6,cx4@0@a,4S@p@-a+6,cx8@1@a+6) + (4S@p@-a+6,cx4@0@a,4S@p@-a+6,cx4@0@a,4S@p@-a+6,cx8@1@a+6)  P=1 α∈[[0.0, 90.0]]  checks 5/5 pass
[14:06:45]   ctrnact-mixed-family-k4-477: (4S@d@a+12,cx4@1@-a+12) + (4S@d@a+12,cx4@1@-a+12) + (4S@d@a+12,cx4@1@-a+12) + (4S@d@a+12,cx4@1@-a+12) + (4S@d@a+12,cx4@1@-a+12) + (4S@d@a+12,cx4@1@-a+12) + (4S@d@a+12,cx4@1@-a+12) + (4S@d@a+12,cx4@1@-a+12) + (4S@d@a+12,cx4@1@-a+12) + (4S@d@a+12,cx4@1@-a+12) + (4S@d@a+12,cx8@0@-a+12) + (4S@d@a+12,cx8@0@-a+12) + (4S@p@-a+6,cx4@0@a,4S@p@-a+6,cx4@0@a,4S@p@-a+6,cx4@0@a,4S@p@-a+6,cx4@0@a) + (4S@p@-a+6,cx4@0@a,4S@p@-a+6,cx4@0@a,4S@p@-a+6,cx4@0@a,4S@p@-a+6,cx4@0@a) + (4S@p@-a+6,cx4@0@a,4S@p@-a+6,cx4@0@a,4S@p@-a+6,cx8@1@a+6) + (4S@p@-a+6,cx4@0@a,4S@p@-a+6,cx4@0@a,4S@p@-a+6,cx8@1@a+6)  P=1 α∈[[0.0, 90.0]]  checks 5/5 pass
[14:06:45]   ctrnact-mixed-family-k4-478: (4S@d@a+12,cx4@1@-a+12) + (4S@d@a+12,cx4@1@-a+12) + (4S@d@a+12,cx4@1@-a+12) + (4S@d@a+12,cx4@1@-a+12) + (4S@d@a+12,cx4@1@-a+12) + (4S@d@a+12,cx4@1@-a+12) + (4S@d@a+12,cx4@1@-a+12) + (4S@d@a+12,cx4@1@-a+12) + (4S@d@a+12,cx4@1@-a+12) + (4S@d@a+12,cx4@1@-a+12) + (4S@d@a+12,cx4@1@-a+12) + (4S@d@a+12,cx8@0@-a+12) + (4S@p@-a+6,cx4@0@a,4S@p@-a+6,cx4@0@a,4S@p@-a+6,cx4@0@a,4S@p@-a+6,cx4@0@a) + (4S@p@-a+6,cx4@0@a,4S@p@-a+6,cx4@0@a,4S@p@-a+6,cx4@0@a,4S@p@-a+6,cx4@0@a) + (4S@p@-a+6,cx4@0@a,4S@p@-a+6,cx4@0@a,4S@p@-a+6,cx4@0@a,4S@p@-a+6,cx4@0@a) + (4S@p@-a+6,cx4@0@a,4S@p@-a+6,cx4@0@a,4S@p@-a+6,cx8@1@a+6)  P=1 α∈[[0.0, 90.0]]  checks 5/5 pass
[14:06:45]   ctrnact-mixed-family-k4-479: (4S@d@a+12,cx4@1@-a+12) + (4S@d@a+12,cx4@1@-a+12) + (4S@d@a+12,cx4@1@-a+12) + (4S@d@a+12,cx4@1@-a+12) + (4S@d@a+12,cx4@1@-a+12) + (4S@d@a+12,cx4@1@-a+12) + (4S@d@a+12,cx8@0@-a+12) + (4S@d@a+12,cx8@0@-a+12) + (4S@d@a+12,cx8@0@-a+12) + (4S@d@a+12,cx8@0@-a+12) + (4S@p@-a+6,cx4@0@a,4S@p@-a+6,cx4@0@a,4S@p@-a+6,cx8@1@a+6) + (4S@p@-a+6,cx4@0@a,4S@p@-a+6,cx4@0@a,4S@p@-a+6,cx8@1@a+6) + (4S@p@-a+6,cx4@0@a,4S@p@-a+6,cx4@0@a,4S@p@-a+6,cx8@1@a+6) + (4S@p@-a+6,cx8@1@a+6,4S@p@-a+6,cx8@1@a+6)  P=1 α∈[[0.0, 90.0]]  checks 5/5 pass
[14:06:45]   ctrnact-mixed-family-k4-480: (4S@d@a+12,cx4@1@-a+12) + (4S@d@a+12,cx4@1@-a+12) + (4S@d@a+12,cx4@1@-a+12) + (4S@d@a+12,cx4@1@-a+12) + (4S@d@a+12,cx4@1@-a+12) + (4S@d@a+12,cx8@0@-a+12) + (4S@d@a+12,cx8@0@-a+12) + (4S@d@a+12,cx8@0@-a+12) + (4S@d@a+12,cx8@0@-a+12) + (4S@p@-a+6,cx4@0@a,4S@p@-a+6,cx4@0@a,4S@p@-a+6,cx4@0@a,4S@p@-a+6,cx4@0@a) + (4S@p@-a+6,cx4@0@a,4S@p@-a+6,cx4@0@a,4S@p@-a+6,cx8@1@a+6) + (4S@p@-a+6,cx4@0@a,4S@p@-a+6,cx4@0@a,4S@p@-a+6,cx8@1@a+6) + (4S@p@-a+6,cx8@1@a+6,4S@p@-a+6,cx8@1@a+6)  P=1 α∈[[0.0, 90.0]]  checks 5/5 pass
[14:06:45]   ctrnact-mixed-family-k4-481: (4S@d@a+12,cx4@1@-a+12) + (4S@d@a+12,cx4@1@-a+12) + (4S@d@a+12,cx4@1@-a+12) + (4S@d@a+12,cx4@1@-a+12) + (4S@d@a+12,cx4@1@-a+12) + (4S@d@a+12,cx8@0@-a+12) + (4S@p@-a+6,cx4@0@a,4S@p@-a+6,cx4@0@a,cx4@1@-a+12,cx4@0@a) + (4S@p@-a+6,cx4@0@a,4S@p@-a+6,cx4@0@a,cx4@1@-a+12,cx4@0@a) + (4S@p@-a+6,cx4@0@a,cx4@1@-a+12,cx8@1@a+6) + (4S@p@-a+6,cx4@0@a,cx8@0@-a+12,cx8@1@a+6)  P=1 α∈[[0.0, 90.0]]  checks 5/5 pass
[14:06:45]   ctrnact-mixed-family-k4-482: (4S@d@a+12,cx4@1@-a+12) + (4S@d@a+12,cx4@1@-a+12) + (4S@d@a+12,cx4@1@-a+12) + (4S@d@a+12,cx4@1@-a+12) + (4S@d@a+12,cx4@1@-a+12) + (4S@d@a+12,cx8@0@-a+12) + (4S@p@-a+6,cx4@0@a,4S@p@-a+6,cx4@0@a,cx4@1@-a+12,cx4@0@a) + (4S@p@-a+6,cx4@0@a,4S@p@-a+6,cx4@0@a,cx8@0@-a+12,cx4@0@a) + (4S@p@-a+6,cx4@0@a,cx4@1@-a+12,cx8@1@a+6) + (4S@p@-a+6,cx4@0@a,cx4@1@-a+12,cx8@1@a+6)  P=1 α∈[[0.0, 90.0]]  checks 5/5 pass
[14:06:45]   ctrnact-mixed-family-k4-483: (4,cx4@0@a,4S@p@-a+6,cx4@0@a,cx4@1@-a+12) + (4,cx4@0@a,4S@p@-a+6,cx4@0@a,cx4@1@-a+12) + (4S@d@a+12,cx4@1@-a+12) + (4S@d@a+12,cx4@1@-a+12) + (4S@d@a+12,cx4@1@-a+12) + (4S@d@a+12,cx8@0@-a+12) + (4S@p@-a+6,cx4@0@a,cx4@1@-a+12,cx8@1@a+6) + (4S@p@-a+6,cx4@0@a,cx8@0@-a+12,cx8@1@a+6)  P=1 α∈[[0.0, 90.0]]  checks 5/5 pass
[14:06:45]   ctrnact-mixed-family-k4-484: (4,cx4@0@a,4S@p@-a+6,cx4@0@a,cx4@1@-a+12) + (4S@d@a+12,cx4@1@-a+12) + (4S@d@a+12,cx4@1@-a+12) + (4S@d@a+12,cx8@0@-a+12) + (4S@d@a+12,cx8@0@-a+12) + (4S@d@a+12,cx8@0@-a+12) + (4S@p@-a+6,cx4@0@a,cx4@1@-a+12,cx8@1@a+6) + (4S@p@-a+6,cx4@0@a,cx8@0@-a+12,cx8@1@a+6) + (4S@p@-a+6,cx8@1@a+6,4S@p@-a+6,cx8@1@a+6)  P=1 α∈[[0.0, 90.0]]  checks 5/5 pass
[14:06:45]   ctrnact-mixed-family-k4-485: (4S@d@a+12,cx4@1@-a+12) + (4S@d@a+12,cx4@1@-a+12) + (4S@d@a+12,cx8@0@-a+12) + (4S@d@a+12,cx8@0@-a+12) + (4S@d@a+12,cx8@0@-a+12) + (4S@p@-a+6,cx4@0@a,cx4@1@-a+12,cx8@1@a+6) + (4S@p@-a+6,cx4@0@a,cx4@1@-a+12,cx8@1@a+6) + (4S@p@-a+6,cx4@0@a,cx8@0@-a+12,cx8@1@a+6) + (4S@p@-a+6,cx4@0@a,cx8@0@-a+12,cx8@1@a+6)  P=1 α∈[[0.0, 90.0]]  checks 5/5 pass
[14:06:45]   ctrnact-mixed-family-k4-486: (4,cx8@0@-a+12,cx8@1@a+6) + (4S@d@a+12,cx4@1@-a+12) + (4S@d@a+12,cx4@1@-a+12) + (4S@d@a+12,cx4@1@-a+12) + (4S@d@a+12,cx8@0@-a+12) + (4S@d@a+12,cx8@0@-a+12) + (4S@p@-a+6,cx4@0@a,4S@p@-a+6,cx4@0@a,4S@p@-a+6,cx8@1@a+6) + (4S@p@-a+6,cx4@0@a,cx4@1@-a+12,cx8@1@a+6) + (4S@p@-a+6,cx4@0@a,cx8@0@-a+12,cx8@1@a+6)  P=1 α∈[[0.0, 90.0]]  checks 5/5 pass
[14:06:45]   ctrnact-mixed-family-k4-487: (4S@d@a+12,cx4@1@-a+12) + (4S@d@a+12,cx4@1@-a+12) + (4S@d@a+12,cx4@1@-a+12) + (4S@d@a+12,cx4@1@-a+12) + (4S@d@a+12,cx4@1@-a+12) + (4S@d@a+12,cx8@0@-a+12) + (4S@d@a+12,cx8@0@-a+12) + (4S@d@a+12,cx8@0@-a+12) + (4S@p@-a+6,cx4@0@a,4S@p@-a+6,cx4@0@a,4S@p@-a+6,cx8@1@a+6) + (4S@p@-a+6,cx4@0@a,4S@p@-a+6,cx4@0@a,4S@p@-a+6,cx8@1@a+6) + (4S@p@-a+6,cx4@0@a,cx4@1@-a+12,cx8@1@a+6) + (4S@p@-a+6,cx4@0@a,cx8@0@-a+12,cx8@1@a+6)  P=1 α∈[[0.0, 90.0]]  checks 5/5 pass
[14:06:45]   ctrnact-mixed-family-k4-488: (4S@d@a+12,cx4@1@-a+12) + (4S@d@a+12,cx4@1@-a+12) + (4S@d@a+12,cx4@1@-a+12) + (4S@d@a+12,cx4@1@-a+12) + (4S@d@a+12,cx4@1@-a+12) + (4S@d@a+12,cx8@0@-a+12) + (4S@d@a+12,cx8@0@-a+12) + (4S@d@a+12,cx8@0@-a+12) + (4S@p@-a+6,cx4@0@a,4S@p@-a+6,cx4@0@a,4S@p@-a+6,cx8@1@a+6) + (4S@p@-a+6,cx4@0@a,4S@p@-a+6,cx4@0@a,4S@p@-a+6,cx8@1@a+6) + (4S@p@-a+6,cx4@0@a,cx4@1@-a+12,cx8@1@a+6) + (4S@p@-a+6,cx4@0@a,cx8@0@-a+12,cx8@1@a+6)  P=1 α∈[[0.0, 90.0]]  checks 5/5 pass
[14:06:45]   ctrnact-mixed-family-k4-489: (4S@d@a+12,cx4@1@-a+12) + (4S@d@a+12,cx4@1@-a+12) + (4S@d@a+12,cx4@1@-a+12) + (4S@d@a+12,cx4@1@-a+12) + (4S@d@a+12,cx4@1@-a+12) + (4S@d@a+12,cx8@0@-a+12) + (4S@d@a+12,cx8@0@-a+12) + (4S@d@a+12,cx8@0@-a+12) + (4S@p@-a+6,cx4@0@a,4S@p@-a+6,cx4@0@a,4S@p@-a+6,cx8@1@a+6) + (4S@p@-a+6,cx4@0@a,4S@p@-a+6,cx4@0@a,4S@p@-a+6,cx8@1@a+6) + (4S@p@-a+6,cx4@0@a,cx4@1@-a+12,cx8@1@a+6) + (4S@p@-a+6,cx4@0@a,cx8@0@-a+12,cx8@1@a+6)  P=1 α∈[[0.0, 90.0]]  checks 5/5 pass
[14:06:45]   ctrnact-mixed-family-k4-490: (4,cx8@0@-a+12,cx8@1@a+6) + (4S@d@a+12,cx4@1@-a+12) + (4S@d@a+12,cx8@0@-a+12) + (4S@d@a+12,cx8@0@-a+12) + (4S@d@a+12,cx8@0@-a+12) + (4S@p@-a+6,cx4@0@a,cx4@1@-a+12,cx8@1@a+6) + (4S@p@-a+6,cx4@0@a,cx8@0@-a+12,cx8@1@a+6) + (4S@p@-a+6,cx8@1@a+6,4S@p@-a+6,cx8@1@a+6)  P=1 α∈[[0.0, 90.0]]  checks 5/5 pass
[14:06:45]   ctrnact-mixed-family-k4-491: (4S@d@a+12,cx4@1@-a+12) + (4S@d@a+12,cx8@0@-a+12) + (4S@d@a+12,cx8@0@-a+12) + (4S@d@a+12,cx8@0@-a+12) + (4S@d@a+12,cx8@0@-a+12) + (4S@d@a+12,cx8@0@-a+12) + (4S@d@a+12,cx8@0@-a+12) + (4S@p@-a+6,cx4@0@a,cx4@1@-a+12,cx8@1@a+6) + (4S@p@-a+6,cx4@0@a,cx8@0@-a+12,cx8@1@a+6) + (4S@p@-a+6,cx8@1@a+6,4S@p@-a+6,cx8@1@a+6) + (4S@p@-a+6,cx8@1@a+6,4S@p@-a+6,cx8@1@a+6)  P=1 α∈[[0.0, 90.0]]  checks 5/5 pass
[14:06:45]   ctrnact-mixed-family-k4-492: (4S@d@a+12,cx4@1@-a+12) + (4S@d@a+12,cx8@0@-a+12) + (4S@d@a+12,cx8@0@-a+12) + (4S@d@a+12,cx8@0@-a+12) + (4S@d@a+12,cx8@0@-a+12) + (4S@d@a+12,cx8@0@-a+12) + (4S@p@-a+6,cx4@0@a,cx4@1@-a+12,cx8@1@a+6) + (4S@p@-a+6,cx4@0@a,cx8@0@-a+12,cx8@1@a+6) + (4S@p@-a+6,cx8@1@a+6,4S@p@-a+6,cx8@1@a+6) + (4S@p@-a+6,cx8@1@a+6,4S@p@-a+6,cx8@1@a+6)  P=1 α∈[[0.0, 90.0]]  checks 5/5 pass
[14:06:45]   ctrnact-mixed-family-k4-493: (4S@d@a+12,cx4@1@-a+12) + (4S@d@a+12,cx8@0@-a+12) + (4S@d@a+12,cx8@0@-a+12) + (4S@d@a+12,cx8@0@-a+12) + (4S@p@-a+6,cx4@0@a,cx4@1@-a+12,cx8@1@a+6) + (4S@p@-a+6,cx4@0@a,cx8@0@-a+12,cx8@1@a+6) + (4S@p@-a+6,cx8@1@a+6,4S@p@-a+6,cx8@1@a+6) + (4S@p@-a+6,cx8@1@a+6,4S@p@-a+6,cx8@1@a+6)  P=1 α∈[[0.0, 90.0]]  checks 5/5 pass
[14:06:45]   ctrnact-mixed-family-k4-494: (4,cx8@0@-a+12,cx8@1@a+6) + (4,cx8@0@-a+12,cx8@1@a+6) + (4S@d@a+12,cx4@1@-a+12) + (4S@d@a+12,cx8@0@-a+12) + (4S@p@-a+6,cx4@0@a,cx4@1@-a+12,cx8@1@a+6) + (4S@p@-a+6,cx4@0@a,cx8@0@-a+12,cx8@1@a+6)  P=1 α∈[[0.0, 90.0]]  checks 5/5 pass
[14:06:45]   ctrnact-mixed-family-k4-495: (4S@d@a+12,cx4@1@-a+12) + (4S@d@a+12,cx8@0@-a+12) + (4S@d@a+12,cx8@0@-a+12) + (4S@p@-a+6,cx4@0@a,cx4@1@-a+12,cx8@1@a+6) + (4S@p@-a+6,cx4@0@a,cx4@1@-a+12,cx8@1@a+6) + (cx4@0@a,cx4@1@-a+12,cx4@0@a,cx4@1@-a+12) + (cx4@0@a,cx4@1@-a+12,cx4@0@a,cx8@0@-a+12)  P=1 α∈[[0.0, 90.0]]  checks 5/5 pass
[14:06:45]   ctrnact-mixed-family-k4-496: (4S@d@a+12,cx4@1@-a+12) + (4S@d@a+12,cx8@0@-a+12) + (4S@p@-a+6,cx4@0@a,cx4@1@-a+12,cx8@1@a+6) + (4S@p@-a+6,cx4@0@a,cx4@1@-a+12,cx8@1@a+6) + (cx4@0@a,cx4@1@-a+12,cx4@0@a,cx4@1@-a+12) + (cx4@0@a,cx4@1@-a+12,cx4@0@a,cx8@0@-a+12)  P=1 α∈[[0.0, 90.0]]  checks 5/5 pass
[14:06:45]   ctrnact-mixed-family-k4-497: (3,8S@d@20) + (3,8S@d@20) + (3,8S@d@20) + (3,8S@d@20) + (3,8S@p@1,3,cx4@0@-a+9,cx4@0@a,4S@p@-a+6,cx4@0@a) + (3,8S@p@1,3,cx4@0@-a+9,cx8@1@a+6) + (3,8S@p@1,3,cx4@1@-a+12,cx4@1@a+3) + (3,8S@p@1,3,cx4@1@a+3,cx8@0@-a+12) + (4S@d@a+12,cx4@1@-a+12)  P=1 α∈[[0.0, 90.0]]  checks 5/5 pass
[14:06:45]   ctrnact-mixed-family-k4-498: (4S@d@-2a+24,cx4@0@a,cx4@0@a) + (4S@d@-2a+24,cx8@0@2a) + (4S@d@-2a+24,cx8@0@2a) + (4S@d@-2a+24,cx8@0@2a) + (4S@d@-2a+24,cx8@0@2a) + (4S@p@2a-6,cx4@1@-a+12,cx4@0@a,cx8@1@-2a+18) + (4S@p@2a-6,cx8@1@-2a+18,4S@p@2a-6,cx8@1@-2a+18) + (cx4@1@-a+12,cx4@1@-a+12,cx8@0@2a)  P=1 α∈[[45.0, 90.0]]  checks 5/5 pass
[14:06:45]   ctrnact-mixed-family-k4-499: (4S@d@-2a+24,cx4@0@a,cx4@0@a) + (4S@d@-2a+24,cx8@0@2a) + (4S@d@-2a+24,cx8@0@2a) + (4S@p@2a-6,cx4@1@-a+12,cx4@0@a,cx8@1@-2a+18) + (4S@p@2a-6,cx8@1@-2a+18,4S@p@2a-6,cx8@1@-2a+18) + (cx4@1@-a+12,cx4@1@-a+12,cx8@0@2a)  P=1 α∈[[45.0, 90.0]]  checks 5/5 pass
[14:06:45]   ctrnact-mixed-family-k4-500: (3,3,3,4S@p@a-2,cx8@1@-a+14) + (3,3,cx4@1@-a+12,cx8@0@a+4) + (3,4S@d@-a+20,cx4@0@a) + (4S@d@-a+20,cx8@0@a+4) + (4S@d@-a+20,cx8@0@a+4) + (4S@p@a-2,cx4@1@-a+12,cx4@0@a,cx8@1@-a+14)  P=1 α∈[[30.0, 120.0]]  checks 5/5 pass
[14:06:45]   ctrnact-mixed-family-k4-501: (3,3,3,4S@p@a-2,cx8@1@-a+14) + (3,3,cx4@1@-a+12,cx8@0@a+4) + (3,4S@d@-a+20,cx4@0@a) + (4S@d@-a+20,cx8@0@a+4) + (4S@p@a-2,cx4@1@-a+12,cx4@0@a,cx8@1@-a+14)  P=1 α∈[[30.0, 120.0]]  checks 5/5 pass
[14:06:45]   ctrnact-mixed-family-k4-502: (3,3,4,cx6@0@-a+10,cx4@0@a) + (3,4,6S@p@a+2,cx4@1@-a+12) + (4,6S@d@-a+18,cx4@0@a) + (4,cx4@1@-a+12,cx6@1@a+6)  P=1 α∈[[0.0, 90.0]]  checks 5/5 pass
[14:06:45]   ctrnact-mixed-family-k4-503: (3,3,cx4@0@a,cx6@0@-2a+16,cx4@0@a) + (3,cx4@1@-a+12,6S@p@2a-4,cx4@1@-a+12) + (6S@d@-2a+24,cx4@0@a,cx4@0@a) + (cx4@1@-a+12,cx4@1@-a+12,cx6@1@2a)  P=1 α∈[[30.0, 90.0]]  checks 5/5 pass
[14:06:45]   ctrnact-mixed-family-k4-504: (6S@d@-2a+24,cx4@0@a,cx4@0@a) + (6S@p@2a-4,cx4@1@-a+12,cx4@0@4,cx4@1@-a+12) + (cx4@0@a,cx4@1@8,cx4@0@a,cx6@0@-2a+16) + (cx4@1@-a+12,cx4@1@-a+12,cx6@1@2a)  P=1 α∈[[30.0, 90.0]]  checks 5/5 pass
[14:06:45]   ctrnact-mixed-family-k4-505: (6S@d@-2a+24,cx4@0@a,cx4@0@a) + (6S@d@-2a+24,cx6@1@2a) + (6S@p@2a-4,cx4@1@-a+12,cx4@0@a,cx6@0@-2a+16) + (6S@p@2a-4,cx6@0@-2a+16,6S@p@2a-4,cx6@0@-2a+16) + (cx4@1@-a+12,cx4@1@-a+12,cx6@1@2a)  P=1 α∈[[30.0, 90.0]]  checks 5/5 pass
[14:06:45]   ctrnact-mixed-family-k4-506: (3,6S@d@-a+20,cx4@0@a) + (3,6S@p@a,3,cx12@1@-a+16) + (3,cx12@0@a+4,3,cx4@1@-a+12) + (6S@p@a,cx4@1@-a+12,6S@p@a,cx4@1@-a+12)  P=1 α∈[[60.0, 120.0]]  checks 5/5 pass
[14:06:45]   ctrnact-mixed-family-k4-507: (3,6S@d@-a+20,cx4@0@a) + (3,6S@p@a,cx4@1@-a+12,cx4@1@8) + (3,cx4@0@4,cx4@0@4,cx4@0@a,cx4@1@-a+12) + (cx4@1@8,cx4@1@8,cx4@1@8)  P=1 α∈[[0.0, 120.0]]  checks 5/5 pass
[14:06:45]   ctrnact-mixed-family-k4-508: (3,6S@d@-a+20,cx4@0@a) + (3,6S@p@a,cx4@1@-a+12,cx4@0@4,cx4@0@4) + (3,cx4@1@-a+12,cx4@0@a,cx4@1@8) + (cx4@1@8,cx4@1@8,cx4@1@8)  P=1 α∈[[0.0, 120.0]]  checks 5/5 pass
[14:06:45]   ctrnact-mixed-family-k4-509: (3,3,3,6S@p@a,cx4@1@-a+12) + (3,3,3,cx4@0@a,cx6@0@-a+12) + (3,3,cx4@1@-a+12,cx6@1@a+4) + (3,6S@d@-a+20,cx4@0@a)  P=1 α∈[[0.0, 120.0]]  checks 5/5 pass
[14:06:45]   ctrnact-mixed-family-k4-510: (3,3,6S@p@a,cx4@1@-a+12,cx4@0@4) + (3,3,cx4@1@-a+12,cx6@1@a+4) + (3,6S@d@-a+20,cx4@0@a) + (3,cx4@1@8,cx4@0@a,cx6@0@-a+12)  P=1 α∈[[0.0, 120.0]]  checks 5/5 pass
[14:06:45]   ctrnact-mixed-family-k4-511: (3,6S@d@-a+20,cx4@0@a) + (3,6S@p@a,cx4@1@-a+12,cx4@1@8) + (3,cx4@0@4,cx6@1@a+4,cx4@1@-a+12) + (cx4@0@4,cx4@0@a,cx6@0@-a+12,cx4@1@8)  P=1 α∈[[0.0, 120.0]]  checks 5/5 pass
[14:06:45]   ctrnact-mixed-family-k4-512: (3,6,cx4@1@-a+12,6S@p@a) + (3,6,cx6@0@a,cx4@1@-a+12) + (3,6S@d@-a+20,cx4@0@a) + (6,cx4@0@a,cx6@1@-a+16)  P=1 α∈[[60.0, 120.0]]  checks 5/5 pass
[14:06:45]   ctrnact-mixed-family-k4-513: (3,cx4@0@4,3,cx4@0@4,3,cx4@0@4) + (3,cx4@0@a,cx4@1@-a+12,cx4@1@8) + (3,cx4@1@-a+12,6S@p@a,cx4@1@8) + (6S@d@-a+20,cx4@0@4,cx4@0@a)  P=1 α∈[[0.0, 120.0]]  checks 5/5 pass
[14:06:45]   ctrnact-mixed-family-k4-514: (3,3,cx4@0@-a+9,cx6@0@7,cx4@0@a) + (3,cx4@1@-a+12,6S@p@5,cx4@1@a+3) + (6S@d@15,cx4@0@-a+9,cx4@0@a) + (cx4@1@-a+12,cx4@1@a+3,cx6@1@9)  P=1 α∈[[0.0, 135.0]]  checks 5/5 pass
[14:06:45]   ctrnact-mixed-family-k4-515: (6S@d@-a+20,cx4@0@4,cx4@0@a) + (6S@p@a,cx4@1@-a+12,cx4@0@4,cx4@1@8) + (cx4@0@4,cx4@1@8,cx4@0@a,cx6@0@-a+12) + (cx4@1@-a+12,cx4@1@8,cx6@1@a+4)  P=1 α∈[[0.0, 120.0]]  checks 5/5 pass
[14:06:45]   ctrnact-mixed-family-k4-516: (3,6S@d@-a+20,cx4@0@a) + (3,6S@p@a,3,cx12@1@-a+16) + (3,cx12@0@a+4,3,cx4@1@-a+12) + (6S@d@-a+20,cx6@1@a+4) + (6S@p@a,cx4@1@-a+12,6S@p@a,cx6@0@-a+12)  P=1 α∈[[60.0, 120.0]]  checks 5/5 pass
[14:06:45]   ctrnact-mixed-family-k4-517: (3,3,cx4@1@-a+12,cx6@1@a+4) + (3,cx4@0@a,6,cx6@0@-a+12) + (6,cx4@1@-a+12,cx6@1@a+4) + (6S@d@-a+20,cx6@1@a+4) + (6S@p@a,cx6@0@-a+12,cx4@0@a,cx6@0@-a+12)  P=1 α∈[[0.0, 120.0]]  checks 5/5 pass
[14:06:45]   ctrnact-mixed-family-k4-518: (6,cx4@0@a,cx4@0@4,cx6@0@-a+12) + (6,cx4@1@-a+12,cx6@1@a+4) + (6S@d@-a+20,cx6@1@a+4) + (6S@p@a,cx6@0@-a+12,cx4@0@a,cx6@0@-a+12) + (cx4@1@-a+12,cx4@1@8,cx6@1@a+4)  P=1 α∈[[0.0, 120.0]]  checks 5/5 pass
[14:06:45]   ctrnact-mixed-family-k4-519: (3,3,6S@p@a,cx6@1@-a+16) + (3,3,cx6@0@a,cx6@1@-a+16) + (3,6S@d@-a+20,cx6@0@a) + (3,cx6@0@a,3,cx6@1@-a+16)  P=1 α∈[[60.0, 120.0]]  checks 5/5 pass
[14:06:45]   ctrnact-mixed-family-k4-520: (3,6,6S@p@4,6) + (3,6,cx4@0@a,cx4@1@-a+12) + (3,6,cx4@1@-a+12,cx4@0@a) + (3,cx4@0@a,6,cx4@1@-a+12) + (6,6S@d@16)  P=1 α∈[[0.0, 180.0]]  checks 5/5 pass
[14:06:45]   ctrnact-mixed-family-k4-521: (3,6,6S@p@4,6) + (3,6,cx4@1@-a+12,cx4@0@a) + (3,6,cx6@0@a,cx4@1@-a+12) + (6,6S@d@16) + (6,cx4@0@a,cx6@1@-a+16)  P=1 α∈[[60.0, 180.0]]  checks 5/5 pass
[14:06:45]   ctrnact-mixed-family-k4-522: (3,6,6S@p@4,6) + (3,6,cx4@0@a,cx4@1@-a+12) + (3,6,cx6@0@-a+12,cx4@0@a) + (6,6S@d@16) + (6,cx4@1@-a+12,cx6@1@a+4)  P=1 α∈[[0.0, 120.0]]  checks 5/5 pass
[14:06:45]   ctrnact-mixed-family-k4-523: (3,3,3,3,3,3) + (3,3,3,6S@p@a,cx4@1@-a+12) + (3,3,3,cx4@0@a,cx4@1@-a+12) + (3,6S@d@-a+20,cx4@0@a)  P=1 α∈[[0.0, 120.0]]  checks 5/5 pass
[14:06:45]   ctrnact-mixed-family-k4-524: (3,cx4@0@4,6S@p@4,cx4@0@4,6S@p@4,cx4@0@4) + (3,cx4@0@a,cx4@1@-a+12,cx4@1@8) + (3,cx4@1@-a+12,cx4@0@a,cx4@1@8) + (6S@d@16,cx4@1@8) + (6S@d@16,cx4@1@8) + (6S@d@16,cx4@1@8) + (6S@d@16,cx4@1@8) + (6S@p@4,cx4@0@4,cx4@0@a,cx4@1@-a+12,cx4@0@4)  P=1 α∈[[0.0, 180.0]]  checks 5/5 pass
[14:06:45]   ctrnact-mixed-family-k4-525: (3,cx4@0@4,6S@p@4,cx4@0@4,6S@p@4,cx4@0@4) + (3,cx4@0@a,cx4@1@-a+12,cx4@1@8) + (3,cx4@1@-a+12,cx4@0@a,cx4@1@8) + (6S@d@16,cx4@1@8) + (6S@d@16,cx4@1@8) + (6S@d@16,cx4@1@8) + (6S@d@16,cx4@1@8) + (6S@p@4,cx4@0@4,cx4@0@a,cx4@1@-a+12,cx4@0@4)  P=1 α∈[[0.0, 180.0]]  checks 5/5 pass
[14:06:45]   ctrnact-mixed-family-k4-526: (3,cx4@0@4,6S@p@4,cx4@0@4,6S@p@4,cx4@0@4) + (3,cx4@0@a,cx4@1@-a+12,cx4@1@8) + (3,cx4@1@-a+12,cx4@0@a,cx4@1@8) + (6S@d@16,cx4@1@8) + (6S@d@16,cx4@1@8) + (6S@d@16,cx4@1@8) + (6S@d@16,cx4@1@8) + (6S@p@4,cx4@0@4,cx4@0@a,cx4@1@-a+12,cx4@0@4)  P=1 α∈[[0.0, 180.0]]  checks 5/5 pass
[14:06:45]   ctrnact-mixed-family-k4-527: (3,3,3,3,3,3) + (3,3,3,cx4@0@a,cx4@1@-a+12) + (3,3,3,cx4@0@a,cx4@1@-a+12) + (3,cx4@0@a,6S@p@-a+8,cx4@0@a,cx4@1@-a+12) + (6S@d@a+12,cx4@1@-a+12)  P=1 α∈[[0.0, 120.0]]  checks 5/5 pass
[14:06:45]   ctrnact-mixed-family-k4-528: (3,3S@d@-a+20,cx4@0@a) + (3,3S@p@a-4,cx4@1@-a+12,cx4@0@a,cx4@1@-a+12) + (3,cx4@0@a,cx4@1@8,cx4@1@-a+12) + (6S@d@16,cx4@1@8) + (6S@p@4,cx4@0@4,cx4@0@a,cx4@1@-a+12,cx4@0@4)  P=1 α∈[[60.0, 120.0]]  checks 5/5 pass
[14:06:45]   ctrnact-mixed-family-k4-529: (3,3,3,cx4@0@a,cx4@1@-a+12) + (3,3,cx4@0@a,3,cx4@1@-a+12) + (3,cx4@0@a,cx4@1@8,cx4@1@-a+12) + (6S@d@16,cx4@1@8) + (6S@p@4,cx4@0@4,cx4@0@a,cx4@1@-a+12,cx4@0@4)  P=1 α∈[[0.0, 180.0]]  checks 5/5 pass
[14:06:45]   ctrnact-mixed-family-k4-530: (3,3,3,cx4@0@a,cx4@1@-a+12) + (3,cx4@0@a,cx4@1@8,cx4@1@-a+12) + (6S@d@16,cx4@1@8) + (6S@p@4,cx4@0@4,cx4@0@a,cx4@1@-a+12,cx4@0@4) + (cx4@0@a,cx4@1@-a+12,cx4@0@a,cx4@1@-a+12)  P=1 α∈[[0.0, 180.0]]  checks 5/5 pass
[14:06:45]   ctrnact-mixed-family-k4-531: (3,3,3,cx4@0@a,cx4@1@-a+12) + (3,cx4@0@a,cx4@1@8,cx4@1@-a+12) + (6S@d@16,cx4@1@8) + (6S@p@4,cx4@0@4,cx4@0@a,cx4@1@-a+12,cx4@0@4) + (cx4@0@4,cx4@0@a,cx4@1@8,cx4@1@-a+12)  P=1 α∈[[0.0, 180.0]]  checks 5/5 pass
[14:06:45]   ctrnact-mixed-family-k4-532: (3,cx4@0@4,6S@p@4,cx4@0@4,6S@p@4,cx4@0@4) + (3,cx4@0@a,cx4@1@-a+12,cx4@1@8) + (3,cx4@1@-a+12,cx4@0@a,cx4@1@8) + (6S@d@16,cx4@1@8) + (6S@d@16,cx4@1@8) + (6S@d@16,cx4@1@8) + (6S@p@4,cx4@0@4,cx4@0@a,cx4@1@-a+12,cx4@0@4)  P=1 α∈[[0.0, 180.0]]  checks 5/5 pass
[14:06:45]   ctrnact-mixed-family-k4-533: (3,cx4@0@4,6S@p@4,cx4@0@4,6S@p@4,cx4@0@4) + (3,cx4@0@a,cx4@1@-a+12,cx4@1@8) + (3,cx4@1@-a+12,cx4@0@a,cx4@1@8) + (6S@d@16,cx4@1@8) + (6S@d@16,cx4@1@8) + (6S@d@16,cx4@1@8) + (6S@p@4,cx4@0@4,cx4@0@a,cx4@1@-a+12,cx4@0@4)  P=1 α∈[[0.0, 180.0]]  checks 5/5 pass
[14:06:45]   ctrnact-mixed-family-k4-534: (3,cx4@0@4,6S@p@4,cx4@0@4,6S@p@4,cx4@0@4) + (3,cx4@0@a,cx4@1@-a+12,cx4@1@8) + (3,cx4@1@-a+12,cx4@0@a,cx4@1@8) + (6S@d@16,cx4@1@8) + (6S@d@16,cx4@1@8) + (6S@d@16,cx4@1@8) + (6S@p@4,cx4@0@4,cx4@0@a,cx4@1@-a+12,cx4@0@4)  P=1 α∈[[0.0, 180.0]]  checks 5/5 pass
[14:06:45]   ctrnact-mixed-family-k4-535: (3,8S@d@20) + (3,8S@d@20) + (3,8S@p@1,3,cx4@0@-a+9,4,cx4@0@a) + (3,8S@p@1,3,cx4@1@-a+12,cx4@1@a+3) + (4,cx4@1@-a+12,4S@p@3,cx4@1@a+3) + (4S@d@15,cx4@0@-a+9,cx4@0@a)  P=1 α∈[[0.0, 135.0]]  checks 5/5 pass
[14:06:45]   ctrnact-mixed-family-k4-536: (3,8S@d@20) + (3,8S@d@20) + (3,8S@p@1,3,cx4@0@a,cx8@1@-a+15) + (3,8S@p@1,3,cx4@1@-a+12,cx8@0@a+3) + (8,cx4@0@a,cx8@1@-a+15) + (8,cx4@1@-a+12,cx8@0@a+3)  P=1 α∈[[45.0, 135.0]]  checks 5/5 pass
[14:06:46] wrote 536 family records → ../../experiments/results/ctrnact-mixed-families-k4.cells.json  (0 with failing checks)
