[13:51:13] === MIXED (isotoxal+star) family export; tables=tables/isotoxal-star-z24 ===
[13:51:15] k=3: 904 MIXED (cx+star) blocks in run-par-k3-isotoxal-star-z24/out/pruned
[13:51:15]   flexing: (3*d15,3*p1,6)F, (3*d15,3*p1,cx4-60.120@1)F, (3*d15,cx4-60.120@0,3*p1,3)F  (dev 0.0s, primary 3*1)
[13:51:15]   flexing: (3*d14,3*p2,6)F, (3*d14,3*p2,cx4-60.120@1)F, (3*d14,cx4-60.120@0,3*p2,3)F  (dev 0.0s, primary 3*2)
[13:51:15]   flexing: (6*d16,cx4-60.120@1)F, (6*p4,cx4-60.120@0,cx4-60.120@1,3,cx4-60.120@0)F, (cx4-60.120@1,cx4-60.120@0,6,3)F, (cx4-60.120@1,cx4-60.120@0,3,6)F  (dev 0.0s, primary cx4-60.120)
[13:51:15]   flexing: (6*d16,cx4-60.120@0,3)F, (cx4-60.120@1,cx4-60.120@0,6,3)F, (6*p4,cx4-60.120@1,6,3)F  (dev 0.0s, primary cx4-60.120)
[13:51:15]   flexing: (3*d15,cx4-75.105@0,3)F, (cx4-75.105@1,6,cx4-75.105@0,3)F, (3*p1,cx4-75.105@1,3,3*p1,cx4-75.105@1,3)R2  (dev 0.0s, primary cx4-75.105)
[13:51:15]   flexing: (6*d15,cx4-75.105@0,3)F, (cx4-75.105@1,cx4-75.105@0,6,3)F, (6*p5,cx4-75.105@1,6,3)F  (dev 0.0s, primary cx4-75.105)
[13:51:15]   flexing: (4*d15,cx6-105.135@1)F, (4*p3,cx6-105.135@0,4*p3,cx4-75.105@1,3)F, (cx4-75.105@1,6,cx4-75.105@0,3)F, (4*d15,cx4-75.105@0,3)F  (dev 0.0s, primary cx4-75.105)
[13:51:16]   flexing: (3*d15,3*p1,cx4-60.120@1)F, (3*d15,cx4-60.120@0,3*p1,3)F, (3*d15,3,3*p1,3)F  (dev 0.0s, primary 3*1)
[13:51:16]   flexing: (3*d15,3*p1,cx4-60.120@1)F, (3*d15,cx4-60.120@0,3*p1,3)F, (3*d15,3*p1,3,3)F  (dev 0.0s, primary 3*1)
[13:51:16]   flexing: (3*d15,3*p1,cx4-60.120@1)F, (3*d15,cx4-60.120@0,3*p1,3)F, (3*d15,3*p1,3,3)F  (dev 0.0s, primary 3*1)
[13:51:16]   flexing: (3*d14,3*p2,cx4-60.120@1)F, (3*d14,cx4-60.120@0,3*p2,3)F, (3*d14,3,3*p2,3)F  (dev 0.0s, primary 3*2)
[13:51:16]   flexing: (3*d14,3*p2,cx4-60.120@1)F, (3*d14,cx4-60.120@0,3*p2,3)F, (3*d14,3*p2,3,3)F  (dev 0.0s, primary 3*2)
[13:51:16]   flexing: (3*d14,3*p2,cx4-60.120@1)F, (3*d14,cx4-60.120@0,3*p2,3)F, (3*d14,3*p2,3,3)F  (dev 0.0s, primary 3*2)
[13:51:16]   flexing: (6*d16,3,3)F, (6*p4,3,cx4-60.120@1,cx4-60.120@0,3)F, (cx4-60.120@1,3,cx4-60.120@0,3,3)F  (dev 0.0s, primary cx4-60.120)
[13:51:16]   flexing: (6*d16,cx4-60.120@1)F, (6*p4,cx4-60.120@0,cx4-60.120@1,3,cx4-60.120@0)F, (cx4-60.120@1,cx4-60.120@0,3,3,3)F, (cx4-60.120@1,3,cx4-60.120@0,3,3)F  (dev 0.0s, primary cx4-60.120)
[13:51:16]   flexing: (6*d16,cx4-60.120@0,3)F, (cx4-60.120@1,3,cx4-60.120@0,3,3)F, (6*p4,cx4-60.120@1,3,3,3)F  (dev 0.0s, primary cx4-60.120)
[13:51:16]   flexing: (3*d15,cx4-75.105@0,cx4-60.120@0)F, (3*p1,cx4-75.105@1,cx4-60.120@0,3,cx4-60.120@1)F, (cx4-75.105@1,cx4-60.120@1,cx4-75.105@0,3)F  (dev 0.0s, primary cx4-75.105)
[13:51:16]   flexing: (6*d16,cx4-60.120@1)F, (6*p4,cx4-60.120@0,cx4-75.105@1,3*p1,3,cx4-60.120@0)F, (cx4-75.105@1,cx4-75.105@0,cx4-60.120@1,3)F, (3*d15,cx4-75.105@0,3)F  (dev 0.0s, primary cx4-75.105)
[13:51:16]   flexing: (4*d16,cx4-60.120@1)F, (4*p3,cx4-75.105@1,cx4-60.120@0,4*p2,cx4-60.120@0,3)F, (cx4-75.105@1,cx4-75.105@0,cx4-60.120@1,3)F, (4*d15,cx4-75.105@0,3)F  (dev 0.0s, primary cx4-75.105)
[13:51:16]   flexing: (6*d15,cx4-75.105@0,3)F, (cx4-75.105@1,3,cx4-75.105@0,cx4-60.120@0,3)F, (6*p5,cx4-75.105@1,cx4-60.120@1,3)F  (dev 0.0s, primary cx4-75.105)
[13:51:16]   flexing: (6*d15,cx4-75.105@0,cx4-60.120@0)F, (6*p5,cx4-75.105@1,cx4-60.120@0,cx4-60.120@1)F, (cx4-75.105@1,cx4-60.120@1,cx4-75.105@0,3)F  (dev 0.0s, primary cx4-75.105)
[13:51:16]   flexing: (4*d16,cx4-60.120@0,3)F, (cx8-120.150@0,cx4-60.120@0,cx4-60.120@1,3)F, (4*p2,cx4-60.120@1,cx8-120.150@1,3)F  (dev 0.0s, primary cx4-60.120)
[13:51:16]   flexing: (4*d16,3,3)F, (4*p2,3,cx8-120.150@1,cx4-60.120@0,3)F, (cx8-120.150@0,cx4-60.120@1,3,3)F  (dev 0.0s, primary cx4-60.120)
[13:51:16]   flexing: (3*d15,cx4-75.105@0,3)F, (3*p1,cx4-75.105@1,cx4-75.105@0,cx4-75.105@1,3)F, (3*d15,3,3*p1,3)A  (dev 0.0s, primary cx4-75.105)
[13:51:16]   flexing: (3*d15,cx4-75.105@0,3)F, (3*p1,cx4-75.105@1,cx4-75.105@0,cx4-75.105@1,3)F, (3*d15,3,3*p1,3)A  (dev 0.0s, primary cx4-75.105)
[13:51:16]   flexing: (3*d15,cx4-75.105@0,3)F, (cx4-75.105@1,3,cx4-75.105@0,3,3)F, (3*p1,cx4-75.105@1,3,3,3,3)F  (dev 0.0s, primary cx4-75.105)
[13:51:16]   flexing: (3*d15,cx4-75.105@0,3)F, (3*p1,3,3,cx4-75.105@1,3,3)A, (3*d15,3*p1,cx4-75.105@1,3*p1)A  (dev 0.0s, primary cx4-75.105)
[13:51:16]   flexing: (3*d15,cx4-75.105@0,3)F, (3*p1,cx4-75.105@1,3,3,3,3)F, (3,3,3,3,3,3)R6  (dev 0.0s, primary cx4-75.105)
[13:51:16]   flexing: (3*d15,cx4-75.105@0,3)F, (3*p1,cx4-75.105@1,3,3*p1,cx4-75.105@1,3)R2, (3*d15,3,3*p1,3)A  (dev 0.0s, primary cx4-75.105)
[13:51:16]   flexing: (3*d15,cx4-75.105@0,3)F, (3*p1,cx4-75.105@1,3*p1,3,cx4-75.105@1,3)A, (3*d15,3,3*p1,3)A  (dev 0.0s, primary cx4-75.105)
[13:51:16]   flexing: (6*d16,3,3)F, (6*p4,3,cx4-75.105@1,cx4-75.105@0,3)F, (cx4-75.105@1,3,cx4-75.105@0,3,3)F  (dev 0.0s, primary cx4-75.105)
[13:51:16]   flexing: (6*d15,cx4-75.105@0,3)F, (cx4-75.105@1,3,cx4-75.105@0,3,3)F, (6*p5,cx4-75.105@1,3,3,3)F  (dev 0.0s, primary cx4-75.105)
[13:51:16]   flexing: (6*d16,3,3)F, (6*p4,3,cx6-75.165@0,cx4-75.105@1,3)F, (cx6-75.165@1,cx4-75.105@0,3,3)F  (dev 0.0s, primary cx4-75.105)
[13:51:16]   flexing: (3*d15,cx4-75.105@0,3)F, (cx6-105.135@1,3,cx4-75.105@1,3)A, (3*p1,cx4-75.105@1,3*p1,3,cx6-105.135@0,3)A  (dev 0.0s, primary cx4-75.105)
[13:51:16]   flexing: (3*d15,cx6-105.135@1)F, (3*d15,3*p1,cx6-105.135@0,3*p1)F, (3*d15,cx6-105.135@1)F, (3*p1,cx6-105.135@0,cx4-75.105@0,3,cx6-105.135@0)F, (cx6-105.135@1,cx4-75.105@1,3,3)F  (dev 0.0s, primary cx4-75.105)
[13:51:16]   flexing: (3*d15,cx6-105.135@1)F, (3*d15,3*p1,cx6-105.135@0,3*p1)F, (3*d15,cx6-105.135@1)F, (3*p1,cx6-105.135@0,cx4-75.105@0,3,cx6-105.135@0)F, (cx6-105.135@1,cx4-75.105@1,3,3)F  (dev 0.0s, primary cx4-75.105)
[13:51:16]   flexing: (3*d15,cx6-105.135@1)F, (3*p1,cx6-105.135@0,cx6-105.135@1,cx6-105.135@0)F, (3*d15,cx6-105.135@1)F, (3*p1,cx6-105.135@0,3*p1,cx4-75.105@1,3,3)F, (3*d15,cx4-75.105@0,3)F  (dev 0.0s, primary cx4-75.105)
[13:51:16]   flexing: (3*d15,cx6-105.135@1)F, (3*p1,cx6-105.135@0,cx6-105.135@1,cx6-105.135@0)F, (3*d15,cx6-105.135@1)F, (3*p1,cx6-105.135@0,3*p1,cx4-75.105@1,3,3)F, (3*d15,cx4-75.105@0,3)F  (dev 0.0s, primary cx4-75.105)
[13:51:16]   flexing: (6*d16,3,3)F, (6*p4,3,cx6-105.135@0,cx4-75.105@0,3)F, (cx6-105.135@1,cx4-75.105@1,3,3)F  (dev 0.0s, primary cx4-75.105)
[13:51:16]   flexing: (4*d16,3,3)F, (4*p2,3,cx8-105.165@0,cx4-75.105@1,3)F, (cx8-105.165@1,cx4-75.105@0,3,3)F  (dev 0.0s, primary cx4-75.105)
[13:51:16]   flexing: (4*d15,cx4-75.105@0,3)F, (cx8-120.150@0,cx4-75.105@0,cx4-75.105@1,3)F, (4*p3,cx4-75.105@1,cx8-120.150@1,3)F  (dev 0.0s, primary cx4-75.105)
[13:51:16]   flexing: (3*d15,cx12-135.165@0)F, (3*p1,cx12-135.165@1,3*p1,cx4-75.105@1,3)F, (3*d15,cx4-75.105@0,3)F, (3*d15,3,3*p1,3)F  (dev 0.0s, primary cx4-75.105)
[13:51:16]   flexing: (3*d15,cx6-105.135@1)F, (3*p1,cx6-105.135@0,3*p1,cx6-75.165@1,3)F, (3*d15,cx6-75.165@0,3)F, (3*d15,3,3*p1,3)F  (dev 0.0s, primary cx6-75.165)
[13:51:16]   flexing: (3*d15,cx6-105.135@1)F, (3*p1,cx6-105.135@0,cx6-75.165@0,3,cx6-105.135@0)F, (cx6-105.135@1,cx6-75.165@1,3)F, (cx6-105.135@1,3,cx6-105.135@0,3)F  (dev 0.0s, primary cx6-75.165)
[13:51:16]   flexing: (3*d14,cx6-90.150@1)F, (3*d14,3*p2,cx6-90.150@0,3*p2)F, (3*d14,3*p2,3,3)F, (3,3,3,3,3,3)R6  (dev 0.0s, primary cx6-90.150)
[13:51:16]   flexing: (3*d14,cx6-90.150@1)F, (3*p2,cx6-90.150@0,cx6-90.150@1,cx6-90.150@0)F, (cx6-90.150@1,cx6-90.150@0,3,3)F, (3,3,3,3,3,3)R6  (dev 0.0s, primary cx6-90.150)
[13:51:16]   flexing: (3*d15,cx6-105.135@1)F, (3*d15,3*p1,cx6-105.135@0,3*p1)F, (3*d15,3*p1,3,3)F, (3,3,3,3,3,3)R6  (dev 0.0s, primary cx6-105.135)
[13:51:16]   flexing: (3*d15,cx6-105.135@1)F, (3*p1,cx6-105.135@0,cx6-105.135@1,cx6-105.135@0)F, (cx6-105.135@1,cx6-105.135@0,3,3)F, (3,3,3,3,3,3)R6  (dev 0.0s, primary cx6-105.135)
[13:51:16]   flexing: (4*d16,cx4-60.120@1)A, (4*p2,cx4-60.120@0,cx4-60.120@1,4,cx4-60.120@0)F, (cx4-60.120@1,cx4-60.120@0,cx4-60.120@1,cx4-60.120@0)S2, (cx4-60.120@1,4,cx4-60.120@0,4)A, (4*d16,cx4-60.120@1)A  (dev 0.0s, primary cx4-60.120)
[13:51:16]   flexing: (4*d16,cx4-60.120@1)F, (4*d16,4*p2,cx4-60.120@0,4*p2)F, (4*d16,4*p2,4)F, (4*d16,4*p2,4)F  (dev 0.0s, primary cx4-60.120)
[13:51:16]   flexing: (4*d16,cx4-60.120@1)F, (4*d16,4*p2,cx4-60.120@0,4*p2)F, (4*d16,cx4-60.120@1)F, (4*p2,cx4-60.120@0,4*p2,cx4-60.120@0,4*p2,cx4-60.120@0,4*p2,cx4-60.120@0)R4, (4*d16,4*p2,4)F  (dev 0.0s, primary cx4-60.120)
[13:51:16]   flexing: (4*d16,cx4-60.120@1)F, (4*p2,cx4-60.120@0,cx4-60.120@1,4,cx4-60.120@0)F, (4*p2,cx4-60.120@0,4*p2,cx4-60.120@0,cx4-60.120@1,cx4-60.120@0)F, (4*d16,cx4-60.120@1)F, (4*d16,cx4-60.120@1)F, (4*p2,cx4-60.120@0,4*p2,cx4-60.120@0,4*p2,cx4-60.120@0,4*p2,cx4-60.120@0)R4, (4*d16,cx4-60.120@1)F  (dev 0.0s, primary cx4-60.120)
[13:51:16]   flexing: (4*d16,cx4-60.120@1)F, (4*p2,cx4-60.120@0,cx4-60.120@1,4,cx4-60.120@0)F, (cx4-60.120@1,cx4-60.120@0,4,4)F, (4,4,4,4)R4  (dev 0.0s, primary cx4-60.120)
[13:51:16]   flexing: (4*d16,cx4-60.120@1)F, (4*p2,cx4-60.120@0,cx4-60.120@1,4,cx4-60.120@0)F, (cx4-60.120@1,cx4-60.120@0,4,4)F, (cx4-60.120@1,4,cx4-60.120@0,4)F  (dev 0.0s, primary cx4-60.120)
[13:51:16]   flexing: (4*d16,cx4-60.120@1)F, (4*p2,cx4-60.120@0,cx4-60.120@1,4,cx4-60.120@0)F, (cx4-60.120@1,cx4-60.120@0,4,4)F, (4*p2,cx4-60.120@0,cx4-60.120@1,4,cx4-60.120@0)F, (4*d16,cx4-60.120@1)F  (dev 0.0s, primary cx4-60.120)
[13:51:16]   flexing: (4*d16,cx4-60.120@1)F, (4*p2,cx4-60.120@0,cx4-60.120@1,4,cx4-60.120@0)F, (4*p2,cx4-60.120@0,cx4-60.120@1,4,cx4-60.120@0)F, (4*p2,cx4-60.120@0,4*p2,cx4-60.120@0,cx4-60.120@1,cx4-60.120@0)F, (4*d16,cx4-60.120@1)F, (4*d16,cx4-60.120@1)F, (4*d16,cx4-60.120@1)F  (dev 0.0s, primary cx4-60.120)
[13:51:16]   flexing: (4*d14,cx4-60.120@0,4)F, (4*p4,cx4-60.120@1,4,4)F, (4,4,4,4)R4  (dev 0.0s, primary cx4-60.120)
[13:51:16]   flexing: (4*d14,cx4-60.120@0,4)F, (4*p4,cx4-60.120@1,4,4)F, (cx4-60.120@1,4,cx4-60.120@0,4)F  (dev 0.0s, primary cx4-60.120)
[13:51:16]   flexing: (4*d14,cx4-60.120@0,4)F, (4*p4,cx4-60.120@1,4*p4,cx4-60.120@1)S2, (4*p4,4,cx4-60.120@1,4)A  (dev 0.0s, primary cx4-60.120)
[13:51:16]   flexing: (4*d14,4*p4,4)F, (4*d14,cx4-60.120@0,4)F, (4*p4,cx4-60.120@1,4,4)F  (dev 0.0s, primary cx4-60.120)
[13:51:16]   flexing: (3*d14,cx6-90.150@1)F, (3*d14,3*p2,cx6-90.150@0,3*p2)F, (3*d14,cx6-90.150@1)F, (3*p2,cx6-90.150@0,cx4-60.120@0,4,cx6-90.150@0)F, (cx6-90.150@1,cx4-60.120@1,4)F  (dev 0.0s, primary cx4-60.120)
[13:51:16]   flexing: (3*d14,cx6-90.150@1)F, (3*d14,3*p2,cx6-90.150@0,3*p2)F, (3*d14,cx6-90.150@1)F, (3*p2,cx6-90.150@0,cx4-60.120@0,4,cx6-90.150@0)F, (cx6-90.150@1,cx4-60.120@1,4)F  (dev 0.0s, primary cx4-60.120)
[13:51:16]   flexing: (3*d14,cx6-90.150@1)F, (3*p2,cx6-90.150@0,cx6-90.150@1,cx6-90.150@0)F, (3*d14,cx6-90.150@1)F, (3*p2,cx6-90.150@0,3*p2,cx4-60.120@1,4)F, (3*d14,cx4-60.120@0,4)F  (dev 0.0s, primary cx4-60.120)
[13:51:16]   flexing: (3*d14,cx6-90.150@1)F, (3*p2,cx6-90.150@0,cx6-90.150@1,cx6-90.150@0)F, (3*d14,cx6-90.150@1)F, (3*p2,cx6-90.150@0,3*p2,cx4-60.120@1,4)F, (3*d14,cx4-60.120@0,4)F  (dev 0.0s, primary cx4-60.120)
[13:51:17]   flexing: (3*d15,3*p1,cx4-60.120@1)F, (3*d15,3*p1,cx4-60.120@0,cx4-60.120@0)F, (cx4-60.120@1,cx4-60.120@1,cx4-60.120@1)R3  (dev 0.0s, primary 3*1)
[13:51:17]   flexing: (3*d14,3*p2,cx4-60.120@1)F, (3*d14,3*p2,cx4-60.120@0,cx4-60.120@0)F, (cx4-60.120@1,cx4-60.120@1,cx4-60.120@1)R3  (dev 0.0s, primary 3*2)
[13:51:17]   flexing: (4*d16,cx4-60.120@1)F, (4*p2,cx4-60.120@0,3*d14,cx4-60.120@0)A, (6*p6,cx4-60.120@1,3*p2,cx4-60.120@1)A, (6*d14,cx4-60.120@0,4*p2,cx4-60.120@0)A  (dev 0.0s, primary cx4-60.120)
[13:51:17]   flexing: (4*d16,cx4-60.120@1)A, (4*d16,4*p2,cx4-60.120@0,4*p2)A, (4*d16,4*p2,cx4-60.120@0,4*p2)A, (4*d16,cx4-60.120@1)F, (4*p2,cx4-60.120@0,4*p2,cx4-60.120@0,cx4-60.120@1,cx4-60.120@0)A, (4*d16,cx4-60.120@1)A  (dev 0.0s, primary cx4-60.120)
[13:51:17]   flexing: (4*d16,cx4-60.120@1)A, (4*d16,4*p2,cx4-60.120@0,4*p2)A, (4*d16,4*p2,cx4-60.120@0,4*p2)A, (4*d16,cx4-60.120@1)F, (4*p2,cx4-60.120@0,4*p2,cx4-60.120@0,4*p2,cx4-60.120@0,4*p2,cx4-60.120@0)S2b, (4*d16,cx4-60.120@1)A  (dev 0.0s, primary cx4-60.120)
[13:51:17]   flexing: (4*d16,cx4-60.120@1)A, (4*d16,4*p2,cx4-60.120@0,4*p2)A, (4*d16,4*p2,cx4-60.120@0,4*p2)A, (4*d16,cx4-60.120@1)F, (4*p2,cx4-60.120@0,4*p2,cx4-60.120@0,4*p2,cx4-60.120@0,4*p2,cx4-60.120@0)Ab, (4*d16,cx4-60.120@1)A, (4*d16,cx4-60.120@1)A, (4*d16,cx4-60.120@1)A  (dev 0.0s, primary cx4-60.120)
[13:51:17]   flexing: (4*d16,cx4-60.120@1)A, (4*p2,cx4-60.120@0,4*p2,cx4-60.120@0,cx4-60.120@1,cx4-60.120@0)A, (4*d16,cx4-60.120@1)A, (cx4-60.120@1,cx4-60.120@0,cx4-60.120@1,cx4-60.120@0)Aa, (cx4-60.120@1,cx4-60.120@0,cx4-60.120@1,cx4-60.120@0)S2  (dev 0.0s, primary cx4-60.120)
[13:51:17]   flexing: (4*d16,cx4-60.120@1)A, (4*p2,cx4-60.120@0,4*p2,cx4-60.120@0,cx4-60.120@1,cx4-60.120@0)A, (4*d16,cx4-60.120@1)A, (cx4-60.120@1,cx4-60.120@0,cx4-60.120@1,cx4-60.120@0)Aa, (cx4-60.120@1,cx4-60.120@0,cx4-60.120@1,cx4-60.120@0)Aa  (dev 0.0s, primary cx4-60.120)
[13:51:17]   flexing: (4*d16,cx4-60.120@1)A, (4*p2,cx4-60.120@0,4*p2,cx4-60.120@0,cx4-60.120@1,cx4-60.120@0)A, (4*d16,cx4-60.120@1)A, (4*p2,cx4-60.120@0,4*p2,cx4-60.120@0,cx4-60.120@1,cx4-60.120@0)A, (4*d16,cx4-60.120@1)A, (4*d16,cx4-60.120@1)F, (4*d16,4*p2,cx4-60.120@0,4*p2)A  (dev 0.0s, primary cx4-60.120)
[13:51:17]   flexing: (4*d16,cx4-60.120@1)A, (4*p2,cx4-60.120@0,4*p2,cx4-60.120@0,cx4-60.120@1,cx4-60.120@0)A, (4*d16,cx4-60.120@1)A, (4*p2,cx4-60.120@0,4*p2,cx4-60.120@0,cx4-60.120@1,cx4-60.120@0)A, (4*d16,cx4-60.120@1)A, (4*d16,cx4-60.120@1)F, (4*p2,cx4-60.120@0,4*p2,cx4-60.120@0,4*p2,cx4-60.120@0,4*p2,cx4-60.120@0)S2b, (4*d16,cx4-60.120@1)A  (dev 0.0s, primary cx4-60.120)
[13:51:17]   flexing: (4*d16,cx4-60.120@1)A, (4*p2,cx4-60.120@0,4*p2,cx4-60.120@0,cx4-60.120@1,cx4-60.120@0)A, (4*d16,cx4-60.120@1)A, (4*p2,cx4-60.120@0,4*p2,cx4-60.120@0,cx4-60.120@1,cx4-60.120@0)A, (4*d16,cx4-60.120@1)A, (4*d16,cx4-60.120@1)F, (4*p2,cx4-60.120@0,4*p2,cx4-60.120@0,4*p2,cx4-60.120@0,4*p2,cx4-60.120@0)Ab, (4*d16,cx4-60.120@1)A, (4*d16,cx4-60.120@1)A, (4*d16,cx4-60.120@1)A  (dev 0.0s, primary cx4-60.120)
[13:51:17]   flexing: (4*d16,cx4-60.120@1)A, (4*p2,cx4-60.120@0,4*p2,cx4-60.120@0,cx4-60.120@1,cx4-60.120@0)A, (4*d16,cx4-60.120@1)F, (4*p2,cx4-60.120@0,4*p2,cx4-60.120@0,cx4-60.120@1,cx4-60.120@0)A, (4*d16,cx4-60.120@1)A, (cx4-60.120@1,cx4-60.120@0,cx4-60.120@1,cx4-60.120@0)S2  (dev 0.0s, primary cx4-60.120)
[13:51:17]   flexing: (4*d16,cx4-60.120@1)A, (4*p2,cx4-60.120@0,4*p2,cx4-60.120@0,cx4-60.120@1,cx4-60.120@0)A, (4*d16,cx4-60.120@1)F, (4*p2,cx4-60.120@0,4*p2,cx4-60.120@0,cx4-60.120@1,cx4-60.120@0)A, (4*d16,cx4-60.120@1)A, (cx4-60.120@1,cx4-60.120@0,cx4-60.120@1,cx4-60.120@0)Aa  (dev 0.0s, primary cx4-60.120)
[13:51:17]   flexing: (4*d16,cx4-60.120@1)A, (4*p2,cx4-60.120@0,4*p2,cx4-60.120@0,cx4-60.120@1,cx4-60.120@0)A, (4*d16,cx4-60.120@1)F, (4*p2,cx4-60.120@0,4*p2,cx4-60.120@0,4*p2,cx4-60.120@0,4*p2,cx4-60.120@0)Ab, (4*d16,cx4-60.120@1)A, (4*d16,cx4-60.120@1)A, (4*d16,cx4-60.120@1)F, (4*d16,4*p2,cx4-60.120@0,4*p2)A  (dev 0.0s, primary cx4-60.120)
[13:51:17]   flexing: (4*d16,cx4-60.120@1)A, (4*p2,cx4-60.120@0,4*p2,cx4-60.120@0,cx4-60.120@1,cx4-60.120@0)A, (4*d16,cx4-60.120@1)F, (4*p2,cx4-60.120@0,4*p2,cx4-60.120@0,4*p2,cx4-60.120@0,4*p2,cx4-60.120@0)Ab, (4*d16,cx4-60.120@1)A, (4*d16,cx4-60.120@1)A, (4*d16,cx4-60.120@1)F, (4*p2,cx4-60.120@0,4*p2,cx4-60.120@0,4*p2,cx4-60.120@0,4*p2,cx4-60.120@0)S2b, (4*d16,cx4-60.120@1)A  (dev 0.0s, primary cx4-60.120)
[13:51:17]   flexing: (4*d16,cx4-60.120@1)A, (4*p2,cx4-60.120@0,4*p2,cx4-60.120@0,cx4-60.120@1,cx4-60.120@0)A, (4*d16,cx4-60.120@1)F, (4*p2,cx4-60.120@0,4*p2,cx4-60.120@0,4*p2,cx4-60.120@0,4*p2,cx4-60.120@0)Ab, (4*d16,cx4-60.120@1)A, (4*d16,cx4-60.120@1)A, (4*d16,cx4-60.120@1)F, (4*p2,cx4-60.120@0,4*p2,cx4-60.120@0,4*p2,cx4-60.120@0,4*p2,cx4-60.120@0)Ab, (4*d16,cx4-60.120@1)A, (4*d16,cx4-60.120@1)A, (4*d16,cx4-60.120@1)A  (dev 0.0s, primary cx4-60.120)
[13:51:17]   flexing: (4*d16,cx4-60.120@1)A, (4*p2,cx4-60.120@0,4*p2,cx4-60.120@0,cx4-60.120@1,cx4-60.120@0)A, (cx4-60.120@1,cx4-60.120@0,cx4-60.120@1,cx4-60.120@0)S2, (4*d16,cx4-60.120@1)F, (4*d16,4*p2,cx4-60.120@0,4*p2)A  (dev 0.0s, primary cx4-60.120)
[13:51:17]   flexing: (4*d16,cx4-60.120@1)A, (4*p2,cx4-60.120@0,4*p2,cx4-60.120@0,cx4-60.120@1,cx4-60.120@0)A, (cx4-60.120@1,cx4-60.120@0,cx4-60.120@1,cx4-60.120@0)S2, (4*d16,cx4-60.120@1)F, (4*p2,cx4-60.120@0,4*p2,cx4-60.120@0,4*p2,cx4-60.120@0,4*p2,cx4-60.120@0)S2b, (4*d16,cx4-60.120@1)A  (dev 0.0s, primary cx4-60.120)
[13:51:17]   flexing: (4*d16,cx4-60.120@1)A, (4*p2,cx4-60.120@0,4*p2,cx4-60.120@0,cx4-60.120@1,cx4-60.120@0)A, (cx4-60.120@1,cx4-60.120@0,cx4-60.120@1,cx4-60.120@0)S2, (4*d16,cx4-60.120@1)F, (4*p2,cx4-60.120@0,4*p2,cx4-60.120@0,4*p2,cx4-60.120@0,4*p2,cx4-60.120@0)Ab, (4*d16,cx4-60.120@1)A, (4*d16,cx4-60.120@1)A, (4*d16,cx4-60.120@1)A  (dev 0.0s, primary cx4-60.120)
[13:51:17]   flexing: (4*d16,cx4-60.120@1)A, (4*p2,cx4-60.120@0,4*p2,cx4-60.120@0,cx4-60.120@1,cx4-60.120@0)A, (cx4-60.120@1,cx4-60.120@0,cx4-60.120@1,cx4-60.120@0)Aa, (4*d16,cx4-60.120@1)F, (4*d16,4*p2,cx4-60.120@0,4*p2)A  (dev 0.0s, primary cx4-60.120)
[13:51:17]   flexing: (4*d16,cx4-60.120@1)A, (4*p2,cx4-60.120@0,4*p2,cx4-60.120@0,cx4-60.120@1,cx4-60.120@0)A, (cx4-60.120@1,cx4-60.120@0,cx4-60.120@1,cx4-60.120@0)Aa, (4*d16,cx4-60.120@1)F, (4*p2,cx4-60.120@0,4*p2,cx4-60.120@0,4*p2,cx4-60.120@0,4*p2,cx4-60.120@0)S2b, (4*d16,cx4-60.120@1)A  (dev 0.0s, primary cx4-60.120)
[13:51:17]   flexing: (4*d16,cx4-60.120@1)A, (4*p2,cx4-60.120@0,4*p2,cx4-60.120@0,cx4-60.120@1,cx4-60.120@0)A, (cx4-60.120@1,cx4-60.120@0,cx4-60.120@1,cx4-60.120@0)Aa, (4*d16,cx4-60.120@1)F, (4*p2,cx4-60.120@0,4*p2,cx4-60.120@0,4*p2,cx4-60.120@0,4*p2,cx4-60.120@0)Ab, (4*d16,cx4-60.120@1)A, (4*d16,cx4-60.120@1)A, (4*d16,cx4-60.120@1)A  (dev 0.0s, primary cx4-60.120)
[13:51:17]   flexing: (4*d16,cx4-60.120@1)A, (4*p2,cx4-60.120@0,4*p2,cx4-60.120@0,4*p2,cx4-60.120@0,4*p2,cx4-60.120@0)S2b, (4*d16,cx4-60.120@1)F, (4*p2,cx4-60.120@0,4*p2,cx4-60.120@0,4*p2,cx4-60.120@0,4*p2,cx4-60.120@0)Ab, (4*d16,cx4-60.120@1)A, (4*d16,cx4-60.120@1)A, (4*d16,cx4-60.120@1)F, (4*d16,4*p2,cx4-60.120@0,4*p2)A  (dev 0.0s, primary cx4-60.120)
[13:51:17]   flexing: (4*d16,cx4-60.120@1)A, (4*p2,cx4-60.120@0,4*p2,cx4-60.120@0,4*p2,cx4-60.120@0,4*p2,cx4-60.120@0)Ab, (4*d16,cx4-60.120@1)A, (4*d16,cx4-60.120@1)A, (4*d16,cx4-60.120@1)F, (4*p2,cx4-60.120@0,4*p2,cx4-60.120@0,4*p2,cx4-60.120@0,4*p2,cx4-60.120@0)Ab, (4*d16,cx4-60.120@1)A, (4*d16,cx4-60.120@1)A, (4*d16,cx4-60.120@1)F, (4*d16,4*p2,cx4-60.120@0,4*p2)A  (dev 0.0s, primary cx4-60.120)
[13:51:17]   flexing: (3*d15,cx4-75.105@0,cx4-60.120@0)F, (3*d15,3*p1,cx4-75.105@1,3*p1)A, (3*p1,cx4-60.120@1,cx4-75.105@1,cx4-60.120@1)A  (dev 0.0s, primary cx4-75.105)
[13:51:17]   flexing: (3*d15,cx4-75.105@0,cx4-60.120@0)F, (3*p1,cx4-75.105@1,cx4-60.120@1,cx4-60.120@1)F, (cx4-60.120@0,cx4-60.120@0,cx4-60.120@0,cx4-60.120@0,cx4-60.120@0,cx4-60.120@0)R6  (dev 0.0s, primary cx4-75.105)
[13:51:17]   flexing: (3*d15,cx6-105.135@1)F, (3*d15,3*p1,cx6-105.135@0,3*p1)F, (3*d15,cx6-105.135@1)F, (3*p1,cx6-105.135@0,cx4-75.105@0,cx4-60.120@0,cx6-105.135@0)F, (cx6-105.135@1,cx4-75.105@1,cx4-60.120@1)F  (dev 0.0s, primary cx4-60.120)
[13:51:17]   flexing: (3*d15,cx6-105.135@1)F, (3*d15,3*p1,cx6-105.135@0,3*p1)F, (3*d15,cx6-105.135@1)F, (3*p1,cx6-105.135@0,cx4-75.105@0,cx4-60.120@0,cx6-105.135@0)F, (cx6-105.135@1,cx4-75.105@1,cx4-60.120@1)F  (dev 0.0s, primary cx4-60.120)
[13:51:17]   flexing: (3*d15,cx6-105.135@1)F, (3*p1,cx6-105.135@0,cx6-105.135@1,cx6-105.135@0)F, (3*d15,cx6-105.135@1)F, (3*p1,cx6-105.135@0,3*p1,cx4-75.105@1,cx4-60.120@1)F, (3*d15,cx4-75.105@0,cx4-60.120@0)F  (dev 0.0s, primary cx4-60.120)
[13:51:17]   flexing: (3*d15,cx6-105.135@1)F, (3*p1,cx6-105.135@0,cx6-105.135@1,cx6-105.135@0)F, (3*d15,cx6-105.135@1)F, (3*p1,cx6-105.135@0,3*p1,cx4-75.105@1,cx4-60.120@1)F, (3*d15,cx4-75.105@0,cx4-60.120@0)F  (dev 0.0s, primary cx4-60.120)
[13:51:17]   flexing: (8*d20,cx4-60.120@0)F, (8*p1,cx4-60.120@1,cx4-75.105@1,cx4-60.120@1)A, (cx8-105.165@1,cx4-60.120@0,cx4-75.105@0,cx4-60.120@0)A, (8*p1,cx4-60.120@1,cx8-105.165@0,cx4-60.120@1)A  (dev 0.0s, primary cx4-60.120)
[13:51:17]   flexing: (4*d16,cx8-120.150@0)A, (4*p2,cx8-120.150@1,cx4-60.120@0,cx4-60.120@1)F, (cx8-120.150@0,cx4-60.120@1,cx4-60.120@1)A, (4*d16,cx4-60.120@0,cx4-60.120@0)A  (dev 0.0s, primary cx4-60.120)
[13:51:17]   flexing: (4*d16,cx4-60.120@1)A, (4*p2,cx8-120.150@1,cx4-60.120@1,cx4-60.120@0)F, (cx4-60.120@1,cx4-60.120@0,cx4-60.120@1,cx4-60.120@0)S2, (cx8-120.150@0,cx4-60.120@0,cx8-120.150@0,cx4-60.120@0)S2, (4*d16,cx8-120.150@0)A  (dev 0.0s, primary cx4-60.120)
[13:51:17]   flexing: (4*d16,cx4-60.120@1)A, (4*p2,cx8-120.150@1,cx4-60.120@1,cx4-60.120@0)F, (cx8-120.150@0,cx4-60.120@0,cx4-60.120@1,cx4-60.120@0)A, (4*d16,cx8-120.150@0)F, (4*p2,cx8-120.150@1,4*p2,cx8-120.150@1)R2, (4*d16,cx8-120.150@0)A  (dev 0.0s, primary cx4-60.120)
[13:51:17]   flexing: (4*d16,cx4-60.120@1)A, (4*p2,cx8-120.150@1,cx4-60.120@1,cx4-60.120@0)F, (cx8-120.150@0,cx4-60.120@0,cx4-60.120@1,cx4-60.120@0)A, (4*d16,cx8-120.150@0)F, (4*p2,cx8-120.150@1,4*p2,cx8-120.150@1)F, (4*d16,cx8-120.150@0)A, (4*d16,cx8-120.150@0)A, (4*d16,cx8-120.150@0)A  (dev 0.0s, primary cx4-60.120)
[13:51:17]   flexing: (4*d16,cx4-60.120@1)A, (4*p2,cx8-120.150@1,cx4-60.120@1,cx4-60.120@0)F, (cx8-120.150@0,cx4-60.120@0,cx4-60.120@1,cx4-60.120@0)A, (4*d16,cx8-120.150@0)F, (4*p2,cx8-120.150@1,4*p2,cx4-60.120@0,4*p2,cx4-60.120@0)F, (4*d16,cx4-60.120@1)A, (4*d16,cx8-120.150@0)A, (4*d16,cx4-60.120@1)A, (4*d16,cx4-60.120@1)A, (4*d16,cx4-60.120@1)A  (dev 0.0s, primary cx4-60.120)
[13:51:17]   flexing: (4*d16,cx4-60.120@1)A, (4*p2,cx8-120.150@1,cx4-60.120@1,cx4-60.120@0)F, (cx8-120.150@0,cx4-60.120@0,cx4-60.120@1,cx4-60.120@0)A, (4*d16,cx8-120.150@0)F, (4*p2,cx8-120.150@1,4*p2,cx4-60.120@0,4*p2,cx4-60.120@0)F, (4*d16,cx4-60.120@1)A, (4*d16,cx8-120.150@0)A, (4*d16,cx4-60.120@1)A, (4*d16,cx4-60.120@1)F  (dev 0.0s, primary cx4-60.120)
[13:51:17]   flexing: (4*d16,cx4-60.120@1)A, (4*p2,cx8-120.150@1,cx4-60.120@1,cx4-60.120@0)F, (4*p2,cx4-60.120@0,4*p2,cx4-60.120@0,cx4-60.120@1,cx4-60.120@0)A, (4*p2,cx8-120.150@1,cx8-120.150@0,cx4-60.120@0)F, (4*d16,cx4-60.120@1)F, (4*d16,cx4-60.120@1)A, (4*d16,cx8-120.150@0)A, (4*d16,cx8-120.150@0)A  (dev 0.0s, primary cx4-60.120)
[13:51:17]   flexing: (4*d16,cx4-60.120@1)A, (4*p2,cx8-120.150@1,cx4-60.120@1,cx4-60.120@0)F, (4*p2,cx4-60.120@0,4*p2,cx4-60.120@0,cx4-60.120@1,cx4-60.120@0)A, (4*p2,cx4-60.120@0,4*p2,cx4-60.120@0,cx8-120.150@0,cx4-60.120@0)A, (4*d16,cx4-60.120@1)F, (4*d16,cx4-60.120@1)A, (4*d16,cx4-60.120@1)A, (4*d16,cx8-120.150@0)A  (dev 0.0s, primary cx4-60.120)
[13:51:17]   flexing: (4*d16,cx4-60.120@1)A, (4*p2,cx8-120.150@1,cx4-60.120@1,cx4-60.120@0)F, (4*p2,cx4-60.120@0,4*p2,cx4-60.120@0,cx4-60.120@1,cx4-60.120@0)A, (4*p2,cx4-60.120@0,4*p2,cx4-60.120@0,cx8-120.150@0,cx4-60.120@0)A, (4*d16,cx4-60.120@1)F, (4*d16,cx4-60.120@1)F, (4*d16,cx8-120.150@0)A  (dev 0.0s, primary cx4-60.120)
[13:51:17]   flexing: (4*d16,cx4-60.120@1)A, (4*p2,cx4-60.120@0,4*p2,cx4-60.120@0,cx4-60.120@1,cx4-60.120@0)F, (4*d16,cx4-60.120@1)A, (4*d16,cx4-60.120@1)F, (4*p2,cx8-120.150@1,cx4-60.120@1,cx4-60.120@0)F, (4*d16,cx8-120.150@0)A, (4*p2,cx8-120.150@1,cx8-120.150@0,cx4-60.120@0)F, (4*d16,cx4-60.120@1)F, (4*d16,cx8-120.150@0)A  (dev 0.0s, primary cx4-60.120)
[13:51:17]   flexing: (4*d16,cx4-60.120@1)A, (4*p2,cx4-60.120@0,4*p2,cx4-60.120@0,cx4-60.120@1,cx4-60.120@0)F, (4*d16,cx4-60.120@1)A, (4*d16,cx4-60.120@1)F, (4*p2,cx8-120.150@1,cx4-60.120@1,cx4-60.120@0)F, (4*d16,cx8-120.150@0)A, (4*p2,cx4-60.120@0,4*p2,cx4-60.120@0,cx8-120.150@0,cx4-60.120@0)A, (4*d16,cx4-60.120@1)F, (4*d16,cx4-60.120@1)A  (dev 0.0s, primary cx4-60.120)
[13:51:17]   flexing: (4*d16,cx4-60.120@1)A, (4*p2,cx4-60.120@0,4*p2,cx4-60.120@0,cx4-60.120@1,cx4-60.120@0)F, (cx4-60.120@1,cx4-60.120@0,cx4-60.120@1,cx4-60.120@0)Aa, (4*d16,cx4-60.120@1)A, (4*d16,cx4-60.120@1)F, (4*p2,cx8-120.150@1,4*p2,cx4-60.120@0,4*p2,cx4-60.120@0)F, (4*d16,cx8-120.150@0)A, (4*d16,cx4-60.120@1)F, (4*d16,cx4-60.120@1)A, (4*d16,cx4-60.120@1)A, (4*d16,cx8-120.150@0)A  (dev 0.0s, primary cx4-60.120)
[13:51:17]   flexing: (4*d16,cx4-60.120@1)A, (4*p2,cx8-120.150@1,4*p2,cx4-60.120@0,4*p2,cx4-60.120@0)A, (4*d16,cx4-60.120@1)A, (4*d16,cx8-120.150@0)F, (4*p2,cx8-120.150@1,4*p2,cx8-120.150@1)F, (4*d16,cx8-120.150@0)A, (4*d16,cx8-120.150@0)F, (4*p2,cx8-120.150@1,4*p2,cx8-120.150@1)Ab, (4*d16,cx8-120.150@0)A, (4*d16,cx8-120.150@0)A  (dev 0.0s, primary cx4-60.120)
[13:51:17]   flexing: (4*d16,cx4-60.120@1)A, (4*p2,cx8-120.150@1,4*p2,cx4-60.120@0,4*p2,cx4-60.120@0)A, (4*d16,cx4-60.120@1)A, (4*d16,cx8-120.150@0)F, (4*p2,cx8-120.150@1,4*p2,cx4-60.120@0,4*p2,cx4-60.120@0)F, (4*d16,cx4-60.120@1)A, (4*d16,cx4-60.120@1)A, (4*d16,cx8-120.150@0)F, (4*p2,cx8-120.150@1,4*p2,cx8-120.150@1)Ab, (4*d16,cx4-60.120@1)A, (4*d16,cx4-60.120@1)A, (4*d16,cx8-120.150@0)A  (dev 0.1s, primary cx4-60.120)
[13:51:17]   flexing: (4*d16,cx4-60.120@1)A, (4*p2,cx8-120.150@1,4*p2,cx4-60.120@0,4*p2,cx4-60.120@0)F, (4*d16,cx4-60.120@1)A, (4*d16,cx4-60.120@1)A, (4*d16,cx4-60.120@1)A, (4*d16,cx8-120.150@0)A, (4*d16,cx8-120.150@0)F, (4*p2,cx8-120.150@1,4*p2,cx8-120.150@1)F, (4*d16,cx8-120.150@0)A, (4*d16,cx8-120.150@0)A, (4*d16,cx8-120.150@0)F, (4*p2,cx8-120.150@1,4*p2,cx8-120.150@1)R2, (4*d16,cx8-120.150@0)A  (dev 0.0s, primary cx4-60.120)
[13:51:17]   flexing: (4*d16,cx4-60.120@1)A, (4*p2,cx8-120.150@1,4*p2,cx4-60.120@0,4*p2,cx4-60.120@0)F, (4*d16,cx4-60.120@1)A, (4*d16,cx4-60.120@1)A, (4*d16,cx4-60.120@1)A, (4*d16,cx8-120.150@0)A, (4*d16,cx8-120.150@0)F, (4*p2,cx8-120.150@1,4*p2,cx8-120.150@1)F, (4*d16,cx8-120.150@0)A, (4*d16,cx8-120.150@0)A, (4*d16,cx8-120.150@0)F, (4*p2,cx8-120.150@1,4*p2,cx8-120.150@1)F, (4*d16,cx8-120.150@0)A, (4*d16,cx8-120.150@0)A, (4*d16,cx8-120.150@0)A  (dev 0.0s, primary cx4-60.120)
[13:51:17]   flexing: (4*d16,cx4-60.120@1)A, (4*p2,cx8-120.150@1,4*p2,cx4-60.120@0,4*p2,cx4-60.120@0)F, (4*d16,cx4-60.120@1)A, (4*d16,cx4-60.120@1)A, (4*d16,cx4-60.120@1)A, (4*d16,cx8-120.150@0)A, (4*d16,cx8-120.150@0)F, (4*p2,cx8-120.150@1,4*p2,cx8-120.150@1)F, (4*d16,cx8-120.150@0)A, (4*d16,cx8-120.150@0)A, (4*d16,cx8-120.150@0)F, (4*p2,cx8-120.150@1,4*p2,cx4-60.120@0,4*p2,cx4-60.120@0)F, (4*d16,cx8-120.150@0)A, (4*d16,cx4-60.120@1)A, (4*d16,cx4-60.120@1)A, (4*d16,cx4-60.120@1)F  (dev 0.0s, primary cx4-60.120)
[13:51:17]   flexing: (4*d16,cx4-60.120@1)A, (4*p2,cx8-120.150@1,4*p2,cx4-60.120@0,4*p2,cx4-60.120@0)F, (4*d16,cx4-60.120@1)A, (4*d16,cx4-60.120@1)A, (4*d16,cx4-60.120@1)A, (4*d16,cx8-120.150@0)A, (4*d16,cx8-120.150@0)F, (4*p2,cx8-120.150@1,4*p2,cx4-60.120@0,4*p2,cx4-60.120@0)F, (4*d16,cx4-60.120@1)A, (4*d16,cx8-120.150@0)A, (4*d16,cx4-60.120@1)A, (4*d16,cx4-60.120@1)F, (4*p2,cx8-120.150@1,4*p2,cx4-60.120@0,4*p2,cx4-60.120@0)F, (4*d16,cx8-120.150@0)A, (4*d16,cx4-60.120@1)F, (4*d16,cx4-60.120@1)A, (4*d16,cx4-60.120@1)A, (4*d16,cx8-120.150@0)A  (dev 0.0s, primary cx4-60.120)
[13:51:17]   flexing: (4*d16,cx4-60.120@1)A, (4*p2,cx8-120.150@1,4*p2,cx4-60.120@0,4*p2,cx4-60.120@0)F, (4*d16,cx4-60.120@1)A, (4*d16,cx4-60.120@1)A, (4*d16,cx4-60.120@1)A, (4*d16,cx8-120.150@0)A, (4*d16,cx8-120.150@0)F, (4*p2,cx8-120.150@1,4*p2,cx4-60.120@0,4*p2,cx4-60.120@0)F, (4*d16,cx4-60.120@1)A, (4*d16,cx8-120.150@0)A, (4*d16,cx4-60.120@1)A, (4*d16,cx4-60.120@1)F, (4*p2,cx4-60.120@0,4*p2,cx4-60.120@0,4*p2,cx4-60.120@0,4*p2,cx4-60.120@0)R2, (4*d16,cx4-60.120@1)A, (4*d16,cx4-60.120@1)F, (4*d16,cx4-60.120@1)A  (dev 0.0s, primary cx4-60.120)
[13:51:17]   flexing: (4*d16,cx4-60.120@1)A, (4*p2,cx8-120.150@1,4*p2,cx4-60.120@0,4*p2,cx4-60.120@0)F, (4*d16,cx4-60.120@1)A, (4*d16,cx4-60.120@1)A, (4*d16,cx4-60.120@1)A, (4*d16,cx8-120.150@0)A, (4*d16,cx8-120.150@0)F, (4*p2,cx8-120.150@1,4*p2,cx4-60.120@0,4*p2,cx4-60.120@0)F, (4*d16,cx4-60.120@1)A, (4*d16,cx8-120.150@0)A, (4*d16,cx4-60.120@1)A, (4*d16,cx4-60.120@1)F, (4*p2,cx4-60.120@0,4*p2,cx4-60.120@0,4*p2,cx4-60.120@0,4*p2,cx4-60.120@0)Ab, (4*d16,cx4-60.120@1)A, (4*d16,cx4-60.120@1)F, (4*d16,cx4-60.120@1)A  (dev 0.0s, primary cx4-60.120)
[13:51:17]   flexing: (4*d16,cx4-60.120@1)A, (4*p2,cx8-120.150@1,4*p2,cx4-60.120@0,4*p2,cx4-60.120@0)F, (4*d16,cx4-60.120@1)A, (4*d16,cx4-60.120@1)A, (4*d16,cx4-60.120@1)A, (4*d16,cx8-120.150@0)A, (4*d16,cx8-120.150@0)F, (4*p2,cx8-120.150@1,4*p2,cx4-60.120@0,4*p2,cx4-60.120@0)F, (4*d16,cx4-60.120@1)A, (4*d16,cx8-120.150@0)A, (4*d16,cx4-60.120@1)A, (4*d16,cx4-60.120@1)F, (4*p2,cx4-60.120@0,4*p2,cx4-60.120@0,4*p2,cx4-60.120@0,4*p2,cx4-60.120@0)F, (4*d16,cx4-60.120@1)A, (4*d16,cx4-60.120@1)F, (4*d16,cx4-60.120@1)A, (4*d16,cx4-60.120@1)A, (4*d16,cx4-60.120@1)A, (4*d16,cx4-60.120@1)A, (4*d16,cx4-60.120@1)A  (dev 0.1s, primary cx4-60.120)
[13:51:17]   flexing: (4*d16,cx4-60.120@1)A, (4*p2,cx8-120.150@1,4*p2,cx4-60.120@0,4*p2,cx4-60.120@0)F, (4*d16,cx4-60.120@1)A, (4*d16,cx4-60.120@1)A, (4*d16,cx4-60.120@1)A, (4*d16,cx8-120.150@0)A, (4*d16,cx8-120.150@0)F, (4*p2,cx8-120.150@1,4*p2,cx4-60.120@0,4*p2,cx4-60.120@0)F, (4*d16,cx4-60.120@1)A, (4*d16,cx8-120.150@0)A, (4*d16,cx4-60.120@1)A, (4*d16,cx4-60.120@1)F, (4*p2,cx4-60.120@0,4*p2,cx4-60.120@0,4*p2,cx4-60.120@0,4*p2,cx4-60.120@0)F, (4*d16,cx4-60.120@1)A, (4*d16,cx4-60.120@1)F, (4*d16,cx4-60.120@1)A, (4*d16,cx4-60.120@1)A, (4*d16,cx4-60.120@1)A, (4*d16,cx4-60.120@1)F  (dev 0.1s, primary cx4-60.120)
[13:51:17]   flexing: (4*d16,cx4-60.120@1)A, (4*p2,cx8-120.150@1,4*p2,cx4-60.120@0,4*p2,cx4-60.120@0)F, (4*d16,cx4-60.120@1)A, (4*d16,cx4-60.120@1)F, (4*d16,cx8-120.150@0)A, (4*d16,cx8-120.150@0)F, (4*p2,cx8-120.150@1,4*p2,cx8-120.150@1)F, (4*d16,cx8-120.150@0)A, (4*d16,cx8-120.150@0)A, (4*d16,cx8-120.150@0)F, (4*p2,cx8-120.150@1,4*p2,cx8-120.150@1)R2, (4*d16,cx8-120.150@0)A  (dev 0.0s, primary cx4-60.120)
[13:51:17]   flexing: (4*d16,cx4-60.120@1)A, (4*p2,cx8-120.150@1,4*p2,cx4-60.120@0,4*p2,cx4-60.120@0)F, (4*d16,cx4-60.120@1)A, (4*d16,cx4-60.120@1)F, (4*d16,cx8-120.150@0)A, (4*d16,cx8-120.150@0)F, (4*p2,cx8-120.150@1,4*p2,cx8-120.150@1)F, (4*d16,cx8-120.150@0)A, (4*d16,cx8-120.150@0)A, (4*d16,cx8-120.150@0)F, (4*p2,cx8-120.150@1,4*p2,cx8-120.150@1)F, (4*d16,cx8-120.150@0)A, (4*d16,cx8-120.150@0)A, (4*d16,cx8-120.150@0)A  (dev 0.0s, primary cx4-60.120)
[13:51:18]   flexing: (4*d16,cx4-60.120@1)A, (4*p2,cx8-120.150@1,4*p2,cx4-60.120@0,4*p2,cx4-60.120@0)F, (4*d16,cx4-60.120@1)A, (4*d16,cx4-60.120@1)F, (4*d16,cx8-120.150@0)A, (4*d16,cx8-120.150@0)F, (4*p2,cx8-120.150@1,4*p2,cx4-60.120@0,4*p2,cx4-60.120@0)F, (4*d16,cx4-60.120@1)A, (4*d16,cx8-120.150@0)A, (4*d16,cx4-60.120@1)A, (4*d16,cx4-60.120@1)F, (4*p2,cx8-120.150@1,4*p2,cx4-60.120@0,4*p2,cx4-60.120@0)F, (4*d16,cx8-120.150@0)A, (4*d16,cx4-60.120@1)F, (4*d16,cx4-60.120@1)A, (4*d16,cx4-60.120@1)A, (4*d16,cx8-120.150@0)A  (dev 0.0s, primary cx4-60.120)
[13:51:18]   flexing: (4*d16,cx4-60.120@1)A, (4*p2,cx8-120.150@1,4*p2,cx4-60.120@0,4*p2,cx4-60.120@0)F, (4*d16,cx4-60.120@1)A, (4*d16,cx4-60.120@1)F, (4*d16,cx8-120.150@0)A, (4*d16,cx8-120.150@0)F, (4*p2,cx8-120.150@1,4*p2,cx4-60.120@0,4*p2,cx4-60.120@0)F, (4*d16,cx4-60.120@1)A, (4*d16,cx8-120.150@0)A, (4*d16,cx4-60.120@1)A, (4*d16,cx4-60.120@1)F, (4*p2,cx4-60.120@0,4*p2,cx4-60.120@0,4*p2,cx4-60.120@0,4*p2,cx4-60.120@0)R2, (4*d16,cx4-60.120@1)A, (4*d16,cx4-60.120@1)F, (4*d16,cx4-60.120@1)A  (dev 0.0s, primary cx4-60.120)
[13:51:18]   flexing: (4*d16,cx4-60.120@1)A, (4*p2,cx8-120.150@1,4*p2,cx4-60.120@0,4*p2,cx4-60.120@0)F, (4*d16,cx4-60.120@1)A, (4*d16,cx4-60.120@1)F, (4*d16,cx8-120.150@0)A, (4*d16,cx8-120.150@0)F, (4*p2,cx8-120.150@1,4*p2,cx4-60.120@0,4*p2,cx4-60.120@0)F, (4*d16,cx4-60.120@1)A, (4*d16,cx8-120.150@0)A, (4*d16,cx4-60.120@1)A, (4*d16,cx4-60.120@1)F, (4*p2,cx4-60.120@0,4*p2,cx4-60.120@0,4*p2,cx4-60.120@0,4*p2,cx4-60.120@0)Ab, (4*d16,cx4-60.120@1)A, (4*d16,cx4-60.120@1)F, (4*d16,cx4-60.120@1)A  (dev 0.0s, primary cx4-60.120)
[13:51:18]   flexing: (4*d16,cx4-60.120@1)A, (4*p2,cx8-120.150@1,4*p2,cx4-60.120@0,4*p2,cx4-60.120@0)F, (4*d16,cx4-60.120@1)A, (4*d16,cx4-60.120@1)F, (4*d16,cx8-120.150@0)A, (4*d16,cx8-120.150@0)F, (4*p2,cx8-120.150@1,4*p2,cx4-60.120@0,4*p2,cx4-60.120@0)F, (4*d16,cx4-60.120@1)A, (4*d16,cx8-120.150@0)A, (4*d16,cx4-60.120@1)A, (4*d16,cx4-60.120@1)F, (4*p2,cx4-60.120@0,4*p2,cx4-60.120@0,4*p2,cx4-60.120@0,4*p2,cx4-60.120@0)F, (4*d16,cx4-60.120@1)A, (4*d16,cx4-60.120@1)F, (4*d16,cx4-60.120@1)A, (4*d16,cx4-60.120@1)A, (4*d16,cx4-60.120@1)A, (4*d16,cx4-60.120@1)A, (4*d16,cx4-60.120@1)A  (dev 0.1s, primary cx4-60.120)
[13:51:18]   flexing: (4*d16,cx4-60.120@1)A, (4*p2,cx8-120.150@1,4*p2,cx4-60.120@0,4*p2,cx4-60.120@0)F, (4*d16,cx4-60.120@1)A, (4*d16,cx4-60.120@1)F, (4*d16,cx8-120.150@0)A, (4*d16,cx8-120.150@0)F, (4*p2,cx8-120.150@1,4*p2,cx4-60.120@0,4*p2,cx4-60.120@0)F, (4*d16,cx4-60.120@1)A, (4*d16,cx8-120.150@0)A, (4*d16,cx4-60.120@1)A, (4*d16,cx4-60.120@1)F, (4*p2,cx4-60.120@0,4*p2,cx4-60.120@0,4*p2,cx4-60.120@0,4*p2,cx4-60.120@0)F, (4*d16,cx4-60.120@1)A, (4*d16,cx4-60.120@1)F, (4*d16,cx4-60.120@1)A, (4*d16,cx4-60.120@1)A, (4*d16,cx4-60.120@1)A, (4*d16,cx4-60.120@1)F  (dev 0.1s, primary cx4-60.120)
[13:51:18]   flexing: (4*d16,cx4-60.120@1)A, (4*p2,cx8-120.150@1,4*p2,cx4-60.120@0,4*p2,cx4-60.120@0)F, (4*d16,cx4-60.120@1)A, (4*d16,cx4-60.120@1)F, (4*p2,cx8-120.150@1,4*p2,cx4-60.120@0,4*p2,cx4-60.120@0)A, (4*d16,cx8-120.150@0)A, (4*d16,cx4-60.120@1)F, (4*d16,cx8-120.150@0)F, (4*p2,cx8-120.150@1,4*p2,cx8-120.150@1)Aa, (4*d16,cx8-120.150@0)A, (4*d16,cx8-120.150@0)A  (dev 0.1s, primary cx4-60.120)
[13:51:18]   flexing: (4*d16,cx4-60.120@1)A, (4*p2,cx8-120.150@1,4*p2,cx4-60.120@0,4*p2,cx4-60.120@0)F, (4*d16,cx4-60.120@1)A, (4*d16,cx4-60.120@1)F, (4*p2,cx8-120.150@1,4*p2,cx4-60.120@0,4*p2,cx4-60.120@0)F, (4*d16,cx8-120.150@0)A, (4*d16,cx4-60.120@1)F, (4*d16,cx4-60.120@1)A, (4*d16,cx4-60.120@1)A, (4*d16,cx8-120.150@0)A, (4*d16,cx8-120.150@0)A, (4*d16,cx8-120.150@0)F, (4*p2,cx8-120.150@1,4*p2,cx8-120.150@1)R2, (4*d16,cx8-120.150@0)A  (dev 0.0s, primary cx4-60.120)
[13:51:18]   flexing: (4*d16,cx4-60.120@1)A, (4*p2,cx8-120.150@1,4*p2,cx4-60.120@0,4*p2,cx4-60.120@0)F, (4*d16,cx4-60.120@1)A, (4*d16,cx4-60.120@1)F, (4*p2,cx8-120.150@1,4*p2,cx4-60.120@0,4*p2,cx4-60.120@0)F, (4*d16,cx8-120.150@0)A, (4*d16,cx4-60.120@1)F, (4*d16,cx4-60.120@1)A, (4*d16,cx4-60.120@1)A, (4*d16,cx8-120.150@0)A, (4*d16,cx8-120.150@0)A, (4*d16,cx8-120.150@0)F, (4*p2,cx8-120.150@1,4*p2,cx8-120.150@1)F, (4*d16,cx8-120.150@0)A, (4*d16,cx8-120.150@0)A, (4*d16,cx8-120.150@0)A  (dev 0.0s, primary cx4-60.120)
[13:51:18]   flexing: (4*d16,cx4-60.120@1)A, (4*p2,cx8-120.150@1,4*p2,cx4-60.120@0,4*p2,cx4-60.120@0)F, (4*d16,cx4-60.120@1)A, (4*d16,cx4-60.120@1)F, (4*p2,cx8-120.150@1,4*p2,cx4-60.120@0,4*p2,cx4-60.120@0)F, (4*d16,cx8-120.150@0)A, (4*d16,cx4-60.120@1)F, (4*d16,cx4-60.120@1)F, (4*d16,cx8-120.150@0)F, (4*p2,cx8-120.150@1,4*p2,cx8-120.150@1)F, (4*d16,cx8-120.150@0)F, (4*d16,cx8-120.150@0)A, (4*d16,cx8-120.150@0)A, (4*d16,cx8-120.150@0)A  (dev 0.0s, primary cx4-60.120)
[13:51:18]   flexing: (4*d16,cx4-60.120@1)A, (4*p2,cx8-120.150@1,4*p2,cx4-60.120@0,4*p2,cx4-60.120@0)F, (4*d16,cx4-60.120@1)A, (4*d16,cx4-60.120@1)F, (4*p2,cx8-120.150@1,4*p2,cx4-60.120@0,4*p2,cx4-60.120@0)F, (4*d16,cx8-120.150@0)A, (4*d16,cx4-60.120@1)F, (4*d16,cx4-60.120@1)F, (4*d16,cx8-120.150@0)F, (4*p2,cx8-120.150@1,4*p2,cx8-120.150@1)F, (4*d16,cx8-120.150@0)F, (4*d16,cx8-120.150@0)A, (4*d16,cx8-120.150@0)F  (dev 0.0s, primary cx4-60.120)
[13:51:18]   flexing: (4*d16,cx4-60.120@1)A, (4*p2,cx8-120.150@1,4*p2,cx4-60.120@0,4*p2,cx4-60.120@0)F, (4*d16,cx4-60.120@1)A, (4*d16,cx4-60.120@1)F, (4*p2,cx8-120.150@1,4*p2,cx4-60.120@0,4*p2,cx4-60.120@0)F, (4*d16,cx8-120.150@0)A, (4*d16,cx4-60.120@1)F, (4*d16,cx4-60.120@1)F, (4*p2,cx4-60.120@0,4*p2,cx4-60.120@0,4*p2,cx4-60.120@0,4*p2,cx4-60.120@0)R4, (4*d16,cx4-60.120@1)F, (4*d16,cx8-120.150@0)F, (4*d16,cx8-120.150@0)A  (dev 0.1s, primary cx4-60.120)
[13:51:18]   flexing: (4*d16,cx4-60.120@1)A, (4*p2,cx8-120.150@1,4*p2,cx4-60.120@0,4*p2,cx4-60.120@0)F, (4*d16,cx4-60.120@1)A, (4*d16,cx4-60.120@1)F, (4*p2,cx8-120.150@1,4*p2,cx4-60.120@0,4*p2,cx4-60.120@0)F, (4*d16,cx4-60.120@1)A, (4*d16,cx4-60.120@1)F, (4*d16,cx4-60.120@1)A, (4*d16,cx8-120.150@0)A, (4*d16,cx8-120.150@0)A, (4*d16,cx8-120.150@0)A, (4*d16,cx8-120.150@0)F, (4*p2,cx8-120.150@1,4*p2,cx8-120.150@1)R2, (4*d16,cx8-120.150@0)A  (dev 0.0s, primary cx4-60.120)
[13:51:18]   flexing: (4*d16,cx4-60.120@1)A, (4*p2,cx8-120.150@1,4*p2,cx4-60.120@0,4*p2,cx4-60.120@0)F, (4*d16,cx4-60.120@1)A, (4*d16,cx4-60.120@1)F, (4*p2,cx8-120.150@1,4*p2,cx4-60.120@0,4*p2,cx4-60.120@0)F, (4*d16,cx4-60.120@1)A, (4*d16,cx4-60.120@1)F, (4*d16,cx4-60.120@1)A, (4*d16,cx8-120.150@0)A, (4*d16,cx8-120.150@0)A, (4*d16,cx8-120.150@0)A, (4*d16,cx8-120.150@0)F, (4*p2,cx8-120.150@1,4*p2,cx8-120.150@1)F, (4*d16,cx8-120.150@0)A, (4*d16,cx8-120.150@0)A, (4*d16,cx8-120.150@0)A  (dev 0.0s, primary cx4-60.120)
[13:51:18]   flexing: (4*d16,cx4-60.120@1)A, (4*p2,cx8-120.150@1,4*p2,cx4-60.120@0,4*p2,cx4-60.120@0)F, (4*d16,cx4-60.120@1)A, (4*d16,cx4-60.120@1)F, (4*p2,cx4-60.120@0,4*p2,cx4-60.120@0,4*p2,cx4-60.120@0,4*p2,cx4-60.120@0)R2, (4*d16,cx4-60.120@1)A, (4*d16,cx4-60.120@1)F, (4*d16,cx4-60.120@1)A, (4*d16,cx8-120.150@0)A, (4*d16,cx8-120.150@0)F, (4*p2,cx8-120.150@1,4*p2,cx8-120.150@1)R2, (4*d16,cx8-120.150@0)A  (dev 0.0s, primary cx4-60.120)
[13:51:18]   flexing: (4*d16,cx4-60.120@1)A, (4*p2,cx8-120.150@1,4*p2,cx4-60.120@0,4*p2,cx4-60.120@0)F, (4*d16,cx4-60.120@1)A, (4*d16,cx4-60.120@1)F, (4*p2,cx4-60.120@0,4*p2,cx4-60.120@0,4*p2,cx4-60.120@0,4*p2,cx4-60.120@0)R2, (4*d16,cx4-60.120@1)A, (4*d16,cx4-60.120@1)F, (4*d16,cx4-60.120@1)A, (4*d16,cx8-120.150@0)A, (4*d16,cx8-120.150@0)F, (4*p2,cx8-120.150@1,4*p2,cx8-120.150@1)F, (4*d16,cx8-120.150@0)A, (4*d16,cx8-120.150@0)A, (4*d16,cx8-120.150@0)A  (dev 0.0s, primary cx4-60.120)
[13:51:18]   flexing: (4*d16,cx4-60.120@1)A, (4*p2,cx8-120.150@1,4*p2,cx4-60.120@0,4*p2,cx4-60.120@0)F, (4*d16,cx4-60.120@1)A, (4*d16,cx4-60.120@1)F, (4*p2,cx4-60.120@0,4*p2,cx4-60.120@0,4*p2,cx4-60.120@0,4*p2,cx4-60.120@0)Aa, (4*d16,cx4-60.120@1)A, (4*d16,cx4-60.120@1)F, (4*d16,cx4-60.120@1)A, (4*d16,cx8-120.150@0)F, (4*p2,cx8-120.150@1,4*p2,cx8-120.150@1)Aa, (4*d16,cx8-120.150@0)A, (4*d16,cx8-120.150@0)A  (dev 0.1s, primary cx4-60.120)
[13:51:18]   flexing: (4*d16,cx4-60.120@1)A, (4*p2,cx8-120.150@1,4*p2,cx4-60.120@0,4*p2,cx4-60.120@0)F, (4*d16,cx4-60.120@1)A, (4*d16,cx4-60.120@1)F, (4*p2,cx4-60.120@0,4*p2,cx4-60.120@0,4*p2,cx4-60.120@0,4*p2,cx4-60.120@0)Ab, (4*d16,cx4-60.120@1)A, (4*d16,cx4-60.120@1)F, (4*d16,cx4-60.120@1)A, (4*d16,cx8-120.150@0)A, (4*d16,cx8-120.150@0)F, (4*p2,cx8-120.150@1,4*p2,cx8-120.150@1)R2, (4*d16,cx8-120.150@0)A  (dev 0.0s, primary cx4-60.120)
[13:51:18]   flexing: (4*d16,cx4-60.120@1)A, (4*p2,cx8-120.150@1,4*p2,cx4-60.120@0,4*p2,cx4-60.120@0)F, (4*d16,cx4-60.120@1)A, (4*d16,cx4-60.120@1)F, (4*p2,cx4-60.120@0,4*p2,cx4-60.120@0,4*p2,cx4-60.120@0,4*p2,cx4-60.120@0)Ab, (4*d16,cx4-60.120@1)A, (4*d16,cx4-60.120@1)F, (4*d16,cx4-60.120@1)A, (4*d16,cx8-120.150@0)A, (4*d16,cx8-120.150@0)F, (4*p2,cx8-120.150@1,4*p2,cx8-120.150@1)F, (4*d16,cx8-120.150@0)A, (4*d16,cx8-120.150@0)A, (4*d16,cx8-120.150@0)A  (dev 0.0s, primary cx4-60.120)
[13:51:18]   flexing: (4*d16,cx4-60.120@1)A, (4*p2,cx8-120.150@1,4*p2,cx4-60.120@0,4*p2,cx4-60.120@0)F, (4*d16,cx4-60.120@1)A, (4*d16,cx4-60.120@1)F, (4*p2,cx4-60.120@0,4*p2,cx4-60.120@0,4*p2,cx4-60.120@0,4*p2,cx4-60.120@0)F, (4*d16,cx4-60.120@1)A, (4*d16,cx4-60.120@1)F, (4*d16,cx4-60.120@1)A, (4*d16,cx4-60.120@1)A, (4*d16,cx4-60.120@1)A, (4*d16,cx4-60.120@1)A, (4*d16,cx4-60.120@1)A, (4*d16,cx8-120.150@0)A, (4*d16,cx8-120.150@0)F, (4*p2,cx8-120.150@1,4*p2,cx8-120.150@1)R2, (4*d16,cx8-120.150@0)A  (dev 0.0s, primary cx4-60.120)
[13:51:18]   flexing: (4*d16,cx4-60.120@1)A, (4*p2,cx8-120.150@1,4*p2,cx4-60.120@0,4*p2,cx4-60.120@0)F, (4*d16,cx4-60.120@1)A, (4*d16,cx4-60.120@1)F, (4*p2,cx4-60.120@0,4*p2,cx4-60.120@0,4*p2,cx4-60.120@0,4*p2,cx4-60.120@0)F, (4*d16,cx4-60.120@1)A, (4*d16,cx4-60.120@1)F, (4*d16,cx4-60.120@1)A, (4*d16,cx4-60.120@1)A, (4*d16,cx4-60.120@1)A, (4*d16,cx4-60.120@1)A, (4*d16,cx4-60.120@1)A, (4*d16,cx8-120.150@0)A, (4*d16,cx8-120.150@0)F, (4*p2,cx8-120.150@1,4*p2,cx8-120.150@1)F, (4*d16,cx8-120.150@0)A, (4*d16,cx8-120.150@0)A, (4*d16,cx8-120.150@0)A  (dev 0.0s, primary cx4-60.120)
[13:51:18]   flexing: (4*d16,cx4-60.120@1)A, (4*p2,cx8-120.150@1,4*p2,cx4-60.120@0,4*p2,cx4-60.120@0)F, (4*d16,cx4-60.120@1)A, (4*d16,cx4-60.120@1)F, (4*p2,cx4-60.120@0,4*p2,cx4-60.120@0,4*p2,cx4-60.120@0,4*p2,cx4-60.120@0)F, (4*d16,cx4-60.120@1)A, (4*d16,cx4-60.120@1)F, (4*d16,cx4-60.120@1)A, (4*d16,cx4-60.120@1)A, (4*d16,cx4-60.120@1)A, (4*d16,cx4-60.120@1)F, (4*p2,cx8-120.150@1,4*p2,cx4-60.120@0,4*p2,cx4-60.120@0)F, (4*d16,cx8-120.150@0)A, (4*d16,cx4-60.120@1)F, (4*d16,cx4-60.120@1)F, (4*d16,cx8-120.150@0)F, (4*d16,cx8-120.150@0)A  (dev 0.1s, primary cx4-60.120)
[13:51:18]   flexing: (4*d16,cx4-60.120@1)A, (4*p2,cx8-120.150@1,4*p2,cx4-60.120@0,4*p2,cx4-60.120@0)F, (4*d16,cx4-60.120@1)A, (4*d16,cx4-60.120@1)F, (4*p2,cx4-60.120@0,4*p2,cx4-60.120@0,4*p2,cx4-60.120@0,4*p2,cx4-60.120@0)F, (4*d16,cx4-60.120@1)A, (4*d16,cx4-60.120@1)F, (4*d16,cx4-60.120@1)A, (4*d16,cx4-60.120@1)F, (4*d16,cx4-60.120@1)A, (4*d16,cx4-60.120@1)A, (4*d16,cx8-120.150@0)A, (4*d16,cx8-120.150@0)F, (4*p2,cx8-120.150@1,4*p2,cx8-120.150@1)R2, (4*d16,cx8-120.150@0)A  (dev 0.0s, primary cx4-60.120)
[13:51:19]   flexing: (4*d16,cx4-60.120@1)A, (4*p2,cx8-120.150@1,4*p2,cx4-60.120@0,4*p2,cx4-60.120@0)F, (4*d16,cx4-60.120@1)A, (4*d16,cx4-60.120@1)F, (4*p2,cx4-60.120@0,4*p2,cx4-60.120@0,4*p2,cx4-60.120@0,4*p2,cx4-60.120@0)F, (4*d16,cx4-60.120@1)A, (4*d16,cx4-60.120@1)F, (4*d16,cx4-60.120@1)A, (4*d16,cx4-60.120@1)F, (4*d16,cx4-60.120@1)A, (4*d16,cx4-60.120@1)A, (4*d16,cx8-120.150@0)A, (4*d16,cx8-120.150@0)F, (4*p2,cx8-120.150@1,4*p2,cx8-120.150@1)F, (4*d16,cx8-120.150@0)A, (4*d16,cx8-120.150@0)A, (4*d16,cx8-120.150@0)A  (dev 0.0s, primary cx4-60.120)
[13:51:19]   flexing: (4*d16,cx4-60.120@1)A, (4*p2,cx8-120.150@1,4*p2,cx4-60.120@0,4*p2,cx4-60.120@0)F, (4*d16,cx4-60.120@1)A, (4*d16,cx4-60.120@1)F, (4*p2,cx4-60.120@0,4*p2,cx4-60.120@0,4*p2,cx4-60.120@0,4*p2,cx4-60.120@0)F, (4*d16,cx4-60.120@1)A, (4*d16,cx4-60.120@1)F, (4*d16,cx4-60.120@1)A, (4*d16,cx4-60.120@1)F, (4*p2,cx4-60.120@0,4*p2,cx4-60.120@0,4*p2,cx4-60.120@0,4*p2,cx4-60.120@0)R2, (4*d16,cx4-60.120@1)A, (4*d16,cx4-60.120@1)F, (4*d16,cx4-60.120@1)A, (4*d16,cx4-60.120@1)A, (4*d16,cx4-60.120@1)A, (4*d16,cx8-120.150@0)A, (4*d16,cx8-120.150@0)A  (dev 0.1s, primary cx4-60.120)
[13:51:19]   flexing: (4*d16,cx4-60.120@1)A, (4*p2,cx8-120.150@1,4*p2,cx4-60.120@0,4*p2,cx4-60.120@0)F, (4*d16,cx4-60.120@1)A, (4*d16,cx4-60.120@1)F, (4*p2,cx4-60.120@0,4*p2,cx4-60.120@0,4*p2,cx4-60.120@0,4*p2,cx4-60.120@0)F, (4*d16,cx4-60.120@1)A, (4*d16,cx4-60.120@1)F, (4*d16,cx4-60.120@1)A, (4*d16,cx4-60.120@1)F, (4*p2,cx4-60.120@0,4*p2,cx4-60.120@0,4*p2,cx4-60.120@0,4*p2,cx4-60.120@0)Ab, (4*d16,cx4-60.120@1)A, (4*d16,cx4-60.120@1)F, (4*d16,cx4-60.120@1)A, (4*d16,cx4-60.120@1)A, (4*d16,cx4-60.120@1)A, (4*d16,cx8-120.150@0)A, (4*d16,cx8-120.150@0)A  (dev 0.1s, primary cx4-60.120)
[13:51:19]   flexing: (4*d16,cx4-60.120@1)A, (4*p2,cx8-120.150@1,4*p2,cx4-60.120@0,4*p2,cx4-60.120@0)F, (4*d16,cx4-60.120@1)A, (4*d16,cx4-60.120@1)F, (4*p2,cx4-60.120@0,4*p2,cx4-60.120@0,4*p2,cx4-60.120@0,4*p2,cx4-60.120@0)F, (4*d16,cx4-60.120@1)A, (4*d16,cx4-60.120@1)F, (4*d16,cx4-60.120@1)A, (4*d16,cx4-60.120@1)F, (4*p2,cx4-60.120@0,4*p2,cx4-60.120@0,4*p2,cx4-60.120@0,4*p2,cx4-60.120@0)F, (4*d16,cx4-60.120@1)A, (4*d16,cx4-60.120@1)F, (4*d16,cx4-60.120@1)A, (4*d16,cx4-60.120@1)A, (4*d16,cx4-60.120@1)A, (4*d16,cx4-60.120@1)A, (4*d16,cx8-120.150@0)A, (4*d16,cx4-60.120@1)A, (4*d16,cx4-60.120@1)A, (4*d16,cx4-60.120@1)A, (4*d16,cx8-120.150@0)A  (dev 0.1s, primary cx4-60.120)
[13:51:19]   flexing: (4*d16,cx4-60.120@1)A, (4*p2,cx8-120.150@1,4*p2,cx4-60.120@0,4*p2,cx4-60.120@0)F, (4*d16,cx4-60.120@1)A, (4*d16,cx4-60.120@1)F, (4*p2,cx4-60.120@0,4*p2,cx4-60.120@0,4*p2,cx4-60.120@0,4*p2,cx4-60.120@0)F, (4*d16,cx4-60.120@1)A, (4*d16,cx4-60.120@1)F, (4*d16,cx4-60.120@1)A, (4*d16,cx4-60.120@1)F, (4*p2,cx4-60.120@0,4*p2,cx4-60.120@0,4*p2,cx4-60.120@0,4*p2,cx4-60.120@0)F, (4*d16,cx4-60.120@1)A, (4*d16,cx4-60.120@1)F, (4*d16,cx4-60.120@1)A, (4*d16,cx4-60.120@1)A, (4*d16,cx4-60.120@1)A, (4*d16,cx4-60.120@1)A, (4*d16,cx8-120.150@0)A, (4*d16,cx4-60.120@1)A, (4*d16,cx4-60.120@1)F, (4*d16,cx8-120.150@0)A  (dev 0.1s, primary cx4-60.120)
[13:51:19]   flexing: (4*d16,cx4-60.120@1)A, (4*p2,cx4-60.120@0,4*p2,cx4-60.120@0,4*p2,cx4-60.120@0,4*p2,cx4-60.120@0)Aa, (4*d16,cx4-60.120@1)A, (4*d16,cx4-60.120@1)F, (4*p2,cx8-120.150@1,4*p2,cx4-60.120@0,4*p2,cx4-60.120@0)F, (4*d16,cx8-120.150@0)A, (4*d16,cx4-60.120@1)F, (4*d16,cx4-60.120@1)F, (4*p2,cx8-120.150@1,4*p2,cx4-60.120@0,4*p2,cx4-60.120@0)A, (4*d16,cx4-60.120@1)F, (4*d16,cx8-120.150@0)A, (4*d16,cx8-120.150@0)A  (dev 0.1s, primary cx4-60.120)
[13:51:19]   flexing: (4*d16,cx4-60.120@1)A, (4*p2,cx4-60.120@0,4*p2,cx4-60.120@0,4*p2,cx4-60.120@0,4*p2,cx4-60.120@0)Aa, (4*d16,cx4-60.120@1)A, (4*d16,cx4-60.120@1)F, (4*p2,cx4-60.120@0,4*p2,cx4-60.120@0,4*p2,cx4-60.120@0,4*p2,cx4-60.120@0)F, (4*d16,cx4-60.120@1)A, (4*d16,cx4-60.120@1)F, (4*d16,cx4-60.120@1)A, (4*d16,cx4-60.120@1)F, (4*p2,cx8-120.150@1,4*p2,cx4-60.120@0,4*p2,cx4-60.120@0)A, (4*d16,cx4-60.120@1)F, (4*d16,cx4-60.120@1)A, (4*d16,cx4-60.120@1)A, (4*d16,cx8-120.150@0)A  (dev 0.1s, primary cx4-60.120)
[13:51:19]   flexing: (4*d16,cx4-60.120@1)A, (4*p2,cx4-60.120@0,4*p2,cx4-60.120@0,4*p2,cx4-60.120@0,4*p2,cx4-60.120@0)Ab, (4*d16,cx4-60.120@1)F, (4*p2,cx8-120.150@1,4*p2,cx4-60.120@0,4*p2,cx4-60.120@0)A, (4*d16,cx8-120.150@0)A, (4*d16,cx4-60.120@1)F, (4*d16,cx4-60.120@1)F, (4*p2,cx4-60.120@0,4*p2,cx4-60.120@0,4*p2,cx4-60.120@0,4*p2,cx4-60.120@0)S4  (dev 0.0s, primary cx4-60.120)
[13:51:19]   flexing: (4*d16,cx4-60.120@1)A, (4*p2,cx4-60.120@0,4*p2,cx4-60.120@0,4*p2,cx4-60.120@0,4*p2,cx4-60.120@0)F, (4*d16,cx4-60.120@1)A, (4*d16,cx4-60.120@1)A, (4*d16,cx4-60.120@1)A, (4*d16,cx4-60.120@1)F, (4*p2,cx8-120.150@1,4*p2,cx4-60.120@0,4*p2,cx4-60.120@0)F, (4*d16,cx8-120.150@0)A, (4*d16,cx4-60.120@1)F, (4*d16,cx4-60.120@1)F, (4*p2,cx4-60.120@0,4*p2,cx4-60.120@0,4*p2,cx4-60.120@0,4*p2,cx4-60.120@0)F, (4*d16,cx4-60.120@1)F, (4*d16,cx4-60.120@1)A, (4*d16,cx4-60.120@1)A, (4*d16,cx4-60.120@1)F, (4*d16,cx4-60.120@1)F, (4*d16,cx4-60.120@1)F, (4*d16,cx8-120.150@0)A  (dev 0.1s, primary cx4-60.120)
[13:51:19]   flexing: (4*d16,cx4-60.120@1)A, (4*p2,cx4-60.120@0,4*p2,cx4-60.120@0,4*p2,cx4-60.120@0,4*p2,cx4-60.120@0)F, (4*d16,cx4-60.120@1)A, (4*d16,cx4-60.120@1)F, (4*p2,cx8-120.150@1,4*p2,cx4-60.120@0,4*p2,cx4-60.120@0)F, (4*d16,cx8-120.150@0)A, (4*d16,cx4-60.120@1)F, (4*d16,cx4-60.120@1)F, (4*d16,cx4-60.120@1)F, (4*d16,cx4-60.120@1)F, (4*p2,cx8-120.150@1,4*p2,cx4-60.120@0,4*p2,cx4-60.120@0)F, (4*d16,cx4-60.120@1)F, (4*d16,cx8-120.150@0)A, (4*d16,cx8-120.150@0)F, (4*d16,cx4-60.120@1)F  (dev 0.1s, primary cx4-60.120)
[13:51:19]   flexing: (4*d16,cx4-60.120@1)F, (4*p2,cx8-120.150@1,cx4-60.120@1,cx4-60.120@0)F, (4*p2,cx8-120.150@1,cx8-120.150@0,cx4-60.120@0)F, (4*d16,cx8-120.150@0)F, (4*p2,cx8-120.150@1,4*p2,cx8-120.150@1)F, (4*d16,cx8-120.150@0)F, (4*d16,cx8-120.150@0)F  (dev 0.0s, primary cx4-60.120)
[13:51:19]   flexing: (4*d16,cx4-60.120@1)F, (4*p2,cx8-120.150@1,cx4-60.120@1,cx4-60.120@0)F, (4*p2,cx4-60.120@0,4*p2,cx4-60.120@0,cx4-60.120@1,cx4-60.120@0)F, (4*p2,cx8-120.150@1,cx8-120.150@0,cx4-60.120@0)F, (4*d16,cx4-60.120@1)F, (4*d16,cx4-60.120@1)F, (4*d16,cx8-120.150@0)F  (dev 0.0s, primary cx4-60.120)
[13:51:19]   flexing: (4*d16,cx4-60.120@1)F, (4*p2,cx8-120.150@1,4*p2,cx4-60.120@0,4*p2,cx4-60.120@0)A, (4*d16,cx8-120.150@0)F, (4*p2,cx8-120.150@1,4*p2,cx8-120.150@1)Aa, (4*d16,cx8-120.150@0)F, (4*p2,cx8-120.150@1,4*p2,cx8-120.150@1)S2  (dev 0.0s, primary cx4-60.120)
[13:51:19]   flexing: (4*d16,cx4-60.120@1)F, (4*p2,cx8-120.150@1,4*p2,cx4-60.120@0,4*p2,cx4-60.120@0)A, (4*d16,cx4-60.120@1)F, (4*p2,cx4-60.120@0,4*p2,cx4-60.120@0,4*p2,cx4-60.120@0,4*p2,cx4-60.120@0)S2a, (4*d16,cx8-120.150@0)F, (4*p2,cx8-120.150@1,4*p2,cx8-120.150@1)S2  (dev 0.0s, primary cx4-60.120)
[13:51:19]   flexing: (4*d16,cx4-60.120@1)F, (4*p2,cx8-120.150@1,4*p2,cx4-60.120@0,4*p2,cx4-60.120@0)A, (4*d16,cx4-60.120@1)F, (4*p2,cx4-60.120@0,4*p2,cx4-60.120@0,4*p2,cx4-60.120@0,4*p2,cx4-60.120@0)Aa, (4*d16,cx8-120.150@0)F, (4*p2,cx8-120.150@1,4*p2,cx8-120.150@1)S2, (4*d16,cx4-60.120@1)F  (dev 0.0s, primary cx4-60.120)
[13:51:19]   flexing: (4*d16,cx4-60.120@1)F, (4*p2,cx8-120.150@1,4*p2,cx4-60.120@0,4*p2,cx4-60.120@0)F, (4*d16,cx4-60.120@1)F, (4*p2,cx4-60.120@0,4*p2,cx4-60.120@0,4*p2,cx4-60.120@0,4*p2,cx4-60.120@0)F, (4*d16,cx4-60.120@1)F, (4*d16,cx4-60.120@1)F, (4*p2,cx8-120.150@1,4*p2,cx4-60.120@0,4*p2,cx4-60.120@0)F, (4*d16,cx8-120.150@0)F, (4*d16,cx4-60.120@1)F, (4*d16,cx4-60.120@1)F, (4*d16,cx8-120.150@0)F, (4*d16,cx4-60.120@1)F, (4*d16,cx4-60.120@1)F  (dev 0.0s, primary cx4-60.120)
[13:51:19]   flexing: (4*d16,cx4-60.120@1)F, (4*p2,cx8-120.150@1,4*p2,cx4-60.120@0,4*p2,cx4-60.120@0)F, (4*d16,cx4-60.120@1)F, (4*d16,cx8-120.150@0)F, (4*p2,cx8-120.150@1,4*p2,cx8-120.150@1)R2, (4*d16,cx8-120.150@0)F, (4*p2,cx8-120.150@1,4*p2,cx8-120.150@1)F, (4*d16,cx8-120.150@0)F, (4*d16,cx8-120.150@0)F  (dev 0.0s, primary cx4-60.120)
[13:51:19]   flexing: (4*d16,cx4-60.120@1)F, (4*p2,cx8-120.150@1,4*p2,cx4-60.120@0,4*p2,cx4-60.120@0)F, (4*d16,cx4-60.120@1)F, (4*p2,cx4-60.120@0,4*p2,cx4-60.120@0,4*p2,cx4-60.120@0,4*p2,cx4-60.120@0)R2, (4*d16,cx4-60.120@1)F, (4*p2,cx4-60.120@0,4*p2,cx4-60.120@0,4*p2,cx4-60.120@0,4*p2,cx4-60.120@0)F, (4*d16,cx4-60.120@1)F, (4*d16,cx4-60.120@1)F, (4*d16,cx4-60.120@1)F, (4*d16,cx4-60.120@1)F, (4*d16,cx8-120.150@0)F, (4*d16,cx4-60.120@1)F  (dev 0.1s, primary cx4-60.120)
[13:51:19]   flexing: (4*d14,cx8-120.150@1)A, (4*p4,cx8-120.150@0,4*p4,cx8-120.150@0)Ab, (4*d14,cx8-120.150@1)F, (4*p4,cx8-120.150@0,4*p4,cx4-60.120@1)A, (4*d14,cx4-60.120@0,4*p2,cx4-60.120@0)A, (4*d16,cx4-60.120@1)A  (dev 0.0s, primary cx4-60.120)
[13:51:19]   flexing: (12*d16,cx4-60.120@1)A, (12*p6,cx8-120.150@1,6*p4,cx4-60.120@0)F, (6*d16,cx4-60.120@1)A, (12*d16,cx8-120.150@0)A, (6*d16,cx8-120.150@0)F, (12*p6,cx8-120.150@1,6*p4,cx4-60.120@0)F, (12*d16,cx8-120.150@0)A, (6*d16,cx4-60.120@1)F, (12*p6,cx4-60.120@0,6*p4,cx4-60.120@0,4*p2,cx4-60.120@0)F, (6*d16,cx4-60.120@1)A, (12*d16,cx4-60.120@1)F, (4*d16,cx4-60.120@1)A, (4*d16,cx4-60.120@1)A, (12*d16,cx4-60.120@1)A  (dev 0.1s, primary cx4-60.120)
[13:51:19]   flexing: (12*d16,cx4-60.120@1)A, (12*p6,cx8-120.150@1,6*p4,cx4-60.120@0)F, (6*d16,cx4-60.120@1)A, (12*d16,cx8-120.150@0)F, (12*p6,cx8-120.150@1,6*p4,cx4-60.120@0)F, (6*d16,cx4-60.120@1)F, (12*p6,cx4-60.120@0,6*p4,cx4-60.120@0,4*p2,cx4-60.120@0)F, (12*d16,cx4-60.120@1)F, (6*d16,cx4-60.120@1)A, (4*d16,cx4-60.120@1)A, (4*d16,cx4-60.120@1)A, (12*d16,cx4-60.120@1)A, (6*d16,cx8-120.150@0)F  (dev 0.0s, primary cx4-60.120)
[13:51:20]   flexing: (12*d16,cx4-60.120@1)A, (12*p6,cx4-60.120@0,6*p4,cx4-60.120@0,4*p2,cx4-60.120@0)F, (6*d16,cx4-60.120@1)A, (6*d16,cx4-60.120@1)F, (12*p6,cx4-60.120@0,6*p4,cx4-60.120@0,4*p2,cx4-60.120@0)F, (4*d16,cx4-60.120@1)F, (4*d16,cx4-60.120@1)A, (4*d16,cx4-60.120@1)A, (12*d16,cx4-60.120@1)A, (12*d16,cx4-60.120@1)A, (12*d16,cx4-60.120@1)F, (12*p6,cx8-120.150@1,6*p4,cx4-60.120@0)F, (6*d16,cx4-60.120@1)F, (6*d16,cx8-120.150@0)A, (12*d16,cx8-120.150@0)A  (dev 0.1s, primary cx4-60.120)
[13:51:20]   flexing: (12*d16,cx4-60.120@1)A, (12*p6,cx4-60.120@0,6*p4,cx4-60.120@0,4*p2,cx4-60.120@0)F, (6*d16,cx4-60.120@1)A, (6*d16,cx4-60.120@1)F, (12*p6,cx4-60.120@0,6*p4,cx4-60.120@0,4*p2,cx4-60.120@0)F, (4*d16,cx4-60.120@1)F, (4*d16,cx4-60.120@1)F, (12*d16,cx4-60.120@1)F, (12*d16,cx4-60.120@1)F, (12*p6,cx8-120.150@1,6*p4,cx4-60.120@0)F, (6*d16,cx4-60.120@1)F, (6*d16,cx8-120.150@0)A, (12*d16,cx8-120.150@0)A  (dev 0.0s, primary cx4-60.120)
[13:51:20]   flexing: (3*d14,cx6-90.150@1)F, (3*d14,3*p2,cx6-90.150@0,3*p2)A, (3*p2,cx6-90.150@0,cx4-75.105@0,cx4-75.105@0,cx6-90.150@0)A, (cx6-90.150@1,cx4-75.105@1,cx4-75.105@1)A  (dev 0.0s, primary cx4-75.105)
[13:51:20]   flexing: (3*d14,cx6-90.150@1)F, (3*p2,cx6-90.150@0,cx6-90.150@1,cx6-90.150@0)A, (3*p2,cx6-90.150@0,3*p2,cx4-75.105@1,cx4-75.105@1)A, (3*d14,cx4-75.105@0,cx4-75.105@0)A  (dev 0.0s, primary cx4-75.105)
[13:51:20]   flexing: (4*d14,cx8-120.150@1)A, (4*p4,cx8-120.150@0,cx4-75.105@0,cx4-75.105@1)F, (cx8-120.150@1,cx4-75.105@1,cx4-75.105@1)A, (4*d14,cx4-75.105@0,cx4-75.105@0)A  (dev 0.0s, primary cx4-75.105)
[13:51:20]   flexing: (3*d14,cx6-90.150@1)A, (3*p2,cx6-90.150@0,3*p2,cx6-90.150@0,3*p2,cx6-90.150@0)A, (3*d14,cx6-90.150@1)F, (3*p2,cx6-90.150@0,cx6-90.150@1,cx6-90.150@0)A, (3*d14,cx6-90.150@1)F, (3*d14,3*p2,cx6-90.150@0,3*p2)A  (dev 0.0s, primary cx6-90.150)
[13:51:20]   flexing: (4*d14,cx6-90.150@1)A, (6*p6,cx8-120.150@0,4*p4,cx6-90.150@0)F, (6*d14,cx6-90.150@1)F, (6*p6,cx6-90.150@0,6*p6,cx6-90.150@0)S2, (4*d14,cx8-120.150@1)F, (4*p4,cx8-120.150@0,4*p4,cx8-120.150@0)R2, (4*d14,cx8-120.150@1)A, (6*d14,cx8-120.150@1)A  (dev 0.0s, primary cx6-90.150)
[13:51:20]   flexing: (4*d14,cx6-90.150@1)A, (6*p6,cx8-120.150@0,4*p4,cx6-90.150@0)F, (6*d14,cx6-90.150@1)F, (6*p6,cx6-90.150@0,6*p6,cx6-90.150@0)S2, (4*d14,cx8-120.150@1)F, (4*p4,cx8-120.150@0,4*p4,cx8-120.150@0)F, (4*d14,cx8-120.150@1)A, (6*d14,cx8-120.150@1)A, (4*d14,cx8-120.150@1)A, (4*d14,cx8-120.150@1)A  (dev 0.0s, primary cx6-90.150)
[13:51:20]   flexing: (4*d14,cx6-90.150@1)A, (6*p6,cx8-120.150@0,4*p4,cx6-90.150@0)F, (6*d14,cx6-90.150@1)F, (6*p6,cx6-90.150@0,6*p6,cx6-90.150@0)Ab, (4*d14,cx8-120.150@1)A, (6*d14,cx8-120.150@1)A, (6*d14,cx6-90.150@1)F, (6*p6,cx6-90.150@0,6*p6,cx6-90.150@0)R2, (6*d14,cx6-90.150@1)A  (dev 0.0s, primary cx6-90.150)
[13:51:20]   flexing: (3*d15,cx6-105.135@1)A, (3*p1,cx6-105.135@0,3*p1,cx6-105.135@0,3*p1,cx6-105.135@0)A, (3*d15,cx6-105.135@1)F, (3*p1,cx6-105.135@0,cx6-105.135@1,cx6-105.135@0)A, (3*d15,cx6-105.135@1)F, (3*d15,3*p1,cx6-105.135@0,3*p1)A  (dev 0.0s, primary cx6-105.135)
[13:51:20]   flexing: (3*d15,cx12-135.165@0)F, (3*p1,cx12-135.165@1,3*p1,cx12-135.165@1)S2, (6*p5,cx12-135.165@1,3*p1,cx6-105.135@0)F, (3*d15,cx6-105.135@1)A, (6*d15,cx6-105.135@1)F, (6*p5,cx6-105.135@0,6*p5,cx6-105.135@0)S2, (6*d15,cx12-135.165@0)A  (dev 0.0s, primary cx6-105.135)
[13:51:20] k=3: 731 pinned, 173 flexing blocks in 161 keyed groups
[13:51:20] k=3: 161 families (12 collapse >1 grid-member; 0 multi-slider separable)
[13:51:20]   ctrnact-mixed-family-k3-01: (12S@d@a+12,cx4@1@-a+12) + (12S@d@a+12,cx4@1@-a+12) + (12S@d@a+12,cx4@1@-a+12) + (12S@d@a+12,cx4@1@-a+12) + (12S@d@a+12,cx8@0@-a+12) + (12S@p@-a+10,cx4@0@a,4S@p@-a+6,cx4@0@a,6S@p@-a+8,cx4@0@a) + (12S@p@-a+10,cx4@0@a,4S@p@-a+6,cx4@0@a,6S@p@-a+8,cx4@0@a) + (12S@p@-a+10,cx4@0@a,6S@p@-a+8,cx8@1@a+6) + (4S@d@a+12,cx4@1@-a+12) + (4S@d@a+12,cx4@1@-a+12) + (4S@d@a+12,cx4@1@-a+12) + (6S@d@a+12,cx4@1@-a+12) + (6S@d@a+12,cx4@1@-a+12) + (6S@d@a+12,cx4@1@-a+12) + (6S@d@a+12,cx8@0@-a+12)  P=1 α∈[[0.0, 90.0]]  checks 5/5 pass
[13:51:20]   ctrnact-mixed-family-k3-02: (12S@d@a+12,cx4@1@-a+12) + (12S@d@a+12,cx4@1@-a+12) + (12S@d@a+12,cx4@1@-a+12) + (12S@d@a+12,cx8@0@-a+12) + (12S@p@-a+10,cx4@0@a,4S@p@-a+6,cx4@0@a,6S@p@-a+8,cx4@0@a) + (12S@p@-a+10,cx4@0@a,4S@p@-a+6,cx4@0@a,6S@p@-a+8,cx4@0@a) + (12S@p@-a+10,cx4@0@a,6S@p@-a+8,cx8@1@a+6) + (4S@d@a+12,cx4@1@-a+12) + (4S@d@a+12,cx4@1@-a+12) + (6S@d@a+12,cx4@1@-a+12) + (6S@d@a+12,cx4@1@-a+12) + (6S@d@a+12,cx4@1@-a+12) + (6S@d@a+12,cx8@0@-a+12)  P=1 α∈[[0.0, 90.0]]  checks 5/5 pass
[13:51:20]   ctrnact-mixed-family-k3-03: (12S@d@a+12,cx4@1@-a+12) + (12S@d@a+12,cx4@1@-a+12) + (12S@d@a+12,cx4@1@-a+12) + (12S@d@a+12,cx8@0@-a+12) + (12S@d@a+12,cx8@0@-a+12) + (12S@p@-a+10,cx4@0@a,4S@p@-a+6,cx4@0@a,6S@p@-a+8,cx4@0@a) + (12S@p@-a+10,cx4@0@a,6S@p@-a+8,cx8@1@a+6) + (12S@p@-a+10,cx4@0@a,6S@p@-a+8,cx8@1@a+6) + (4S@d@a+12,cx4@1@-a+12) + (4S@d@a+12,cx4@1@-a+12) + (6S@d@a+12,cx4@1@-a+12) + (6S@d@a+12,cx4@1@-a+12) + (6S@d@a+12,cx4@1@-a+12) + (6S@d@a+12,cx8@0@-a+12)  P=1 α∈[[0.0, 90.0]]  checks 5/5 pass
[13:51:20]   ctrnact-mixed-family-k3-04: (12S@d@a+12,cx4@1@-a+12) + (12S@d@a+12,cx4@1@-a+12) + (12S@d@a+12,cx4@1@-a+12) + (12S@d@a+12,cx8@0@-a+12) + (12S@p@-a+10,cx4@0@a,4S@p@-a+6,cx4@0@a,6S@p@-a+8,cx4@0@a) + (12S@p@-a+10,cx4@0@a,6S@p@-a+8,cx8@1@a+6) + (12S@p@-a+10,cx4@0@a,6S@p@-a+8,cx8@1@a+6) + (4S@d@a+12,cx4@1@-a+12) + (4S@d@a+12,cx4@1@-a+12) + (6S@d@a+12,cx4@1@-a+12) + (6S@d@a+12,cx4@1@-a+12) + (6S@d@a+12,cx4@1@-a+12) + (6S@d@a+12,cx8@0@-a+12)  P=1 α∈[[0.0, 90.0]]  checks 5/5 pass
[13:51:20]   ctrnact-mixed-family-k3-05: (3S@d@a+8,3S@p@-a+8,cx6@0@a,3S@p@-a+8) + (3S@d@a+8,cx6@1@-a+16) + (3S@d@a+8,cx6@1@-a+16) + (3S@d@a+8,cx6@1@-a+16) + (3S@p@-a+8,cx6@0@a,3S@p@-a+8,cx6@0@a,3S@p@-a+8,cx6@0@a) + (3S@p@-a+8,cx6@0@a,cx6@1@-a+16,cx6@0@a)  P=1 α∈[[60.0, 120.0]]  checks 5/5 pass
[13:51:20]   ctrnact-mixed-family-k3-06: (3S@d@-2a+24,3S@p@2a-8,cx6@0@-2a+16,3S@p@2a-8) + (3S@d@-2a+24,cx6@1@2a) + (3S@p@2a-8,cx6@0@-2a+16,cx4@0@a,cx4@0@a,cx6@0@-2a+16) + (cx4@1@-a+12,cx4@1@-a+12,cx6@1@2a)  P=1 α∈[[60.0, 90.0]]  checks 5/5 pass
[13:51:20]   ctrnact-mixed-family-k3-07: (3,3,3,3,3,3) + (3,3,3S@d@a+8,3S@p@-a+8) + (3S@d@a+8,3S@p@-a+8,cx6@0@a,3S@p@-a+8) + (3S@d@a+8,cx6@1@-a+16)  P=1 α∈[[60.0, 120.0]]  checks 5/5 pass
[13:51:20]   ctrnact-mixed-family-k3-08: (3S@d@-a+18,3S@p@a-2,cx6@0@-a+10,3S@p@a-2) + (3S@d@-a+18,cx6@1@a+6) + (3S@d@-a+18,cx6@1@a+6) + (3S@p@a-2,cx6@0@-a+10,4,cx4@0@a,cx6@0@-a+10) + (4,cx4@1@-a+12,cx6@1@a+6)  P=1 α∈[[30.0, 90.0]]  checks 5/5 pass
[13:51:20]   ctrnact-mixed-family-k3-09: (3S@d@-a+18,3S@p@a-2,cx6@0@-a+10,3S@p@a-2) + (3S@d@-a+18,cx6@1@a+6) + (3S@d@-a+18,cx6@1@a+6) + (3S@p@a-2,cx6@0@-a+10,4,cx4@0@a,cx6@0@-a+10) + (4,cx4@1@-a+12,cx6@1@a+6)  P=1 α∈[[30.0, 90.0]]  checks 5/5 pass
[13:51:20]   ctrnact-mixed-family-k3-10: (3S@d@-2a+24,cx4@0@a,cx4@0@a) + (3S@d@-2a+24,cx6@1@2a) + (3S@p@2a-8,cx4@1@-a+12,cx4@1@-a+12,3S@p@2a-8,cx6@0@-2a+16) + (3S@p@2a-8,cx6@0@-2a+16,cx6@1@2a,cx6@0@-2a+16)  P=1 α∈[[60.0, 90.0]]  checks 5/5 pass
[13:51:20]   ctrnact-mixed-family-k3-11: (3S@d@-a+18,4,cx4@0@a) + (3S@d@-a+18,cx6@1@a+6) + (3S@d@-a+18,cx6@1@a+6) + (3S@p@a-2,4,cx4@1@-a+12,3S@p@a-2,cx6@0@-a+10) + (3S@p@a-2,cx6@0@-a+10,cx6@1@a+6,cx6@0@-a+10)  P=1 α∈[[30.0, 90.0]]  checks 5/5 pass
[13:51:20]   ctrnact-mixed-family-k3-12: (3S@d@-a+18,4,cx4@0@a) + (3S@d@-a+18,cx6@1@a+6) + (3S@d@-a+18,cx6@1@a+6) + (3S@p@a-2,4,cx4@1@-a+12,3S@p@a-2,cx6@0@-a+10) + (3S@p@a-2,cx6@0@-a+10,cx6@1@a+6,cx6@0@-a+10)  P=1 α∈[[30.0, 90.0]]  checks 5/5 pass
[13:51:20]   ctrnact-mixed-family-k3-13: (3,3,3,3,3,3) + (3,3,cx6@0@a,cx6@1@-a+16) + (3S@d@a+8,cx6@1@-a+16) + (3S@p@-a+8,cx6@0@a,cx6@1@-a+16,cx6@0@a)  P=1 α∈[[60.0, 120.0]]  checks 5/5 pass
[13:51:20]   ctrnact-mixed-family-k3-14: (3,3S@d@-a+16,cx4@0@4,3S@p@a) + (3S@d@-a+16,3S@p@a,6) + (3S@d@-a+16,3S@p@a,cx4@1@8)  P=1 α∈[[0.0, 60.0]]  checks 5/5 pass
[13:51:20]   ctrnact-mixed-family-k3-15: (3S@d@-a+16,3S@p@a,cx4@0@4,cx4@0@4) + (3S@d@-a+16,3S@p@a,cx4@1@8) + (cx4@1@8,cx4@1@8,cx4@1@8)  P=1 α∈[[0.0, 60.0]]  checks 5/5 pass
[13:51:20]   ctrnact-mixed-family-k3-16: (3,3,3S@d@-a+16,3S@p@a) + (3,3S@d@-a+16,cx4@0@4,3S@p@a) + (3S@d@-a+16,3S@p@a,cx4@1@8)  P=1 α∈[[0.0, 60.0]]  checks 5/5 pass
[13:51:20]   ctrnact-mixed-family-k3-17: (3,3,3S@d@-a+16,3S@p@a) + (3,3S@d@-a+16,cx4@0@4,3S@p@a) + (3S@d@-a+16,3S@p@a,cx4@1@8)  P=1 α∈[[0.0, 60.0]]  checks 5/5 pass
[13:51:20]   ctrnact-mixed-family-k3-18: (3,3S@d@-a+16,3,3S@p@a) + (3,3S@d@-a+16,cx4@0@4,3S@p@a) + (3S@d@-a+16,3S@p@a,cx4@1@8)  P=1 α∈[[0.0, 60.0]]  checks 5/5 pass
[13:51:20]   ctrnact-mixed-family-k3-19: (3S@d@a+8,cx12@0@-a+16) + (3S@d@a+8,cx6@1@-a+16) + (3S@p@-a+8,cx12@1@a+4,3S@p@-a+8,cx12@1@a+4) + (3S@p@-a+8,cx12@1@a+4,6S@p@-a+12,cx6@0@a) + (6S@d@a+8,cx12@0@-a+16) + (6S@d@a+8,cx6@1@-a+16) + (6S@p@-a+12,cx6@0@a,6S@p@-a+12,cx6@0@a)  P=1 α∈[[60.0, 120.0]]  checks 5/5 pass
[13:51:20]   ctrnact-mixed-family-k3-20: (3,3S@d@-a+20,3,3S@p@a-4) + (3,3S@d@-a+20,cx4@0@a) + (3,3S@p@a-4,cx12@1@-a+16,3S@p@a-4,cx4@1@-a+12) + (3S@d@-a+20,cx12@0@a+4)  P=1 α∈[[60.0, 120.0]]  checks 5/5 pass
[13:51:20]   ctrnact-mixed-family-k3-21: (3,3,3S@p@a-4,3,3,cx4@1@-a+12) + (3,3S@d@-a+20,cx4@0@a) + (3S@d@-a+20,3S@p@a-4,cx4@1@-a+12,3S@p@a-4)  P=1 α∈[[60.0, 120.0]]  checks 5/5 pass
[13:51:20]   ctrnact-mixed-family-k3-22: (3,3S@d@-a+20,3,3S@p@a-4) + (3,3S@d@-a+20,cx4@0@a) + (3,3S@p@a-4,cx4@1@-a+12,3S@p@a-4,3,cx4@1@-a+12)  P=1 α∈[[60.0, 120.0]]  checks 5/5 pass
[13:51:20]   ctrnact-mixed-family-k3-23: (3,3S@d@-a+20,3,3S@p@a-4) + (3,3S@d@-a+20,cx4@0@a) + (3,3S@p@a-4,cx4@1@-a+12,3,3S@p@a-4,cx4@1@-a+12)  P=1 α∈[[60.0, 120.0]]  checks 5/5 pass
[13:51:20]   ctrnact-mixed-family-k3-24: (3,3,3,3,3,3) + (3,3,3,3,3S@p@a-4,cx4@1@-a+12) + (3,3S@d@-a+20,cx4@0@a)  P=1 α∈[[60.0, 120.0]]  checks 5/5 pass
[13:51:20]   ctrnact-mixed-family-k3-25: (3,3S@d@-a+20,3,3S@p@a-4) + (3,3S@d@-a+20,cx4@0@a) + (3,3S@p@a-4,cx4@1@-a+12,cx4@0@a,cx4@1@-a+12)  P=1 α∈[[60.0, 120.0]]  checks 5/5 pass
[13:51:20]   ctrnact-mixed-family-k3-26: (3,3S@d@-a+20,3,3S@p@a-4) + (3,3S@d@-a+20,cx4@0@a) + (3,3S@p@a-4,cx4@1@-a+12,cx4@0@a,cx4@1@-a+12)  P=1 α∈[[60.0, 120.0]]  checks 5/5 pass
[13:51:20]   ctrnact-mixed-family-k3-27: (3,3,3,3,3S@p@a-4,cx4@1@-a+12) + (3,3,cx4@0@a,3,cx4@1@-a+12) + (3,3S@d@-a+20,cx4@0@a)  P=1 α∈[[60.0, 120.0]]  checks 5/5 pass
[13:51:20]   ctrnact-mixed-family-k3-28: (3,3S@d@-a+20,cx4@0@a) + (3,3S@p@a-4,cx4@1@-a+12,3,3S@p@a-4,cx4@1@-a+12) + (3,cx4@0@a,6,cx4@1@-a+12)  P=1 α∈[[60.0, 120.0]]  checks 5/5 pass
[13:51:20]   ctrnact-mixed-family-k3-29: (3,3S@d@-a+20,cx4@0@a) + (3,3S@p@a-4,cx4@1@-a+12,3S@p@a-4,3,cx6@0@-a+12) + (3,cx4@1@-a+12,3,cx6@1@a+4)  P=1 α∈[[60.0, 120.0]]  checks 5/5 pass
[13:51:20]   ctrnact-mixed-family-k3-30: (3S@d@-a+20,3S@p@a-4,cx4@1@-a+12,3S@p@a-4) + (3S@d@-a+20,cx4@0@4,cx4@0@a) + (3S@p@a-4,cx4@1@8,cx4@1@-a+12,cx4@1@8)  P=1 α∈[[60.0, 120.0]]  checks 5/5 pass
[13:51:20]   ctrnact-mixed-family-k3-31: (3,cx4@0@4,cx4@1@-a+12,3S@p@a-4,cx4@1@8) + (3,cx4@0@a,cx4@1@8,cx4@1@-a+12) + (3S@d@-a+20,cx4@0@4,cx4@0@a)  P=1 α∈[[60.0, 120.0]]  checks 5/5 pass
[13:51:20]   ctrnact-mixed-family-k3-32: (3S@d@-a+20,cx4@0@4,cx4@0@a) + (3S@p@a-4,cx4@1@-a+12,cx4@1@8,cx4@1@8) + (cx4@0@4,cx4@0@4,cx4@0@4,cx4@0@4,cx4@0@4,cx4@0@4)  P=1 α∈[[60.0, 120.0]]  checks 5/5 pass
[13:51:20]   ctrnact-mixed-family-k3-33: (3,3,cx4@1@-a+12,cx6@1@a+4) + (3,cx4@0@a,cx6@0@-a+12,3S@p@a-4,cx6@0@-a+12) + (3S@d@-a+20,3S@p@a-4,cx6@0@-a+12,3S@p@a-4) + (3S@d@-a+20,cx6@1@a+4) + (3S@d@-a+20,cx6@1@a+4)  P=1 α∈[[60.0, 120.0]]  checks 5/5 pass
[13:51:20]   ctrnact-mixed-family-k3-34: (3,3,cx4@1@-a+12,cx6@1@a+4) + (3,cx4@0@a,cx6@0@-a+12,3S@p@a-4,cx6@0@-a+12) + (3S@d@-a+20,3S@p@a-4,cx6@0@-a+12,3S@p@a-4) + (3S@d@-a+20,cx6@1@a+4) + (3S@d@-a+20,cx6@1@a+4)  P=1 α∈[[60.0, 120.0]]  checks 5/5 pass
[13:51:20]   ctrnact-mixed-family-k3-35: (3S@d@15,3S@p@1,cx6@0@7,3S@p@1) + (3S@d@15,cx6@1@9) + (3S@d@15,cx6@1@9) + (3S@p@1,cx6@0@7,cx4@0@-a+9,cx4@0@a,cx6@0@7) + (cx4@1@-a+12,cx4@1@a+3,cx6@1@9)  P=1 α∈[[0.0, 135.0]]  checks 5/5 pass
[13:51:20]   ctrnact-mixed-family-k3-36: (3S@d@15,3S@p@1,cx6@0@7,3S@p@1) + (3S@d@15,cx6@1@9) + (3S@d@15,cx6@1@9) + (3S@p@1,cx6@0@7,cx4@0@-a+9,cx4@0@a,cx6@0@7) + (cx4@1@-a+12,cx4@1@a+3,cx6@1@9)  P=1 α∈[[0.0, 135.0]]  checks 5/5 pass
[13:51:20]   ctrnact-mixed-family-k3-37: (3,3S@d@-a+20,3,3S@p@a-4) + (3,3S@d@-a+20,cx6@0@a) + (3,3S@p@a-4,cx6@0@-a+12,3S@p@a-4,cx6@1@-a+16) + (3S@d@-a+20,cx6@1@a+4)  P=1 α∈[[60.0, 120.0]]  checks 5/5 pass
[13:51:20]   ctrnact-mixed-family-k3-38: (3,3,3S@p@a-4,cx6@0@-a+12,3S@p@a-4,cx4@1@-a+12) + (3,3S@d@-a+20,cx4@0@a) + (3S@d@-a+20,cx6@1@a+4) + (3S@d@-a+20,cx6@1@a+4) + (3S@p@a-4,cx6@0@-a+12,cx6@1@a+4,cx6@0@-a+12)  P=1 α∈[[60.0, 120.0]]  checks 5/5 pass
[13:51:20]   ctrnact-mixed-family-k3-39: (3,3,3S@p@a-4,cx6@0@-a+12,3S@p@a-4,cx4@1@-a+12) + (3,3S@d@-a+20,cx4@0@a) + (3S@d@-a+20,cx6@1@a+4) + (3S@d@-a+20,cx6@1@a+4) + (3S@p@a-4,cx6@0@-a+12,cx6@1@a+4,cx6@0@-a+12)  P=1 α∈[[60.0, 120.0]]  checks 5/5 pass
[13:51:20]   ctrnact-mixed-family-k3-40: (3S@d@15,cx4@0@-a+9,cx4@0@a) + (3S@d@15,cx6@1@9) + (3S@d@15,cx6@1@9) + (3S@p@1,cx4@1@-a+12,cx4@1@a+3,3S@p@1,cx6@0@7) + (3S@p@1,cx6@0@7,cx6@1@9,cx6@0@7)  P=1 α∈[[0.0, 135.0]]  checks 5/5 pass
[13:51:20]   ctrnact-mixed-family-k3-41: (3S@d@15,cx4@0@-a+9,cx4@0@a) + (3S@d@15,cx6@1@9) + (3S@d@15,cx6@1@9) + (3S@p@1,cx4@1@-a+12,cx4@1@a+3,3S@p@1,cx6@0@7) + (3S@p@1,cx6@0@7,cx6@1@9,cx6@0@7)  P=1 α∈[[0.0, 135.0]]  checks 5/5 pass
[13:51:20]   ctrnact-mixed-family-k3-42: (3,cx6@0@-a+12,3,cx6@1@a+4) + (3,cx6@0@-a+12,3S@p@a-4,cx6@0@-a+12,cx6@0@a) + (3,cx6@1@-a+16,cx6@1@a+4) + (3S@d@-a+20,cx6@1@a+4)  P=1 α∈[[60.0, 120.0]]  checks 5/5 pass
[13:51:20]   ctrnact-mixed-family-k3-43: (4,4,4S@p@a,cx4@1@-a+12) + (4,4S@d@-a+18,4S@p@a) + (4,4S@d@-a+18,cx4@0@a)  P=1 α∈[[0.0, 90.0]]  checks 5/5 pass
[13:51:20]   ctrnact-mixed-family-k3-44: (4,4S@d@-a+18,cx4@0@a) + (4,4S@p@a,4,cx4@1@-a+12) + (4S@p@a,cx4@1@-a+12,4S@p@a,cx4@1@-a+12)  P=1 α∈[[0.0, 90.0]]  checks 5/5 pass
[13:51:20]   ctrnact-mixed-family-k3-45: (4,4,4,4) + (4,4,4S@p@a,cx4@1@-a+12) + (4,4S@d@-a+18,cx4@0@a)  P=1 α∈[[0.0, 90.0]]  checks 5/5 pass
[13:51:20]   ctrnact-mixed-family-k3-46: (4,4,4S@p@a,cx4@1@-a+12) + (4,4S@d@-a+18,cx4@0@a) + (4,cx4@0@a,4,cx4@1@-a+12)  P=1 α∈[[0.0, 90.0]]  checks 5/5 pass
[13:51:20]   ctrnact-mixed-family-k3-47: (4S@d@a+8,cx6@1@-a+16) + (4S@d@a+8,cx8@1@-a+16) + (4S@p@-a+10,cx6@0@a,6S@p@-a+12,cx8@0@a+2) + (6S@d@a+8,cx6@1@-a+16) + (6S@d@a+8,cx6@1@-a+16) + (6S@d@a+8,cx6@1@-a+16) + (6S@d@a+8,cx8@1@-a+16) + (6S@p@-a+12,cx6@0@a,6S@p@-a+12,cx6@0@a) + (6S@p@-a+12,cx6@0@a,6S@p@-a+12,cx6@0@a)  P=1 α∈[[60.0, 150.0]]  checks 5/5 pass
[13:51:20]   ctrnact-mixed-family-k3-48: (4S@d@a+8,cx6@1@-a+16) + (4S@d@a+8,cx8@1@-a+16) + (4S@d@a+8,cx8@1@-a+16) + (4S@d@a+8,cx8@1@-a+16) + (4S@d@a+8,cx8@1@-a+16) + (4S@p@-a+10,cx6@0@a,6S@p@-a+12,cx8@0@a+2) + (4S@p@-a+10,cx8@0@a+2,4S@p@-a+10,cx8@0@a+2) + (6S@d@a+8,cx6@1@-a+16) + (6S@d@a+8,cx8@1@-a+16) + (6S@p@-a+12,cx6@0@a,6S@p@-a+12,cx6@0@a)  P=1 α∈[[60.0, 150.0]]  checks 5/5 pass
[13:51:20]   ctrnact-mixed-family-k3-49: (4S@d@a+8,cx6@1@-a+16) + (4S@d@a+8,cx8@1@-a+16) + (4S@d@a+8,cx8@1@-a+16) + (4S@p@-a+10,cx6@0@a,6S@p@-a+12,cx8@0@a+2) + (4S@p@-a+10,cx8@0@a+2,4S@p@-a+10,cx8@0@a+2) + (6S@d@a+8,cx6@1@-a+16) + (6S@d@a+8,cx8@1@-a+16) + (6S@p@-a+12,cx6@0@a,6S@p@-a+12,cx6@0@a)  P=1 α∈[[60.0, 150.0]]  checks 5/5 pass
[13:51:20]   ctrnact-mixed-family-k3-50: (4S@d@-a+18,cx4@0@a,4S@p@-a+6,cx4@0@a) + (4S@d@-a+18,cx8@1@a+6) + (4S@d@-a+18,cx8@1@a+6) + (4S@d@a+12,cx4@1@-a+12) + (4S@p@a,cx4@1@-a+12,4S@p@a,cx8@0@-a+12) + (4S@p@a,cx8@0@-a+12,4S@p@a,cx8@0@-a+12)  P=1 α∈[[0.0, 90.0]]  checks 5/5 pass
[13:51:20]   ctrnact-mixed-family-k3-51: (4S@d@-2a+24,cx4@0@a,cx4@0@a) + (4S@d@-2a+24,cx8@1@2a) + (4S@p@2a-6,cx4@1@-a+12,cx4@0@a,cx8@0@-2a+18) + (cx4@1@-a+12,cx4@1@-a+12,cx8@1@2a)  P=1 α∈[[45.0, 90.0]]  checks 5/5 pass
[13:51:20]   ctrnact-mixed-family-k3-52: (3,4S@d@-a+20,cx4@0@a) + (3,4S@p@a-2,cx6@0@-a+12,4S@p@a-2,cx4@1@-a+12) + (3,cx4@0@a,6,cx4@1@-a+12) + (4S@d@-a+20,cx6@1@a+4)  P=1 α∈[[30.0, 120.0]]  checks 5/5 pass
[13:51:20]   ctrnact-mixed-family-k3-53: (3,3,4S@d@16) + (3,3,cx4@0@a,cx8@1@-a+16) + (3,4S@p@2,3,cx4@1@-a+12,cx8@0@a+2)  P=1 α∈[[60.0, 150.0]]  checks 5/5 pass
[13:51:20]   ctrnact-mixed-family-k3-54: (3,3,4S@d@16) + (3,3,cx4@1@-a+12,cx8@0@a+4) + (3,4S@p@2,3,cx4@0@a,cx8@1@-a+14)  P=1 α∈[[30.0, 120.0]]  checks 5/5 pass
[13:51:20]   ctrnact-mixed-family-k3-55: (3,4S@d@-a+20,cx4@0@a) + (3,4S@p@a-2,cx4@1@-a+12,cx8@1@10) + (3,cx4@1@-a+12,cx4@0@a,cx8@0@8)  P=1 α∈[[30.0, 120.0]]  checks 5/5 pass
[13:51:20]   ctrnact-mixed-family-k3-56: (4S@d@a+12,4S@p@-a+6,cx4@0@a,4S@p@-a+6) + (4S@d@a+12,4S@p@-a+6,cx4@0@a,4S@p@-a+6) + (4S@d@a+12,cx4@1@-a+12) + (4S@d@a+12,cx4@1@-a+12) + (4S@d@a+12,cx4@1@-a+12) + (4S@d@a+12,cx4@1@-a+12) + (4S@d@a+12,cx4@1@-a+12) + (4S@p@-a+6,cx4@0@a,4S@p@-a+6,cx4@0@a,4S@p@-a+6,cx4@0@a,4S@p@-a+6,cx4@0@a)  P=1 α∈[[0.0, 90.0]]  checks 5/5 pass
[13:51:20]   ctrnact-mixed-family-k3-57: (4S@d@a+12,4S@p@-a+6,cx4@0@a,4S@p@-a+6) + (4S@d@a+12,4S@p@-a+6,cx4@0@a,4S@p@-a+6) + (4S@d@a+12,cx4@1@-a+12) + (4S@d@a+12,cx4@1@-a+12) + (4S@d@a+12,cx4@1@-a+12) + (4S@p@-a+6,cx4@0@a,4S@p@-a+6,cx4@0@a,4S@p@-a+6,cx4@0@a,4S@p@-a+6,cx4@0@a)  P=1 α∈[[0.0, 90.0]]  checks 5/5 pass
[13:51:20]   ctrnact-mixed-family-k3-58: (4S@d@a+12,4S@p@-a+6,cx4@0@a,4S@p@-a+6) + (4S@d@a+12,4S@p@-a+6,cx4@0@a,4S@p@-a+6) + (4S@d@a+12,cx4@1@-a+12) + (4S@d@a+12,cx4@1@-a+12) + (4S@d@a+12,cx4@1@-a+12) + (4S@p@-a+6,cx4@0@a,4S@p@-a+6,cx4@0@a,cx4@1@-a+12,cx4@0@a)  P=1 α∈[[0.0, 90.0]]  checks 5/5 pass
[13:51:20]   ctrnact-mixed-family-k3-59: (4S@d@a+12,cx4@1@-a+12) + (4S@d@a+12,cx4@1@-a+12) + (4S@d@a+12,cx4@1@-a+12) + (4S@d@a+12,cx4@1@-a+12) + (4S@d@a+12,cx4@1@-a+12) + (4S@d@a+12,cx4@1@-a+12) + (4S@d@a+12,cx4@1@-a+12) + (4S@d@a+12,cx4@1@-a+12) + (4S@d@a+12,cx4@1@-a+12) + (4S@d@a+12,cx4@1@-a+12) + (4S@d@a+12,cx8@0@-a+12) + (4S@p@-a+6,cx4@0@a,4S@p@-a+6,cx4@0@a,4S@p@-a+6,cx4@0@a,4S@p@-a+6,cx4@0@a) + (4S@p@-a+6,cx4@0@a,4S@p@-a+6,cx4@0@a,4S@p@-a+6,cx4@0@a,4S@p@-a+6,cx4@0@a) + (4S@p@-a+6,cx4@0@a,4S@p@-a+6,cx4@0@a,4S@p@-a+6,cx8@1@a+6)  P=1 α∈[[0.0, 90.0]]  checks 5/5 pass
[13:51:20]   ctrnact-mixed-family-k3-60: (4S@d@a+12,cx4@1@-a+12) + (4S@d@a+12,cx4@1@-a+12) + (4S@d@a+12,cx4@1@-a+12) + (4S@d@a+12,cx4@1@-a+12) + (4S@d@a+12,cx4@1@-a+12) + (4S@d@a+12,cx4@1@-a+12) + (4S@d@a+12,cx8@0@-a+12) + (4S@d@a+12,cx8@0@-a+12) + (4S@d@a+12,cx8@0@-a+12) + (4S@p@-a+6,cx4@0@a,4S@p@-a+6,cx4@0@a,4S@p@-a+6,cx4@0@a,4S@p@-a+6,cx4@0@a) + (4S@p@-a+6,cx4@0@a,4S@p@-a+6,cx4@0@a,4S@p@-a+6,cx8@1@a+6) + (4S@p@-a+6,cx4@0@a,4S@p@-a+6,cx4@0@a,4S@p@-a+6,cx8@1@a+6)  P=1 α∈[[0.0, 90.0]]  checks 5/5 pass
[13:51:20]   ctrnact-mixed-family-k3-61: (4S@d@a+12,4S@p@-a+6,cx4@0@a,4S@p@-a+6) + (4S@d@a+12,cx4@1@-a+12) + (4S@d@a+12,cx4@1@-a+12) + (4S@d@a+12,cx4@1@-a+12) + (4S@d@a+12,cx4@1@-a+12) + (4S@d@a+12,cx4@1@-a+12) + (4S@d@a+12,cx4@1@-a+12) + (4S@d@a+12,cx4@1@-a+12) + (4S@p@-a+6,cx4@0@a,4S@p@-a+6,cx4@0@a,4S@p@-a+6,cx4@0@a,4S@p@-a+6,cx4@0@a) + (4S@p@-a+6,cx4@0@a,4S@p@-a+6,cx4@0@a,4S@p@-a+6,cx4@0@a,4S@p@-a+6,cx4@0@a)  P=1 α∈[[0.0, 90.0]]  checks 5/5 pass
[13:51:20]   ctrnact-mixed-family-k3-62: (4S@d@a+12,cx4@1@-a+12) + (4S@d@a+12,cx4@1@-a+12) + (4S@d@a+12,cx4@1@-a+12) + (4S@d@a+12,cx4@1@-a+12) + (4S@d@a+12,cx8@0@-a+12) + (4S@p@-a+6,cx4@0@a,4S@p@-a+6,cx4@0@a,4S@p@-a+6,cx4@0@a,4S@p@-a+6,cx4@0@a) + (4S@p@-a+6,cx4@0@a,4S@p@-a+6,cx4@0@a,4S@p@-a+6,cx4@0@a,4S@p@-a+6,cx4@0@a) + (4S@p@-a+6,cx4@0@a,4S@p@-a+6,cx4@0@a,4S@p@-a+6,cx8@1@a+6)  P=1 α∈[[0.0, 90.0]]  checks 5/5 pass
[13:51:20]   ctrnact-mixed-family-k3-63: (4S@d@a+12,cx4@1@-a+12) + (4S@d@a+12,cx4@1@-a+12) + (4S@d@a+12,cx4@1@-a+12) + (4S@d@a+12,cx4@1@-a+12) + (4S@d@a+12,cx4@1@-a+12) + (4S@d@a+12,cx4@1@-a+12) + (4S@d@a+12,cx4@1@-a+12) + (4S@d@a+12,cx4@1@-a+12) + (4S@d@a+12,cx4@1@-a+12) + (4S@d@a+12,cx4@1@-a+12) + (4S@d@a+12,cx4@1@-a+12) + (4S@d@a+12,cx4@1@-a+12) + (4S@d@a+12,cx4@1@-a+12) + (4S@d@a+12,cx8@0@-a+12) + (4S@d@a+12,cx8@0@-a+12) + (4S@p@-a+6,cx4@0@a,4S@p@-a+6,cx4@0@a,4S@p@-a+6,cx4@0@a,4S@p@-a+6,cx4@0@a) + (4S@p@-a+6,cx4@0@a,4S@p@-a+6,cx4@0@a,4S@p@-a+6,cx4@0@a,4S@p@-a+6,cx4@0@a) + (4S@p@-a+6,cx4@0@a,4S@p@-a+6,cx4@0@a,4S@p@-a+6,cx8@1@a+6)  P=1 α∈[[0.0, 90.0]]  checks 5/5 pass
[13:51:20]   ctrnact-mixed-family-k3-64: (4S@d@a+12,cx4@1@-a+12) + (4S@d@a+12,cx4@1@-a+12) + (4S@d@a+12,cx4@1@-a+12) + (4S@d@a+12,cx4@1@-a+12) + (4S@d@a+12,cx4@1@-a+12) + (4S@d@a+12,cx4@1@-a+12) + (4S@d@a+12,cx4@1@-a+12) + (4S@d@a+12,cx4@1@-a+12) + (4S@d@a+12,cx4@1@-a+12) + (4S@d@a+12,cx8@0@-a+12) + (4S@d@a+12,cx8@0@-a+12) + (4S@d@a+12,cx8@0@-a+12) + (4S@p@-a+6,cx4@0@a,4S@p@-a+6,cx4@0@a,4S@p@-a+6,cx4@0@a,4S@p@-a+6,cx4@0@a) + (4S@p@-a+6,cx4@0@a,4S@p@-a+6,cx4@0@a,4S@p@-a+6,cx8@1@a+6) + (4S@p@-a+6,cx4@0@a,4S@p@-a+6,cx4@0@a,4S@p@-a+6,cx8@1@a+6)  P=1 α∈[[0.0, 90.0]]  checks 5/5 pass
[13:51:20]   ctrnact-mixed-family-k3-65: (4S@d@a+12,4S@p@-a+6,cx4@0@a,4S@p@-a+6) + (4S@d@a+12,cx4@1@-a+12) + (4S@d@a+12,cx4@1@-a+12) + (4S@d@a+12,cx4@1@-a+12) + (4S@d@a+12,cx4@1@-a+12) + (4S@d@a+12,cx4@1@-a+12) + (4S@p@-a+6,cx4@0@a,4S@p@-a+6,cx4@0@a,4S@p@-a+6,cx4@0@a,4S@p@-a+6,cx4@0@a) + (4S@p@-a+6,cx4@0@a,4S@p@-a+6,cx4@0@a,4S@p@-a+6,cx4@0@a,4S@p@-a+6,cx4@0@a)  P=1 α∈[[0.0, 90.0]]  checks 5/5 pass
[13:51:20]   ctrnact-mixed-family-k3-66: (4S@d@a+12,4S@p@-a+6,cx4@0@a,4S@p@-a+6) + (4S@d@a+12,cx4@1@-a+12) + (4S@d@a+12,cx4@1@-a+12) + (4S@d@a+12,cx4@1@-a+12) + (4S@d@a+12,cx4@1@-a+12) + (4S@p@-a+6,cx4@0@a,4S@p@-a+6,cx4@0@a,cx4@1@-a+12,cx4@0@a) + (4S@p@-a+6,cx4@0@a,4S@p@-a+6,cx4@0@a,cx4@1@-a+12,cx4@0@a)  P=1 α∈[[0.0, 90.0]]  checks 5/5 pass
[13:51:20]   ctrnact-mixed-family-k3-67: (4S@d@a+12,cx4@1@-a+12) + (4S@d@a+12,cx4@1@-a+12) + (4S@d@a+12,cx4@1@-a+12) + (4S@d@a+12,cx4@1@-a+12) + (4S@d@a+12,cx4@1@-a+12) + (4S@d@a+12,cx4@1@-a+12) + (4S@d@a+12,cx4@1@-a+12) + (4S@p@-a+6,cx4@0@a,4S@p@-a+6,cx4@0@a,4S@p@-a+6,cx4@0@a,4S@p@-a+6,cx4@0@a) + (4S@p@-a+6,cx4@0@a,4S@p@-a+6,cx4@0@a,cx4@1@-a+12,cx4@0@a) + (4S@p@-a+6,cx4@0@a,4S@p@-a+6,cx4@0@a,cx4@1@-a+12,cx4@0@a)  P=1 α∈[[0.0, 90.0]]  checks 5/5 pass
[13:51:20]   ctrnact-mixed-family-k3-68: (4S@d@a+12,cx4@1@-a+12) + (4S@d@a+12,cx4@1@-a+12) + (4S@d@a+12,cx4@1@-a+12) + (4S@d@a+12,cx4@1@-a+12) + (4S@d@a+12,cx4@1@-a+12) + (4S@p@-a+6,cx4@0@a,4S@p@-a+6,cx4@0@a,4S@p@-a+6,cx4@0@a,4S@p@-a+6,cx4@0@a) + (4S@p@-a+6,cx4@0@a,4S@p@-a+6,cx4@0@a,cx4@1@-a+12,cx4@0@a) + (4S@p@-a+6,cx4@0@a,4S@p@-a+6,cx4@0@a,cx4@1@-a+12,cx4@0@a)  P=1 α∈[[0.0, 90.0]]  checks 5/5 pass
[13:51:20]   ctrnact-mixed-family-k3-69: (4S@d@a+12,cx4@1@-a+12) + (4S@d@a+12,cx4@1@-a+12) + (4S@p@-a+6,cx4@0@a,4S@p@-a+6,cx4@0@a,cx4@1@-a+12,cx4@0@a) + (cx4@0@a,cx4@1@-a+12,cx4@0@a,cx4@1@-a+12) + (cx4@0@a,cx4@1@-a+12,cx4@0@a,cx4@1@-a+12)  P=1 α∈[[0.0, 90.0]]  checks 5/5 pass
[13:51:20]   ctrnact-mixed-family-k3-70: (4S@d@a+12,cx4@1@-a+12) + (4S@d@a+12,cx4@1@-a+12) + (4S@p@-a+6,cx4@0@a,4S@p@-a+6,cx4@0@a,cx4@1@-a+12,cx4@0@a) + (cx4@0@a,cx4@1@-a+12,cx4@0@a,cx4@1@-a+12) + (cx4@0@a,cx4@1@-a+12,cx4@0@a,cx4@1@-a+12)  P=1 α∈[[0.0, 90.0]]  checks 5/5 pass
[13:51:20]   ctrnact-mixed-family-k3-71: (4S@d@a+12,4S@p@-a+6,cx4@0@a,4S@p@-a+6) + (4S@d@a+12,cx4@1@-a+12) + (4S@d@a+12,cx4@1@-a+12) + (4S@d@a+12,cx4@1@-a+12) + (4S@d@a+12,cx4@1@-a+12) + (4S@d@a+12,cx4@1@-a+12) + (4S@p@-a+6,cx4@0@a,4S@p@-a+6,cx4@0@a,4S@p@-a+6,cx4@0@a,4S@p@-a+6,cx4@0@a) + (4S@p@-a+6,cx4@0@a,4S@p@-a+6,cx4@0@a,cx4@1@-a+12,cx4@0@a)  P=1 α∈[[0.0, 90.0]]  checks 5/5 pass
[13:51:20]   ctrnact-mixed-family-k3-72: (4S@d@a+12,cx4@1@-a+12) + (4S@d@a+12,cx4@1@-a+12) + (4S@d@a+12,cx4@1@-a+12) + (4S@d@a+12,cx4@1@-a+12) + (4S@d@a+12,cx4@1@-a+12) + (4S@d@a+12,cx4@1@-a+12) + (4S@d@a+12,cx4@1@-a+12) + (4S@d@a+12,cx4@1@-a+12) + (4S@p@-a+6,cx4@0@a,4S@p@-a+6,cx4@0@a,4S@p@-a+6,cx4@0@a,4S@p@-a+6,cx4@0@a) + (4S@p@-a+6,cx4@0@a,4S@p@-a+6,cx4@0@a,4S@p@-a+6,cx4@0@a,4S@p@-a+6,cx4@0@a) + (4S@p@-a+6,cx4@0@a,4S@p@-a+6,cx4@0@a,cx4@1@-a+12,cx4@0@a)  P=1 α∈[[0.0, 90.0]]  checks 5/5 pass
[13:51:20]   ctrnact-mixed-family-k3-73: (4S@d@a+12,cx4@1@-a+12) + (4S@d@a+12,cx4@1@-a+12) + (4S@d@a+12,cx4@1@-a+12) + (4S@d@a+12,cx4@1@-a+12) + (4S@d@a+12,cx4@1@-a+12) + (4S@d@a+12,cx4@1@-a+12) + (4S@p@-a+6,cx4@0@a,4S@p@-a+6,cx4@0@a,4S@p@-a+6,cx4@0@a,4S@p@-a+6,cx4@0@a) + (4S@p@-a+6,cx4@0@a,4S@p@-a+6,cx4@0@a,4S@p@-a+6,cx4@0@a,4S@p@-a+6,cx4@0@a) + (4S@p@-a+6,cx4@0@a,4S@p@-a+6,cx4@0@a,cx4@1@-a+12,cx4@0@a)  P=1 α∈[[0.0, 90.0]]  checks 5/5 pass
[13:51:20]   ctrnact-mixed-family-k3-74: (4S@d@a+12,cx4@1@-a+12) + (4S@d@a+12,cx4@1@-a+12) + (4S@d@a+12,cx4@1@-a+12) + (4S@p@-a+6,cx4@0@a,4S@p@-a+6,cx4@0@a,cx4@1@-a+12,cx4@0@a) + (4S@p@-a+6,cx4@0@a,4S@p@-a+6,cx4@0@a,cx4@1@-a+12,cx4@0@a) + (cx4@0@a,cx4@1@-a+12,cx4@0@a,cx4@1@-a+12)  P=1 α∈[[0.0, 90.0]]  checks 5/5 pass
[13:51:20]   ctrnact-mixed-family-k3-75: (4S@d@a+12,cx4@1@-a+12) + (4S@d@a+12,cx4@1@-a+12) + (4S@d@a+12,cx4@1@-a+12) + (4S@p@-a+6,cx4@0@a,4S@p@-a+6,cx4@0@a,cx4@1@-a+12,cx4@0@a) + (4S@p@-a+6,cx4@0@a,4S@p@-a+6,cx4@0@a,cx4@1@-a+12,cx4@0@a) + (cx4@0@a,cx4@1@-a+12,cx4@0@a,cx4@1@-a+12)  P=1 α∈[[0.0, 90.0]]  checks 5/5 pass
[13:51:20]   ctrnact-mixed-family-k3-76: (4S@d@a+12,4S@p@-a+6,cx4@0@a,4S@p@-a+6) + (4S@d@a+12,cx4@1@-a+12) + (4S@d@a+12,cx4@1@-a+12) + (4S@p@-a+6,cx4@0@a,4S@p@-a+6,cx4@0@a,cx4@1@-a+12,cx4@0@a) + (cx4@0@a,cx4@1@-a+12,cx4@0@a,cx4@1@-a+12)  P=1 α∈[[0.0, 90.0]]  checks 5/5 pass
[13:51:20]   ctrnact-mixed-family-k3-77: (4S@d@a+12,cx4@1@-a+12) + (4S@d@a+12,cx4@1@-a+12) + (4S@d@a+12,cx4@1@-a+12) + (4S@d@a+12,cx4@1@-a+12) + (4S@d@a+12,cx4@1@-a+12) + (4S@p@-a+6,cx4@0@a,4S@p@-a+6,cx4@0@a,4S@p@-a+6,cx4@0@a,4S@p@-a+6,cx4@0@a) + (4S@p@-a+6,cx4@0@a,4S@p@-a+6,cx4@0@a,cx4@1@-a+12,cx4@0@a) + (cx4@0@a,cx4@1@-a+12,cx4@0@a,cx4@1@-a+12)  P=1 α∈[[0.0, 90.0]]  checks 5/5 pass
[13:51:20]   ctrnact-mixed-family-k3-78: (4S@d@a+12,cx4@1@-a+12) + (4S@d@a+12,cx4@1@-a+12) + (4S@d@a+12,cx4@1@-a+12) + (4S@p@-a+6,cx4@0@a,4S@p@-a+6,cx4@0@a,4S@p@-a+6,cx4@0@a,4S@p@-a+6,cx4@0@a) + (4S@p@-a+6,cx4@0@a,4S@p@-a+6,cx4@0@a,cx4@1@-a+12,cx4@0@a) + (cx4@0@a,cx4@1@-a+12,cx4@0@a,cx4@1@-a+12)  P=1 α∈[[0.0, 90.0]]  checks 5/5 pass
[13:51:20]   ctrnact-mixed-family-k3-79: (4S@d@a+12,4S@p@-a+6,cx4@0@a,4S@p@-a+6) + (4S@d@a+12,cx4@1@-a+12) + (4S@d@a+12,cx4@1@-a+12) + (4S@p@-a+6,cx4@0@a,4S@p@-a+6,cx4@0@a,cx4@1@-a+12,cx4@0@a) + (cx4@0@a,cx4@1@-a+12,cx4@0@a,cx4@1@-a+12)  P=1 α∈[[0.0, 90.0]]  checks 5/5 pass
[13:51:20]   ctrnact-mixed-family-k3-80: (4S@d@a+12,cx4@1@-a+12) + (4S@d@a+12,cx4@1@-a+12) + (4S@d@a+12,cx4@1@-a+12) + (4S@d@a+12,cx4@1@-a+12) + (4S@d@a+12,cx4@1@-a+12) + (4S@p@-a+6,cx4@0@a,4S@p@-a+6,cx4@0@a,4S@p@-a+6,cx4@0@a,4S@p@-a+6,cx4@0@a) + (4S@p@-a+6,cx4@0@a,4S@p@-a+6,cx4@0@a,cx4@1@-a+12,cx4@0@a) + (cx4@0@a,cx4@1@-a+12,cx4@0@a,cx4@1@-a+12)  P=1 α∈[[0.0, 90.0]]  checks 5/5 pass
[13:51:20]   ctrnact-mixed-family-k3-81: (4S@d@a+12,cx4@1@-a+12) + (4S@d@a+12,cx4@1@-a+12) + (4S@d@a+12,cx4@1@-a+12) + (4S@p@-a+6,cx4@0@a,4S@p@-a+6,cx4@0@a,4S@p@-a+6,cx4@0@a,4S@p@-a+6,cx4@0@a) + (4S@p@-a+6,cx4@0@a,4S@p@-a+6,cx4@0@a,cx4@1@-a+12,cx4@0@a) + (cx4@0@a,cx4@1@-a+12,cx4@0@a,cx4@1@-a+12)  P=1 α∈[[0.0, 90.0]]  checks 5/5 pass
[13:51:20]   ctrnact-mixed-family-k3-82: (4S@d@a+12,cx4@1@-a+12) + (4S@d@a+12,cx4@1@-a+12) + (4S@d@a+12,cx4@1@-a+12) + (4S@d@a+12,cx4@1@-a+12) + (4S@d@a+12,cx4@1@-a+12) + (4S@d@a+12,cx8@0@-a+12) + (4S@p@-a+6,cx4@0@a,4S@p@-a+6,cx4@0@a,cx4@1@-a+12,cx4@0@a) + (4S@p@-a+6,cx4@0@a,4S@p@-a+6,cx4@0@a,cx8@0@-a+12,cx4@0@a) + (4S@p@-a+6,cx4@0@a,cx4@1@-a+12,cx8@1@a+6)  P=1 α∈[[0.0, 90.0]]  checks 5/5 pass
[13:51:20]   ctrnact-mixed-family-k3-83: (4S@d@a+12,cx4@1@-a+12) + (4S@d@a+12,cx4@1@-a+12) + (4S@d@a+12,cx4@1@-a+12) + (4S@d@a+12,cx4@1@-a+12) + (4S@d@a+12,cx8@0@-a+12) + (4S@d@a+12,cx8@0@-a+12) + (4S@p@-a+6,cx4@0@a,4S@p@-a+6,cx4@0@a,cx4@1@-a+12,cx4@0@a) + (4S@p@-a+6,cx4@0@a,cx4@1@-a+12,cx8@1@a+6) + (4S@p@-a+6,cx4@0@a,cx8@0@-a+12,cx8@1@a+6)  P=1 α∈[[0.0, 90.0]]  checks 5/5 pass
[13:51:20]   ctrnact-mixed-family-k3-84: (4S@d@a+12,cx4@1@-a+12) + (4S@d@a+12,cx4@1@-a+12) + (4S@d@a+12,cx4@1@-a+12) + (4S@d@a+12,cx4@1@-a+12) + (4S@d@a+12,cx4@1@-a+12) + (4S@d@a+12,cx4@1@-a+12) + (4S@d@a+12,cx8@0@-a+12) + (4S@d@a+12,cx8@0@-a+12) + (4S@p@-a+6,cx4@0@a,4S@p@-a+6,cx4@0@a,4S@p@-a+6,cx8@1@a+6) + (4S@p@-a+6,cx4@0@a,4S@p@-a+6,cx4@0@a,cx4@1@-a+12,cx4@0@a) + (cx4@0@a,cx4@1@-a+12,cx4@0@a,cx4@1@-a+12)  P=1 α∈[[0.0, 90.0]]  checks 5/5 pass
[13:51:20]   ctrnact-mixed-family-k3-85: (4,cx4@0@a,4,cx4@1@-a+12) + (4,cx4@0@a,4S@p@-a+6,cx4@0@a,cx4@1@-a+12) + (4S@d@a+12,cx4@1@-a+12) + (4S@d@a+12,cx4@1@-a+12) + (cx4@0@a,cx4@1@-a+12,cx4@0@a,cx4@1@-a+12)  P=1 α∈[[0.0, 90.0]]  checks 5/5 pass
[13:51:20]   ctrnact-mixed-family-k3-86: (4S@d@a+12,cx4@1@-a+12) + (4S@d@a+12,cx4@1@-a+12) + (4S@d@a+12,cx4@1@-a+12) + (4S@d@a+12,cx4@1@-a+12) + (4S@d@a+12,cx4@1@-a+12) + (4S@d@a+12,cx4@1@-a+12) + (4S@d@a+12,cx8@0@-a+12) + (4S@d@a+12,cx8@0@-a+12) + (4S@d@a+12,cx8@0@-a+12) + (4S@p@-a+6,cx4@0@a,4S@p@-a+6,cx4@0@a,4S@p@-a+6,cx8@1@a+6) + (4S@p@-a+6,cx4@0@a,4S@p@-a+6,cx4@0@a,4S@p@-a+6,cx8@1@a+6) + (4S@p@-a+6,cx8@1@a+6,4S@p@-a+6,cx8@1@a+6)  P=1 α∈[[0.0, 90.0]]  checks 5/5 pass
[13:51:20]   ctrnact-mixed-family-k3-87: (4S@d@a+12,cx4@1@-a+12) + (4S@d@a+12,cx4@1@-a+12) + (4S@d@a+12,cx8@0@-a+12) + (4S@d@a+12,cx8@0@-a+12) + (4S@d@a+12,cx8@0@-a+12) + (4S@d@a+12,cx8@0@-a+12) + (4S@d@a+12,cx8@0@-a+12) + (4S@p@-a+6,cx4@0@a,4S@p@-a+6,cx4@0@a,4S@p@-a+6,cx8@1@a+6) + (4S@p@-a+6,cx8@1@a+6,4S@p@-a+6,cx8@1@a+6) + (4S@p@-a+6,cx8@1@a+6,4S@p@-a+6,cx8@1@a+6)  P=1 α∈[[0.0, 90.0]]  checks 5/5 pass
[13:51:20]   ctrnact-mixed-family-k3-88: (4S@d@a+12,cx4@1@-a+12) + (4S@d@a+12,cx4@1@-a+12) + (4S@d@a+12,cx4@1@-a+12) + (4S@d@a+12,cx4@1@-a+12) + (4S@d@a+12,cx4@1@-a+12) + (4S@d@a+12,cx4@1@-a+12) + (4S@d@a+12,cx4@1@-a+12) + (4S@d@a+12,cx4@1@-a+12) + (4S@d@a+12,cx4@1@-a+12) + (4S@d@a+12,cx4@1@-a+12) + (4S@d@a+12,cx8@0@-a+12) + (4S@d@a+12,cx8@0@-a+12) + (4S@d@a+12,cx8@0@-a+12) + (4S@p@-a+6,cx4@0@a,4S@p@-a+6,cx4@0@a,4S@p@-a+6,cx4@0@a,4S@p@-a+6,cx4@0@a) + (4S@p@-a+6,cx4@0@a,4S@p@-a+6,cx4@0@a,4S@p@-a+6,cx8@1@a+6) + (4S@p@-a+6,cx4@0@a,4S@p@-a+6,cx4@0@a,4S@p@-a+6,cx8@1@a+6)  P=1 α∈[[0.0, 90.0]]  checks 5/5 pass
[13:51:20]   ctrnact-mixed-family-k3-89: (4S@d@a+12,cx4@1@-a+12) + (4S@d@a+12,cx4@1@-a+12) + (4S@d@a+12,cx4@1@-a+12) + (4S@d@a+12,cx4@1@-a+12) + (4S@d@a+12,cx4@1@-a+12) + (4S@d@a+12,cx4@1@-a+12) + (4S@d@a+12,cx4@1@-a+12) + (4S@d@a+12,cx4@1@-a+12) + (4S@d@a+12,cx4@1@-a+12) + (4S@d@a+12,cx4@1@-a+12) + (4S@d@a+12,cx4@1@-a+12) + (4S@d@a+12,cx4@1@-a+12) + (4S@d@a+12,cx4@1@-a+12) + (4S@d@a+12,cx4@1@-a+12) + (4S@d@a+12,cx8@0@-a+12) + (4S@d@a+12,cx8@0@-a+12) + (4S@d@a+12,cx8@0@-a+12) + (4S@p@-a+6,cx4@0@a,4S@p@-a+6,cx4@0@a,4S@p@-a+6,cx4@0@a,4S@p@-a+6,cx4@0@a) + (4S@p@-a+6,cx4@0@a,4S@p@-a+6,cx4@0@a,4S@p@-a+6,cx8@1@a+6) + (4S@p@-a+6,cx4@0@a,4S@p@-a+6,cx4@0@a,4S@p@-a+6,cx8@1@a+6)  P=1 α∈[[0.0, 90.0]]  checks 5/5 pass
[13:51:20]   ctrnact-mixed-family-k3-90: (4S@d@a+12,cx4@1@-a+12) + (4S@d@a+12,cx4@1@-a+12) + (4S@d@a+12,cx4@1@-a+12) + (4S@d@a+12,cx4@1@-a+12) + (4S@d@a+12,cx4@1@-a+12) + (4S@d@a+12,cx4@1@-a+12) + (4S@d@a+12,cx4@1@-a+12) + (4S@d@a+12,cx4@1@-a+12) + (4S@d@a+12,cx4@1@-a+12) + (4S@d@a+12,cx4@1@-a+12) + (4S@d@a+12,cx4@1@-a+12) + (4S@d@a+12,cx4@1@-a+12) + (4S@d@a+12,cx4@1@-a+12) + (4S@d@a+12,cx8@0@-a+12) + (4S@d@a+12,cx8@0@-a+12) + (4S@d@a+12,cx8@0@-a+12) + (4S@p@-a+6,cx4@0@a,4S@p@-a+6,cx4@0@a,4S@p@-a+6,cx4@0@a,4S@p@-a+6,cx4@0@a) + (4S@p@-a+6,cx4@0@a,4S@p@-a+6,cx4@0@a,4S@p@-a+6,cx8@1@a+6) + (4S@p@-a+6,cx4@0@a,4S@p@-a+6,cx4@0@a,4S@p@-a+6,cx8@1@a+6)  P=1 α∈[[0.0, 90.0]]  checks 5/5 pass
[13:51:20]   ctrnact-mixed-family-k3-91: (4S@d@a+12,cx4@1@-a+12) + (4S@d@a+12,cx4@1@-a+12) + (4S@d@a+12,cx4@1@-a+12) + (4S@d@a+12,cx4@1@-a+12) + (4S@d@a+12,cx4@1@-a+12) + (4S@d@a+12,cx4@1@-a+12) + (4S@d@a+12,cx4@1@-a+12) + (4S@d@a+12,cx4@1@-a+12) + (4S@d@a+12,cx4@1@-a+12) + (4S@d@a+12,cx4@1@-a+12) + (4S@d@a+12,cx8@0@-a+12) + (4S@d@a+12,cx8@0@-a+12) + (4S@d@a+12,cx8@0@-a+12) + (4S@p@-a+6,cx4@0@a,4S@p@-a+6,cx4@0@a,4S@p@-a+6,cx4@0@a,4S@p@-a+6,cx4@0@a) + (4S@p@-a+6,cx4@0@a,4S@p@-a+6,cx4@0@a,4S@p@-a+6,cx8@1@a+6) + (4S@p@-a+6,cx4@0@a,4S@p@-a+6,cx4@0@a,4S@p@-a+6,cx8@1@a+6)  P=1 α∈[[0.0, 90.0]]  checks 5/5 pass
[13:51:20]   ctrnact-mixed-family-k3-92: (4S@d@a+12,cx4@1@-a+12) + (4S@d@a+12,cx4@1@-a+12) + (4S@d@a+12,cx4@1@-a+12) + (4S@d@a+12,cx4@1@-a+12) + (4S@d@a+12,cx4@1@-a+12) + (4S@d@a+12,cx4@1@-a+12) + (4S@d@a+12,cx4@1@-a+12) + (4S@d@a+12,cx4@1@-a+12) + (4S@d@a+12,cx4@1@-a+12) + (4S@d@a+12,cx4@1@-a+12) + (4S@d@a+12,cx8@0@-a+12) + (4S@d@a+12,cx8@0@-a+12) + (4S@d@a+12,cx8@0@-a+12) + (4S@d@a+12,cx8@0@-a+12) + (4S@d@a+12,cx8@0@-a+12) + (4S@p@-a+6,cx4@0@a,4S@p@-a+6,cx4@0@a,4S@p@-a+6,cx8@1@a+6) + (4S@p@-a+6,cx4@0@a,4S@p@-a+6,cx4@0@a,4S@p@-a+6,cx8@1@a+6) + (4S@p@-a+6,cx4@0@a,4S@p@-a+6,cx4@0@a,4S@p@-a+6,cx8@1@a+6)  P=1 α∈[[0.0, 90.0]]  checks 5/5 pass
[13:51:20]   ctrnact-mixed-family-k3-93: (4S@d@a+12,cx4@1@-a+12) + (4S@d@a+12,cx4@1@-a+12) + (4S@d@a+12,cx4@1@-a+12) + (4S@d@a+12,cx4@1@-a+12) + (4S@d@a+12,cx4@1@-a+12) + (4S@d@a+12,cx4@1@-a+12) + (4S@d@a+12,cx4@1@-a+12) + (4S@d@a+12,cx8@0@-a+12) + (4S@d@a+12,cx8@0@-a+12) + (4S@d@a+12,cx8@0@-a+12) + (4S@d@a+12,cx8@0@-a+12) + (4S@d@a+12,cx8@0@-a+12) + (4S@d@a+12,cx8@0@-a+12) + (4S@p@-a+6,cx4@0@a,4S@p@-a+6,cx4@0@a,4S@p@-a+6,cx8@1@a+6) + (4S@p@-a+6,cx4@0@a,4S@p@-a+6,cx4@0@a,4S@p@-a+6,cx8@1@a+6) + (4S@p@-a+6,cx8@1@a+6,4S@p@-a+6,cx8@1@a+6)  P=1 α∈[[0.0, 90.0]]  checks 5/5 pass
[13:51:20]   ctrnact-mixed-family-k3-94: (4S@d@a+12,cx4@1@-a+12) + (4S@d@a+12,cx4@1@-a+12) + (4S@d@a+12,cx4@1@-a+12) + (4S@d@a+12,cx4@1@-a+12) + (4S@d@a+12,cx8@0@-a+12) + (4S@d@a+12,cx8@0@-a+12) + (4S@d@a+12,cx8@0@-a+12) + (4S@d@a+12,cx8@0@-a+12) + (4S@d@a+12,cx8@0@-a+12) + (4S@d@a+12,cx8@0@-a+12) + (4S@d@a+12,cx8@0@-a+12) + (4S@d@a+12,cx8@0@-a+12) + (4S@p@-a+6,cx4@0@a,4S@p@-a+6,cx4@0@a,4S@p@-a+6,cx8@1@a+6) + (4S@p@-a+6,cx8@1@a+6,4S@p@-a+6,cx8@1@a+6) + (4S@p@-a+6,cx8@1@a+6,4S@p@-a+6,cx8@1@a+6)  P=1 α∈[[0.0, 90.0]]  checks 5/5 pass
[13:51:20]   ctrnact-mixed-family-k3-95: (4S@d@a+12,cx4@1@-a+12) + (4S@d@a+12,cx4@1@-a+12) + (4S@d@a+12,cx4@1@-a+12) + (4S@d@a+12,cx4@1@-a+12) + (4S@d@a+12,cx8@0@-a+12) + (4S@d@a+12,cx8@0@-a+12) + (4S@d@a+12,cx8@0@-a+12) + (4S@d@a+12,cx8@0@-a+12) + (4S@d@a+12,cx8@0@-a+12) + (4S@d@a+12,cx8@0@-a+12) + (4S@p@-a+6,cx4@0@a,4S@p@-a+6,cx4@0@a,4S@p@-a+6,cx8@1@a+6) + (4S@p@-a+6,cx8@1@a+6,4S@p@-a+6,cx8@1@a+6) + (4S@p@-a+6,cx8@1@a+6,4S@p@-a+6,cx8@1@a+6)  P=1 α∈[[0.0, 90.0]]  checks 5/5 pass
[13:51:20]   ctrnact-mixed-family-k3-96: (4S@d@a+12,cx4@1@-a+12) + (4S@d@a+12,cx4@1@-a+12) + (4S@d@a+12,cx4@1@-a+12) + (4S@d@a+12,cx4@1@-a+12) + (4S@d@a+12,cx4@1@-a+12) + (4S@d@a+12,cx4@1@-a+12) + (4S@d@a+12,cx4@1@-a+12) + (4S@d@a+12,cx4@1@-a+12) + (4S@d@a+12,cx4@1@-a+12) + (4S@d@a+12,cx8@0@-a+12) + (4S@d@a+12,cx8@0@-a+12) + (4S@d@a+12,cx8@0@-a+12) + (4S@p@-a+6,cx4@0@a,4S@p@-a+6,cx4@0@a,4S@p@-a+6,cx4@0@a,4S@p@-a+6,cx4@0@a) + (4S@p@-a+6,cx4@0@a,4S@p@-a+6,cx4@0@a,4S@p@-a+6,cx8@1@a+6) + (4S@p@-a+6,cx4@0@a,4S@p@-a+6,cx4@0@a,4S@p@-a+6,cx8@1@a+6)  P=1 α∈[[0.0, 90.0]]  checks 5/5 pass
[13:51:20]   ctrnact-mixed-family-k3-97: (4S@d@a+12,cx4@1@-a+12) + (4S@d@a+12,cx4@1@-a+12) + (4S@d@a+12,cx4@1@-a+12) + (4S@d@a+12,cx4@1@-a+12) + (4S@d@a+12,cx4@1@-a+12) + (4S@d@a+12,cx4@1@-a+12) + (4S@d@a+12,cx4@1@-a+12) + (4S@d@a+12,cx4@1@-a+12) + (4S@d@a+12,cx4@1@-a+12) + (4S@d@a+12,cx4@1@-a+12) + (4S@d@a+12,cx4@1@-a+12) + (4S@d@a+12,cx4@1@-a+12) + (4S@d@a+12,cx4@1@-a+12) + (4S@d@a+12,cx8@0@-a+12) + (4S@d@a+12,cx8@0@-a+12) + (4S@d@a+12,cx8@0@-a+12) + (4S@p@-a+6,cx4@0@a,4S@p@-a+6,cx4@0@a,4S@p@-a+6,cx4@0@a,4S@p@-a+6,cx4@0@a) + (4S@p@-a+6,cx4@0@a,4S@p@-a+6,cx4@0@a,4S@p@-a+6,cx8@1@a+6) + (4S@p@-a+6,cx4@0@a,4S@p@-a+6,cx4@0@a,4S@p@-a+6,cx8@1@a+6)  P=1 α∈[[0.0, 90.0]]  checks 5/5 pass
[13:51:20]   ctrnact-mixed-family-k3-98: (4S@d@a+12,cx4@1@-a+12) + (4S@d@a+12,cx4@1@-a+12) + (4S@d@a+12,cx4@1@-a+12) + (4S@d@a+12,cx4@1@-a+12) + (4S@d@a+12,cx4@1@-a+12) + (4S@d@a+12,cx4@1@-a+12) + (4S@d@a+12,cx4@1@-a+12) + (4S@d@a+12,cx4@1@-a+12) + (4S@d@a+12,cx4@1@-a+12) + (4S@d@a+12,cx4@1@-a+12) + (4S@d@a+12,cx4@1@-a+12) + (4S@d@a+12,cx4@1@-a+12) + (4S@d@a+12,cx8@0@-a+12) + (4S@d@a+12,cx8@0@-a+12) + (4S@d@a+12,cx8@0@-a+12) + (4S@p@-a+6,cx4@0@a,4S@p@-a+6,cx4@0@a,4S@p@-a+6,cx4@0@a,4S@p@-a+6,cx4@0@a) + (4S@p@-a+6,cx4@0@a,4S@p@-a+6,cx4@0@a,4S@p@-a+6,cx8@1@a+6) + (4S@p@-a+6,cx4@0@a,4S@p@-a+6,cx4@0@a,4S@p@-a+6,cx8@1@a+6)  P=1 α∈[[0.0, 90.0]]  checks 5/5 pass
[13:51:20]   ctrnact-mixed-family-k3-99: (4S@d@a+12,cx4@1@-a+12) + (4S@d@a+12,cx4@1@-a+12) + (4S@d@a+12,cx4@1@-a+12) + (4S@d@a+12,cx4@1@-a+12) + (4S@d@a+12,cx4@1@-a+12) + (4S@d@a+12,cx4@1@-a+12) + (4S@d@a+12,cx4@1@-a+12) + (4S@d@a+12,cx4@1@-a+12) + (4S@d@a+12,cx4@1@-a+12) + (4S@d@a+12,cx8@0@-a+12) + (4S@d@a+12,cx8@0@-a+12) + (4S@d@a+12,cx8@0@-a+12) + (4S@p@-a+6,cx4@0@a,4S@p@-a+6,cx4@0@a,4S@p@-a+6,cx4@0@a,4S@p@-a+6,cx4@0@a) + (4S@p@-a+6,cx4@0@a,4S@p@-a+6,cx4@0@a,4S@p@-a+6,cx8@1@a+6) + (4S@p@-a+6,cx4@0@a,4S@p@-a+6,cx4@0@a,4S@p@-a+6,cx8@1@a+6)  P=1 α∈[[0.0, 90.0]]  checks 5/5 pass
[13:51:20]   ctrnact-mixed-family-k3-100: (4S@d@a+12,cx4@1@-a+12) + (4S@d@a+12,cx4@1@-a+12) + (4S@d@a+12,cx4@1@-a+12) + (4S@d@a+12,cx4@1@-a+12) + (4S@d@a+12,cx4@1@-a+12) + (4S@d@a+12,cx4@1@-a+12) + (4S@d@a+12,cx4@1@-a+12) + (4S@d@a+12,cx4@1@-a+12) + (4S@d@a+12,cx4@1@-a+12) + (4S@d@a+12,cx8@0@-a+12) + (4S@d@a+12,cx8@0@-a+12) + (4S@d@a+12,cx8@0@-a+12) + (4S@d@a+12,cx8@0@-a+12) + (4S@d@a+12,cx8@0@-a+12) + (4S@p@-a+6,cx4@0@a,4S@p@-a+6,cx4@0@a,4S@p@-a+6,cx8@1@a+6) + (4S@p@-a+6,cx4@0@a,4S@p@-a+6,cx4@0@a,4S@p@-a+6,cx8@1@a+6) + (4S@p@-a+6,cx4@0@a,4S@p@-a+6,cx4@0@a,4S@p@-a+6,cx8@1@a+6)  P=1 α∈[[0.0, 90.0]]  checks 5/5 pass
[13:51:20]   ctrnact-mixed-family-k3-101: (4S@d@a+12,cx4@1@-a+12) + (4S@d@a+12,cx4@1@-a+12) + (4S@d@a+12,cx4@1@-a+12) + (4S@d@a+12,cx8@0@-a+12) + (4S@d@a+12,cx8@0@-a+12) + (4S@d@a+12,cx8@0@-a+12) + (4S@d@a+12,cx8@0@-a+12) + (4S@d@a+12,cx8@0@-a+12) + (4S@d@a+12,cx8@0@-a+12) + (4S@d@a+12,cx8@0@-a+12) + (4S@d@a+12,cx8@0@-a+12) + (4S@p@-a+6,cx4@0@a,4S@p@-a+6,cx4@0@a,4S@p@-a+6,cx8@1@a+6) + (4S@p@-a+6,cx8@1@a+6,4S@p@-a+6,cx8@1@a+6) + (4S@p@-a+6,cx8@1@a+6,4S@p@-a+6,cx8@1@a+6)  P=1 α∈[[0.0, 90.0]]  checks 5/5 pass
[13:51:20]   ctrnact-mixed-family-k3-102: (4S@d@a+12,cx4@1@-a+12) + (4S@d@a+12,cx4@1@-a+12) + (4S@d@a+12,cx4@1@-a+12) + (4S@d@a+12,cx8@0@-a+12) + (4S@d@a+12,cx8@0@-a+12) + (4S@d@a+12,cx8@0@-a+12) + (4S@d@a+12,cx8@0@-a+12) + (4S@d@a+12,cx8@0@-a+12) + (4S@d@a+12,cx8@0@-a+12) + (4S@p@-a+6,cx4@0@a,4S@p@-a+6,cx4@0@a,4S@p@-a+6,cx8@1@a+6) + (4S@p@-a+6,cx8@1@a+6,4S@p@-a+6,cx8@1@a+6) + (4S@p@-a+6,cx8@1@a+6,4S@p@-a+6,cx8@1@a+6)  P=1 α∈[[0.0, 90.0]]  checks 5/5 pass
[13:51:20]   ctrnact-mixed-family-k3-103: (4S@d@a+12,cx4@1@-a+12) + (4S@d@a+12,cx4@1@-a+12) + (4S@d@a+12,cx4@1@-a+12) + (4S@d@a+12,cx4@1@-a+12) + (4S@d@a+12,cx4@1@-a+12) + (4S@d@a+12,cx4@1@-a+12) + (4S@d@a+12,cx8@0@-a+12) + (4S@d@a+12,cx8@0@-a+12) + (4S@d@a+12,cx8@0@-a+12) + (4S@p@-a+6,cx4@0@a,4S@p@-a+6,cx4@0@a,4S@p@-a+6,cx4@0@a,4S@p@-a+6,cx4@0@a) + (4S@p@-a+6,cx4@0@a,4S@p@-a+6,cx4@0@a,4S@p@-a+6,cx8@1@a+6) + (4S@p@-a+6,cx8@1@a+6,4S@p@-a+6,cx8@1@a+6)  P=1 α∈[[0.0, 90.0]]  checks 5/5 pass
[13:51:20]   ctrnact-mixed-family-k3-104: (4S@d@a+12,cx4@1@-a+12) + (4S@d@a+12,cx4@1@-a+12) + (4S@d@a+12,cx4@1@-a+12) + (4S@d@a+12,cx4@1@-a+12) + (4S@d@a+12,cx4@1@-a+12) + (4S@d@a+12,cx4@1@-a+12) + (4S@d@a+12,cx8@0@-a+12) + (4S@d@a+12,cx8@0@-a+12) + (4S@d@a+12,cx8@0@-a+12) + (4S@d@a+12,cx8@0@-a+12) + (4S@d@a+12,cx8@0@-a+12) + (4S@p@-a+6,cx4@0@a,4S@p@-a+6,cx4@0@a,4S@p@-a+6,cx4@0@a,4S@p@-a+6,cx4@0@a) + (4S@p@-a+6,cx4@0@a,4S@p@-a+6,cx4@0@a,4S@p@-a+6,cx8@1@a+6) + (4S@p@-a+6,cx8@1@a+6,4S@p@-a+6,cx8@1@a+6)  P=1 α∈[[0.0, 90.0]]  checks 5/5 pass
[13:51:20]   ctrnact-mixed-family-k3-105: (4S@d@a+12,cx4@1@-a+12) + (4S@d@a+12,cx4@1@-a+12) + (4S@d@a+12,cx4@1@-a+12) + (4S@d@a+12,cx4@1@-a+12) + (4S@d@a+12,cx4@1@-a+12) + (4S@d@a+12,cx4@1@-a+12) + (4S@d@a+12,cx8@0@-a+12) + (4S@d@a+12,cx8@0@-a+12) + (4S@d@a+12,cx8@0@-a+12) + (4S@p@-a+6,cx4@0@a,4S@p@-a+6,cx4@0@a,4S@p@-a+6,cx4@0@a,4S@p@-a+6,cx4@0@a) + (4S@p@-a+6,cx4@0@a,4S@p@-a+6,cx4@0@a,4S@p@-a+6,cx8@1@a+6) + (4S@p@-a+6,cx8@1@a+6,4S@p@-a+6,cx8@1@a+6)  P=1 α∈[[0.0, 90.0]]  checks 5/5 pass
[13:51:20]   ctrnact-mixed-family-k3-106: (4S@d@a+12,cx4@1@-a+12) + (4S@d@a+12,cx4@1@-a+12) + (4S@d@a+12,cx4@1@-a+12) + (4S@d@a+12,cx4@1@-a+12) + (4S@d@a+12,cx4@1@-a+12) + (4S@d@a+12,cx4@1@-a+12) + (4S@d@a+12,cx4@1@-a+12) + (4S@d@a+12,cx4@1@-a+12) + (4S@d@a+12,cx4@1@-a+12) + (4S@d@a+12,cx4@1@-a+12) + (4S@d@a+12,cx8@0@-a+12) + (4S@d@a+12,cx8@0@-a+12) + (4S@d@a+12,cx8@0@-a+12) + (4S@d@a+12,cx8@0@-a+12) + (4S@d@a+12,cx8@0@-a+12) + (4S@p@-a+6,cx4@0@a,4S@p@-a+6,cx4@0@a,4S@p@-a+6,cx4@0@a,4S@p@-a+6,cx4@0@a) + (4S@p@-a+6,cx4@0@a,4S@p@-a+6,cx4@0@a,4S@p@-a+6,cx8@1@a+6) + (4S@p@-a+6,cx8@1@a+6,4S@p@-a+6,cx8@1@a+6)  P=1 α∈[[0.0, 90.0]]  checks 5/5 pass
[13:51:20]   ctrnact-mixed-family-k3-107: (4S@d@a+12,cx4@1@-a+12) + (4S@d@a+12,cx4@1@-a+12) + (4S@d@a+12,cx4@1@-a+12) + (4S@d@a+12,cx4@1@-a+12) + (4S@d@a+12,cx4@1@-a+12) + (4S@d@a+12,cx4@1@-a+12) + (4S@d@a+12,cx4@1@-a+12) + (4S@d@a+12,cx4@1@-a+12) + (4S@d@a+12,cx4@1@-a+12) + (4S@d@a+12,cx4@1@-a+12) + (4S@d@a+12,cx8@0@-a+12) + (4S@d@a+12,cx8@0@-a+12) + (4S@d@a+12,cx8@0@-a+12) + (4S@p@-a+6,cx4@0@a,4S@p@-a+6,cx4@0@a,4S@p@-a+6,cx4@0@a,4S@p@-a+6,cx4@0@a) + (4S@p@-a+6,cx4@0@a,4S@p@-a+6,cx4@0@a,4S@p@-a+6,cx8@1@a+6) + (4S@p@-a+6,cx8@1@a+6,4S@p@-a+6,cx8@1@a+6)  P=1 α∈[[0.0, 90.0]]  checks 5/5 pass
[13:51:20]   ctrnact-mixed-family-k3-108: (4S@d@a+12,cx4@1@-a+12) + (4S@d@a+12,cx4@1@-a+12) + (4S@d@a+12,cx4@1@-a+12) + (4S@d@a+12,cx4@1@-a+12) + (4S@d@a+12,cx4@1@-a+12) + (4S@d@a+12,cx4@1@-a+12) + (4S@d@a+12,cx4@1@-a+12) + (4S@d@a+12,cx4@1@-a+12) + (4S@d@a+12,cx4@1@-a+12) + (4S@d@a+12,cx4@1@-a+12) + (4S@d@a+12,cx4@1@-a+12) + (4S@d@a+12,cx8@0@-a+12) + (4S@d@a+12,cx8@0@-a+12) + (4S@d@a+12,cx8@0@-a+12) + (4S@p@-a+6,cx4@0@a,4S@p@-a+6,cx4@0@a,4S@p@-a+6,cx4@0@a,4S@p@-a+6,cx4@0@a) + (4S@p@-a+6,cx4@0@a,4S@p@-a+6,cx4@0@a,4S@p@-a+6,cx8@1@a+6) + (4S@p@-a+6,cx4@0@a,4S@p@-a+6,cx4@0@a,4S@p@-a+6,cx8@1@a+6)  P=1 α∈[[0.0, 90.0]]  checks 5/5 pass
[13:51:20]   ctrnact-mixed-family-k3-109: (4S@d@a+12,cx4@1@-a+12) + (4S@d@a+12,cx4@1@-a+12) + (4S@d@a+12,cx4@1@-a+12) + (4S@d@a+12,cx4@1@-a+12) + (4S@d@a+12,cx4@1@-a+12) + (4S@d@a+12,cx4@1@-a+12) + (4S@d@a+12,cx4@1@-a+12) + (4S@d@a+12,cx4@1@-a+12) + (4S@d@a+12,cx4@1@-a+12) + (4S@d@a+12,cx8@0@-a+12) + (4S@d@a+12,cx8@0@-a+12) + (4S@d@a+12,cx8@0@-a+12) + (4S@d@a+12,cx8@0@-a+12) + (4S@d@a+12,cx8@0@-a+12) + (4S@p@-a+6,cx4@0@a,4S@p@-a+6,cx4@0@a,4S@p@-a+6,cx4@0@a,4S@p@-a+6,cx4@0@a) + (4S@p@-a+6,cx4@0@a,4S@p@-a+6,cx4@0@a,4S@p@-a+6,cx8@1@a+6) + (4S@p@-a+6,cx8@1@a+6,4S@p@-a+6,cx8@1@a+6)  P=1 α∈[[0.0, 90.0]]  checks 5/5 pass
[13:51:20]   ctrnact-mixed-family-k3-110: (4S@d@a+12,cx4@1@-a+12) + (4S@d@a+12,cx4@1@-a+12) + (4S@d@a+12,cx4@1@-a+12) + (4S@d@a+12,cx4@1@-a+12) + (4S@d@a+12,cx4@1@-a+12) + (4S@d@a+12,cx4@1@-a+12) + (4S@d@a+12,cx4@1@-a+12) + (4S@d@a+12,cx4@1@-a+12) + (4S@d@a+12,cx4@1@-a+12) + (4S@d@a+12,cx8@0@-a+12) + (4S@d@a+12,cx8@0@-a+12) + (4S@d@a+12,cx8@0@-a+12) + (4S@p@-a+6,cx4@0@a,4S@p@-a+6,cx4@0@a,4S@p@-a+6,cx4@0@a,4S@p@-a+6,cx4@0@a) + (4S@p@-a+6,cx4@0@a,4S@p@-a+6,cx4@0@a,4S@p@-a+6,cx8@1@a+6) + (4S@p@-a+6,cx8@1@a+6,4S@p@-a+6,cx8@1@a+6)  P=1 α∈[[0.0, 90.0]]  checks 5/5 pass
[13:51:20]   ctrnact-mixed-family-k3-111: (4S@d@a+12,cx4@1@-a+12) + (4S@d@a+12,cx4@1@-a+12) + (4S@d@a+12,cx4@1@-a+12) + (4S@d@a+12,cx4@1@-a+12) + (4S@d@a+12,cx4@1@-a+12) + (4S@d@a+12,cx4@1@-a+12) + (4S@d@a+12,cx4@1@-a+12) + (4S@d@a+12,cx4@1@-a+12) + (4S@d@a+12,cx4@1@-a+12) + (4S@d@a+12,cx4@1@-a+12) + (4S@d@a+12,cx4@1@-a+12) + (4S@d@a+12,cx4@1@-a+12) + (4S@d@a+12,cx8@0@-a+12) + (4S@d@a+12,cx8@0@-a+12) + (4S@p@-a+6,cx4@0@a,4S@p@-a+6,cx4@0@a,4S@p@-a+6,cx4@0@a,4S@p@-a+6,cx4@0@a) + (4S@p@-a+6,cx4@0@a,4S@p@-a+6,cx4@0@a,4S@p@-a+6,cx4@0@a,4S@p@-a+6,cx4@0@a) + (4S@p@-a+6,cx4@0@a,4S@p@-a+6,cx4@0@a,4S@p@-a+6,cx8@1@a+6)  P=1 α∈[[0.0, 90.0]]  checks 5/5 pass
[13:51:20]   ctrnact-mixed-family-k3-112: (4S@d@a+12,cx4@1@-a+12) + (4S@d@a+12,cx4@1@-a+12) + (4S@d@a+12,cx4@1@-a+12) + (4S@d@a+12,cx4@1@-a+12) + (4S@d@a+12,cx4@1@-a+12) + (4S@d@a+12,cx4@1@-a+12) + (4S@d@a+12,cx4@1@-a+12) + (4S@d@a+12,cx4@1@-a+12) + (4S@d@a+12,cx4@1@-a+12) + (4S@d@a+12,cx4@1@-a+12) + (4S@d@a+12,cx4@1@-a+12) + (4S@d@a+12,cx4@1@-a+12) + (4S@d@a+12,cx4@1@-a+12) + (4S@d@a+12,cx4@1@-a+12) + (4S@d@a+12,cx4@1@-a+12) + (4S@d@a+12,cx4@1@-a+12) + (4S@d@a+12,cx8@0@-a+12) + (4S@d@a+12,cx8@0@-a+12) + (4S@p@-a+6,cx4@0@a,4S@p@-a+6,cx4@0@a,4S@p@-a+6,cx4@0@a,4S@p@-a+6,cx4@0@a) + (4S@p@-a+6,cx4@0@a,4S@p@-a+6,cx4@0@a,4S@p@-a+6,cx4@0@a,4S@p@-a+6,cx4@0@a) + (4S@p@-a+6,cx4@0@a,4S@p@-a+6,cx4@0@a,4S@p@-a+6,cx8@1@a+6)  P=1 α∈[[0.0, 90.0]]  checks 5/5 pass
[13:51:20]   ctrnact-mixed-family-k3-113: (4S@d@a+12,cx4@1@-a+12) + (4S@d@a+12,cx4@1@-a+12) + (4S@d@a+12,cx4@1@-a+12) + (4S@d@a+12,cx4@1@-a+12) + (4S@d@a+12,cx4@1@-a+12) + (4S@d@a+12,cx4@1@-a+12) + (4S@d@a+12,cx4@1@-a+12) + (4S@d@a+12,cx4@1@-a+12) + (4S@d@a+12,cx4@1@-a+12) + (4S@d@a+12,cx4@1@-a+12) + (4S@d@a+12,cx4@1@-a+12) + (4S@d@a+12,cx4@1@-a+12) + (4S@d@a+12,cx4@1@-a+12) + (4S@d@a+12,cx4@1@-a+12) + (4S@d@a+12,cx4@1@-a+12) + (4S@d@a+12,cx8@0@-a+12) + (4S@d@a+12,cx8@0@-a+12) + (4S@p@-a+6,cx4@0@a,4S@p@-a+6,cx4@0@a,4S@p@-a+6,cx4@0@a,4S@p@-a+6,cx4@0@a) + (4S@p@-a+6,cx4@0@a,4S@p@-a+6,cx4@0@a,4S@p@-a+6,cx4@0@a,4S@p@-a+6,cx4@0@a) + (4S@p@-a+6,cx4@0@a,4S@p@-a+6,cx4@0@a,4S@p@-a+6,cx8@1@a+6)  P=1 α∈[[0.0, 90.0]]  checks 5/5 pass
[13:51:20]   ctrnact-mixed-family-k3-114: (4S@d@a+12,cx4@1@-a+12) + (4S@d@a+12,cx4@1@-a+12) + (4S@d@a+12,cx4@1@-a+12) + (4S@d@a+12,cx4@1@-a+12) + (4S@d@a+12,cx4@1@-a+12) + (4S@d@a+12,cx4@1@-a+12) + (4S@d@a+12,cx4@1@-a+12) + (4S@d@a+12,cx4@1@-a+12) + (4S@d@a+12,cx4@1@-a+12) + (4S@d@a+12,cx4@1@-a+12) + (4S@d@a+12,cx4@1@-a+12) + (4S@d@a+12,cx4@1@-a+12) + (4S@d@a+12,cx8@0@-a+12) + (4S@d@a+12,cx8@0@-a+12) + (4S@p@-a+6,cx4@0@a,4S@p@-a+6,cx4@0@a,4S@p@-a+6,cx4@0@a,4S@p@-a+6,cx4@0@a) + (4S@p@-a+6,cx4@0@a,4S@p@-a+6,cx4@0@a,4S@p@-a+6,cx4@0@a,4S@p@-a+6,cx4@0@a) + (4S@p@-a+6,cx4@0@a,4S@p@-a+6,cx4@0@a,4S@p@-a+6,cx8@1@a+6)  P=1 α∈[[0.0, 90.0]]  checks 5/5 pass
[13:51:20]   ctrnact-mixed-family-k3-115: (4S@d@a+12,cx4@1@-a+12) + (4S@d@a+12,cx4@1@-a+12) + (4S@d@a+12,cx4@1@-a+12) + (4S@d@a+12,cx4@1@-a+12) + (4S@d@a+12,cx4@1@-a+12) + (4S@d@a+12,cx4@1@-a+12) + (4S@d@a+12,cx8@0@-a+12) + (4S@d@a+12,cx8@0@-a+12) + (4S@d@a+12,cx8@0@-a+12) + (4S@d@a+12,cx8@0@-a+12) + (4S@d@a+12,cx8@0@-a+12) + (4S@p@-a+6,cx4@0@a,4S@p@-a+6,cx4@0@a,4S@p@-a+6,cx4@0@a,4S@p@-a+6,cx4@0@a) + (4S@p@-a+6,cx4@0@a,4S@p@-a+6,cx4@0@a,4S@p@-a+6,cx8@1@a+6) + (4S@p@-a+6,cx8@1@a+6,4S@p@-a+6,cx8@1@a+6)  P=1 α∈[[0.0, 90.0]]  checks 5/5 pass
[13:51:20]   ctrnact-mixed-family-k3-116: (4S@d@a+12,cx4@1@-a+12) + (4S@d@a+12,cx4@1@-a+12) + (4S@d@a+12,cx4@1@-a+12) + (4S@d@a+12,cx4@1@-a+12) + (4S@d@a+12,cx4@1@-a+12) + (4S@d@a+12,cx4@1@-a+12) + (4S@d@a+12,cx8@0@-a+12) + (4S@d@a+12,cx8@0@-a+12) + (4S@d@a+12,cx8@0@-a+12) + (4S@p@-a+6,cx4@0@a,4S@p@-a+6,cx4@0@a,4S@p@-a+6,cx4@0@a,4S@p@-a+6,cx4@0@a) + (4S@p@-a+6,cx4@0@a,4S@p@-a+6,cx4@0@a,4S@p@-a+6,cx8@1@a+6) + (4S@p@-a+6,cx8@1@a+6,4S@p@-a+6,cx8@1@a+6)  P=1 α∈[[0.0, 90.0]]  checks 5/5 pass
[13:51:20]   ctrnact-mixed-family-k3-117: (4S@d@a+12,cx4@1@-a+12) + (4S@d@a+12,cx4@1@-a+12) + (4S@d@a+12,cx4@1@-a+12) + (4S@d@a+12,cx4@1@-a+12) + (4S@d@a+12,cx8@0@-a+12) + (4S@d@a+12,cx8@0@-a+12) + (4S@d@a+12,cx8@0@-a+12) + (4S@d@a+12,cx8@0@-a+12) + (4S@p@-a+6,cx4@0@a,4S@p@-a+6,cx4@0@a,4S@p@-a+6,cx8@1@a+6) + (4S@p@-a+6,cx4@0@a,4S@p@-a+6,cx4@0@a,4S@p@-a+6,cx8@1@a+6) + (4S@p@-a+6,cx8@1@a+6,4S@p@-a+6,cx8@1@a+6)  P=1 α∈[[0.0, 90.0]]  checks 5/5 pass
[13:51:20]   ctrnact-mixed-family-k3-118: (4S@d@a+12,cx4@1@-a+12) + (4S@d@a+12,cx4@1@-a+12) + (4S@d@a+12,cx4@1@-a+12) + (4S@d@a+12,cx4@1@-a+12) + (4S@d@a+12,cx4@1@-a+12) + (4S@d@a+12,cx4@1@-a+12) + (4S@d@a+12,cx8@0@-a+12) + (4S@d@a+12,cx8@0@-a+12) + (4S@d@a+12,cx8@0@-a+12) + (4S@d@a+12,cx8@0@-a+12) + (4S@d@a+12,cx8@0@-a+12) + (4S@d@a+12,cx8@0@-a+12) + (4S@d@a+12,cx8@0@-a+12) + (4S@p@-a+6,cx4@0@a,4S@p@-a+6,cx4@0@a,4S@p@-a+6,cx8@1@a+6) + (4S@p@-a+6,cx4@0@a,4S@p@-a+6,cx4@0@a,4S@p@-a+6,cx8@1@a+6) + (4S@p@-a+6,cx8@1@a+6,4S@p@-a+6,cx8@1@a+6)  P=1 α∈[[0.0, 90.0]]  checks 5/5 pass
[13:51:20]   ctrnact-mixed-family-k3-119: (4S@d@a+12,cx4@1@-a+12) + (4S@d@a+12,cx4@1@-a+12) + (4S@d@a+12,cx4@1@-a+12) + (4S@d@a+12,cx4@1@-a+12) + (4S@d@a+12,cx4@1@-a+12) + (4S@d@a+12,cx4@1@-a+12) + (4S@d@a+12,cx8@0@-a+12) + (4S@d@a+12,cx8@0@-a+12) + (4S@d@a+12,cx8@0@-a+12) + (4S@d@a+12,cx8@0@-a+12) + (4S@d@a+12,cx8@0@-a+12) + (4S@p@-a+6,cx4@0@a,4S@p@-a+6,cx4@0@a,4S@p@-a+6,cx8@1@a+6) + (4S@p@-a+6,cx4@0@a,4S@p@-a+6,cx4@0@a,4S@p@-a+6,cx8@1@a+6) + (4S@p@-a+6,cx8@1@a+6,4S@p@-a+6,cx8@1@a+6)  P=1 α∈[[0.0, 90.0]]  checks 5/5 pass
[13:51:20]   ctrnact-mixed-family-k3-120: (4S@d@a+12,cx4@1@-a+12) + (4S@d@a+12,cx4@1@-a+12) + (4S@d@a+12,cx4@1@-a+12) + (4S@d@a+12,cx4@1@-a+12) + (4S@d@a+12,cx4@1@-a+12) + (4S@d@a+12,cx4@1@-a+12) + (4S@d@a+12,cx8@0@-a+12) + (4S@d@a+12,cx8@0@-a+12) + (4S@d@a+12,cx8@0@-a+12) + (4S@d@a+12,cx8@0@-a+12) + (4S@d@a+12,cx8@0@-a+12) + (4S@d@a+12,cx8@0@-a+12) + (4S@d@a+12,cx8@0@-a+12) + (4S@p@-a+6,cx4@0@a,4S@p@-a+6,cx4@0@a,4S@p@-a+6,cx8@1@a+6) + (4S@p@-a+6,cx4@0@a,4S@p@-a+6,cx4@0@a,4S@p@-a+6,cx8@1@a+6) + (4S@p@-a+6,cx8@1@a+6,4S@p@-a+6,cx8@1@a+6)  P=1 α∈[[0.0, 90.0]]  checks 5/5 pass
[13:51:20]   ctrnact-mixed-family-k3-121: (4S@d@a+12,cx4@1@-a+12) + (4S@d@a+12,cx4@1@-a+12) + (4S@d@a+12,cx4@1@-a+12) + (4S@d@a+12,cx4@1@-a+12) + (4S@d@a+12,cx4@1@-a+12) + (4S@d@a+12,cx4@1@-a+12) + (4S@d@a+12,cx8@0@-a+12) + (4S@d@a+12,cx8@0@-a+12) + (4S@d@a+12,cx8@0@-a+12) + (4S@d@a+12,cx8@0@-a+12) + (4S@d@a+12,cx8@0@-a+12) + (4S@p@-a+6,cx4@0@a,4S@p@-a+6,cx4@0@a,4S@p@-a+6,cx8@1@a+6) + (4S@p@-a+6,cx4@0@a,4S@p@-a+6,cx4@0@a,4S@p@-a+6,cx8@1@a+6) + (4S@p@-a+6,cx8@1@a+6,4S@p@-a+6,cx8@1@a+6)  P=1 α∈[[0.0, 90.0]]  checks 5/5 pass
[13:51:20]   ctrnact-mixed-family-k3-122: (4S@d@a+12,cx4@1@-a+12) + (4S@d@a+12,cx4@1@-a+12) + (4S@d@a+12,cx4@1@-a+12) + (4S@d@a+12,cx4@1@-a+12) + (4S@d@a+12,cx4@1@-a+12) + (4S@d@a+12,cx8@0@-a+12) + (4S@d@a+12,cx8@0@-a+12) + (4S@d@a+12,cx8@0@-a+12) + (4S@d@a+12,cx8@0@-a+12) + (4S@d@a+12,cx8@0@-a+12) + (4S@d@a+12,cx8@0@-a+12) + (4S@p@-a+6,cx4@0@a,4S@p@-a+6,cx4@0@a,4S@p@-a+6,cx8@1@a+6) + (4S@p@-a+6,cx4@0@a,4S@p@-a+6,cx4@0@a,4S@p@-a+6,cx8@1@a+6) + (4S@p@-a+6,cx8@1@a+6,4S@p@-a+6,cx8@1@a+6)  P=1 α∈[[0.0, 90.0]]  checks 5/5 pass
[13:51:20]   ctrnact-mixed-family-k3-123: (4S@d@a+12,cx4@1@-a+12) + (4S@d@a+12,cx4@1@-a+12) + (4S@d@a+12,cx4@1@-a+12) + (4S@d@a+12,cx4@1@-a+12) + (4S@d@a+12,cx4@1@-a+12) + (4S@d@a+12,cx8@0@-a+12) + (4S@d@a+12,cx8@0@-a+12) + (4S@d@a+12,cx8@0@-a+12) + (4S@d@a+12,cx8@0@-a+12) + (4S@d@a+12,cx8@0@-a+12) + (4S@p@-a+6,cx4@0@a,4S@p@-a+6,cx4@0@a,4S@p@-a+6,cx8@1@a+6) + (4S@p@-a+6,cx4@0@a,4S@p@-a+6,cx4@0@a,4S@p@-a+6,cx8@1@a+6) + (4S@p@-a+6,cx8@1@a+6,4S@p@-a+6,cx8@1@a+6)  P=1 α∈[[0.0, 90.0]]  checks 5/5 pass
[13:51:20]   ctrnact-mixed-family-k3-124: (4S@d@a+12,cx4@1@-a+12) + (4S@d@a+12,cx4@1@-a+12) + (4S@d@a+12,cx4@1@-a+12) + (4S@d@a+12,cx4@1@-a+12) + (4S@d@a+12,cx4@1@-a+12) + (4S@d@a+12,cx4@1@-a+12) + (4S@d@a+12,cx8@0@-a+12) + (4S@d@a+12,cx8@0@-a+12) + (4S@d@a+12,cx8@0@-a+12) + (4S@p@-a+6,cx4@0@a,4S@p@-a+6,cx4@0@a,4S@p@-a+6,cx4@0@a,4S@p@-a+6,cx4@0@a) + (4S@p@-a+6,cx4@0@a,4S@p@-a+6,cx4@0@a,4S@p@-a+6,cx8@1@a+6) + (4S@p@-a+6,cx4@0@a,4S@p@-a+6,cx4@0@a,4S@p@-a+6,cx8@1@a+6)  P=1 α∈[[0.0, 90.0]]  checks 5/5 pass
[13:51:20]   ctrnact-mixed-family-k3-125: (4S@d@a+12,cx4@1@-a+12) + (4S@d@a+12,cx4@1@-a+12) + (4S@d@a+12,cx4@1@-a+12) + (4S@d@a+12,cx4@1@-a+12) + (4S@d@a+12,cx8@0@-a+12) + (4S@p@-a+6,cx4@0@a,4S@p@-a+6,cx4@0@a,cx4@1@-a+12,cx4@0@a) + (4S@p@-a+6,cx4@0@a,4S@p@-a+6,cx4@0@a,cx8@0@-a+12,cx4@0@a) + (4S@p@-a+6,cx4@0@a,cx4@1@-a+12,cx8@1@a+6)  P=1 α∈[[0.0, 90.0]]  checks 5/5 pass
[13:51:20]   ctrnact-mixed-family-k3-126: (4S@d@a+12,cx4@1@-a+12) + (4S@d@a+12,cx4@1@-a+12) + (4S@d@a+12,cx4@1@-a+12) + (4S@d@a+12,cx8@0@-a+12) + (4S@p@-a+6,cx4@0@a,4S@p@-a+6,cx4@0@a,cx4@1@-a+12,cx4@0@a) + (4S@p@-a+6,cx4@0@a,4S@p@-a+6,cx4@0@a,cx8@0@-a+12,cx4@0@a) + (4S@p@-a+6,cx4@0@a,cx4@1@-a+12,cx8@1@a+6)  P=1 α∈[[0.0, 90.0]]  checks 5/5 pass
[13:51:20]   ctrnact-mixed-family-k3-127: (4S@d@a+12,cx4@1@-a+12) + (4S@d@a+12,cx4@1@-a+12) + (4S@d@a+12,cx4@1@-a+12) + (4S@d@a+12,cx8@0@-a+12) + (4S@d@a+12,cx8@0@-a+12) + (4S@p@-a+6,cx4@0@a,4S@p@-a+6,cx4@0@a,cx4@1@-a+12,cx4@0@a) + (4S@p@-a+6,cx4@0@a,cx4@1@-a+12,cx8@1@a+6) + (4S@p@-a+6,cx4@0@a,cx8@0@-a+12,cx8@1@a+6)  P=1 α∈[[0.0, 90.0]]  checks 5/5 pass
[13:51:20]   ctrnact-mixed-family-k3-128: (4S@d@a+12,cx4@1@-a+12) + (4S@d@a+12,cx8@0@-a+12) + (4S@p@-a+6,cx4@0@a,cx4@1@-a+12,cx8@1@a+6) + (cx4@0@a,cx4@1@-a+12,cx4@0@a,cx4@1@-a+12) + (cx4@0@a,cx8@0@-a+12,cx4@0@a,cx8@0@-a+12)  P=1 α∈[[0.0, 90.0]]  checks 5/5 pass
[13:51:20]   ctrnact-mixed-family-k3-129: (4S@d@a+12,cx4@1@-a+12) + (4S@d@a+12,cx4@1@-a+12) + (4S@d@a+12,cx4@1@-a+12) + (4S@d@a+12,cx4@1@-a+12) + (4S@d@a+12,cx4@1@-a+12) + (4S@d@a+12,cx8@0@-a+12) + (4S@d@a+12,cx8@0@-a+12) + (4S@p@-a+6,cx4@0@a,4S@p@-a+6,cx4@0@a,4S@p@-a+6,cx8@1@a+6) + (4S@p@-a+6,cx4@0@a,cx4@1@-a+12,cx8@1@a+6) + (cx4@0@a,cx4@1@-a+12,cx4@0@a,cx8@0@-a+12)  P=1 α∈[[0.0, 90.0]]  checks 5/5 pass
[13:51:20]   ctrnact-mixed-family-k3-130: (4S@d@a+12,cx4@1@-a+12) + (4S@d@a+12,cx4@1@-a+12) + (4S@d@a+12,cx4@1@-a+12) + (4S@d@a+12,cx4@1@-a+12) + (4S@d@a+12,cx8@0@-a+12) + (4S@d@a+12,cx8@0@-a+12) + (4S@p@-a+6,cx4@0@a,4S@p@-a+6,cx4@0@a,4S@p@-a+6,cx8@1@a+6) + (4S@p@-a+6,cx4@0@a,cx4@1@-a+12,cx8@1@a+6) + (cx4@0@a,cx4@1@-a+12,cx4@0@a,cx8@0@-a+12)  P=1 α∈[[0.0, 90.0]]  checks 5/5 pass
[13:51:20]   ctrnact-mixed-family-k3-131: (4S@d@a+12,cx4@1@-a+12) + (4S@d@a+12,cx8@0@-a+12) + (4S@d@a+12,cx8@0@-a+12) + (4S@d@a+12,cx8@0@-a+12) + (4S@d@a+12,cx8@0@-a+12) + (4S@p@-a+6,cx4@0@a,cx4@1@-a+12,cx8@1@a+6) + (4S@p@-a+6,cx8@1@a+6,4S@p@-a+6,cx8@1@a+6) + (cx4@0@a,cx4@1@-a+12,cx4@0@a,cx8@0@-a+12)  P=1 α∈[[0.0, 90.0]]  checks 5/5 pass
[13:51:20]   ctrnact-mixed-family-k3-132: (4S@d@a+12,cx4@1@-a+12) + (4S@d@a+12,cx8@0@-a+12) + (4S@d@a+12,cx8@0@-a+12) + (4S@p@-a+6,cx4@0@a,cx4@1@-a+12,cx8@1@a+6) + (4S@p@-a+6,cx8@1@a+6,4S@p@-a+6,cx8@1@a+6) + (cx4@0@a,cx4@1@-a+12,cx4@0@a,cx8@0@-a+12)  P=1 α∈[[0.0, 90.0]]  checks 5/5 pass
[13:51:20]   ctrnact-mixed-family-k3-133: (4,4S@d@a+12,4S@p@-a+6) + (4,4S@d@a+12,4S@p@-a+6) + (4S@d@a+12,4S@p@-a+6,cx4@0@a,4S@p@-a+6) + (4S@d@a+12,cx4@1@-a+12)  P=1 α∈[[0.0, 90.0]]  checks 5/5 pass
[13:51:20]   ctrnact-mixed-family-k3-134: (4,4S@d@a+12,4S@p@-a+6) + (4S@d@a+12,4S@p@-a+6,cx4@0@a,4S@p@-a+6) + (4S@d@a+12,cx4@1@-a+12) + (4S@d@a+12,cx4@1@-a+12) + (4S@p@-a+6,cx4@0@a,4S@p@-a+6,cx4@0@a,4S@p@-a+6,cx4@0@a,4S@p@-a+6,cx4@0@a)  P=1 α∈[[0.0, 90.0]]  checks 5/5 pass
[13:51:20]   ctrnact-mixed-family-k3-135: (3S@d@-a+18,cx4@0@a,4S@p@-a+6,cx4@0@a) + (3S@p@a-2,cx4@1@-a+12,6S@p@a+2,cx4@1@-a+12) + (4S@d@a+12,cx4@1@-a+12) + (4S@p@-a+6,cx4@0@a,6S@d@-a+18,cx4@0@a)  P=1 α∈[[30.0, 90.0]]  checks 5/5 pass
[13:51:20]   ctrnact-mixed-family-k3-136: (4,cx4@0@a,4S@p@-a+6,cx4@0@a,cx4@1@-a+12) + (4S@d@a+12,cx4@1@-a+12) + (4S@d@a+12,cx4@1@-a+12) + (4S@d@a+12,cx4@1@-a+12) + (4S@d@a+12,cx4@1@-a+12) + (4S@p@-a+6,cx4@0@a,4S@p@-a+6,cx4@0@a,4S@p@-a+6,cx4@0@a,4S@p@-a+6,cx4@0@a) + (4S@p@-a+6,cx4@0@a,4S@p@-a+6,cx4@0@a,cx4@1@-a+12,cx4@0@a)  P=1 α∈[[0.0, 90.0]]  checks 5/5 pass
[13:51:20]   ctrnact-mixed-family-k3-137: (4,cx4@0@a,4S@p@-a+6,cx4@0@a,cx4@1@-a+12) + (4,cx4@0@a,4S@p@-a+6,cx4@0@a,cx4@1@-a+12) + (4S@d@a+12,cx4@1@-a+12) + (4S@d@a+12,cx4@1@-a+12) + (4S@d@a+12,cx4@1@-a+12) + (4S@d@a+12,cx4@1@-a+12) + (4S@p@-a+6,cx4@0@a,4S@p@-a+6,cx4@0@a,cx4@1@-a+12,cx4@0@a)  P=1 α∈[[0.0, 90.0]]  checks 5/5 pass
[13:51:20]   ctrnact-mixed-family-k3-138: (4,4,cx4@0@a,cx4@1@-a+12) + (4,cx4@0@a,4S@p@-a+6,cx4@0@a,cx4@1@-a+12) + (4,cx4@0@a,4S@p@-a+6,cx4@0@a,cx4@1@-a+12) + (4S@d@a+12,cx4@1@-a+12) + (4S@d@a+12,cx4@1@-a+12)  P=1 α∈[[0.0, 90.0]]  checks 5/5 pass
[13:51:20]   ctrnact-mixed-family-k3-139: (4,4,4,4) + (4,4,cx4@0@a,cx4@1@-a+12) + (4,cx4@0@a,4S@p@-a+6,cx4@0@a,cx4@1@-a+12) + (4S@d@a+12,cx4@1@-a+12)  P=1 α∈[[0.0, 90.0]]  checks 5/5 pass
[13:51:20]   ctrnact-mixed-family-k3-140: (4,4,cx4@0@a,cx4@1@-a+12) + (4,cx4@0@a,4,cx4@1@-a+12) + (4,cx4@0@a,4S@p@-a+6,cx4@0@a,cx4@1@-a+12) + (4S@d@a+12,cx4@1@-a+12)  P=1 α∈[[0.0, 90.0]]  checks 5/5 pass
[13:51:20]   ctrnact-mixed-family-k3-141: (4S@d@a+12,cx4@1@-a+12) + (4S@d@a+12,cx4@1@-a+12) + (4S@d@a+12,cx4@1@-a+12) + (4S@d@a+12,cx8@0@-a+12) + (4S@p@-a+6,cx4@0@a,4S@p@-a+6,cx4@0@a,4S@p@-a+6,cx4@0@a,4S@p@-a+6,cx4@0@a) + (4S@p@-a+6,cx4@0@a,4S@p@-a+6,cx4@0@a,4S@p@-a+6,cx8@1@a+6) + (4S@p@-a+6,cx8@1@a+6,4S@p@-a+6,cx8@1@a+6)  P=1 α∈[[0.0, 90.0]]  checks 5/5 pass
[13:51:20]   ctrnact-mixed-family-k3-142: (4S@d@a+12,cx4@1@-a+12) + (4S@d@a+12,cx4@1@-a+12) + (4S@d@a+12,cx8@0@-a+12) + (4S@p@-a+6,cx4@0@a,4S@p@-a+6,cx4@0@a,4S@p@-a+6,cx4@0@a,4S@p@-a+6,cx4@0@a) + (4S@p@-a+6,cx4@0@a,4S@p@-a+6,cx4@0@a,4S@p@-a+6,cx8@1@a+6) + (4S@p@-a+6,cx8@1@a+6,4S@p@-a+6,cx8@1@a+6)  P=1 α∈[[0.0, 90.0]]  checks 5/5 pass
[13:51:20]   ctrnact-mixed-family-k3-143: (4S@d@a+12,cx4@1@-a+12) + (4S@d@a+12,cx8@0@-a+12) + (4S@d@a+12,cx8@0@-a+12) + (4S@p@-a+6,cx4@0@a,4S@p@-a+6,cx4@0@a,4S@p@-a+6,cx8@1@a+6) + (4S@p@-a+6,cx8@1@a+6,4S@p@-a+6,cx8@1@a+6) + (4S@p@-a+6,cx8@1@a+6,4S@p@-a+6,cx8@1@a+6)  P=1 α∈[[0.0, 90.0]]  checks 5/5 pass
[13:51:20]   ctrnact-mixed-family-k3-144: (4S@d@a+12,cx4@1@-a+12) + (4S@d@a+12,cx4@1@-a+12) + (4S@d@a+12,cx8@0@-a+12) + (4S@d@a+12,cx8@0@-a+12) + (4S@d@a+12,cx8@0@-a+12) + (4S@d@a+12,cx8@0@-a+12) + (4S@p@-a+6,cx4@0@a,4S@p@-a+6,cx4@0@a,4S@p@-a+6,cx8@1@a+6) + (4S@p@-a+6,cx8@1@a+6,4S@p@-a+6,cx8@1@a+6) + (4S@p@-a+6,cx8@1@a+6,4S@p@-a+6,cx8@1@a+6)  P=1 α∈[[0.0, 90.0]]  checks 5/5 pass
[13:51:20]   ctrnact-mixed-family-k3-145: (4S@d@a+12,cx4@1@-a+12) + (4S@d@a+12,cx4@1@-a+12) + (4S@d@a+12,cx4@1@-a+12) + (4S@d@a+12,cx4@1@-a+12) + (4S@d@a+12,cx4@1@-a+12) + (4S@d@a+12,cx4@1@-a+12) + (4S@d@a+12,cx4@1@-a+12) + (4S@d@a+12,cx4@1@-a+12) + (4S@d@a+12,cx8@0@-a+12) + (4S@d@a+12,cx8@0@-a+12) + (4S@p@-a+6,cx4@0@a,4S@p@-a+6,cx4@0@a,4S@p@-a+6,cx4@0@a,4S@p@-a+6,cx4@0@a) + (4S@p@-a+6,cx4@0@a,4S@p@-a+6,cx4@0@a,4S@p@-a+6,cx8@1@a+6) + (4S@p@-a+6,cx4@0@a,4S@p@-a+6,cx4@0@a,4S@p@-a+6,cx8@1@a+6)  P=1 α∈[[0.0, 90.0]]  checks 5/5 pass
[13:51:20]   ctrnact-mixed-family-k3-146: (4S@d@a+12,cx4@1@-a+12) + (4S@d@a+12,cx4@1@-a+12) + (4S@d@a+12,cx4@1@-a+12) + (4S@d@a+12,cx4@1@-a+12) + (4S@d@a+12,cx4@1@-a+12) + (4S@d@a+12,cx4@1@-a+12) + (4S@d@a+12,cx4@1@-a+12) + (4S@d@a+12,cx4@1@-a+12) + (4S@d@a+12,cx8@0@-a+12) + (4S@p@-a+6,cx4@0@a,4S@p@-a+6,cx4@0@a,4S@p@-a+6,cx4@0@a,4S@p@-a+6,cx4@0@a) + (4S@p@-a+6,cx4@0@a,4S@p@-a+6,cx4@0@a,4S@p@-a+6,cx4@0@a,4S@p@-a+6,cx4@0@a) + (4S@p@-a+6,cx4@0@a,4S@p@-a+6,cx4@0@a,4S@p@-a+6,cx8@1@a+6)  P=1 α∈[[0.0, 90.0]]  checks 5/5 pass
[13:51:20]   ctrnact-mixed-family-k3-147: (4S@d@a+12,cx4@1@-a+12) + (4S@d@a+12,cx4@1@-a+12) + (4S@d@a+12,cx4@1@-a+12) + (4S@d@a+12,cx8@0@-a+12) + (4S@p@-a+6,cx4@0@a,4S@p@-a+6,cx4@0@a,cx4@1@-a+12,cx4@0@a) + (4S@p@-a+6,cx4@0@a,cx4@1@-a+12,cx8@1@a+6) + (4S@p@-a+6,cx4@0@a,cx8@0@-a+12,cx8@1@a+6)  P=1 α∈[[0.0, 90.0]]  checks 5/5 pass
[13:51:20]   ctrnact-mixed-family-k3-148: (4S@d@a+12,cx4@1@-a+12) + (4S@d@a+12,cx8@0@-a+12) + (4S@d@a+12,cx8@0@-a+12) + (4S@d@a+12,cx8@0@-a+12) + (4S@p@-a+6,cx4@0@a,cx4@1@-a+12,cx8@1@a+6) + (4S@p@-a+6,cx4@0@a,cx8@0@-a+12,cx8@1@a+6) + (4S@p@-a+6,cx8@1@a+6,4S@p@-a+6,cx8@1@a+6)  P=1 α∈[[0.0, 90.0]]  checks 5/5 pass
[13:51:20]   ctrnact-mixed-family-k3-149: (3,4S@d@-a+20,cx4@0@a) + (3,4S@p@a-2,cx4@1@-a+12,cx4@0@4,4S@p@2,cx4@0@4) + (3,cx4@1@-a+12,cx4@0@a,cx4@1@8) + (4S@d@16,cx4@1@8)  P=1 α∈[[30.0, 120.0]]  checks 5/5 pass
[13:51:20]   ctrnact-mixed-family-k3-150: (4S@d@-2a+24,cx4@0@a,cx4@0@a) + (4S@d@-2a+24,cx8@0@2a) + (4S@p@2a-6,cx4@1@-a+12,cx4@0@a,cx8@1@-2a+18) + (cx4@1@-a+12,cx4@1@-a+12,cx8@0@2a)  P=1 α∈[[45.0, 90.0]]  checks 5/5 pass
[13:51:20]   ctrnact-mixed-family-k3-151: (3,6S@d@-a+20,cx4@0@a) + (3,6S@p@a,cx4@1@-a+12,cx4@1@8) + (3,cx4@0@4,cx4@0@a,3,cx4@1@-a+12)  P=1 α∈[[0.0, 120.0]]  checks 5/5 pass
[13:51:20]   ctrnact-mixed-family-k3-152: (3,cx4@0@a,cx4@1@8,cx4@1@-a+12) + (6S@d@-a+20,cx4@0@4,cx4@0@a) + (6S@p@a,cx4@1@-a+12,cx4@0@4,cx4@1@8)  P=1 α∈[[0.0, 120.0]]  checks 5/5 pass
[13:51:20]   ctrnact-mixed-family-k3-153: (3,3,6S@d@16) + (3,3,cx4@0@a,3,cx4@1@-a+12) + (3,6S@p@4,3,cx4@0@a,cx4@1@-a+12)  P=1 α∈[[0.0, 180.0]]  checks 5/5 pass
[13:51:20]   ctrnact-mixed-family-k3-154: (3,3,6S@d@16) + (3,3,cx4@1@-a+12,cx6@1@a+4) + (3,6S@p@4,3,cx4@0@a,cx6@0@-a+12)  P=1 α∈[[0.0, 120.0]]  checks 5/5 pass
[13:51:20]   ctrnact-mixed-family-k3-155: (3,3,6S@d@16) + (3,3,cx4@0@a,cx6@1@-a+16) + (3,6S@p@4,3,cx4@1@-a+12,cx6@0@a)  P=1 α∈[[60.0, 180.0]]  checks 5/5 pass
[13:51:20]   ctrnact-mixed-family-k3-156: (3,3,3,6S@p@a,cx4@1@-a+12) + (3,3,cx4@0@a,3,cx4@1@-a+12) + (3,6S@d@-a+20,cx4@0@a)  P=1 α∈[[0.0, 120.0]]  checks 5/5 pass
[13:51:20]   ctrnact-mixed-family-k3-157: (3,6,cx4@0@a,cx4@1@-a+12) + (3,6,cx4@1@-a+12,6S@p@a) + (3,6S@d@-a+20,cx4@0@a)  P=1 α∈[[0.0, 120.0]]  checks 5/5 pass
[13:51:20]   ctrnact-mixed-family-k3-158: (3,3,3,cx4@0@a,cx4@1@-a+12) + (3,3,cx4@0@a,3,cx4@1@-a+12) + (3,cx4@0@a,6S@p@-a+8,cx4@0@a,cx4@1@-a+12) + (6S@d@a+12,cx4@1@-a+12)  P=1 α∈[[0.0, 120.0]]  checks 5/5 pass
[13:51:20]   ctrnact-mixed-family-k3-159: (3,6,cx4@0@a,cx4@1@-a+12) + (3,6,cx4@1@-a+12,cx4@0@a) + (3,cx4@0@a,6S@p@-a+8,cx4@0@a,cx4@1@-a+12) + (6S@d@a+12,cx4@1@-a+12)  P=1 α∈[[0.0, 120.0]]  checks 5/5 pass
[13:51:20]   ctrnact-mixed-family-k3-160: (3,3S@d@-a+20,cx4@0@a) + (3,3S@p@a-4,cx4@1@-a+12,cx4@0@4,6S@p@4,cx4@0@4) + (3,cx4@1@-a+12,cx4@0@a,cx4@1@8) + (6S@d@16,cx4@1@8)  P=1 α∈[[60.0, 120.0]]  checks 5/5 pass
[13:51:20]   ctrnact-mixed-family-k3-161: (8S@d@-a+24,cx4@0@a) + (8S@p@a-3,cx4@1@-a+12,cx4@1@a+3,cx4@1@-a+12) + (8S@p@a-3,cx4@1@-a+12,cx8@0@a+3,cx4@1@-a+12) + (cx4@0@-a+9,cx4@0@a,cx8@1@-a+15,cx4@0@a)  P=1 α∈[[45.0, 135.0]]  checks 5/5 pass
[13:51:20] wrote 161 family records → ../../experiments/results/ctrnact-mixed-families-k3.cells.json  (0 with failing checks)
