=== Phase 1: Galebach regular k=1..6 ===
  k=1: 11/11 reconstructed (target 11)  ✓
  k=2: 20/20 reconstructed (target 20)  ✓
  k=3: 61/61 reconstructed (target 61)  ✓
  k=4: 151/151 reconstructed (target 151)  ✓
  k=5: 332/332 reconstructed (target 332)  ✓
  k=6: 673/673 reconstructed (target 673)  ✓
  no skips ✓

    …k=7: 500 reconstructed
    …k=7: 1000 reconstructed
  k=7: 1472/1472 reconstructed (target 1472)  ✓
  no skips ✓
=== Phase 4: Čtrnáct-engine star catalogs (k=1..2 in-ring; family snapshots folded away) ===
  ctrnact-star-k1-01  k=1  3.4.6.12*  (18 cell polys, area check ✓)
  ctrnact-star-k1-13  k=1  3.4.8.8*  (12 cell polys, area check ✓)
  ctrnact-star-k1-12  k=1  3.4.6*  (9 cell polys, area check ✓)
  ctrnact-star-k1-15  k=1  3.4.8*  (10 cell polys, area check ✓)
  ctrnact-star-k1-08  k=1  3.6.6*  (6 cell polys, area check ✓)
  ctrnact-star-k1-14  k=1  3.4*.8*  (6 cell polys, area check ✓)
  ctrnact-star-k1-02  k=1  3.12*  (15 cell polys, area check ✓)
  ctrnact-star-k1-07  k=1  4.4*.6  (4 cell polys, area check ✓)
  ctrnact-star-k1-11  k=1  4.6*  (4 cell polys, area check ✓)
  ctrnact-star-k1-10  k=1  4.6*  (6 cell polys, area check ✓)
  ctrnact-star-k1-09  k=1  6.6*  (3 cell polys, area check ✓)
  ctrnact-star-k1-04  k=1  3*.6*.8  (6 cell polys, area check ✓)
  ctrnact-star-k1-06  k=1  4*.8  (2 cell polys, area check ✓)
  ctrnact-star-k1-03  k=1  3*.12  (3 cell polys, area check ✓)
  ctrnact-star-k1-05  k=1  4*.12  (2 cell polys, area check ✓)
  ctrnact-star-k2-28  k=2  3.3*.4.6  (12 cell polys, area check ✓)
  ctrnact-star-k2-09  k=2  3.4.6.12*  (24 cell polys, area check ✓)
  ctrnact-star-k2-23  k=2  3.4.8.8*  (16 cell polys, area check ✓)
  ctrnact-star-k2-24  k=2  3.4.8.8*  (32 cell polys, area check ✓)
  ctrnact-star-k2-27  k=2  3.3*.4  (9 cell polys, area check ✓)
  ctrnact-star-k2-20  k=2  3.3*.4.6*  (15 cell polys, area check ✓)
  ctrnact-star-k2-33  k=2  3.4.4*  (10 cell polys, area check ✓)
  ctrnact-star-k2-29  k=2  3.4.4*  (10 cell polys, area check ✓)
  ctrnact-star-k2-30  k=2  3.4.4*  (8 cell polys, area check ✓)
  ctrnact-star-k2-25  k=2  3.4.4*.8*  (16 cell polys, area check ✓)
  ctrnact-star-k2-19  k=2  3.4.6*  (18 cell polys, area check ✓)
  ctrnact-star-k2-10  k=2  3.4.12*  (28 cell polys, area check ✓)
  ctrnact-star-k2-11  k=2  3.4.12*  (18 cell polys, area check ✓)
  ctrnact-star-k2-04  k=2  3.4.12*  ★ CANDIDATE (not in Myers)  (12 cell polys, area check ✓)
  ctrnact-star-k2-35  k=2  3.4.6*  (12 cell polys, area check ✓)
  ctrnact-star-k2-17  k=2  3.4*.6  (4 cell polys, area check ✓)
  ctrnact-star-k2-01  k=2  3.6.12*  ★ CANDIDATE (not in Myers)  (9 cell polys, area check ✓)
  ctrnact-star-k2-16  k=2  3.4*.8.8*  (12 cell polys, area check ✓)
  ctrnact-star-k2-08  k=2  3.4*.12.12*  (16 cell polys, area check ✓)
  ctrnact-star-k2-06  k=2  3.12.12*  (33 cell polys, area check ✓)
  ctrnact-star-k2-07  k=2  3.12.12*  (21 cell polys, area check ✓)
  ctrnact-star-k2-14  k=2  3.3*.12*  (15 cell polys, area check ✓)
  ctrnact-star-k2-31  k=2  3.4*  (3 cell polys, area check ✓)
  ctrnact-star-k2-32  k=2  3.4*  (5 cell polys, area check ✓)
  ctrnact-star-k2-26  k=2  3.4*.8*  (10 cell polys, area check ✓)
  ctrnact-star-k2-05  k=2  3.4*.12*  (16 cell polys, area check ✓)
  ctrnact-star-k2-12  k=2  3.4*.12*  (14 cell polys, area check ✓)
  ctrnact-star-k2-36  k=2  3.6*  (7 cell polys, area check ✓)
  ctrnact-star-k2-37  k=2  3.6*  (15 cell polys, area check ✓)
  ctrnact-star-k2-13  k=2  3.12*  (21 cell polys, area check ✓)
  ctrnact-star-k2-18  k=2  4.6*  (10 cell polys, area check ✓)
  ctrnact-star-k2-03  k=2  4.6*.12*  (21 cell polys, area check ✓)
  ctrnact-star-k2-15  k=2  4.6*.12*  (9 cell polys, area check ✓)
  ctrnact-star-k2-02  k=2  4.6*.12*  (9 cell polys, area check ✓)
  ctrnact-star-k2-22  k=2  4.8*  (7 cell polys, area check ✓)
  ctrnact-star-k2-21  k=2  4.8*  (6 cell polys, area check ✓)
  ctrnact-star-k3-preview-k3-01  k=3  3.4.6.12.12*  ★ CANDIDATE (not in Myers)  (30 cell polys, area check ✓)
  ctrnact-star-k3-preview-k3-02  k=3  3.4.6.12.12*  ★ CANDIDATE (not in Myers)  (42 cell polys, area check ✓)
  ctrnact-star-k3-preview-k3-03  k=3  3.3*.4.6  ★ CANDIDATE (not in Myers)  (15 cell polys, area check ✓)
  ctrnact-star-k3-preview-k3-04  k=3  3.4.4*.6  ★ CANDIDATE (not in Myers)  (8 cell polys, area check ✓)
  ctrnact-star-k3-preview-k3-05  k=3  3.4.4*.6  ★ CANDIDATE (not in Myers)  (10 cell polys, area check ✓)
  ctrnact-star-k3-preview-k3-06  k=3  3.4.4*.6  ★ CANDIDATE (not in Myers)  (9 cell polys, area check ✓)
  ctrnact-star-k3-preview-k3-07  k=3  3.4.4*.6  ★ CANDIDATE (not in Myers)  (10 cell polys, area check ✓)
  ctrnact-star-k3-preview-k3-08  k=3  3.4.4*.6  ★ CANDIDATE (not in Myers)  (9 cell polys, area check ✓)
  ctrnact-star-k3-preview-k3-09  k=3  3.4.4*.6  ★ CANDIDATE (not in Myers)  (16 cell polys, area check ✓)
  ctrnact-star-k3-preview-k3-10  k=3  3.4.6.6*  ★ CANDIDATE (not in Myers)  (21 cell polys, area check ✓)
  ctrnact-star-k3-preview-k3-11  k=3  3.4.6.6*  ★ CANDIDATE (not in Myers)  (24 cell polys, area check ✓)
  ctrnact-star-k3-preview-k3-12  k=3  3.4.6.12*  ★ CANDIDATE (not in Myers)  (36 cell polys, area check ✓)
  ctrnact-star-k3-preview-k3-13  k=3  3.4.6.12*  ★ CANDIDATE (not in Myers)  (23 cell polys, area check ✓)
  ctrnact-star-k3-preview-k3-14  k=3  3.4.6.12*  ★ CANDIDATE (not in Myers)  (45 cell polys, area check ✓)
  ctrnact-star-k3-preview-k3-15  k=3  3.4.6.12*  ★ CANDIDATE (not in Myers)  (45 cell polys, area check ✓)
  ctrnact-star-k3-preview-k3-16  k=3  3.4.6.12*  ★ CANDIDATE (not in Myers)  (45 cell polys, area check ✓)
  ctrnact-star-k3-preview-k3-17  k=3  3.4.6.6*  ★ CANDIDATE (not in Myers)  (15 cell polys, area check ✓)
  ctrnact-star-k3-preview-k3-18  k=3  3.4.6.12*  ★ CANDIDATE (not in Myers)  (21 cell polys, area check ✓)
  ctrnact-star-k3-preview-k3-19  k=3  3.4.6.12*  ★ CANDIDATE (not in Myers)  (24 cell polys, area check ✓)
  ctrnact-star-k3-preview-k3-20  k=3  3.4.8.8*  ★ CANDIDATE (not in Myers)  (12 cell polys, area check ✓)
  ctrnact-star-k3-preview-k3-21  k=3  3.4.8.8*  ★ CANDIDATE (not in Myers)  (14 cell polys, area check ✓)
  ctrnact-star-k3-preview-k3-22  k=3  3.4.8.8*  ★ CANDIDATE (not in Myers)  (22 cell polys, area check ✓)
  ctrnact-star-k3-preview-k3-23  k=3  3.3*.4.12  ★ CANDIDATE (not in Myers)  (15 cell polys, area check ✓)
  ctrnact-star-k3-preview-k3-24  k=3  3.3*.4.12  ★ CANDIDATE (not in Myers)  (18 cell polys, area check ✓)
  ctrnact-star-k3-preview-k3-25  k=3  3.4.4*.12  ★ CANDIDATE (not in Myers)  (8 cell polys, area check ✓)
  ctrnact-star-k3-preview-k3-26  k=3  3.4.12.12*  ★ CANDIDATE (not in Myers)  (24 cell polys, area check ✓)
  ctrnact-star-k3-n001  k=3  3.4.12.12*  ★ CANDIDATE (not in Myers)  (10 cell polys, area check ✓)
  ctrnact-star-k3-preview-k3-28  k=3  3.3*.4  ★ CANDIDATE (not in Myers)  (10 cell polys, area check ✓)
  ctrnact-star-k3-n008  k=3  3.3*.4  ★ CANDIDATE (not in Myers)  (5 cell polys, area check ✓)
  ctrnact-star-k3-preview-k3-29  k=3  3.3*.4  ★ CANDIDATE (not in Myers)  (12 cell polys, area check ✓)
  ctrnact-star-k3-preview-k3-30  k=3  3.3*.4  ★ CANDIDATE (not in Myers)  (8 cell polys, area check ✓)
  ctrnact-star-k3-preview-k3-31  k=3  3.3*.4  ★ CANDIDATE (not in Myers)  (17 cell polys, area check ✓)
  ctrnact-star-k3-preview-k3-32  k=3  3.3*.4  ★ CANDIDATE (not in Myers)  (8 cell polys, area check ✓)
  ctrnact-star-k3-preview-k3-33  k=3  3.3*.4  ★ CANDIDATE (not in Myers)  (4 cell polys, area check ✓)
  ctrnact-star-k3-preview-k3-34  k=3  3.3*.4.6*  ★ CANDIDATE (not in Myers)  (21 cell polys, area check ✓)
  ctrnact-star-k3-preview-k3-35  k=3  3.3*.4.6*  ★ CANDIDATE (not in Myers)  (15 cell polys, area check ✓)
  ctrnact-star-k3-preview-k3-36  k=3  3.4.4*  ★ CANDIDATE (not in Myers)  (10 cell polys, area check ✓)
  ctrnact-star-k3-preview-k3-37  k=3  3.4.4*  ★ CANDIDATE (not in Myers)  (14 cell polys, area check ✓)
  ctrnact-star-k3-preview-k3-38  k=3  3.4.4*  ★ CANDIDATE (not in Myers)  (14 cell polys, area check ✓)
  ctrnact-star-k3-preview-k3-39  k=3  3.4.4*  ★ CANDIDATE (not in Myers)  (7 cell polys, area check ✓)
  ctrnact-star-k3-preview-k3-40  k=3  3.4.4*  ★ CANDIDATE (not in Myers)  (10 cell polys, area check ✓)
  ctrnact-star-k3-preview-k3-41  k=3  3.4.4*  ★ CANDIDATE (not in Myers)  (9 cell polys, area check ✓)
  ctrnact-star-k3-preview-k3-42  k=3  3.4.4*  ★ CANDIDATE (not in Myers)  (5 cell polys, area check ✓)
  ctrnact-star-k3-preview-k3-43  k=3  3.4.4*.8*  ★ CANDIDATE (not in Myers)  (22 cell polys, area check ✓)
  ctrnact-star-k3-preview-k3-44  k=3  3.4.4*.8*  ★ CANDIDATE (not in Myers)  (26 cell polys, area check ✓)
  ctrnact-star-k3-preview-k3-45  k=3  3.4.6*  ★ CANDIDATE (not in Myers)  (27 cell polys, area check ✓)
  ctrnact-star-k3-preview-k3-46  k=3  3.4.6*  ★ CANDIDATE (not in Myers)  (21 cell polys, area check ✓)
  ctrnact-star-k3-preview-k3-47  k=3  3.4.6*  ★ CANDIDATE (not in Myers)  (15 cell polys, area check ✓)
  ctrnact-star-k3-preview-k3-48  k=3  3.4.6*  ★ CANDIDATE (not in Myers)  (21 cell polys, area check ✓)
  ctrnact-star-k3-preview-k3-49  k=3  3.4.12*  ★ CANDIDATE (not in Myers)  (39 cell polys, area check ✓)
  ctrnact-star-k3-preview-k3-50  k=3  3.4.12*  ★ CANDIDATE (not in Myers)  (45 cell polys, area check ✓)
  ctrnact-star-k3-preview-k3-51  k=3  3.4.12*  ★ CANDIDATE (not in Myers)  (21 cell polys, area check ✓)
  ctrnact-star-k3-preview-k3-52  k=3  3.4.6*  ★ CANDIDATE (not in Myers)  (21 cell polys, area check ✓)
  ctrnact-star-k3-n002  k=3  3.4.12*  ★ CANDIDATE (not in Myers)  (15 cell polys, area check ✓)
  ctrnact-star-k3-preview-k3-55  k=3  3.4*.6  ★ CANDIDATE (not in Myers)  (5 cell polys, area check ✓)
  ctrnact-star-k3-preview-k3-56  k=3  3.4*.6  ★ CANDIDATE (not in Myers)  (7 cell polys, area check ✓)
  ctrnact-star-k3-preview-k3-57  k=3  3.4*.6  ★ CANDIDATE (not in Myers)  (24 cell polys, area check ✓)
  ctrnact-star-k3-preview-k3-58  k=3  3.4*.6.6*  ★ CANDIDATE (not in Myers)  (18 cell polys, area check ✓)
  ctrnact-star-k3-preview-k3-59  k=3  3.4*.6.12*  ★ CANDIDATE (not in Myers)  (10 cell polys, area check ✓)
  ctrnact-star-k3-preview-k3-62  k=3  3.6.6*  ★ CANDIDATE (not in Myers)  (21 cell polys, area check ✓)
  ctrnact-star-k3-preview-k3-63  k=3  3.6.6*  ★ CANDIDATE (not in Myers)  (13 cell polys, area check ✓)
  ctrnact-star-k3-preview-k3-64  k=3  3.6.6*  ★ CANDIDATE (not in Myers)  (6 cell polys, area check ✓)
  ctrnact-star-k3-preview-k3-65  k=3  3.6.6*  ★ CANDIDATE (not in Myers)  (24 cell polys, area check ✓)
  ctrnact-star-k3-preview-k3-66  k=3  3.6.6*  ★ CANDIDATE (not in Myers)  (18 cell polys, area check ✓)
  ctrnact-star-k3-preview-k3-67  k=3  3.6.6*  ★ CANDIDATE (not in Myers)  (8 cell polys, area check ✓)
  ctrnact-star-k3-preview-k3-68  k=3  3.6.6*  ★ CANDIDATE (not in Myers)  (15 cell polys, area check ✓)
  ctrnact-star-k3-preview-k3-69  k=3  3.6.6*  ★ CANDIDATE (not in Myers)  (15 cell polys, area check ✓)
  ctrnact-star-k3-preview-k3-70  k=3  3.6.6*  ★ CANDIDATE (not in Myers)  (21 cell polys, area check ✓)
  ctrnact-star-k3-preview-k3-60  k=3  3.6.6*  ★ CANDIDATE (not in Myers)  (15 cell polys, area check ✓)
  ctrnact-star-k3-preview-k3-61  k=3  3.6.6*  ★ CANDIDATE (not in Myers)  (21 cell polys, area check ✓)
  ctrnact-star-k3-preview-k3-71  k=3  3.4*.8.8*  ★ CANDIDATE (not in Myers)  (16 cell polys, area check ✓)
  ctrnact-star-k3-preview-k3-72  k=3  3.3*.12.12*  ★ CANDIDATE (not in Myers)  (21 cell polys, area check ✓)
  ctrnact-star-k3-preview-k3-73  k=3  3.3*.12.12*  ★ CANDIDATE (not in Myers)  (24 cell polys, area check ✓)
  ctrnact-star-k3-preview-k3-74  k=3  3.3*.12.12*  ★ CANDIDATE (not in Myers)  (33 cell polys, area check ✓)
  ctrnact-star-k3-preview-k3-75  k=3  3.4*.12  ★ CANDIDATE (not in Myers)  (10 cell polys, area check ✓)
  ctrnact-star-k3-preview-k3-76  k=3  3.4*.12.12*  ★ CANDIDATE (not in Myers)  (20 cell polys, area check ✓)
  ctrnact-star-k3-preview-k3-77  k=3  3.12.12*  ★ CANDIDATE (not in Myers)  (48 cell polys, area check ✓)
  ctrnact-star-k3-preview-k3-78  k=3  3.12.12*  ★ CANDIDATE (not in Myers)  (24 cell polys, area check ✓)
  ctrnact-star-k3-preview-k3-80  k=3  3.3*.6*.8*  ★ CANDIDATE (not in Myers)  (30 cell polys, area check ✓)
  ctrnact-star-k3-preview-k3-82  k=3  3.4*  ★ CANDIDATE (not in Myers)  (7 cell polys, area check ✓)
  ctrnact-star-k3-preview-k3-83  k=3  3.4*  ★ CANDIDATE (not in Myers)  (22 cell polys, area check ✓)
  ctrnact-star-k3-preview-k3-84  k=3  3.4*  ★ CANDIDATE (not in Myers)  (10 cell polys, area check ✓)
  ctrnact-star-k3-n004  k=3  3.4*.6*.12*  ★ CANDIDATE (not in Myers)  (18 cell polys, area check ✓)
  ctrnact-star-k3-n005  k=3  3.4*.8*  ★ CANDIDATE (not in Myers)  (12 cell polys, area check ✓)
  ctrnact-star-k3-preview-k3-85  k=3  3.4*.12*  ★ CANDIDATE (not in Myers)  (13 cell polys, area check ✓)
  ctrnact-star-k3-preview-k3-86  k=3  3.6*  ★ CANDIDATE (not in Myers)  (5 cell polys, area check ✓)
  ctrnact-star-k3-preview-k3-87  k=3  3.6*  ★ CANDIDATE (not in Myers)  (21 cell polys, area check ✓)
  ctrnact-star-k3-preview-k3-88  k=3  3.6*  ★ CANDIDATE (not in Myers)  (13 cell polys, area check ✓)
  ctrnact-star-k3-preview-k3-89  k=3  3.6*  ★ CANDIDATE (not in Myers)  (27 cell polys, area check ✓)
  ctrnact-star-k3-preview-k3-90  k=3  3.12*  ★ CANDIDATE (not in Myers)  (36 cell polys, area check ✓)
  ctrnact-star-k3-preview-k3-91  k=3  4.8.8*  ★ CANDIDATE (not in Myers)  (6 cell polys, area check ✓)
  ctrnact-star-k3-preview-k3-92  k=3  4.6*  ★ CANDIDATE (not in Myers)  (24 cell polys, area check ✓)
  ctrnact-star-k3-preview-k3-93  k=3  4.6*  ★ CANDIDATE (not in Myers)  (10 cell polys, area check ✓)
  ctrnact-star-k3-preview-k3-94  k=3  4.6*  ★ CANDIDATE (not in Myers)  (14 cell polys, area check ✓)
  ctrnact-star-k3-preview-k3-95  k=3  4.6*  ★ CANDIDATE (not in Myers)  (30 cell polys, area check ✓)
  ctrnact-star-k3-preview-k3-96  k=3  4.6*  ★ CANDIDATE (not in Myers)  (36 cell polys, area check ✓)
  ctrnact-star-k3-preview-k3-97  k=3  4.6*  ★ CANDIDATE (not in Myers)  (30 cell polys, area check ✓)
  ctrnact-star-k3-preview-k3-98  k=3  4.6*  ★ CANDIDATE (not in Myers)  (42 cell polys, area check ✓)
  ctrnact-star-k3-preview-k3-99  k=3  4.6*  ★ CANDIDATE (not in Myers)  (22 cell polys, area check ✓)
  ctrnact-star-k3-preview-k3-100  k=3  4.6*.12*  ★ CANDIDATE (not in Myers)  (15 cell polys, area check ✓)
  ctrnact-star-k3-preview-k3-101  k=3  4.8*  ★ CANDIDATE (not in Myers)  (20 cell polys, area check ✓)
  ctrnact-star-k3-n007  k=3  4*.6.12*  ★ CANDIDATE (not in Myers)  (10 cell polys, area check ✓)
  ctrnact-star-k4-n001  k=4  3.3*.4.6.12  ★ CANDIDATE (not in Myers)  (21 cell polys, area check ✓)
  ctrnact-star-k4-n002  k=4  3.3*.4.6.12  ★ CANDIDATE (not in Myers)  (24 cell polys, area check ✓)
  ctrnact-star-k4-n003  k=4  3.4.6.12.12*  ★ CANDIDATE (not in Myers)  (33 cell polys, area check ✓)
  ctrnact-star-k4-n004  k=4  3.4.6.12.12*  ★ CANDIDATE (not in Myers)  (36 cell polys, area check ✓)
  ctrnact-star-k4-n005  k=4  3.4.6.12.12*  ★ CANDIDATE (not in Myers)  (60 cell polys, area check ✓)
  ctrnact-star-k4-n006  k=4  3.4.6.12.12*  ★ CANDIDATE (not in Myers)  (24 cell polys, area check ✓)
  ctrnact-star-k4-n007  k=4  3.3*.4.6  ★ CANDIDATE (not in Myers)  (24 cell polys, area check ✓)
  ctrnact-star-k4-n008  k=4  3.3*.4.6  ★ CANDIDATE (not in Myers)  (33 cell polys, area check ✓)
  ctrnact-star-k4-n009  k=4  3.4.4*.6  ★ CANDIDATE (not in Myers)  (18 cell polys, area check ✓)
  ctrnact-star-k4-n010  k=4  3.4.4*.6  ★ CANDIDATE (not in Myers)  (14 cell polys, area check ✓)
  ctrnact-star-k4-n011  k=4  3.4.4*.6  ★ CANDIDATE (not in Myers)  (13 cell polys, area check ✓)
  ctrnact-star-k4-n012  k=4  3.4.4*.6  ★ CANDIDATE (not in Myers)  (14 cell polys, area check ✓)
  ctrnact-star-k4-n013  k=4  3.4.4*.6  ★ CANDIDATE (not in Myers)  (13 cell polys, area check ✓)
  ctrnact-star-k4-n014  k=4  3.4.4*.6  ★ CANDIDATE (not in Myers)  (12 cell polys, area check ✓)
  ctrnact-star-k4-n015  k=4  3.4.4*.6  ★ CANDIDATE (not in Myers)  (12 cell polys, area check ✓)
  ctrnact-star-k4-n016  k=4  3.4.4*.6  ★ CANDIDATE (not in Myers)  (14 cell polys, area check ✓)
  ctrnact-star-k4-n017  k=4  3.4.4*.6  ★ CANDIDATE (not in Myers)  (14 cell polys, area check ✓)
  ctrnact-star-k4-n018  k=4  3.4.4*.6  ★ CANDIDATE (not in Myers)  (13 cell polys, area check ✓)
  ctrnact-star-k4-n019  k=4  3.4.4*.6  ★ CANDIDATE (not in Myers)  (13 cell polys, area check ✓)
  ctrnact-star-k4-n020  k=4  3.4.4*.6  ★ CANDIDATE (not in Myers)  (14 cell polys, area check ✓)
  ctrnact-star-k4-n021  k=4  3.4.4*.6  ★ CANDIDATE (not in Myers)  (14 cell polys, area check ✓)
  ctrnact-star-k4-n022  k=4  3.4.4*.6  ★ CANDIDATE (not in Myers)  (17 cell polys, area check ✓)
  ctrnact-star-k4-n023  k=4  3.4.4*.6  ★ CANDIDATE (not in Myers)  (12 cell polys, area check ✓)
  ctrnact-star-k4-n024  k=4  3.4.4*.6  ★ CANDIDATE (not in Myers)  (6 cell polys, area check ✓)
  ctrnact-star-k4-n025  k=4  3.4.4*.6.6*  ★ CANDIDATE (not in Myers)  (36 cell polys, area check ✓)
  ctrnact-star-k4-n026  k=4  3.4.4*.6.12*  ★ CANDIDATE (not in Myers)  (22 cell polys, area check ✓)
  ctrnact-star-k4-n027  k=4  3.4.4*.6  ★ CANDIDATE (not in Myers)  (28 cell polys, area check ✓)
  ctrnact-star-k4-n028  k=4  3.4.6.12*  ★ CANDIDATE (not in Myers)  (54 cell polys, area check ✓)
  ctrnact-star-k4-n029  k=4  3.4.6.12*  ★ CANDIDATE (not in Myers)  (45 cell polys, area check ✓)
  ctrnact-star-k4-n030  k=4  3.4.6.12*  ★ CANDIDATE (not in Myers)  (51 cell polys, area check ✓)
  ctrnact-star-k4-n031  k=4  3.4.6.12*  ★ CANDIDATE (not in Myers)  (24 cell polys, area check ✓)
  ctrnact-star-k4-n032  k=4  3.4.6.12*  ★ CANDIDATE (not in Myers)  (54 cell polys, area check ✓)
  ctrnact-star-k4-n033  k=4  3.4.6.12*  ★ CANDIDATE (not in Myers)  (54 cell polys, area check ✓)
  ctrnact-star-k4-n034  k=4  3.4.6.12*  ★ CANDIDATE (not in Myers)  (60 cell polys, area check ✓)
  ctrnact-star-k4-n035  k=4  3.4.6.12*  ★ CANDIDATE (not in Myers)  (45 cell polys, area check ✓)
  ctrnact-star-k4-n036  k=4  3.4.6.12*  ★ CANDIDATE (not in Myers)  (60 cell polys, area check ✓)
  ctrnact-star-k4-n037  k=4  3.4.6.12*  ★ CANDIDATE (not in Myers)  (21 cell polys, area check ✓)
  ctrnact-star-k4-n038  k=4  3.4.6.12*  ★ CANDIDATE (not in Myers)  (36 cell polys, area check ✓)
  ctrnact-star-k4-n039  k=4  3.4.6.12*  ★ CANDIDATE (not in Myers)  (36 cell polys, area check ✓)
  ctrnact-star-k4-n040  k=4  3.4.4*.8.8*  ★ CANDIDATE (not in Myers)  (56 cell polys, area check ✓)
  ctrnact-star-k4-n041  k=4  3.4.4*.8.8*  ★ CANDIDATE (not in Myers)  (28 cell polys, area check ✓)
  ctrnact-star-k4-n042  k=4  3.4.8.8*  ★ CANDIDATE (not in Myers)  (24 cell polys, area check ✓)
  ctrnact-star-k4-n043  k=4  3.4.8.8*  ★ CANDIDATE (not in Myers)  (40 cell polys, area check ✓)
  ctrnact-star-k4-n044  k=4  3.4.8.8*  ★ CANDIDATE (not in Myers)  (56 cell polys, area check ✓)
  ctrnact-star-k4-n045  k=4  3.4.8.8*  ★ CANDIDATE (not in Myers)  (16 cell polys, area check ✓)
  ctrnact-star-k4-n046  k=4  3.4.8.8*  ★ CANDIDATE (not in Myers)  (72 cell polys, area check ✓)
  ctrnact-star-k4-n047  k=4  3.4.8.8*  ★ CANDIDATE (not in Myers)  (32 cell polys, area check ✓)
  ctrnact-star-k4-n048  k=4  3.4.8.8*  ★ CANDIDATE (not in Myers)  (16 cell polys, area check ✓)
  ctrnact-star-k4-n049  k=4  3.4.8.8*  ★ CANDIDATE (not in Myers)  (32 cell polys, area check ✓)
  ctrnact-star-k4-n050  k=4  3.4.8.8*  ★ CANDIDATE (not in Myers)  (24 cell polys, area check ✓)
  ctrnact-star-k4-n051  k=4  3.4.8.8*  ★ CANDIDATE (not in Myers)  (44 cell polys, area check ✓)
  ctrnact-star-k4-n052  k=4  3.3*.4.12  ★ CANDIDATE (not in Myers)  (11 cell polys, area check ✓)
  ctrnact-star-k4-n053  k=4  3.3*.4.12  ★ CANDIDATE (not in Myers)  (18 cell polys, area check ✓)
  ctrnact-star-k4-n054  k=4  3.3*.4.12  ★ CANDIDATE (not in Myers)  (27 cell polys, area check ✓)
  ctrnact-star-k4-n055  k=4  3.3*.4.12  ★ CANDIDATE (not in Myers)  (27 cell polys, area check ✓)
  ctrnact-star-k4-n056  k=4  3.3*.4.4*.12  ★ CANDIDATE (not in Myers)  (12 cell polys, area check ✓)
  ctrnact-star-k4-n057  k=4  3.4.4*.12  ★ CANDIDATE (not in Myers)  (14 cell polys, area check ✓)
  ctrnact-star-k4-n058  k=4  3.4.4*.12.12*  ★ CANDIDATE (not in Myers)  (60 cell polys, area check ✓)
  ctrnact-star-k4-n059  k=4  3.4.6*.12  ★ CANDIDATE (not in Myers)  (33 cell polys, area check ✓)
  ctrnact-star-k4-n060  k=4  3.4.12.12*  ★ CANDIDATE (not in Myers)  (72 cell polys, area check ✓)
  ctrnact-star-k4-n061  k=4  3.4.12.12*  ★ CANDIDATE (not in Myers)  (60 cell polys, area check ✓)
  ctrnact-star-k4-n062  k=4  3.4.12.12*  ★ CANDIDATE (not in Myers)  (36 cell polys, area check ✓)
  ctrnact-star-k4-n063  k=4  3.4.6*.12  ★ CANDIDATE (not in Myers)  (21 cell polys, area check ✓)
  ctrnact-star-k4-n064  k=4  3.3*.4  ★ CANDIDATE (not in Myers)  (12 cell polys, area check ✓)
  ctrnact-star-k4-n065  k=4  3.3*.4  ★ CANDIDATE (not in Myers)  (6 cell polys, area check ✓)
  ctrnact-star-k4-n066  k=4  3.3*.4  ★ CANDIDATE (not in Myers)  (14 cell polys, area check ✓)
  ctrnact-star-k4-n067  k=4  3.3*.4  ★ CANDIDATE (not in Myers)  (7 cell polys, area check ✓)
  ctrnact-star-k4-n068  k=4  3.3*.4  ★ CANDIDATE (not in Myers)  (16 cell polys, area check ✓)
  ctrnact-star-k4-n069  k=4  3.3*.4  ★ CANDIDATE (not in Myers)  (8 cell polys, area check ✓)
  ctrnact-star-k4-n070  k=4  3.3*.4  ★ CANDIDATE (not in Myers)  (8 cell polys, area check ✓)
  ctrnact-star-k4-n071  k=4  3.3*.4  ★ CANDIDATE (not in Myers)  (16 cell polys, area check ✓)
  ctrnact-star-k4-n072  k=4  3.3*.4  ★ CANDIDATE (not in Myers)  (18 cell polys, area check ✓)
  ctrnact-star-k4-n073  k=4  3.3*.4  ★ CANDIDATE (not in Myers)  (20 cell polys, area check ✓)
  ctrnact-star-k4-n074  k=4  3.3*.4  ★ CANDIDATE (not in Myers)  (9 cell polys, area check ✓)
  ctrnact-star-k4-n075  k=4  3.3*.4  ★ CANDIDATE (not in Myers)  (14 cell polys, area check ✓)
  ctrnact-star-k4-n076  k=4  3.3*.4  ★ CANDIDATE (not in Myers)  (7 cell polys, area check ✓)
  ctrnact-star-k4-n077  k=4  3.3*.4  ★ CANDIDATE (not in Myers)  (7 cell polys, area check ✓)
  ctrnact-star-k4-n078  k=4  3.3*.4  ★ CANDIDATE (not in Myers)  (14 cell polys, area check ✓)
  ctrnact-star-k4-n079  k=4  3.3*.4.4*.6*  ★ CANDIDATE (not in Myers)  (36 cell polys, area check ✓)
  ctrnact-star-k4-n080  k=4  3.3*.4.6*  ★ CANDIDATE (not in Myers)  (10 cell polys, area check ✓)
  ctrnact-star-k4-n081  k=4  3.3*.4.6*  ★ CANDIDATE (not in Myers)  (33 cell polys, area check ✓)
  ctrnact-star-k4-n082  k=4  3.3*.4.6*  ★ CANDIDATE (not in Myers)  (27 cell polys, area check ✓)
  ctrnact-star-k4-n083  k=4  3.3*.4.6*  ★ CANDIDATE (not in Myers)  (27 cell polys, area check ✓)
  ctrnact-star-k4-n084  k=4  3.3*.4.12*  ★ CANDIDATE (not in Myers)  (27 cell polys, area check ✓)
  ctrnact-star-k4-n085  k=4  3.3*.4.12*  ★ CANDIDATE (not in Myers)  (30 cell polys, area check ✓)
  ctrnact-star-k4-n086  k=4  3.3*.4.12*  ★ CANDIDATE (not in Myers)  (39 cell polys, area check ✓)
  ctrnact-star-k4-n087  k=4  3.3*.4.6*  ★ CANDIDATE (not in Myers)  (27 cell polys, area check ✓)
  ctrnact-star-k4-n088  k=4  3.4.4*  ★ CANDIDATE (not in Myers)  (5 cell polys, area check ✓)
  ctrnact-star-k4-n089  k=4  3.4.4*  ★ CANDIDATE (not in Myers)  (17 cell polys, area check ✓)
  ctrnact-star-k4-n090  k=4  3.4.4*  ★ CANDIDATE (not in Myers)  (22 cell polys, area check ✓)
  ctrnact-star-k4-n091  k=4  3.4.4*  ★ CANDIDATE (not in Myers)  (38 cell polys, area check ✓)
  ctrnact-star-k4-n092  k=4  3.4.4*  ★ CANDIDATE (not in Myers)  (18 cell polys, area check ✓)
  ctrnact-star-k4-n093  k=4  3.4.4*  ★ CANDIDATE (not in Myers)  (24 cell polys, area check ✓)
  ctrnact-star-k4-n094  k=4  3.4.4*  ★ CANDIDATE (not in Myers)  (16 cell polys, area check ✓)
  ctrnact-star-k4-n095  k=4  3.4.4*  ★ CANDIDATE (not in Myers)  (14 cell polys, area check ✓)
  ctrnact-star-k4-n096  k=4  3.4.4*  ★ CANDIDATE (not in Myers)  (21 cell polys, area check ✓)
  ctrnact-star-k4-n097  k=4  3.4.4*  ★ CANDIDATE (not in Myers)  (20 cell polys, area check ✓)
  ctrnact-star-k4-n098  k=4  3.4.4*  ★ CANDIDATE (not in Myers)  (8 cell polys, area check ✓)
  ctrnact-star-k4-n099  k=4  3.4.4*  ★ CANDIDATE (not in Myers)  (26 cell polys, area check ✓)
  ctrnact-star-k4-n100  k=4  3.4.4*  ★ CANDIDATE (not in Myers)  (18 cell polys, area check ✓)
  ctrnact-star-k4-n101  k=4  3.4.4*  ★ CANDIDATE (not in Myers)  (8 cell polys, area check ✓)
  ctrnact-star-k4-n102  k=4  3.4.4*  ★ CANDIDATE (not in Myers)  (16 cell polys, area check ✓)
  ctrnact-star-k4-n103  k=4  3.4.4*  ★ CANDIDATE (not in Myers)  (12 cell polys, area check ✓)
  ctrnact-star-k4-n104  k=4  3.4.4*.8*  ★ CANDIDATE (not in Myers)  (16 cell polys, area check ✓)
  ctrnact-star-k4-n105  k=4  3.4.4*.8*  ★ CANDIDATE (not in Myers)  (64 cell polys, area check ✓)
  ctrnact-star-k4-n106  k=4  3.4.4*.8*  ★ CANDIDATE (not in Myers)  (28 cell polys, area check ✓)
  ctrnact-star-k4-n107  k=4  3.4.4*.8*  ★ CANDIDATE (not in Myers)  (36 cell polys, area check ✓)
  ctrnact-star-k4-n108  k=4  3.4.4*.8*  ★ CANDIDATE (not in Myers)  (28 cell polys, area check ✓)
  ctrnact-star-k4-n109  k=4  3.4.4*.8*  ★ CANDIDATE (not in Myers)  (36 cell polys, area check ✓)
  ctrnact-star-k4-n110  k=4  3.4.4*.8*  ★ CANDIDATE (not in Myers)  (32 cell polys, area check ✓)
  ctrnact-star-k4-n111  k=4  3.4.4*.8*  ★ CANDIDATE (not in Myers)  (42 cell polys, area check ✓)
  ctrnact-star-k4-n112  k=4  3.4.4*.12*  ★ CANDIDATE (not in Myers)  (31 cell polys, area check ✓)
  ctrnact-star-k4-n113  k=4  3.4.4*.12*  ★ CANDIDATE (not in Myers)  (60 cell polys, area check ✓)
  ctrnact-star-k4-n114  k=4  3.4.4*.12*  ★ CANDIDATE (not in Myers)  (20 cell polys, area check ✓)
  ctrnact-star-k4-n115  k=4  3.4.4*.12*  ★ CANDIDATE (not in Myers)  (72 cell polys, area check ✓)
  ctrnact-star-k4-n116  k=4  3.4.4*.12*  ★ CANDIDATE (not in Myers)  (24 cell polys, area check ✓)
  ctrnact-star-k4-n117  k=4  3.4.4*.12*  ★ CANDIDATE (not in Myers)  (20 cell polys, area check ✓)
  ctrnact-star-k4-n118  k=4  3.4.4*.12*  ★ CANDIDATE (not in Myers)  (32 cell polys, area check ✓)
  ctrnact-star-k4-n119  k=4  3.4.4*.12*  ★ CANDIDATE (not in Myers)  (14 cell polys, area check ✓)
  ctrnact-star-k4-n120  k=4  3.4.4*.12*  ★ CANDIDATE (not in Myers)  (23 cell polys, area check ✓)
  ctrnact-star-k4-n121  k=4  3.4.4*.12*  ★ CANDIDATE (not in Myers)  (26 cell polys, area check ✓)
  ctrnact-star-k4-n122  k=4  3.4.6*  ★ CANDIDATE (not in Myers)  (31 cell polys, area check ✓)
  ctrnact-star-k4-n123  k=4  3.4.6*.12*  ★ CANDIDATE (not in Myers)  (45 cell polys, area check ✓)
  ctrnact-star-k4-n124  k=4  3.4.6*  ★ CANDIDATE (not in Myers)  (30 cell polys, area check ✓)
  ctrnact-star-k4-n125  k=4  3.4.6*  ★ CANDIDATE (not in Myers)  (18 cell polys, area check ✓)
  ctrnact-star-k4-n126  k=4  3.4.8*  ★ CANDIDATE (not in Myers)  (46 cell polys, area check ✓)
  ctrnact-star-k4-n127  k=4  3.4.8*  ★ CANDIDATE (not in Myers)  (38 cell polys, area check ✓)
  ctrnact-star-k4-n128  k=4  3.4.12*  ★ CANDIDATE (not in Myers)  (50 cell polys, area check ✓)
  ctrnact-star-k4-n129  k=4  3.4.12*  ★ CANDIDATE (not in Myers)  (31 cell polys, area check ✓)
  ctrnact-star-k4-n130  k=4  3.4.12*  ★ CANDIDATE (not in Myers)  (24 cell polys, area check ✓)
  ctrnact-star-k4-n131  k=4  3.4.12*  ★ CANDIDATE (not in Myers)  (50 cell polys, area check ✓)
  ctrnact-star-k4-n132  k=4  3.4.12*  ★ CANDIDATE (not in Myers)  (55 cell polys, area check ✓)
  ctrnact-star-k4-n133  k=4  3.4.12*  ★ CANDIDATE (not in Myers)  (27 cell polys, area check ✓)
  ctrnact-star-k4-n134  k=4  3.4.12*  ★ CANDIDATE (not in Myers)  (66 cell polys, area check ✓)
  ctrnact-star-k4-n135  k=4  3.4.12*  ★ CANDIDATE (not in Myers)  (66 cell polys, area check ✓)
  ctrnact-star-k4-n136  k=4  3.4.12*  ★ CANDIDATE (not in Myers)  (30 cell polys, area check ✓)
  ctrnact-star-k4-n137  k=4  3.4.12*  ★ CANDIDATE (not in Myers)  (48 cell polys, area check ✓)
  ctrnact-star-k4-n138  k=4  3.4.12*  ★ CANDIDATE (not in Myers)  (22 cell polys, area check ✓)
  ctrnact-star-k4-n139  k=4  3.4.6*  ★ CANDIDATE (not in Myers)  (25 cell polys, area check ✓)
  ctrnact-star-k4-n140  k=4  3.4.6*.12*  ★ CANDIDATE (not in Myers)  (33 cell polys, area check ✓)
  ctrnact-star-k4-n141  k=4  3.4.12*  ★ CANDIDATE (not in Myers)  (31 cell polys, area check ✓)
  ctrnact-star-k4-n146  k=4  3.4*.6  ★ CANDIDATE (not in Myers)  (14 cell polys, area check ✓)
  ctrnact-star-k4-n147  k=4  3.4*.6  ★ CANDIDATE (not in Myers)  (6 cell polys, area check ✓)
  ctrnact-star-k4-n148  k=4  3.4*.6  ★ CANDIDATE (not in Myers)  (7 cell polys, area check ✓)
  ctrnact-star-k4-n149  k=4  3.4*.6  ★ CANDIDATE (not in Myers)  (9 cell polys, area check ✓)
  ctrnact-star-k4-n150  k=4  3.4*.6  ★ CANDIDATE (not in Myers)  (8 cell polys, area check ✓)
  ctrnact-star-k4-n151  k=4  3.4*.6  ★ CANDIDATE (not in Myers)  (9 cell polys, area check ✓)
  ctrnact-star-k4-n152  k=4  3.4*.6  ★ CANDIDATE (not in Myers)  (11 cell polys, area check ✓)
  ctrnact-star-k4-n153  k=4  3.4*.6  ★ CANDIDATE (not in Myers)  (9 cell polys, area check ✓)
  ctrnact-star-k4-n154  k=4  3.4*.6  ★ CANDIDATE (not in Myers)  (13 cell polys, area check ✓)
  ctrnact-star-k4-n155  k=4  3.4*.6  ★ CANDIDATE (not in Myers)  (29 cell polys, area check ✓)
  ctrnact-star-k4-n156  k=4  3.4*.6  ★ CANDIDATE (not in Myers)  (8 cell polys, area check ✓)
  ctrnact-star-k4-n157  k=4  3.4*.6.6*.12*  ★ CANDIDATE (not in Myers)  (36 cell polys, area check ✓)
  ctrnact-star-k4-n158  k=4  3.4*.6.12*  ★ CANDIDATE (not in Myers)  (30 cell polys, area check ✓)
  ctrnact-star-k4-n159  k=4  3.6.6*  ★ CANDIDATE (not in Myers)  (30 cell polys, area check ✓)
  ctrnact-star-k4-n160  k=4  3.6.6*  ★ CANDIDATE (not in Myers)  (27 cell polys, area check ✓)
  ctrnact-star-k4-n161  k=4  3.6.6*  ★ CANDIDATE (not in Myers)  (31 cell polys, area check ✓)
  ctrnact-star-k4-n162  k=4  3.6.6*  ★ CANDIDATE (not in Myers)  (33 cell polys, area check ✓)
  ctrnact-star-k4-n163  k=4  3.6.6*  ★ CANDIDATE (not in Myers)  (9 cell polys, area check ✓)
  ctrnact-star-k4-n164  k=4  3.6.6*  ★ CANDIDATE (not in Myers)  (12 cell polys, area check ✓)
  ctrnact-star-k4-n165  k=4  3.6.6*  ★ CANDIDATE (not in Myers)  (29 cell polys, area check ✓)
  ctrnact-star-k4-n166  k=4  3.6.6*  ★ CANDIDATE (not in Myers)  (9 cell polys, area check ✓)
  ctrnact-star-k4-n167  k=4  3.6.6*  ★ CANDIDATE (not in Myers)  (30 cell polys, area check ✓)
  ctrnact-star-k4-n168  k=4  3.6.6*  ★ CANDIDATE (not in Myers)  (24 cell polys, area check ✓)
  ctrnact-star-k4-n169  k=4  3.6.6*  ★ CANDIDATE (not in Myers)  (11 cell polys, area check ✓)
  ctrnact-star-k4-n170  k=4  3.6.6*  ★ CANDIDATE (not in Myers)  (11 cell polys, area check ✓)
  ctrnact-star-k4-n171  k=4  3.6.6*  ★ CANDIDATE (not in Myers)  (8 cell polys, area check ✓)
  ctrnact-star-k4-n172  k=4  3.6.6*  ★ CANDIDATE (not in Myers)  (22 cell polys, area check ✓)
  ctrnact-star-k4-n173  k=4  3.6.6*  ★ CANDIDATE (not in Myers)  (23 cell polys, area check ✓)
  ctrnact-star-k4-n174  k=4  3.6.6*  ★ CANDIDATE (not in Myers)  (19 cell polys, area check ✓)
  ctrnact-star-k4-n175  k=4  3.6.6*  ★ CANDIDATE (not in Myers)  (14 cell polys, area check ✓)
  ctrnact-star-k4-n176  k=4  3.6.6*  ★ CANDIDATE (not in Myers)  (16 cell polys, area check ✓)
  ctrnact-star-k4-n177  k=4  3.6.6*  ★ CANDIDATE (not in Myers)  (24 cell polys, area check ✓)
  ctrnact-star-k4-n178  k=4  3.6.6*  ★ CANDIDATE (not in Myers)  (16 cell polys, area check ✓)
  ctrnact-star-k4-n179  k=4  3.6.6*  ★ CANDIDATE (not in Myers)  (16 cell polys, area check ✓)
  ctrnact-star-k4-n180  k=4  3.6.6*  ★ CANDIDATE (not in Myers)  (12 cell polys, area check ✓)
  ctrnact-star-k4-n181  k=4  3.6.6*  ★ CANDIDATE (not in Myers)  (20 cell polys, area check ✓)
  ctrnact-star-k4-n182  k=4  3.6.6*  ★ CANDIDATE (not in Myers)  (11 cell polys, area check ✓)
  ctrnact-star-k4-n183  k=4  3.6.6*  ★ CANDIDATE (not in Myers)  (27 cell polys, area check ✓)
  ctrnact-star-k4-n184  k=4  3.6.6*  ★ CANDIDATE (not in Myers)  (33 cell polys, area check ✓)
  ctrnact-star-k4-n185  k=4  3.6.6*  ★ CANDIDATE (not in Myers)  (7 cell polys, area check ✓)
  ctrnact-star-k4-n186  k=4  3.6.6*  ★ CANDIDATE (not in Myers)  (14 cell polys, area check ✓)
  ctrnact-star-k4-n187  k=4  3.6.6*  ★ CANDIDATE (not in Myers)  (21 cell polys, area check ✓)
  ctrnact-star-k4-n188  k=4  3.6.6*  ★ CANDIDATE (not in Myers)  (11 cell polys, area check ✓)
  ctrnact-star-k4-n189  k=4  3.6.6*  ★ CANDIDATE (not in Myers)  (8 cell polys, area check ✓)
  ctrnact-star-k4-n190  k=4  3.6.6*  ★ CANDIDATE (not in Myers)  (8 cell polys, area check ✓)
  ctrnact-star-k4-n191  k=4  3.6.6*  ★ CANDIDATE (not in Myers)  (36 cell polys, area check ✓)
  ctrnact-star-k4-n192  k=4  3.6.6*  ★ CANDIDATE (not in Myers)  (33 cell polys, area check ✓)
  ctrnact-star-k4-n193  k=4  3.6.6*  ★ CANDIDATE (not in Myers)  (27 cell polys, area check ✓)
  ctrnact-star-k4-n194  k=4  3.6.6*  ★ CANDIDATE (not in Myers)  (18 cell polys, area check ✓)
  ctrnact-star-k4-n195  k=4  3.6.6*  ★ CANDIDATE (not in Myers)  (30 cell polys, area check ✓)
  ctrnact-star-k4-n198  k=4  3.3*.4*.8  ★ CANDIDATE (not in Myers)  (16 cell polys, area check ✓)
  ctrnact-star-k4-n199  k=4  3.3*.6*.8.8*  ★ CANDIDATE (not in Myers)  (22 cell polys, area check ✓)
  ctrnact-star-k4-n200  k=4  3.3*.6*.8.8*  ★ CANDIDATE (not in Myers)  (42 cell polys, area check ✓)
  ctrnact-star-k4-n201  k=4  3.3*.6*.8.8*  ★ CANDIDATE (not in Myers)  (14 cell polys, area check ✓)
  ctrnact-star-k4-n202  k=4  3.4*.8.8*  ★ CANDIDATE (not in Myers)  (14 cell polys, area check ✓)
  ctrnact-star-k4-n203  k=4  3.4*.8.8*  ★ CANDIDATE (not in Myers)  (24 cell polys, area check ✓)
  ctrnact-star-k4-n204  k=4  3.4*.8.8*  ★ CANDIDATE (not in Myers)  (16 cell polys, area check ✓)
  ctrnact-star-k4-n205  k=4  3.4*.8.8*  ★ CANDIDATE (not in Myers)  (32 cell polys, area check ✓)
  ctrnact-star-k4-n206  k=4  3.4*.8.8*  ★ CANDIDATE (not in Myers)  (12 cell polys, area check ✓)
  ctrnact-star-k4-n207  k=4  3.4*.8.8*  ★ CANDIDATE (not in Myers)  (18 cell polys, area check ✓)
  ctrnact-star-k4-n208  k=4  3.3*.12.12*  ★ CANDIDATE (not in Myers)  (48 cell polys, area check ✓)
  ctrnact-star-k4-n209  k=4  3.4*.12  ★ CANDIDATE (not in Myers)  (5 cell polys, area check ✓)
  ctrnact-star-k4-n210  k=4  3.4*.12.12*  ★ CANDIDATE (not in Myers)  (16 cell polys, area check ✓)
  ctrnact-star-k4-n211  k=4  3.4*.12.12*  ★ CANDIDATE (not in Myers)  (44 cell polys, area check ✓)
  ctrnact-star-k4-n212  k=4  3.12.12*  ★ CANDIDATE (not in Myers)  (18 cell polys, area check ✓)
  ctrnact-star-k4-n217  k=4  3.3*.4*  ★ CANDIDATE (not in Myers)  (11 cell polys, area check ✓)
  ctrnact-star-k4-n218  k=4  3.3*.4*.6*  ★ CANDIDATE (not in Myers)  (30 cell polys, area check ✓)
  ctrnact-star-k4-n221  k=4  3.4*  ★ CANDIDATE (not in Myers)  (9 cell polys, area check ✓)
  ctrnact-star-k4-n222  k=4  3.4*  ★ CANDIDATE (not in Myers)  (11 cell polys, area check ✓)
  ctrnact-star-k4-n223  k=4  3.4*  ★ CANDIDATE (not in Myers)  (10 cell polys, area check ✓)
  ctrnact-star-k4-n224  k=4  3.4*  ★ CANDIDATE (not in Myers)  (8 cell polys, area check ✓)
  ctrnact-star-k4-n225  k=4  3.4*.8*  ★ CANDIDATE (not in Myers)  (14 cell polys, area check ✓)
  ctrnact-star-k4-n226  k=4  3.4*.8*  ★ CANDIDATE (not in Myers)  (34 cell polys, area check ✓)
  ctrnact-star-k4-n227  k=4  3.4*.12*  ★ CANDIDATE (not in Myers)  (58 cell polys, area check ✓)
  ctrnact-star-k4-n228  k=4  3.6*  ★ CANDIDATE (not in Myers)  (39 cell polys, area check ✓)
  ctrnact-star-k4-n229  k=4  3.6*  ★ CANDIDATE (not in Myers)  (20 cell polys, area check ✓)
  ctrnact-star-k4-n230  k=4  3.6*  ★ CANDIDATE (not in Myers)  (7 cell polys, area check ✓)
  ctrnact-star-k4-n231  k=4  3.6*  ★ CANDIDATE (not in Myers)  (31 cell polys, area check ✓)
  ctrnact-star-k4-n232  k=4  3.12*  ★ CANDIDATE (not in Myers)  (19 cell polys, area check ✓)
  ctrnact-star-k4-n236  k=4  4.8.8*  ★ CANDIDATE (not in Myers)  (14 cell polys, area check ✓)
  ctrnact-star-k4-n237  k=4  4.6*  ★ CANDIDATE (not in Myers)  (18 cell polys, area check ✓)
  ctrnact-star-k4-n238  k=4  4.6*  ★ CANDIDATE (not in Myers)  (22 cell polys, area check ✓)
  ctrnact-star-k4-n239  k=4  4.6*  ★ CANDIDATE (not in Myers)  (16 cell polys, area check ✓)
  ctrnact-star-k4-n240  k=4  4.6*  ★ CANDIDATE (not in Myers)  (20 cell polys, area check ✓)
  ctrnact-star-k5-n0001  k=5  3.4.4*.6.6*.12  ★ CANDIDATE (not in Myers)  (54 cell polys, area check ✓)
  ctrnact-star-k5-n0002  k=5  3.4.4*.6.12  ★ CANDIDATE (not in Myers)  (32 cell polys, area check ✓)
  ctrnact-star-k5-n0003  k=5  3.4.4*.6.12  ★ CANDIDATE (not in Myers)  (16 cell polys, area check ✓)
  ctrnact-star-k5-n0004  k=5  3.4.6.12.12*  ★ CANDIDATE (not in Myers)  (33 cell polys, area check ✓)
  ctrnact-star-k5-n0005  k=5  3.4.6.12.12*  ★ CANDIDATE (not in Myers)  (46 cell polys, area check ✓)
  ctrnact-star-k5-n0006  k=5  3.4.6.12.12*  ★ CANDIDATE (not in Myers)  (48 cell polys, area check ✓)
  ctrnact-star-k5-n0007  k=5  3.4.6.12.12*  ★ CANDIDATE (not in Myers)  (60 cell polys, area check ✓)
  ctrnact-star-k5-n0008  k=5  3.4.6.12.12*  ★ CANDIDATE (not in Myers)  (90 cell polys, area check ✓)
  ctrnact-star-k5-n0009  k=5  3.4.6.12.12*  ★ CANDIDATE (not in Myers)  (70 cell polys, area check ✓)
  ctrnact-star-k5-n0010  k=5  3.4.6.12.12*  ★ CANDIDATE (not in Myers)  (66 cell polys, area check ✓)
  ctrnact-star-k5-n0011  k=5  3.4.6.12.12*  ★ CANDIDATE (not in Myers)  (36 cell polys, area check ✓)
  ctrnact-star-k5-n0012  k=5  3.3*.4.6  ★ CANDIDATE (not in Myers)  (33 cell polys, area check ✓)
  ctrnact-star-k5-n0013  k=5  3.3*.4.6  ★ CANDIDATE (not in Myers)  (27 cell polys, area check ✓)
  ctrnact-star-k5-n0014  k=5  3.3*.4.6  ★ CANDIDATE (not in Myers)  (27 cell polys, area check ✓)
  ctrnact-star-k5-n0015  k=5  3.3*.4.6  ★ CANDIDATE (not in Myers)  (30 cell polys, area check ✓)
  ctrnact-star-k5-n0016  k=5  3.3*.4.6  ★ CANDIDATE (not in Myers)  (30 cell polys, area check ✓)
  ctrnact-star-k5-n0017  k=5  3.3*.4.6  ★ CANDIDATE (not in Myers)  (33 cell polys, area check ✓)
  ctrnact-star-k5-n0018  k=5  3.3*.4.6  ★ CANDIDATE (not in Myers)  (27 cell polys, area check ✓)
  ctrnact-star-k5-n0019  k=5  3.3*.4.6  ★ CANDIDATE (not in Myers)  (39 cell polys, area check ✓)
  ctrnact-star-k5-n0020  k=5  3.3*.4.6  ★ CANDIDATE (not in Myers)  (39 cell polys, area check ✓)
  ctrnact-star-k5-n0021  k=5  3.3*.4.6  ★ CANDIDATE (not in Myers)  (39 cell polys, area check ✓)
  ctrnact-star-k5-n0022  k=5  3.3*.4.4*.6  ★ CANDIDATE (not in Myers)  (11 cell polys, area check ✓)
  ctrnact-star-k5-n0023  k=5  3.3*.4.4*.6  ★ CANDIDATE (not in Myers)  (8 cell polys, area check ✓)
  ctrnact-star-k5-n0024  k=5  3.3*.4.4*.6  ★ CANDIDATE (not in Myers)  (16 cell polys, area check ✓)
  ctrnact-star-k5-n0025  k=5  3.3*.4.6.6*  ★ CANDIDATE (not in Myers)  (21 cell polys, area check ✓)
  ctrnact-star-k5-n0026  k=5  3.3*.4.6.6*  ★ CANDIDATE (not in Myers)  (30 cell polys, area check ✓)
  ctrnact-star-k5-n0027  k=5  3.4.4*.6  ★ CANDIDATE (not in Myers)  (28 cell polys, area check ✓)
  ctrnact-star-k5-n0028  k=5  3.4.4*.6  ★ CANDIDATE (not in Myers)  (16 cell polys, area check ✓)
  ctrnact-star-k5-n0029  k=5  3.4.4*.6  ★ CANDIDATE (not in Myers)  (18 cell polys, area check ✓)
  ctrnact-star-k5-n0030  k=5  3.4.4*.6  ★ CANDIDATE (not in Myers)  (18 cell polys, area check ✓)
  ctrnact-star-k5-n0031  k=5  3.4.4*.6  ★ CANDIDATE (not in Myers)  (17 cell polys, area check ✓)
  ctrnact-star-k5-n0032  k=5  3.4.4*.6  ★ CANDIDATE (not in Myers)  (18 cell polys, area check ✓)
  ctrnact-star-k5-n0033  k=5  3.4.4*.6  ★ CANDIDATE (not in Myers)  (18 cell polys, area check ✓)
  ctrnact-star-k5-n0034  k=5  3.4.4*.6  ★ CANDIDATE (not in Myers)  (18 cell polys, area check ✓)
  ctrnact-star-k5-n0035  k=5  3.4.4*.6  ★ CANDIDATE (not in Myers)  (17 cell polys, area check ✓)
  ctrnact-star-k5-n0036  k=5  3.4.4*.6  ★ CANDIDATE (not in Myers)  (18 cell polys, area check ✓)
  ctrnact-star-k5-n0037  k=5  3.4.4*.6  ★ CANDIDATE (not in Myers)  (17 cell polys, area check ✓)
  ctrnact-star-k5-n0038  k=5  3.4.4*.6  ★ CANDIDATE (not in Myers)  (16 cell polys, area check ✓)
  ctrnact-star-k5-n0039  k=5  3.4.4*.6  ★ CANDIDATE (not in Myers)  (42 cell polys, area check ✓)
  ctrnact-star-k5-n0040  k=5  3.4.4*.6  ★ CANDIDATE (not in Myers)  (16 cell polys, area check ✓)
  ctrnact-star-k5-n0041  k=5  3.4.4*.6  ★ CANDIDATE (not in Myers)  (16 cell polys, area check ✓)
  ctrnact-star-k5-n0042  k=5  3.4.4*.6  ★ CANDIDATE (not in Myers)  (20 cell polys, area check ✓)
  ctrnact-star-k5-n0043  k=5  3.4.4*.6  ★ CANDIDATE (not in Myers)  (19 cell polys, area check ✓)
  ctrnact-star-k5-n0044  k=5  3.4.4*.6  ★ CANDIDATE (not in Myers)  (18 cell polys, area check ✓)
  ctrnact-star-k5-n0045  k=5  3.4.4*.6  ★ CANDIDATE (not in Myers)  (22 cell polys, area check ✓)
  ctrnact-star-k5-n0046  k=5  3.4.4*.6  ★ CANDIDATE (not in Myers)  (14 cell polys, area check ✓)
  ctrnact-star-k5-n0047  k=5  3.4.4*.6  ★ CANDIDATE (not in Myers)  (13 cell polys, area check ✓)
  ctrnact-star-k5-n0048  k=5  3.4.4*.6  ★ CANDIDATE (not in Myers)  (18 cell polys, area check ✓)
  ctrnact-star-k5-n0049  k=5  3.4.4*.6  ★ CANDIDATE (not in Myers)  (18 cell polys, area check ✓)
  ctrnact-star-k5-n0050  k=5  3.4.4*.6  ★ CANDIDATE (not in Myers)  (9 cell polys, area check ✓)
  ctrnact-star-k5-n0051  k=5  3.4.4*.6  ★ CANDIDATE (not in Myers)  (16 cell polys, area check ✓)
  ctrnact-star-k5-n0052  k=5  3.4.4*.6  ★ CANDIDATE (not in Myers)  (16 cell polys, area check ✓)
  ctrnact-star-k5-n0053  k=5  3.4.4*.6  ★ CANDIDATE (not in Myers)  (42 cell polys, area check ✓)
  ctrnact-star-k5-n0054  k=5  3.4.4*.6  ★ CANDIDATE (not in Myers)  (15 cell polys, area check ✓)
  ctrnact-star-k5-n0055  k=5  3.4.4*.6  ★ CANDIDATE (not in Myers)  (14 cell polys, area check ✓)
  ctrnact-star-k5-n0056  k=5  3.4.4*.6  ★ CANDIDATE (not in Myers)  (18 cell polys, area check ✓)
  ctrnact-star-k5-n0057  k=5  3.4.4*.6  ★ CANDIDATE (not in Myers)  (30 cell polys, area check ✓)
  ctrnact-star-k5-n0058  k=5  3.4.4*.6  ★ CANDIDATE (not in Myers)  (20 cell polys, area check ✓)
  ctrnact-star-k5-n0059  k=5  3.4.4*.6  ★ CANDIDATE (not in Myers)  (19 cell polys, area check ✓)
  ctrnact-star-k5-n0060  k=5  3.4.4*.6  ★ CANDIDATE (not in Myers)  (36 cell polys, area check ✓)
  ctrnact-star-k5-n0061  k=5  3.4.4*.6  ★ CANDIDATE (not in Myers)  (18 cell polys, area check ✓)
  ctrnact-star-k5-n0062  k=5  3.4.4*.6  ★ CANDIDATE (not in Myers)  (17 cell polys, area check ✓)
  ctrnact-star-k5-n0063  k=5  3.4.4*.6  ★ CANDIDATE (not in Myers)  (14 cell polys, area check ✓)
  ctrnact-star-k5-n0064  k=5  3.4.4*.6  ★ CANDIDATE (not in Myers)  (19 cell polys, area check ✓)
  ctrnact-star-k5-n0065  k=5  3.4.4*.6  ★ CANDIDATE (not in Myers)  (13 cell polys, area check ✓)
  ctrnact-star-k5-n0066  k=5  3.4.4*.6  ★ CANDIDATE (not in Myers)  (32 cell polys, area check ✓)
  ctrnact-star-k5-n0067  k=5  3.4.4*.6.6*  ★ CANDIDATE (not in Myers)  (18 cell polys, area check ✓)
  ctrnact-star-k5-n0068  k=5  3.4.4*.6.6*  ★ CANDIDATE (not in Myers)  (36 cell polys, area check ✓)
  ctrnact-star-k5-n0069  k=5  3.4.4*.6.6*  ★ CANDIDATE (not in Myers)  (60 cell polys, area check ✓)
  ctrnact-star-k5-n0070  k=5  3.4.4*.6.6*.12*  ★ CANDIDATE (not in Myers)  (78 cell polys, area check ✓)
  ctrnact-star-k5-n0071  k=5  3.4.4*.6  ★ CANDIDATE (not in Myers)  (31 cell polys, area check ✓)
  ctrnact-star-k5-n0072  k=5  3.4.4*.6  ★ CANDIDATE (not in Myers)  (13 cell polys, area check ✓)
  ctrnact-star-k5-n0073  k=5  3.4.4*.6  ★ CANDIDATE (not in Myers)  (14 cell polys, area check ✓)
  ctrnact-star-k5-n0074  k=5  3.4.4*.6  ★ CANDIDATE (not in Myers)  (13 cell polys, area check ✓)
  ctrnact-star-k5-n0075  k=5  3.4.4*.6.12*  ★ CANDIDATE (not in Myers)  (78 cell polys, area check ✓)
  ctrnact-star-k5-n0076  k=5  3.4.4*.6.12*  ★ CANDIDATE (not in Myers)  (60 cell polys, area check ✓)
  ctrnact-star-k5-n0077  k=5  3.4.4*.6.12*  ★ CANDIDATE (not in Myers)  (72 cell polys, area check ✓)
  ctrnact-star-k5-n0078  k=5  3.4.4*.6.12*  ★ CANDIDATE (not in Myers)  (72 cell polys, area check ✓)
  ctrnact-star-k5-n0079  k=5  3.4.4*.6.12*  ★ CANDIDATE (not in Myers)  (48 cell polys, area check ✓)
  ctrnact-star-k5-n0080  k=5  3.4.6.6*  ★ CANDIDATE (not in Myers)  (39 cell polys, area check ✓)
  ctrnact-star-k5-n0081  k=5  3.4.6.6*  ★ CANDIDATE (not in Myers)  (48 cell polys, area check ✓)
  ctrnact-star-k5-n0082  k=5  3.4.6.6*  ★ CANDIDATE (not in Myers)  (45 cell polys, area check ✓)
  ctrnact-star-k5-n0083  k=5  3.4.6.6*  ★ CANDIDATE (not in Myers)  (39 cell polys, area check ✓)
  ctrnact-star-k5-n0084  k=5  3.4.6.6*  ★ CANDIDATE (not in Myers)  (16 cell polys, area check ✓)
  ctrnact-star-k5-n0085  k=5  3.4.6.6*  ★ CANDIDATE (not in Myers)  (16 cell polys, area check ✓)
  ctrnact-star-k5-n0086  k=5  3.4.6.6*  ★ CANDIDATE (not in Myers)  (20 cell polys, area check ✓)
  ctrnact-star-k5-n0087  k=5  3.4.6.6*  ★ CANDIDATE (not in Myers)  (20 cell polys, area check ✓)
  ctrnact-star-k5-n0088  k=5  3.4.6.12*  ★ CANDIDATE (not in Myers)  (54 cell polys, area check ✓)
  ctrnact-star-k5-n0089  k=5  3.4.6.12*  ★ CANDIDATE (not in Myers)  (60 cell polys, area check ✓)
  ctrnact-star-k5-n0090  k=5  3.4.6.12*  ★ CANDIDATE (not in Myers)  (64 cell polys, area check ✓)
  ctrnact-star-k5-n0091  k=5  3.4.6.12*  ★ CANDIDATE (not in Myers)  (61 cell polys, area check ✓)
  ctrnact-star-k5-n0092  k=5  3.4.6.12*  ★ CANDIDATE (not in Myers)  (82 cell polys, area check ✓)
  ctrnact-star-k5-n0093  k=5  3.4.6.12*  ★ CANDIDATE (not in Myers)  (72 cell polys, area check ✓)
  ctrnact-star-k5-n0094  k=5  3.4.6.12*  ★ CANDIDATE (not in Myers)  (72 cell polys, area check ✓)
  ctrnact-star-k5-n0095  k=5  3.4.6.12*  ★ CANDIDATE (not in Myers)  (24 cell polys, area check ✓)
  ctrnact-star-k5-n0096  k=5  3.4.6.12*  ★ CANDIDATE (not in Myers)  (102 cell polys, area check ✓)
  ctrnact-star-k5-n0097  k=5  3.4.6.12*  ★ CANDIDATE (not in Myers)  (24 cell polys, area check ✓)
  ctrnact-star-k5-n0098  k=5  3.4.6.12*  ★ CANDIDATE (not in Myers)  (59 cell polys, area check ✓)
  ctrnact-star-k5-n0099  k=5  3.4.6.12*  ★ CANDIDATE (not in Myers)  (59 cell polys, area check ✓)
  ctrnact-star-k5-n0100  k=5  3.4.6.12*  ★ CANDIDATE (not in Myers)  (60 cell polys, area check ✓)
  ctrnact-star-k5-n0101  k=5  3.4.6.12*  ★ CANDIDATE (not in Myers)  (84 cell polys, area check ✓)
  ctrnact-star-k5-n0102  k=5  3.4.6.12*  ★ CANDIDATE (not in Myers)  (84 cell polys, area check ✓)
  ctrnact-star-k5-n0103  k=5  3.4.6.12*  ★ CANDIDATE (not in Myers)  (60 cell polys, area check ✓)
  ctrnact-star-k5-n0104  k=5  3.4.6.12*  ★ CANDIDATE (not in Myers)  (84 cell polys, area check ✓)
  ctrnact-star-k5-n0105  k=5  3.4.6.12*  ★ CANDIDATE (not in Myers)  (81 cell polys, area check ✓)
  ctrnact-star-k5-n0106  k=5  3.4.6.12*  ★ CANDIDATE (not in Myers)  (48 cell polys, area check ✓)
  ctrnact-star-k5-n0107  k=5  3.4.6.12*  ★ CANDIDATE (not in Myers)  (42 cell polys, area check ✓)
  ctrnact-star-k5-n0108  k=5  3.4.4*.8.8*  ★ CANDIDATE (not in Myers)  (18 cell polys, area check ✓)
  ctrnact-star-k5-n0109  k=5  3.4.4*.8.8*  ★ CANDIDATE (not in Myers)  (34 cell polys, area check ✓)
  ctrnact-star-k5-n0110  k=5  3.4.4*.8.8*  ★ CANDIDATE (not in Myers)  (30 cell polys, area check ✓)
  ctrnact-star-k5-n0111  k=5  3.4.4*.8.8*  ★ CANDIDATE (not in Myers)  (38 cell polys, area check ✓)
  ctrnact-star-k5-n0112  k=5  3.4.8.8*  ★ CANDIDATE (not in Myers)  (24 cell polys, area check ✓)
  ctrnact-star-k5-n0113  k=5  3.4.8.8*  ★ CANDIDATE (not in Myers)  (14 cell polys, area check ✓)
  ctrnact-star-k5-n0114  k=5  3.4.8.8*  ★ CANDIDATE (not in Myers)  (22 cell polys, area check ✓)
  ctrnact-star-k5-n0115  k=5  3.4.8.8*  ★ CANDIDATE (not in Myers)  (18 cell polys, area check ✓)
  ctrnact-star-k5-n0116  k=5  3.4.8.8*  ★ CANDIDATE (not in Myers)  (34 cell polys, area check ✓)
  ctrnact-star-k5-n0117  k=5  3.4.8.8*  ★ CANDIDATE (not in Myers)  (26 cell polys, area check ✓)
  ctrnact-star-k5-n0118  k=5  3.4.8.8*  ★ CANDIDATE (not in Myers)  (42 cell polys, area check ✓)
  ctrnact-star-k5-n0119  k=5  3.4.8.8*  ★ CANDIDATE (not in Myers)  (34 cell polys, area check ✓)
  ctrnact-star-k5-n0120  k=5  3.4.8.8*  ★ CANDIDATE (not in Myers)  (26 cell polys, area check ✓)
  ctrnact-star-k5-n0121  k=5  3.4.8.8*  ★ CANDIDATE (not in Myers)  (18 cell polys, area check ✓)
  ctrnact-star-k5-n0122  k=5  3.4.8.8*  ★ CANDIDATE (not in Myers)  (42 cell polys, area check ✓)
  ctrnact-star-k5-n0123  k=5  3.4.8.8*  ★ CANDIDATE (not in Myers)  (60 cell polys, area check ✓)
  ctrnact-star-k5-n0124  k=5  3.4.8.8*  ★ CANDIDATE (not in Myers)  (22 cell polys, area check ✓)
  ctrnact-star-k5-n0125  k=5  3.3*.4.12  ★ CANDIDATE (not in Myers)  (14 cell polys, area check ✓)
  ctrnact-star-k5-n0126  k=5  3.3*.4.12  ★ CANDIDATE (not in Myers)  (16 cell polys, area check ✓)
  ctrnact-star-k5-n0127  k=5  3.3*.4.12  ★ CANDIDATE (not in Myers)  (30 cell polys, area check ✓)
  ctrnact-star-k5-n0128  k=5  3.3*.4.12  ★ CANDIDATE (not in Myers)  (9 cell polys, area check ✓)
  ctrnact-star-k5-n0129  k=5  3.3*.4.12  ★ CANDIDATE (not in Myers)  (26 cell polys, area check ✓)
  ctrnact-star-k5-n0130  k=5  3.3*.4.12  ★ CANDIDATE (not in Myers)  (18 cell polys, area check ✓)
  ctrnact-star-k5-n0131  k=5  3.3*.4.12  ★ CANDIDATE (not in Myers)  (29 cell polys, area check ✓)
  ctrnact-star-k5-n0132  k=5  3.3*.4.12  ★ CANDIDATE (not in Myers)  (33 cell polys, area check ✓)
  ctrnact-star-k5-n0133  k=5  3.3*.4.12  ★ CANDIDATE (not in Myers)  (30 cell polys, area check ✓)
  ctrnact-star-k5-n0134  k=5  3.3*.4.4*.12  ★ CANDIDATE (not in Myers)  (14 cell polys, area check ✓)
  ctrnact-star-k5-n0135  k=5  3.3*.4.4*.12  ★ CANDIDATE (not in Myers)  (26 cell polys, area check ✓)
  ctrnact-star-k5-n0136  k=5  3.3*.4.12.12*  ★ CANDIDATE (not in Myers)  (18 cell polys, area check ✓)
  ctrnact-star-k5-n0137  k=5  3.4.4*.12  ★ CANDIDATE (not in Myers)  (12 cell polys, area check ✓)
  ctrnact-star-k5-n0138  k=5  3.4.4*.12  ★ CANDIDATE (not in Myers)  (10 cell polys, area check ✓)
  ctrnact-star-k5-n0139  k=5  3.4.4*.12  ★ CANDIDATE (not in Myers)  (8 cell polys, area check ✓)
  ctrnact-star-k5-n0140  k=5  3.4.4*.12  ★ CANDIDATE (not in Myers)  (11 cell polys, area check ✓)
  ctrnact-star-k5-n0141  k=5  3.4.4*.12  ★ CANDIDATE (not in Myers)  (14 cell polys, area check ✓)
  ctrnact-star-k5-n0142  k=5  3.4.4*.12  ★ CANDIDATE (not in Myers)  (19 cell polys, area check ✓)
  ctrnact-star-k5-n0143  k=5  3.4.4*.12.12*  ★ CANDIDATE (not in Myers)  (26 cell polys, area check ✓)
  ctrnact-star-k5-n0144  k=5  3.4.4*.12.12*  ★ CANDIDATE (not in Myers)  (22 cell polys, area check ✓)
  ctrnact-star-k5-n0145  k=5  3.4.4*.12.12*  ★ CANDIDATE (not in Myers)  (20 cell polys, area check ✓)
  ctrnact-star-k5-n0146  k=5  3.4.6*.12  ★ CANDIDATE (not in Myers)  (57 cell polys, area check ✓)
  ctrnact-star-k5-n0147  k=5  3.4.12.12*  ★ CANDIDATE (not in Myers)  (60 cell polys, area check ✓)
  ctrnact-star-k5-n0148  k=5  3.4.12.12*  ★ CANDIDATE (not in Myers)  (36 cell polys, area check ✓)
  ctrnact-star-k5-n0149  k=5  3.4.12.12*  ★ CANDIDATE (not in Myers)  (24 cell polys, area check ✓)
  ctrnact-star-k5-n0150  k=5  3.4.12.12*  ★ CANDIDATE (not in Myers)  (38 cell polys, area check ✓)
  ctrnact-star-k5-n0151  k=5  3.3*.4  ★ CANDIDATE (not in Myers)  (18 cell polys, area check ✓)
  ctrnact-star-k5-n0152  k=5  3.3*.4  ★ CANDIDATE (not in Myers)  (10 cell polys, area check ✓)
  ctrnact-star-k5-n0153  k=5  3.3*.4  ★ CANDIDATE (not in Myers)  (20 cell polys, area check ✓)
  ctrnact-star-k5-n0154  k=5  3.3*.4  ★ CANDIDATE (not in Myers)  (11 cell polys, area check ✓)
  ctrnact-star-k5-n0155  k=5  3.3*.4  ★ CANDIDATE (not in Myers)  (16 cell polys, area check ✓)
  ctrnact-star-k5-n0156  k=5  3.3*.4  ★ CANDIDATE (not in Myers)  (8 cell polys, area check ✓)
  ctrnact-star-k5-n0157  k=5  3.3*.4  ★ CANDIDATE (not in Myers)  (18 cell polys, area check ✓)
  ctrnact-star-k5-n0158  k=5  3.3*.4  ★ CANDIDATE (not in Myers)  (9 cell polys, area check ✓)
  ctrnact-star-k5-n0159  k=5  3.3*.4  ★ CANDIDATE (not in Myers)  (20 cell polys, area check ✓)
  ctrnact-star-k5-n0160  k=5  3.3*.4  ★ CANDIDATE (not in Myers)  (9 cell polys, area check ✓)
  ctrnact-star-k5-n0161  k=5  3.3*.4  ★ CANDIDATE (not in Myers)  (18 cell polys, area check ✓)
  ctrnact-star-k5-n0162  k=5  3.3*.4  ★ CANDIDATE (not in Myers)  (18 cell polys, area check ✓)
  ctrnact-star-k5-n0163  k=5  3.3*.4  ★ CANDIDATE (not in Myers)  (9 cell polys, area check ✓)
  ctrnact-star-k5-n0164  k=5  3.3*.4  ★ CANDIDATE (not in Myers)  (18 cell polys, area check ✓)
  ctrnact-star-k5-n0165  k=5  3.3*.4  ★ CANDIDATE (not in Myers)  (9 cell polys, area check ✓)
  ctrnact-star-k5-n0166  k=5  3.3*.4  ★ CANDIDATE (not in Myers)  (9 cell polys, area check ✓)
  ctrnact-star-k5-n0167  k=5  3.3*.4  ★ CANDIDATE (not in Myers)  (18 cell polys, area check ✓)
  ctrnact-star-k5-n0168  k=5  3.3*.4  ★ CANDIDATE (not in Myers)  (20 cell polys, area check ✓)
  ctrnact-star-k5-n0169  k=5  3.3*.4  ★ CANDIDATE (not in Myers)  (10 cell polys, area check ✓)
  ctrnact-star-k5-n0170  k=5  3.3*.4  ★ CANDIDATE (not in Myers)  (10 cell polys, area check ✓)
  ctrnact-star-k5-n0171  k=5  3.3*.4  ★ CANDIDATE (not in Myers)  (20 cell polys, area check ✓)
  ctrnact-star-k5-n0172  k=5  3.3*.4  ★ CANDIDATE (not in Myers)  (22 cell polys, area check ✓)
  ctrnact-star-k5-n0173  k=5  3.3*.4  ★ CANDIDATE (not in Myers)  (11 cell polys, area check ✓)
  ctrnact-star-k5-n0174  k=5  3.3*.4  ★ CANDIDATE (not in Myers)  (22 cell polys, area check ✓)
  ctrnact-star-k5-n0175  k=5  3.3*.4  ★ CANDIDATE (not in Myers)  (30 cell polys, area check ✓)
  ctrnact-star-k5-n0176  k=5  3.3*.4  ★ CANDIDATE (not in Myers)  (11 cell polys, area check ✓)
  ctrnact-star-k5-n0177  k=5  3.3*.4  ★ CANDIDATE (not in Myers)  (10 cell polys, area check ✓)
  ctrnact-star-k5-n0178  k=5  3.3*.4  ★ CANDIDATE (not in Myers)  (38 cell polys, area check ✓)
  ctrnact-star-k5-n0179  k=5  3.3*.4  ★ CANDIDATE (not in Myers)  (11 cell polys, area check ✓)
  ctrnact-star-k5-n0180  k=5  3.3*.4  ★ CANDIDATE (not in Myers)  (22 cell polys, area check ✓)
  ctrnact-star-k5-n0181  k=5  3.3*.4  ★ CANDIDATE (not in Myers)  (22 cell polys, area check ✓)
  ctrnact-star-k5-n0182  k=5  3.3*.4  ★ CANDIDATE (not in Myers)  (14 cell polys, area check ✓)
  ctrnact-star-k5-n0183  k=5  3.3*.4  ★ CANDIDATE (not in Myers)  (29 cell polys, area check ✓)
  ctrnact-star-k5-n0184  k=5  3.3*.4  ★ CANDIDATE (not in Myers)  (12 cell polys, area check ✓)
  ctrnact-star-k5-n0185  k=5  3.3*.4  ★ CANDIDATE (not in Myers)  (16 cell polys, area check ✓)
  ctrnact-star-k5-n0186  k=5  3.3*.4.4*  ★ CANDIDATE (not in Myers)  (21 cell polys, area check ✓)
  ctrnact-star-k5-n0187  k=5  3.3*.4.4*  ★ CANDIDATE (not in Myers)  (13 cell polys, area check ✓)
  ctrnact-star-k5-n0188  k=5  3.3*.4.4*  ★ CANDIDATE (not in Myers)  (7 cell polys, area check ✓)
  ctrnact-star-k5-n0189  k=5  3.3*.4.4*  ★ CANDIDATE (not in Myers)  (14 cell polys, area check ✓)
  ctrnact-star-k5-n0190  k=5  3.3*.4.4*  ★ CANDIDATE (not in Myers)  (14 cell polys, area check ✓)
  ctrnact-star-k5-n0191  k=5  3.3*.4.6*  ★ CANDIDATE (not in Myers)  (14 cell polys, area check ✓)
  ctrnact-star-k5-n0192  k=5  3.3*.4.6*  ★ CANDIDATE (not in Myers)  (14 cell polys, area check ✓)
  ctrnact-star-k5-n0193  k=5  3.3*.4.6*  ★ CANDIDATE (not in Myers)  (20 cell polys, area check ✓)
  ctrnact-star-k5-n0194  k=5  3.3*.4.6*  ★ CANDIDATE (not in Myers)  (10 cell polys, area check ✓)
  ctrnact-star-k5-n0195  k=5  3.3*.4.6*  ★ CANDIDATE (not in Myers)  (10 cell polys, area check ✓)
  ctrnact-star-k5-n0196  k=5  3.3*.4.6*  ★ CANDIDATE (not in Myers)  (20 cell polys, area check ✓)
  ctrnact-star-k5-n0197  k=5  3.3*.4.6*  ★ CANDIDATE (not in Myers)  (17 cell polys, area check ✓)
  ctrnact-star-k5-n0198  k=5  3.3*.4.6*  ★ CANDIDATE (not in Myers)  (7 cell polys, area check ✓)
  ctrnact-star-k5-n0199  k=5  3.3*.4.6*  ★ CANDIDATE (not in Myers)  (14 cell polys, area check ✓)
  ctrnact-star-k5-n0200  k=5  3.3*.4.6*  ★ CANDIDATE (not in Myers)  (14 cell polys, area check ✓)
  ctrnact-star-k5-n0201  k=5  3.3*.4.6*  ★ CANDIDATE (not in Myers)  (33 cell polys, area check ✓)
  ctrnact-star-k5-n0202  k=5  3.3*.4.6*  ★ CANDIDATE (not in Myers)  (27 cell polys, area check ✓)
  ctrnact-star-k5-n0203  k=5  3.3*.4.6*  ★ CANDIDATE (not in Myers)  (21 cell polys, area check ✓)
  ctrnact-star-k5-n0204  k=5  3.3*.4.12*  ★ CANDIDATE (not in Myers)  (30 cell polys, area check ✓)
  ctrnact-star-k5-n0205  k=5  3.3*.4.12*  ★ CANDIDATE (not in Myers)  (39 cell polys, area check ✓)
  ctrnact-star-k5-n0206  k=5  3.3*.4.12*  ★ CANDIDATE (not in Myers)  (24 cell polys, area check ✓)
  ctrnact-star-k5-n0207  k=5  3.4.4*  ★ CANDIDATE (not in Myers)  (25 cell polys, area check ✓)
  ctrnact-star-k5-n0208  k=5  3.4.4*  ★ CANDIDATE (not in Myers)  (15 cell polys, area check ✓)
  ctrnact-star-k5-n0209  k=5  3.4.4*  ★ CANDIDATE (not in Myers)  (34 cell polys, area check ✓)
  ctrnact-star-k5-n0210  k=5  3.4.4*  ★ CANDIDATE (not in Myers)  (13 cell polys, area check ✓)
  ctrnact-star-k5-n0211  k=5  3.4.4*  ★ CANDIDATE (not in Myers)  (13 cell polys, area check ✓)
  ctrnact-star-k5-n0212  k=5  3.4.4*  ★ CANDIDATE (not in Myers)  (26 cell polys, area check ✓)
  ctrnact-star-k5-n0213  k=5  3.4.4*  ★ CANDIDATE (not in Myers)  (28 cell polys, area check ✓)
  ctrnact-star-k5-n0214  k=5  3.4.4*  ★ CANDIDATE (not in Myers)  (24 cell polys, area check ✓)
  ctrnact-star-k5-n0215  k=5  3.4.4*.6*  ★ CANDIDATE (not in Myers)  (10 cell polys, area check ✓)
  ctrnact-star-k5-n0216  k=5  3.4.4*.6*  ★ CANDIDATE (not in Myers)  (14 cell polys, area check ✓)
  ctrnact-star-k5-n0217  k=5  3.4.4*.6*  ★ CANDIDATE (not in Myers)  (18 cell polys, area check ✓)
  ctrnact-star-k5-n0218  k=5  3.4.4*.6*  ★ CANDIDATE (not in Myers)  (32 cell polys, area check ✓)
  ctrnact-star-k5-n0219  k=5  3.4.4*.6*  ★ CANDIDATE (not in Myers)  (22 cell polys, area check ✓)
  ctrnact-star-k5-n0220  k=5  3.4.4*.6*  ★ CANDIDATE (not in Myers)  (9 cell polys, area check ✓)
  ctrnact-star-k5-n0221  k=5  3.4.4*.6*  ★ CANDIDATE (not in Myers)  (18 cell polys, area check ✓)
  ctrnact-star-k5-n0222  k=5  3.4.4*.6*  ★ CANDIDATE (not in Myers)  (18 cell polys, area check ✓)
  ctrnact-star-k5-n0223  k=5  3.4.4*.6*  ★ CANDIDATE (not in Myers)  (9 cell polys, area check ✓)
  ctrnact-star-k5-n0224  k=5  3.4.4*.6*  ★ CANDIDATE (not in Myers)  (20 cell polys, area check ✓)
  ctrnact-star-k5-n0225  k=5  3.4.4*.6*  ★ CANDIDATE (not in Myers)  (16 cell polys, area check ✓)
  ctrnact-star-k5-n0226  k=5  3.4.4*  ★ CANDIDATE (not in Myers)  (12 cell polys, area check ✓)
  ctrnact-star-k5-n0227  k=5  3.4.4*  ★ CANDIDATE (not in Myers)  (13 cell polys, area check ✓)
  ctrnact-star-k5-n0228  k=5  3.4.4*  ★ CANDIDATE (not in Myers)  (38 cell polys, area check ✓)
  ctrnact-star-k5-n0229  k=5  3.4.4*  ★ CANDIDATE (not in Myers)  (26 cell polys, area check ✓)
  ctrnact-star-k5-n0230  k=5  3.4.4*  ★ CANDIDATE (not in Myers)  (26 cell polys, area check ✓)
  ctrnact-star-k5-n0231  k=5  3.4.4*  ★ CANDIDATE (not in Myers)  (22 cell polys, area check ✓)
  ctrnact-star-k5-n0232  k=5  3.4.4*  ★ CANDIDATE (not in Myers)  (22 cell polys, area check ✓)
  ctrnact-star-k5-n0233  k=5  3.4.4*  ★ CANDIDATE (not in Myers)  (11 cell polys, area check ✓)
  ctrnact-star-k5-n0234  k=5  3.4.4*  ★ CANDIDATE (not in Myers)  (22 cell polys, area check ✓)
  ctrnact-star-k5-n0235  k=5  3.4.4*  ★ CANDIDATE (not in Myers)  (22 cell polys, area check ✓)
  ctrnact-star-k5-n0236  k=5  3.4.4*  ★ CANDIDATE (not in Myers)  (11 cell polys, area check ✓)
  ctrnact-star-k5-n0237  k=5  3.4.4*  ★ CANDIDATE (not in Myers)  (19 cell polys, area check ✓)
  ctrnact-star-k5-n0238  k=5  3.4.4*  ★ CANDIDATE (not in Myers)  (12 cell polys, area check ✓)
  ctrnact-star-k5-n0239  k=5  3.4.4*  ★ CANDIDATE (not in Myers)  (22 cell polys, area check ✓)
  ctrnact-star-k5-n0240  k=5  3.4.4*  ★ CANDIDATE (not in Myers)  (30 cell polys, area check ✓)
  ctrnact-star-k5-n0241  k=5  3.4.4*  ★ CANDIDATE (not in Myers)  (14 cell polys, area check ✓)
  ctrnact-star-k5-n0242  k=5  3.4.4*  ★ CANDIDATE (not in Myers)  (14 cell polys, area check ✓)
  ctrnact-star-k5-n0243  k=5  3.4.4*  ★ CANDIDATE (not in Myers)  (14 cell polys, area check ✓)
  ctrnact-star-k5-n0244  k=5  3.4.4*  ★ CANDIDATE (not in Myers)  (7 cell polys, area check ✓)
  ctrnact-star-k5-n0245  k=5  3.4.4*.8*  ★ CANDIDATE (not in Myers)  (26 cell polys, area check ✓)
  ctrnact-star-k5-n0246  k=5  3.4.4*.8*  ★ CANDIDATE (not in Myers)  (22 cell polys, area check ✓)
  ctrnact-star-k5-n0247  k=5  3.4.4*.8*  ★ CANDIDATE (not in Myers)  (34 cell polys, area check ✓)
  ctrnact-star-k5-n0248  k=5  3.4.4*.8*  ★ CANDIDATE (not in Myers)  (42 cell polys, area check ✓)
  ctrnact-star-k5-n0249  k=5  3.4.4*.8*  ★ CANDIDATE (not in Myers)  (42 cell polys, area check ✓)
  ctrnact-star-k5-n0250  k=5  3.4.4*.8*  ★ CANDIDATE (not in Myers)  (38 cell polys, area check ✓)
  ctrnact-star-k5-n0251  k=5  3.4.4*.8*  ★ CANDIDATE (not in Myers)  (46 cell polys, area check ✓)
  ctrnact-star-k5-n0252  k=5  3.4.4*.8*  ★ CANDIDATE (not in Myers)  (38 cell polys, area check ✓)
  ctrnact-star-k5-n0253  k=5  3.4.4*.8*  ★ CANDIDATE (not in Myers)  (34 cell polys, area check ✓)
  ctrnact-star-k5-n0254  k=5  3.4.4*.8*  ★ CANDIDATE (not in Myers)  (46 cell polys, area check ✓)
  ctrnact-star-k5-n0255  k=5  3.4.4*.12*  ★ CANDIDATE (not in Myers)  (38 cell polys, area check ✓)
  ctrnact-star-k5-n0256  k=5  3.4.6*  ★ CANDIDATE (not in Myers)  (26 cell polys, area check ✓)
  ctrnact-star-k5-n0257  k=5  3.4.6*  ★ CANDIDATE (not in Myers)  (13 cell polys, area check ✓)
  ctrnact-star-k5-n0258  k=5  3.4.6*  ★ CANDIDATE (not in Myers)  (45 cell polys, area check ✓)
  ctrnact-star-k5-n0259  k=5  3.4.6*  ★ CANDIDATE (not in Myers)  (48 cell polys, area check ✓)
  ctrnact-star-k5-n0260  k=5  3.4.6*  ★ CANDIDATE (not in Myers)  (39 cell polys, area check ✓)
  ctrnact-star-k5-n0261  k=5  3.4.6*  ★ CANDIDATE (not in Myers)  (33 cell polys, area check ✓)
  ctrnact-star-k5-n0262  k=5  3.4.6*  ★ CANDIDATE (not in Myers)  (54 cell polys, area check ✓)
  ctrnact-star-k5-n0263  k=5  3.4.6*  ★ CANDIDATE (not in Myers)  (16 cell polys, area check ✓)
  ctrnact-star-k5-n0264  k=5  3.4.6*.12*  ★ CANDIDATE (not in Myers)  (69 cell polys, area check ✓)
  ctrnact-star-k5-n0265  k=5  3.4.12*  ★ CANDIDATE (not in Myers)  (65 cell polys, area check ✓)
  ctrnact-star-k5-n0266  k=5  3.4.12*  ★ CANDIDATE (not in Myers)  (55 cell polys, area check ✓)
  ctrnact-star-k5-n0267  k=5  3.4.12*  ★ CANDIDATE (not in Myers)  (29 cell polys, area check ✓)
  ctrnact-star-k5-n0268  k=5  3.4.12*  ★ CANDIDATE (not in Myers)  (65 cell polys, area check ✓)
  ctrnact-star-k5-n0269  k=5  3.4.12*  ★ CANDIDATE (not in Myers)  (46 cell polys, area check ✓)
  ctrnact-star-k5-n0270  k=5  3.4.12*  ★ CANDIDATE (not in Myers)  (30 cell polys, area check ✓)
  ctrnact-star-k5-n0271  k=5  3.4.12*  ★ CANDIDATE (not in Myers)  (33 cell polys, area check ✓)
  ctrnact-star-k5-n0272  k=5  3.4.12*  ★ CANDIDATE (not in Myers)  (75 cell polys, area check ✓)
  ctrnact-star-k5-n0273  k=5  3.4.12*  ★ CANDIDATE (not in Myers)  (36 cell polys, area check ✓)
  ctrnact-star-k5-n0274  k=5  3.4.12*  ★ CANDIDATE (not in Myers)  (33 cell polys, area check ✓)
  ctrnact-star-k5-n0275  k=5  3.4.12*  ★ CANDIDATE (not in Myers)  (26 cell polys, area check ✓)
  ctrnact-star-k5-n0276  k=5  3.4.6*  ★ CANDIDATE (not in Myers)  (39 cell polys, area check ✓)
  ctrnact-star-k5-n0277  k=5  3.4.6*  ★ CANDIDATE (not in Myers)  (42 cell polys, area check ✓)
  ctrnact-star-k5-n0278  k=5  3.4.6*  ★ CANDIDATE (not in Myers)  (7 cell polys, area check ✓)
  ctrnact-star-k5-n0279  k=5  3.4.6*  ★ CANDIDATE (not in Myers)  (14 cell polys, area check ✓)
  ctrnact-star-k5-n0280  k=5  3.4.12*  ★ CANDIDATE (not in Myers)  (51 cell polys, area check ✓)
  ctrnact-star-k5-n0281  k=5  3.4.12*  ★ CANDIDATE (not in Myers)  (39 cell polys, area check ✓)
  ctrnact-star-k5-n0282  k=5  3.4.12*  ★ CANDIDATE (not in Myers)  (39 cell polys, area check ✓)
  ctrnact-star-k5-n0287  k=5  3.4*.6  ★ CANDIDATE (not in Myers)  (9 cell polys, area check ✓)
  ctrnact-star-k5-n0288  k=5  3.4*.6  ★ CANDIDATE (not in Myers)  (11 cell polys, area check ✓)
  ctrnact-star-k5-n0289  k=5  3.4*.6  ★ CANDIDATE (not in Myers)  (34 cell polys, area check ✓)
  ctrnact-star-k5-n0290  k=5  3.4*.6  ★ CANDIDATE (not in Myers)  (12 cell polys, area check ✓)
  ctrnact-star-k5-n0291  k=5  3.4*.6  ★ CANDIDATE (not in Myers)  (19 cell polys, area check ✓)
  ctrnact-star-k5-n0292  k=5  3.4*.6  ★ CANDIDATE (not in Myers)  (7 cell polys, area check ✓)
  ctrnact-star-k5-n0293  k=5  3.4*.6  ★ CANDIDATE (not in Myers)  (10 cell polys, area check ✓)
  ctrnact-star-k5-n0294  k=5  3.4*.6  ★ CANDIDATE (not in Myers)  (11 cell polys, area check ✓)
  ctrnact-star-k5-n0295  k=5  3.4*.6  ★ CANDIDATE (not in Myers)  (13 cell polys, area check ✓)
  ctrnact-star-k5-n0296  k=5  3.4*.6  ★ CANDIDATE (not in Myers)  (11 cell polys, area check ✓)
  ctrnact-star-k5-n0297  k=5  3.4*.6  ★ CANDIDATE (not in Myers)  (9 cell polys, area check ✓)
  ctrnact-star-k5-n0298  k=5  3.4*.6  ★ CANDIDATE (not in Myers)  (10 cell polys, area check ✓)
  ctrnact-star-k5-n0299  k=5  3.4*.6  ★ CANDIDATE (not in Myers)  (12 cell polys, area check ✓)
  ctrnact-star-k5-n0300  k=5  3.4*.6  ★ CANDIDATE (not in Myers)  (10 cell polys, area check ✓)
  ctrnact-star-k5-n0301  k=5  3.4*.6  ★ CANDIDATE (not in Myers)  (10 cell polys, area check ✓)
  ctrnact-star-k5-n0302  k=5  3.4*.6  ★ CANDIDATE (not in Myers)  (11 cell polys, area check ✓)
  ctrnact-star-k5-n0303  k=5  3.4*.6  ★ CANDIDATE (not in Myers)  (13 cell polys, area check ✓)
  ctrnact-star-k5-n0304  k=5  3.4*.6  ★ CANDIDATE (not in Myers)  (12 cell polys, area check ✓)
  ctrnact-star-k5-n0305  k=5  3.4*.6  ★ CANDIDATE (not in Myers)  (6 cell polys, area check ✓)
  ctrnact-star-k5-n0306  k=5  3.4*.6  ★ CANDIDATE (not in Myers)  (12 cell polys, area check ✓)
  ctrnact-star-k5-n0307  k=5  3.4*.6  ★ CANDIDATE (not in Myers)  (13 cell polys, area check ✓)
  ctrnact-star-k5-n0308  k=5  3.4*.6  ★ CANDIDATE (not in Myers)  (15 cell polys, area check ✓)
  ctrnact-star-k5-n0309  k=5  3.4*.6  ★ CANDIDATE (not in Myers)  (10 cell polys, area check ✓)
  ctrnact-star-k5-n0310  k=5  3.4*.6  ★ CANDIDATE (not in Myers)  (13 cell polys, area check ✓)
  ctrnact-star-k5-n0311  k=5  3.4*.6  ★ CANDIDATE (not in Myers)  (16 cell polys, area check ✓)
  ctrnact-star-k5-n0312  k=5  3.4*.6  ★ CANDIDATE (not in Myers)  (26 cell polys, area check ✓)
  ctrnact-star-k5-n0313  k=5  3.4*.6  ★ CANDIDATE (not in Myers)  (24 cell polys, area check ✓)
  ctrnact-star-k5-n0314  k=5  3.4*.6  ★ CANDIDATE (not in Myers)  (12 cell polys, area check ✓)
  ctrnact-star-k5-n0315  k=5  3.4*.6  ★ CANDIDATE (not in Myers)  (24 cell polys, area check ✓)
  ctrnact-star-k5-n0316  k=5  3.4*.6.6*.12*  ★ CANDIDATE (not in Myers)  (54 cell polys, area check ✓)
  ctrnact-star-k5-n0317  k=5  3.4*.6.6*  ★ CANDIDATE (not in Myers)  (13 cell polys, area check ✓)
  ctrnact-star-k5-n0318  k=5  3.4*.6.12*  ★ CANDIDATE (not in Myers)  (54 cell polys, area check ✓)
  ctrnact-star-k5-n0319  k=5  3.6.6*  ★ CANDIDATE (not in Myers)  (46 cell polys, area check ✓)
  ctrnact-star-k5-n0320  k=5  3.6.6*  ★ CANDIDATE (not in Myers)  (51 cell polys, area check ✓)
  ctrnact-star-k5-n0321  k=5  3.6.6*  ★ CANDIDATE (not in Myers)  (34 cell polys, area check ✓)
  ctrnact-star-k5-n0322  k=5  3.6.6*  ★ CANDIDATE (not in Myers)  (33 cell polys, area check ✓)
  ctrnact-star-k5-n0323  k=5  3.6.6*  ★ CANDIDATE (not in Myers)  (45 cell polys, area check ✓)
  ctrnact-star-k5-n0324  k=5  3.6.6*  ★ CANDIDATE (not in Myers)  (42 cell polys, area check ✓)
  ctrnact-star-k5-n0325  k=5  3.6.6*  ★ CANDIDATE (not in Myers)  (40 cell polys, area check ✓)
  ctrnact-star-k5-n0326  k=5  3.6.6*  ★ CANDIDATE (not in Myers)  (25 cell polys, area check ✓)
  ctrnact-star-k5-n0327  k=5  3.6.6*  ★ CANDIDATE (not in Myers)  (39 cell polys, area check ✓)
  ctrnact-star-k5-n0328  k=5  3.6.6*  ★ CANDIDATE (not in Myers)  (45 cell polys, area check ✓)
  ctrnact-star-k5-n0329  k=5  3.6.6*  ★ CANDIDATE (not in Myers)  (57 cell polys, area check ✓)
  ctrnact-star-k5-n0330  k=5  3.6.6*  ★ CANDIDATE (not in Myers)  (54 cell polys, area check ✓)
  ctrnact-star-k5-n0331  k=5  3.6.6*  ★ CANDIDATE (not in Myers)  (12 cell polys, area check ✓)
  ctrnact-star-k5-n0332  k=5  3.6.6*  ★ CANDIDATE (not in Myers)  (11 cell polys, area check ✓)
  ctrnact-star-k5-n0333  k=5  3.6.6*  ★ CANDIDATE (not in Myers)  (12 cell polys, area check ✓)
  ctrnact-star-k5-n0334  k=5  3.6.6*  ★ CANDIDATE (not in Myers)  (12 cell polys, area check ✓)
  ctrnact-star-k5-n0335  k=5  3.6.6*  ★ CANDIDATE (not in Myers)  (35 cell polys, area check ✓)
  ctrnact-star-k5-n0336  k=5  3.6.6*  ★ CANDIDATE (not in Myers)  (12 cell polys, area check ✓)
  ctrnact-star-k5-n0337  k=5  3.6.6*  ★ CANDIDATE (not in Myers)  (17 cell polys, area check ✓)
  ctrnact-star-k5-n0338  k=5  3.6.6*  ★ CANDIDATE (not in Myers)  (22 cell polys, area check ✓)
  ctrnact-star-k5-n0339  k=5  3.6.6*  ★ CANDIDATE (not in Myers)  (29 cell polys, area check ✓)
  ctrnact-star-k5-n0340  k=5  3.6.6*  ★ CANDIDATE (not in Myers)  (14 cell polys, area check ✓)
  ctrnact-star-k5-n0341  k=5  3.6.6*  ★ CANDIDATE (not in Myers)  (14 cell polys, area check ✓)
  ctrnact-star-k5-n0342  k=5  3.6.6*  ★ CANDIDATE (not in Myers)  (22 cell polys, area check ✓)
  ctrnact-star-k5-n0343  k=5  3.6.6*  ★ CANDIDATE (not in Myers)  (14 cell polys, area check ✓)
  ctrnact-star-k5-n0344  k=5  3.6.6*  ★ CANDIDATE (not in Myers)  (33 cell polys, area check ✓)
  ctrnact-star-k5-n0345  k=5  3.6.6*  ★ CANDIDATE (not in Myers)  (17 cell polys, area check ✓)
  ctrnact-star-k5-n0346  k=5  3.6.6*  ★ CANDIDATE (not in Myers)  (11 cell polys, area check ✓)
  ctrnact-star-k5-n0347  k=5  3.6.6*  ★ CANDIDATE (not in Myers)  (33 cell polys, area check ✓)
  ctrnact-star-k5-n0348  k=5  3.6.6*  ★ CANDIDATE (not in Myers)  (16 cell polys, area check ✓)
  ctrnact-star-k5-n0349  k=5  3.6.6*  ★ CANDIDATE (not in Myers)  (54 cell polys, area check ✓)
  ctrnact-star-k5-n0350  k=5  3.6.6*  ★ CANDIDATE (not in Myers)  (48 cell polys, area check ✓)
  ctrnact-star-k5-n0351  k=5  3.6.6*  ★ CANDIDATE (not in Myers)  (15 cell polys, area check ✓)
  ctrnact-star-k5-n0352  k=5  3.6.6*  ★ CANDIDATE (not in Myers)  (39 cell polys, area check ✓)
  ctrnact-star-k5-n0353  k=5  3.6.6*  ★ CANDIDATE (not in Myers)  (21 cell polys, area check ✓)
  ctrnact-star-k5-n0354  k=5  3.6.6*  ★ CANDIDATE (not in Myers)  (48 cell polys, area check ✓)
  ctrnact-star-k5-n0355  k=5  3.6.6*  ★ CANDIDATE (not in Myers)  (42 cell polys, area check ✓)
  ctrnact-star-k5-n0356  k=5  3.6.6*  ★ CANDIDATE (not in Myers)  (30 cell polys, area check ✓)
  ctrnact-star-k5-n0357  k=5  3.6.6*  ★ CANDIDATE (not in Myers)  (28 cell polys, area check ✓)
  ctrnact-star-k5-n0358  k=5  3.6.6*  ★ CANDIDATE (not in Myers)  (11 cell polys, area check ✓)
  ctrnact-star-k5-n0359  k=5  3.6.6*  ★ CANDIDATE (not in Myers)  (12 cell polys, area check ✓)
  ctrnact-star-k5-n0360  k=5  3.6.6*  ★ CANDIDATE (not in Myers)  (16 cell polys, area check ✓)
  ctrnact-star-k5-n0361  k=5  3.6.6*  ★ CANDIDATE (not in Myers)  (27 cell polys, area check ✓)
  ctrnact-star-k5-n0362  k=5  3.6.6*  ★ CANDIDATE (not in Myers)  (37 cell polys, area check ✓)
  ctrnact-star-k5-n0363  k=5  3.6.6*  ★ CANDIDATE (not in Myers)  (45 cell polys, area check ✓)
  ctrnact-star-k5-n0364  k=5  3.6.6*  ★ CANDIDATE (not in Myers)  (9 cell polys, area check ✓)
  ctrnact-star-k5-n0365  k=5  3.6.6*  ★ CANDIDATE (not in Myers)  (9 cell polys, area check ✓)
  ctrnact-star-k5-n0366  k=5  3.6.6*  ★ CANDIDATE (not in Myers)  (11 cell polys, area check ✓)
  ctrnact-star-k5-n0367  k=5  3.6.6*  ★ CANDIDATE (not in Myers)  (9 cell polys, area check ✓)
  ctrnact-star-k5-n0368  k=5  3.6.6*  ★ CANDIDATE (not in Myers)  (18 cell polys, area check ✓)
  ctrnact-star-k5-n0369  k=5  3.6.6*  ★ CANDIDATE (not in Myers)  (20 cell polys, area check ✓)
  ctrnact-star-k5-n0370  k=5  3.6.6*  ★ CANDIDATE (not in Myers)  (26 cell polys, area check ✓)
  ctrnact-star-k5-n0371  k=5  3.6.6*  ★ CANDIDATE (not in Myers)  (11 cell polys, area check ✓)
  ctrnact-star-k5-n0372  k=5  3.6.6*  ★ CANDIDATE (not in Myers)  (16 cell polys, area check ✓)
  ctrnact-star-k5-n0373  k=5  3.6.6*  ★ CANDIDATE (not in Myers)  (16 cell polys, area check ✓)
  ctrnact-star-k5-n0374  k=5  3.6.12*  ★ CANDIDATE (not in Myers)  (14 cell polys, area check ✓)
  ctrnact-star-k5-n0377  k=5  3.3*.6*.8.8*  ★ CANDIDATE (not in Myers)  (66 cell polys, area check ✓)
  ctrnact-star-k5-n0378  k=5  3.3*.6*.8.8*  ★ CANDIDATE (not in Myers)  (28 cell polys, area check ✓)
  ctrnact-star-k5-n0379  k=5  3.4*.8.8*  ★ CANDIDATE (not in Myers)  (18 cell polys, area check ✓)
  ctrnact-star-k5-n0380  k=5  3.4*.8.8*  ★ CANDIDATE (not in Myers)  (26 cell polys, area check ✓)
  ctrnact-star-k5-n0381  k=5  3.4*.8.8*  ★ CANDIDATE (not in Myers)  (20 cell polys, area check ✓)
  ctrnact-star-k5-n0382  k=5  3.4*.8.8*  ★ CANDIDATE (not in Myers)  (22 cell polys, area check ✓)
  ctrnact-star-k5-n0383  k=5  3.4*.8.8*  ★ CANDIDATE (not in Myers)  (14 cell polys, area check ✓)
  ctrnact-star-k5-n0384  k=5  3.4*.8.8*  ★ CANDIDATE (not in Myers)  (16 cell polys, area check ✓)
  ctrnact-star-k5-n0385  k=5  3.3*.4*.12  ★ CANDIDATE (not in Myers)  (13 cell polys, area check ✓)
  ctrnact-star-k5-n0386  k=5  3.3*.12.12*  ★ CANDIDATE (not in Myers)  (39 cell polys, area check ✓)
  ctrnact-star-k5-n0387  k=5  3.3*.12.12*  ★ CANDIDATE (not in Myers)  (18 cell polys, area check ✓)
  ctrnact-star-k5-n0388  k=5  3.3*.12.12*  ★ CANDIDATE (not in Myers)  (33 cell polys, area check ✓)
  ctrnact-star-k5-n0389  k=5  3.4*.12  ★ CANDIDATE (not in Myers)  (18 cell polys, area check ✓)
  ctrnact-star-k5-n0390  k=5  3.4*.12  ★ CANDIDATE (not in Myers)  (7 cell polys, area check ✓)
  ctrnact-star-k5-n0391  k=5  3.4*.12.12*  ★ CANDIDATE (not in Myers)  (30 cell polys, area check ✓)
  ctrnact-star-k5-n0392  k=5  3.4*.12.12*  ★ CANDIDATE (not in Myers)  (28 cell polys, area check ✓)
  ctrnact-star-k5-n0393  k=5  3.4*.12.12*  ★ CANDIDATE (not in Myers)  (20 cell polys, area check ✓)
  ctrnact-star-k5-n0394  k=5  3.4*.12.12*  ★ CANDIDATE (not in Myers)  (18 cell polys, area check ✓)
  ctrnact-star-k5-n0397  k=5  3.3*.4*.8*  ★ CANDIDATE (not in Myers)  (24 cell polys, area check ✓)
  ctrnact-star-k5-n0400  k=5  3.3*.4*  ★ CANDIDATE (not in Myers)  (16 cell polys, area check ✓)
  ctrnact-star-k5-n0401  k=5  3.4*  ★ CANDIDATE (not in Myers)  (13 cell polys, area check ✓)
  ctrnact-star-k5-n0402  k=5  3.4*  ★ CANDIDATE (not in Myers)  (15 cell polys, area check ✓)
  ctrnact-star-k5-n0403  k=5  3.4*  ★ CANDIDATE (not in Myers)  (12 cell polys, area check ✓)
  ctrnact-star-k5-n0404  k=5  3.4*  ★ CANDIDATE (not in Myers)  (12 cell polys, area check ✓)
  ctrnact-star-k5-n0405  k=5  3.4*  ★ CANDIDATE (not in Myers)  (14 cell polys, area check ✓)
  ctrnact-star-k5-n0406  k=5  3.4*  ★ CANDIDATE (not in Myers)  (26 cell polys, area check ✓)
  ctrnact-star-k5-n0407  k=5  3.4*.6*  ★ CANDIDATE (not in Myers)  (28 cell polys, area check ✓)
  ctrnact-star-k5-n0408  k=5  3.4*.12*  ★ CANDIDATE (not in Myers)  (40 cell polys, area check ✓)
  ctrnact-star-k5-n0409  k=5  3.4*.12*  ★ CANDIDATE (not in Myers)  (28 cell polys, area check ✓)
  ctrnact-star-k5-n0410  k=5  3.4*.12*  ★ CANDIDATE (not in Myers)  (29 cell polys, area check ✓)
  ctrnact-star-k5-n0411  k=5  3.6*  ★ CANDIDATE (not in Myers)  (43 cell polys, area check ✓)
  ctrnact-star-k5-n0412  k=5  3.6*  ★ CANDIDATE (not in Myers)  (19 cell polys, area check ✓)
  ctrnact-star-k5-n0413  k=5  3.6*  ★ CANDIDATE (not in Myers)  (32 cell polys, area check ✓)
  ctrnact-star-k5-n0414  k=5  3.6*  ★ CANDIDATE (not in Myers)  (13 cell polys, area check ✓)
  ctrnact-star-k5-n0415  k=5  3.6*  ★ CANDIDATE (not in Myers)  (19 cell polys, area check ✓)
  ctrnact-star-k5-n0416  k=5  3.6*  ★ CANDIDATE (not in Myers)  (14 cell polys, area check ✓)
  ctrnact-star-k5-n0417  k=5  3.6*  ★ CANDIDATE (not in Myers)  (21 cell polys, area check ✓)
  ctrnact-star-k5-n0418  k=5  3.6*  ★ CANDIDATE (not in Myers)  (23 cell polys, area check ✓)
  ctrnact-star-k5-n0419  k=5  3.6*  ★ CANDIDATE (not in Myers)  (11 cell polys, area check ✓)
  ctrnact-star-k5-n0420  k=5  3.6*  ★ CANDIDATE (not in Myers)  (9 cell polys, area check ✓)
  ctrnact-star-k5-n0421  k=5  3.6*  ★ CANDIDATE (not in Myers)  (18 cell polys, area check ✓)
  ctrnact-star-k5-n0422  k=5  3.6*  ★ CANDIDATE (not in Myers)  (45 cell polys, area check ✓)
  ctrnact-star-k5-n0423  k=5  3.6*  ★ CANDIDATE (not in Myers)  (51 cell polys, area check ✓)
  ctrnact-star-k5-n0424  k=5  3.12*  ★ CANDIDATE (not in Myers)  (33 cell polys, area check ✓)
  ctrnact-star-k5-n0427  k=5  4.6*  ★ CANDIDATE (not in Myers)  (26 cell polys, area check ✓)
  ctrnact-star-k5-n0428  k=5  4.6*  ★ CANDIDATE (not in Myers)  (30 cell polys, area check ✓)
  ctrnact-star-k5-n0429  k=5  4.6*  ★ CANDIDATE (not in Myers)  (24 cell polys, area check ✓)
  ctrnact-star-k5-n0430  k=5  4.6*  ★ CANDIDATE (not in Myers)  (28 cell polys, area check ✓)
  ctrnact-star-k5-n0431  k=5  4.6*  ★ CANDIDATE (not in Myers)  (24 cell polys, area check ✓)
  ctrnact-star-k5-n0432  k=5  4.6*  ★ CANDIDATE (not in Myers)  (46 cell polys, area check ✓)
  ctrnact-star-k5-n0433  k=5  4.6*  ★ CANDIDATE (not in Myers)  (58 cell polys, area check ✓)
  ctrnact-star-k5-n0434  k=5  4.6*  ★ CANDIDATE (not in Myers)  (26 cell polys, area check ✓)
  ctrnact-star-k5-n0435  k=5  4.6*  ★ CANDIDATE (not in Myers)  (46 cell polys, area check ✓)
  ctrnact-star-k5-n0436  k=5  4.6*.12*  ★ CANDIDATE (not in Myers)  (39 cell polys, area check ✓)
  ctrnact-star-k5-n0437  k=5  4.6*.12*  ★ CANDIDATE (not in Myers)  (51 cell polys, area check ✓)
  ctrnact-star-k5-n0438  k=5  4.8*  ★ CANDIDATE (not in Myers)  (13 cell polys, area check ✓)
  ctrnact-star-k5-n0439  k=5  4.8*  ★ CANDIDATE (not in Myers)  (20 cell polys, area check ✓)
  ctrnact-star-k6-n0001  k=6  3.3*.4.6.12  ★ CANDIDATE (not in Myers)  (33 cell polys, area check ✓)
  ctrnact-star-k6-n0002  k=6  3.3*.4.6.12  ★ CANDIDATE (not in Myers)  (33 cell polys, area check ✓)
  ctrnact-star-k6-n0003  k=6  3.3*.4.6.12  ★ CANDIDATE (not in Myers)  (33 cell polys, area check ✓)
  ctrnact-star-k6-n0004  k=6  3.3*.4.6.12  ★ CANDIDATE (not in Myers)  (33 cell polys, area check ✓)
  ctrnact-star-k6-n0005  k=6  3.3*.4.4*.6.12  ★ CANDIDATE (not in Myers)  (15 cell polys, area check ✓)
  ctrnact-star-k6-n0006  k=6  3.4.4*.6.12  ★ CANDIDATE (not in Myers)  (60 cell polys, area check ✓)
  ctrnact-star-k6-n0007  k=6  3.4.4*.6.12  ★ CANDIDATE (not in Myers)  (20 cell polys, area check ✓)
  ctrnact-star-k6-n0008  k=6  3.4.4*.6.12  ★ CANDIDATE (not in Myers)  (40 cell polys, area check ✓)
  ctrnact-star-k6-n0009  k=6  3.4.4*.6.12  ★ CANDIDATE (not in Myers)  (34 cell polys, area check ✓)
  ctrnact-star-k6-n0010  k=6  3.4.4*.6.12  ★ CANDIDATE (not in Myers)  (72 cell polys, area check ✓)
  ctrnact-star-k6-n0011  k=6  3.4.4*.6.12  ★ CANDIDATE (not in Myers)  (20 cell polys, area check ✓)
  ctrnact-star-k6-n0012  k=6  3.4.4*.6.12  ★ CANDIDATE (not in Myers)  (60 cell polys, area check ✓)
  ctrnact-star-k6-n0013  k=6  3.4.4*.6.12  ★ CANDIDATE (not in Myers)  (18 cell polys, area check ✓)
  ctrnact-star-k6-n0014  k=6  3.4.4*.6.12  ★ CANDIDATE (not in Myers)  (30 cell polys, area check ✓)
  ctrnact-star-k6-n0015  k=6  3.4.4*.6.12  ★ CANDIDATE (not in Myers)  (30 cell polys, area check ✓)
  ctrnact-star-k6-n0016  k=6  3.4.4*.6.12  ★ CANDIDATE (not in Myers)  (16 cell polys, area check ✓)
  ctrnact-star-k6-n0017  k=6  3.4.4*.6.12  ★ CANDIDATE (not in Myers)  (16 cell polys, area check ✓)
  ctrnact-star-k6-n0018  k=6  3.4.4*.6.12.12*  ★ CANDIDATE (not in Myers)  (54 cell polys, area check ✓)
  ctrnact-star-k6-n0019  k=6  3.4.4*.6.12.12*  ★ CANDIDATE (not in Myers)  (44 cell polys, area check ✓)
  ctrnact-star-k6-n0020  k=6  3.4.4*.6.12.12*  ★ CANDIDATE (not in Myers)  (44 cell polys, area check ✓)
  ctrnact-star-k6-n0021  k=6  3.4.6.12.12*  ★ CANDIDATE (not in Myers)  (63 cell polys, area check ✓)
  ctrnact-star-k6-n0022  k=6  3.4.6.12.12*  ★ CANDIDATE (not in Myers)  (81 cell polys, area check ✓)
  ctrnact-star-k6-n0023  k=6  3.4.6.12.12*  ★ CANDIDATE (not in Myers)  (24 cell polys, area check ✓)
  ctrnact-star-k6-n0024  k=6  3.4.6.12.12*  ★ CANDIDATE (not in Myers)  (90 cell polys, area check ✓)
  ctrnact-star-k6-n0025  k=6  3.4.6.12.12*  ★ CANDIDATE (not in Myers)  (75 cell polys, area check ✓)
  ctrnact-star-k6-n0026  k=6  3.4.6.12.12*  ★ CANDIDATE (not in Myers)  (93 cell polys, area check ✓)
  ctrnact-star-k6-n0027  k=6  3.4.6.12.12*  ★ CANDIDATE (not in Myers)  (78 cell polys, area check ✓)
  ctrnact-star-k6-n0028  k=6  3.3*.4.6  ★ CANDIDATE (not in Myers)  (39 cell polys, area check ✓)
  ctrnact-star-k6-n0029  k=6  3.3*.4.6  ★ CANDIDATE (not in Myers)  (36 cell polys, area check ✓)
  ctrnact-star-k6-n0030  k=6  3.3*.4.6  ★ CANDIDATE (not in Myers)  (39 cell polys, area check ✓)
  ctrnact-star-k6-n0031  k=6  3.3*.4.6  ★ CANDIDATE (not in Myers)  (36 cell polys, area check ✓)
  ctrnact-star-k6-n0032  k=6  3.3*.4.6  ★ CANDIDATE (not in Myers)  (33 cell polys, area check ✓)
  ctrnact-star-k6-n0033  k=6  3.3*.4.6  ★ CANDIDATE (not in Myers)  (39 cell polys, area check ✓)
  ctrnact-star-k6-n0034  k=6  3.3*.4.6  ★ CANDIDATE (not in Myers)  (39 cell polys, area check ✓)
  ctrnact-star-k6-n0035  k=6  3.3*.4.6  ★ CANDIDATE (not in Myers)  (18 cell polys, area check ✓)
  ctrnact-star-k6-n0036  k=6  3.3*.4.6  ★ CANDIDATE (not in Myers)  (33 cell polys, area check ✓)
  ctrnact-star-k6-n0037  k=6  3.3*.4.6  ★ CANDIDATE (not in Myers)  (36 cell polys, area check ✓)
  ctrnact-star-k6-n0038  k=6  3.3*.4.6  ★ CANDIDATE (not in Myers)  (18 cell polys, area check ✓)
  ctrnact-star-k6-n0039  k=6  3.3*.4.6  ★ CANDIDATE (not in Myers)  (39 cell polys, area check ✓)
  ctrnact-star-k6-n0040  k=6  3.3*.4.6  ★ CANDIDATE (not in Myers)  (39 cell polys, area check ✓)
  ctrnact-star-k6-n0041  k=6  3.3*.4.6  ★ CANDIDATE (not in Myers)  (36 cell polys, area check ✓)
  ctrnact-star-k6-n0042  k=6  3.3*.4.6  ★ CANDIDATE (not in Myers)  (33 cell polys, area check ✓)
  ctrnact-star-k6-n0043  k=6  3.3*.4.6  ★ CANDIDATE (not in Myers)  (36 cell polys, area check ✓)
  ctrnact-star-k6-n0044  k=6  3.3*.4.4*.6  ★ CANDIDATE (not in Myers)  (9 cell polys, area check ✓)
  ctrnact-star-k6-n0045  k=6  3.3*.4.4*.6  ★ CANDIDATE (not in Myers)  (24 cell polys, area check ✓)
  ctrnact-star-k6-n0046  k=6  3.3*.4.6.6*  ★ CANDIDATE (not in Myers)  (24 cell polys, area check ✓)
  ctrnact-star-k6-n0047  k=6  3.3*.4.6.6*  ★ CANDIDATE (not in Myers)  (30 cell polys, area check ✓)
  ctrnact-star-k6-n0048  k=6  3.3*.4.6.12*  ★ CANDIDATE (not in Myers)  (45 cell polys, area check ✓)
  ctrnact-star-k6-n0049  k=6  3.4.4*.6  ★ CANDIDATE (not in Myers)  (42 cell polys, area check ✓)
  ctrnact-star-k6-n0050  k=6  3.4.4*.6  ★ CANDIDATE (not in Myers)  (17 cell polys, area check ✓)
  ctrnact-star-k6-n0051  k=6  3.4.4*.6  ★ CANDIDATE (not in Myers)  (19 cell polys, area check ✓)
  ctrnact-star-k6-n0052  k=6  3.4.4*.6  ★ CANDIDATE (not in Myers)  (24 cell polys, area check ✓)
  ctrnact-star-k6-n0053  k=6  3.4.4*.6  ★ CANDIDATE (not in Myers)  (30 cell polys, area check ✓)
  ctrnact-star-k6-n0054  k=6  3.4.4*.6  ★ CANDIDATE (not in Myers)  (36 cell polys, area check ✓)
  ctrnact-star-k6-n0055  k=6  3.4.4*.6  ★ CANDIDATE (not in Myers)  (22 cell polys, area check ✓)
  ctrnact-star-k6-n0056  k=6  3.4.4*.6  ★ CANDIDATE (not in Myers)  (21 cell polys, area check ✓)
  ctrnact-star-k6-n0057  k=6  3.4.4*.6  ★ CANDIDATE (not in Myers)  (22 cell polys, area check ✓)
  ctrnact-star-k6-n0058  k=6  3.4.4*.6  ★ CANDIDATE (not in Myers)  (21 cell polys, area check ✓)
  ctrnact-star-k6-n0059  k=6  3.4.4*.6  ★ CANDIDATE (not in Myers)  (20 cell polys, area check ✓)
  ctrnact-star-k6-n0060  k=6  3.4.4*.6  ★ CANDIDATE (not in Myers)  (20 cell polys, area check ✓)
  ctrnact-star-k6-n0061  k=6  3.4.4*.6  ★ CANDIDATE (not in Myers)  (20 cell polys, area check ✓)
  ctrnact-star-k6-n0062  k=6  3.4.4*.6  ★ CANDIDATE (not in Myers)  (22 cell polys, area check ✓)
  ctrnact-star-k6-n0063  k=6  3.4.4*.6  ★ CANDIDATE (not in Myers)  (24 cell polys, area check ✓)
  ctrnact-star-k6-n0064  k=6  3.4.4*.6  ★ CANDIDATE (not in Myers)  (23 cell polys, area check ✓)
  ctrnact-star-k6-n0065  k=6  3.4.4*.6  ★ CANDIDATE (not in Myers)  (22 cell polys, area check ✓)
  ctrnact-star-k6-n0066  k=6  3.4.4*.6  ★ CANDIDATE (not in Myers)  (26 cell polys, area check ✓)
  ctrnact-star-k6-n0067  k=6  3.4.4*.6  ★ CANDIDATE (not in Myers)  (20 cell polys, area check ✓)
  ctrnact-star-k6-n0068  k=6  3.4.4*.6  ★ CANDIDATE (not in Myers)  (20 cell polys, area check ✓)
  ctrnact-star-k6-n0069  k=6  3.4.4*.6  ★ CANDIDATE (not in Myers)  (22 cell polys, area check ✓)
  ctrnact-star-k6-n0070  k=6  3.4.4*.6  ★ CANDIDATE (not in Myers)  (24 cell polys, area check ✓)
  ctrnact-star-k6-n0071  k=6  3.4.4*.6  ★ CANDIDATE (not in Myers)  (23 cell polys, area check ✓)
  ctrnact-star-k6-n0072  k=6  3.4.4*.6  ★ CANDIDATE (not in Myers)  (22 cell polys, area check ✓)
  ctrnact-star-k6-n0073  k=6  3.4.4*.6  ★ CANDIDATE (not in Myers)  (20 cell polys, area check ✓)
  ctrnact-star-k6-n0074  k=6  3.4.4*.6  ★ CANDIDATE (not in Myers)  (16 cell polys, area check ✓)
  ctrnact-star-k6-n0075  k=6  3.4.4*.6  ★ CANDIDATE (not in Myers)  (17 cell polys, area check ✓)
  ctrnact-star-k6-n0076  k=6  3.4.4*.6  ★ CANDIDATE (not in Myers)  (20 cell polys, area check ✓)
  ctrnact-star-k6-n0077  k=6  3.4.4*.6  ★ CANDIDATE (not in Myers)  (22 cell polys, area check ✓)
  ctrnact-star-k6-n0078  k=6  3.4.4*.6  ★ CANDIDATE (not in Myers)  (22 cell polys, area check ✓)
  ctrnact-star-k6-n0079  k=6  3.4.4*.6  ★ CANDIDATE (not in Myers)  (21 cell polys, area check ✓)
  ctrnact-star-k6-n0080  k=6  3.4.4*.6  ★ CANDIDATE (not in Myers)  (22 cell polys, area check ✓)
  ctrnact-star-k6-n0081  k=6  3.4.4*.6  ★ CANDIDATE (not in Myers)  (22 cell polys, area check ✓)
  ctrnact-star-k6-n0082  k=6  3.4.4*.6  ★ CANDIDATE (not in Myers)  (21 cell polys, area check ✓)
  ctrnact-star-k6-n0083  k=6  3.4.4*.6  ★ CANDIDATE (not in Myers)  (21 cell polys, area check ✓)
  ctrnact-star-k6-n0084  k=6  3.4.4*.6  ★ CANDIDATE (not in Myers)  (47 cell polys, area check ✓)
  ctrnact-star-k6-n0085  k=6  3.4.4*.6  ★ CANDIDATE (not in Myers)  (22 cell polys, area check ✓)
  ctrnact-star-k6-n0086  k=6  3.4.4*.6  ★ CANDIDATE (not in Myers)  (21 cell polys, area check ✓)
  ctrnact-star-k6-n0087  k=6  3.4.4*.6  ★ CANDIDATE (not in Myers)  (20 cell polys, area check ✓)
  ctrnact-star-k6-n0088  k=6  3.4.4*.6  ★ CANDIDATE (not in Myers)  (16 cell polys, area check ✓)
  ctrnact-star-k6-n0089  k=6  3.4.4*.6  ★ CANDIDATE (not in Myers)  (20 cell polys, area check ✓)
  ctrnact-star-k6-n0090  k=6  3.4.4*.6  ★ CANDIDATE (not in Myers)  (19 cell polys, area check ✓)
  ctrnact-star-k6-n0091  k=6  3.4.4*.6  ★ CANDIDATE (not in Myers)  (24 cell polys, area check ✓)
  ctrnact-star-k6-n0092  k=6  3.4.4*.6  ★ CANDIDATE (not in Myers)  (24 cell polys, area check ✓)
  ctrnact-star-k6-n0093  k=6  3.4.4*.6  ★ CANDIDATE (not in Myers)  (21 cell polys, area check ✓)
  ctrnact-star-k6-n0094  k=6  3.4.4*.6  ★ CANDIDATE (not in Myers)  (22 cell polys, area check ✓)
  ctrnact-star-k6-n0095  k=6  3.4.4*.6  ★ CANDIDATE (not in Myers)  (19 cell polys, area check ✓)
  ctrnact-star-k6-n0096  k=6  3.4.4*.6  ★ CANDIDATE (not in Myers)  (20 cell polys, area check ✓)
  ctrnact-star-k6-n0097  k=6  3.4.4*.6  ★ CANDIDATE (not in Myers)  (19 cell polys, area check ✓)
  ctrnact-star-k6-n0098  k=6  3.4.4*.6  ★ CANDIDATE (not in Myers)  (18 cell polys, area check ✓)
  ctrnact-star-k6-n0099  k=6  3.4.4*.6  ★ CANDIDATE (not in Myers)  (10 cell polys, area check ✓)
  ctrnact-star-k6-n0100  k=6  3.4.4*.6  ★ CANDIDATE (not in Myers)  (19 cell polys, area check ✓)
  ctrnact-star-k6-n0101  k=6  3.4.4*.6  ★ CANDIDATE (not in Myers)  (18 cell polys, area check ✓)
  ctrnact-star-k6-n0102  k=6  3.4.4*.6  ★ CANDIDATE (not in Myers)  (17 cell polys, area check ✓)
  ctrnact-star-k6-n0103  k=6  3.4.4*.6  ★ CANDIDATE (not in Myers)  (18 cell polys, area check ✓)
  ctrnact-star-k6-n0104  k=6  3.4.4*.6  ★ CANDIDATE (not in Myers)  (18 cell polys, area check ✓)
  ctrnact-star-k6-n0105  k=6  3.4.4*.6  ★ CANDIDATE (not in Myers)  (17 cell polys, area check ✓)
  ctrnact-star-k6-n0106  k=6  3.4.4*.6  ★ CANDIDATE (not in Myers)  (23 cell polys, area check ✓)
  ctrnact-star-k6-n0107  k=6  3.4.4*.6  ★ CANDIDATE (not in Myers)  (22 cell polys, area check ✓)
  ctrnact-star-k6-n0108  k=6  3.4.4*.6  ★ CANDIDATE (not in Myers)  (21 cell polys, area check ✓)
  ctrnact-star-k6-n0109  k=6  3.4.4*.6  ★ CANDIDATE (not in Myers)  (23 cell polys, area check ✓)
  ctrnact-star-k6-n0110  k=6  3.4.4*.6  ★ CANDIDATE (not in Myers)  (66 cell polys, area check ✓)
  ctrnact-star-k6-n0111  k=6  3.4.4*.6  ★ CANDIDATE (not in Myers)  (47 cell polys, area check ✓)
  ctrnact-star-k6-n0112  k=6  3.4.4*.6  ★ CANDIDATE (not in Myers)  (19 cell polys, area check ✓)
  ctrnact-star-k6-n0113  k=6  3.4.4*.6  ★ CANDIDATE (not in Myers)  (19 cell polys, area check ✓)
  ctrnact-star-k6-n0114  k=6  3.4.4*.6  ★ CANDIDATE (not in Myers)  (24 cell polys, area check ✓)
  ctrnact-star-k6-n0115  k=6  3.4.4*.6  ★ CANDIDATE (not in Myers)  (23 cell polys, area check ✓)
  ctrnact-star-k6-n0116  k=6  3.4.4*.6  ★ CANDIDATE (not in Myers)  (23 cell polys, area check ✓)
  ctrnact-star-k6-n0117  k=6  3.4.4*.6  ★ CANDIDATE (not in Myers)  (24 cell polys, area check ✓)
  ctrnact-star-k6-n0118  k=6  3.4.4*.6  ★ CANDIDATE (not in Myers)  (22 cell polys, area check ✓)
  ctrnact-star-k6-n0119  k=6  3.4.4*.6  ★ CANDIDATE (not in Myers)  (20 cell polys, area check ✓)
  ctrnact-star-k6-n0120  k=6  3.4.4*.6  ★ CANDIDATE (not in Myers)  (19 cell polys, area check ✓)
  ctrnact-star-k6-n0121  k=6  3.4.4*.6  ★ CANDIDATE (not in Myers)  (22 cell polys, area check ✓)
  ctrnact-star-k6-n0122  k=6  3.4.4*.6  ★ CANDIDATE (not in Myers)  (24 cell polys, area check ✓)
  ctrnact-star-k6-n0123  k=6  3.4.4*.6  ★ CANDIDATE (not in Myers)  (24 cell polys, area check ✓)
  ctrnact-star-k6-n0124  k=6  3.4.4*.6  ★ CANDIDATE (not in Myers)  (23 cell polys, area check ✓)
  ctrnact-star-k6-n0125  k=6  3.4.4*.6  ★ CANDIDATE (not in Myers)  (18 cell polys, area check ✓)
  ctrnact-star-k6-n0126  k=6  3.4.4*.6  ★ CANDIDATE (not in Myers)  (17 cell polys, area check ✓)
  ctrnact-star-k6-n0127  k=6  3.4.4*.6  ★ CANDIDATE (not in Myers)  (52 cell polys, area check ✓)
  ctrnact-star-k6-n0128  k=6  3.4.4*.6  ★ CANDIDATE (not in Myers)  (26 cell polys, area check ✓)
  ctrnact-star-k6-n0129  k=6  3.4.4*.6  ★ CANDIDATE (not in Myers)  (26 cell polys, area check ✓)
  ctrnact-star-k6-n0130  k=6  3.4.4*.6  ★ CANDIDATE (not in Myers)  (26 cell polys, area check ✓)
  ctrnact-star-k6-n0131  k=6  3.4.4*.6  ★ CANDIDATE (not in Myers)  (26 cell polys, area check ✓)
  ctrnact-star-k6-n0132  k=6  3.4.4*.6  ★ CANDIDATE (not in Myers)  (28 cell polys, area check ✓)
  ctrnact-star-k6-n0133  k=6  3.4.4*.6  ★ CANDIDATE (not in Myers)  (19 cell polys, area check ✓)
  ctrnact-star-k6-n0134  k=6  3.4.4*.6  ★ CANDIDATE (not in Myers)  (18 cell polys, area check ✓)
  ctrnact-star-k6-n0135  k=6  3.4.4*.6  ★ CANDIDATE (not in Myers)  (18 cell polys, area check ✓)
  ctrnact-star-k6-n0136  k=6  3.4.4*.6  ★ CANDIDATE (not in Myers)  (16 cell polys, area check ✓)
  ctrnact-star-k6-n0137  k=6  3.4.4*.6  ★ CANDIDATE (not in Myers)  (17 cell polys, area check ✓)
  ctrnact-star-k6-n0138  k=6  3.4.4*.6  ★ CANDIDATE (not in Myers)  (17 cell polys, area check ✓)
  ctrnact-star-k6-n0139  k=6  3.4.4*.6  ★ CANDIDATE (not in Myers)  (19 cell polys, area check ✓)
  ctrnact-star-k6-n0140  k=6  3.4.4*.6  ★ CANDIDATE (not in Myers)  (10 cell polys, area check ✓)
  ctrnact-star-k6-n0141  k=6  3.4.4*.6  ★ CANDIDATE (not in Myers)  (20 cell polys, area check ✓)
  ctrnact-star-k6-n0142  k=6  3.4.4*.6  ★ CANDIDATE (not in Myers)  (10 cell polys, area check ✓)
  ctrnact-star-k6-n0143  k=6  3.4.4*.6  ★ CANDIDATE (not in Myers)  (8 cell polys, area check ✓)
  ctrnact-star-k6-n0144  k=6  3.4.4*.6  ★ CANDIDATE (not in Myers)  (24 cell polys, area check ✓)
  ctrnact-star-k6-n0145  k=6  3.4.4*.6.6*  ★ CANDIDATE (not in Myers)  (42 cell polys, area check ✓)
  ctrnact-star-k6-n0146  k=6  3.4.4*.6.6*  ★ CANDIDATE (not in Myers)  (78 cell polys, area check ✓)
  ctrnact-star-k6-n0147  k=6  3.4.4*.6.6*  ★ CANDIDATE (not in Myers)  (16 cell polys, area check ✓)
  ctrnact-star-k6-n0148  k=6  3.4.4*.6.12*  ★ CANDIDATE (not in Myers)  (84 cell polys, area check ✓)
  ctrnact-star-k6-n0149  k=6  3.4.4*.6.12*  ★ CANDIDATE (not in Myers)  (32 cell polys, area check ✓)
  ctrnact-star-k6-n0150  k=6  3.4.4*.6.12*  ★ CANDIDATE (not in Myers)  (32 cell polys, area check ✓)
  ctrnact-star-k6-n0151  k=6  3.4.4*.6.12*  ★ CANDIDATE (not in Myers)  (46 cell polys, area check ✓)
  ctrnact-star-k6-n0152  k=6  3.4.4*.6.12*  ★ CANDIDATE (not in Myers)  (84 cell polys, area check ✓)
  ctrnact-star-k6-n0153  k=6  3.4.4*.6.12*  ★ CANDIDATE (not in Myers)  (64 cell polys, area check ✓)
  ctrnact-star-k6-n0154  k=6  3.4.4*.6.12*  ★ CANDIDATE (not in Myers)  (46 cell polys, area check ✓)
  ctrnact-star-k6-n0155  k=6  3.4.4*.6.12*  ★ CANDIDATE (not in Myers)  (32 cell polys, area check ✓)
  ctrnact-star-k6-n0156  k=6  3.4.4*.6.12*  ★ CANDIDATE (not in Myers)  (54 cell polys, area check ✓)
  ctrnact-star-k6-n0157  k=6  3.4.4*.6.12*  ★ CANDIDATE (not in Myers)  (48 cell polys, area check ✓)
  ctrnact-star-k6-n0158  k=6  3.4.4*.6  ★ CANDIDATE (not in Myers)  (20 cell polys, area check ✓)
  ctrnact-star-k6-n0159  k=6  3.4.4*.6  ★ CANDIDATE (not in Myers)  (24 cell polys, area check ✓)
  ctrnact-star-k6-n0160  k=6  3.4.4*.6  ★ CANDIDATE (not in Myers)  (12 cell polys, area check ✓)
  ctrnact-star-k6-n0161  k=6  3.4.4*.6  ★ CANDIDATE (not in Myers)  (24 cell polys, area check ✓)
  ctrnact-star-k6-n0162  k=6  3.4.4*.6  ★ CANDIDATE (not in Myers)  (20 cell polys, area check ✓)
  ctrnact-star-k6-n0163  k=6  3.4.4*.6  ★ CANDIDATE (not in Myers)  (54 cell polys, area check ✓)
  ctrnact-star-k6-n0164  k=6  3.4.4*.6.12*  ★ CANDIDATE (not in Myers)  (60 cell polys, area check ✓)
  ctrnact-star-k6-n0165  k=6  3.4.4*.6.12*  ★ CANDIDATE (not in Myers)  (78 cell polys, area check ✓)
  ctrnact-star-k6-n0166  k=6  3.4.4*.6.12*  ★ CANDIDATE (not in Myers)  (48 cell polys, area check ✓)
  ctrnact-star-k6-n0167  k=6  3.4.4*.6.12*  ★ CANDIDATE (not in Myers)  (78 cell polys, area check ✓)
  ctrnact-star-k6-n0168  k=6  3.4.4*.6.12*  ★ CANDIDATE (not in Myers)  (30 cell polys, area check ✓)
  ctrnact-star-k6-n0169  k=6  3.4.4*.6.12*  ★ CANDIDATE (not in Myers)  (26 cell polys, area check ✓)
  ctrnact-star-k6-n0170  k=6  3.4.4*.6.12*  ★ CANDIDATE (not in Myers)  (26 cell polys, area check ✓)
  ctrnact-star-k6-n0171  k=6  3.4.4*.6.12*  ★ CANDIDATE (not in Myers)  (30 cell polys, area check ✓)
  ctrnact-star-k6-n0172  k=6  3.4.4*.6.12*  ★ CANDIDATE (not in Myers)  (72 cell polys, area check ✓)
  ctrnact-star-k6-n0173  k=6  3.4.4*.6.12*  ★ CANDIDATE (not in Myers)  (38 cell polys, area check ✓)
  ctrnact-star-k6-n0174  k=6  3.4.4*.6.12*  ★ CANDIDATE (not in Myers)  (72 cell polys, area check ✓)
  ctrnact-star-k6-n0175  k=6  3.4.4*.6.12*  ★ CANDIDATE (not in Myers)  (28 cell polys, area check ✓)
  ctrnact-star-k6-n0176  k=6  3.4.6.6*  ★ CANDIDATE (not in Myers)  (39 cell polys, area check ✓)
  ctrnact-star-k6-n0177  k=6  3.4.6.6*  ★ CANDIDATE (not in Myers)  (39 cell polys, area check ✓)
  ctrnact-star-k6-n0178  k=6  3.4.6.6*  ★ CANDIDATE (not in Myers)  (45 cell polys, area check ✓)
  ctrnact-star-k6-n0179  k=6  3.4.6.6*  ★ CANDIDATE (not in Myers)  (69 cell polys, area check ✓)
  ctrnact-star-k6-n0180  k=6  3.4.6.6*  ★ CANDIDATE (not in Myers)  (69 cell polys, area check ✓)
  ctrnact-star-k6-n0181  k=6  3.4.6.6*  ★ CANDIDATE (not in Myers)  (54 cell polys, area check ✓)
  ctrnact-star-k6-n0182  k=6  3.4.6.6*  ★ CANDIDATE (not in Myers)  (55 cell polys, area check ✓)
  ctrnact-star-k6-n0183  k=6  3.4.6.6*  ★ CANDIDATE (not in Myers)  (58 cell polys, area check ✓)
  ctrnact-star-k6-n0184  k=6  3.4.6.6*  ★ CANDIDATE (not in Myers)  (69 cell polys, area check ✓)
  ctrnact-star-k6-n0185  k=6  3.4.6.6*  ★ CANDIDATE (not in Myers)  (20 cell polys, area check ✓)
  ctrnact-star-k6-n0186  k=6  3.4.6.6*  ★ CANDIDATE (not in Myers)  (26 cell polys, area check ✓)
  ctrnact-star-k6-n0187  k=6  3.4.6.6*  ★ CANDIDATE (not in Myers)  (26 cell polys, area check ✓)
  ctrnact-star-k6-n0188  k=6  3.4.6.12*  ★ CANDIDATE (not in Myers)  (72 cell polys, area check ✓)
  ctrnact-star-k6-n0189  k=6  3.4.6.12*  ★ CANDIDATE (not in Myers)  (64 cell polys, area check ✓)
  ctrnact-star-k6-n0190  k=6  3.4.6.12*  ★ CANDIDATE (not in Myers)  (69 cell polys, area check ✓)
  ctrnact-star-k6-n0191  k=6  3.4.6.12*  ★ CANDIDATE (not in Myers)  (87 cell polys, area check ✓)
  ctrnact-star-k6-n0192  k=6  3.4.6.12*  ★ CANDIDATE (not in Myers)  (63 cell polys, area check ✓)
  ctrnact-star-k6-n0193  k=6  3.4.6.12*  ★ CANDIDATE (not in Myers)  (72 cell polys, area check ✓)
  ctrnact-star-k6-n0194  k=6  3.4.6.12*  ★ CANDIDATE (not in Myers)  (78 cell polys, area check ✓)
  ctrnact-star-k6-n0195  k=6  3.4.6.12*  ★ CANDIDATE (not in Myers)  (90 cell polys, area check ✓)
  ctrnact-star-k6-n0196  k=6  3.4.6.12*  ★ CANDIDATE (not in Myers)  (105 cell polys, area check ✓)
  ctrnact-star-k6-n0197  k=6  3.4.6.12*  ★ CANDIDATE (not in Myers)  (77 cell polys, area check ✓)
  ctrnact-star-k6-n0198  k=6  3.4.6.12*  ★ CANDIDATE (not in Myers)  (77 cell polys, area check ✓)
  ctrnact-star-k6-n0199  k=6  3.4.6.12*  ★ CANDIDATE (not in Myers)  (72 cell polys, area check ✓)
  ctrnact-star-k6-n0200  k=6  3.4.6.12*  ★ CANDIDATE (not in Myers)  (72 cell polys, area check ✓)
  ctrnact-star-k6-n0201  k=6  3.4.6.12*  ★ CANDIDATE (not in Myers)  (30 cell polys, area check ✓)
  ctrnact-star-k6-n0202  k=6  3.4.6.12*  ★ CANDIDATE (not in Myers)  (102 cell polys, area check ✓)
  ctrnact-star-k6-n0203  k=6  3.4.6.12*  ★ CANDIDATE (not in Myers)  (102 cell polys, area check ✓)
  ctrnact-star-k6-n0204  k=6  3.4.6.12*  ★ CANDIDATE (not in Myers)  (34 cell polys, area check ✓)
  ctrnact-star-k6-n0205  k=6  3.4.6.12*  ★ CANDIDATE (not in Myers)  (34 cell polys, area check ✓)
  ctrnact-star-k6-n0206  k=6  3.4.6.12*  ★ CANDIDATE (not in Myers)  (102 cell polys, area check ✓)
  ctrnact-star-k6-n0207  k=6  3.4.6.12*  ★ CANDIDATE (not in Myers)  (35 cell polys, area check ✓)
  ctrnact-star-k6-n0208  k=6  3.4.6.12*  ★ CANDIDATE (not in Myers)  (29 cell polys, area check ✓)
  ctrnact-star-k6-n0209  k=6  3.4.6.12*  ★ CANDIDATE (not in Myers)  (82 cell polys, area check ✓)
  ctrnact-star-k6-n0210  k=6  3.4.6.12*  ★ CANDIDATE (not in Myers)  (29 cell polys, area check ✓)
  ctrnact-star-k6-n0211  k=6  3.4.6.12*  ★ CANDIDATE (not in Myers)  (82 cell polys, area check ✓)
  ctrnact-star-k6-n0212  k=6  3.4.6.12*  ★ CANDIDATE (not in Myers)  (45 cell polys, area check ✓)
  ctrnact-star-k6-n0213  k=6  3.4.6.12*  ★ CANDIDATE (not in Myers)  (36 cell polys, area check ✓)
  ctrnact-star-k6-n0214  k=6  3.4.6.12*  ★ CANDIDATE (not in Myers)  (30 cell polys, area check ✓)
  ctrnact-star-k6-n0215  k=6  3.4.6.12*  ★ CANDIDATE (not in Myers)  (84 cell polys, area check ✓)
  ctrnact-star-k6-n0216  k=6  3.4.6.12*  ★ CANDIDATE (not in Myers)  (69 cell polys, area check ✓)
  ctrnact-star-k6-n0217  k=6  3.4.6.12*  ★ CANDIDATE (not in Myers)  (50 cell polys, area check ✓)
  ctrnact-star-k6-n0218  k=6  3.4.6.12*  ★ CANDIDATE (not in Myers)  (84 cell polys, area check ✓)
  ctrnact-star-k6-n0219  k=6  3.4.6.12*  ★ CANDIDATE (not in Myers)  (90 cell polys, area check ✓)
  ctrnact-star-k6-n0220  k=6  3.4.6.12*  ★ CANDIDATE (not in Myers)  (30 cell polys, area check ✓)
  ctrnact-star-k6-n0221  k=6  3.4.6.12*  ★ CANDIDATE (not in Myers)  (42 cell polys, area check ✓)
  ctrnact-star-k6-n0222  k=6  3.4.6.6*  ★ CANDIDATE (not in Myers)  (27 cell polys, area check ✓)
  ctrnact-star-k6-n0223  k=6  3.4.6.6*  ★ CANDIDATE (not in Myers)  (33 cell polys, area check ✓)
  ctrnact-star-k6-n0224  k=6  3.4.6.6*  ★ CANDIDATE (not in Myers)  (33 cell polys, area check ✓)
  ctrnact-star-k6-n0225  k=6  3.4.6.12*  ★ CANDIDATE (not in Myers)  (26 cell polys, area check ✓)
  ctrnact-star-k6-n0226  k=6  3.4.6.12*  ★ CANDIDATE (not in Myers)  (51 cell polys, area check ✓)
  ctrnact-star-k6-n0227  k=6  3.4.6.12*  ★ CANDIDATE (not in Myers)  (39 cell polys, area check ✓)
  ctrnact-star-k6-n0228  k=6  3.4.6.12*  ★ CANDIDATE (not in Myers)  (51 cell polys, area check ✓)
  ctrnact-star-k6-n0229  k=6  3.4.6.12*  ★ CANDIDATE (not in Myers)  (51 cell polys, area check ✓)
  ctrnact-star-k6-n0230  k=6  3.4.6.12*  ★ CANDIDATE (not in Myers)  (52 cell polys, area check ✓)
  ctrnact-star-k6-n0231  k=6  3.4.6.12*  ★ CANDIDATE (not in Myers)  (57 cell polys, area check ✓)
  ctrnact-star-k6-n0232  k=6  3.3*.4.4*.8  ★ CANDIDATE (not in Myers)  (14 cell polys, area check ✓)
  ctrnact-star-k6-n0233  k=6  3.4.4*.8.8*  ★ CANDIDATE (not in Myers)  (54 cell polys, area check ✓)
  ctrnact-star-k6-n0234  k=6  3.4.4*.8.8*  ★ CANDIDATE (not in Myers)  (24 cell polys, area check ✓)
  ctrnact-star-k6-n0235  k=6  3.4.4*.8.8*  ★ CANDIDATE (not in Myers)  (62 cell polys, area check ✓)
  ctrnact-star-k6-n0236  k=6  3.4.4*.8.8*  ★ CANDIDATE (not in Myers)  (66 cell polys, area check ✓)
  ctrnact-star-k6-n0237  k=6  3.4.4*.8.8*  ★ CANDIDATE (not in Myers)  (78 cell polys, area check ✓)
  ctrnact-star-k6-n0238  k=6  3.4.4*.8.8*  ★ CANDIDATE (not in Myers)  (44 cell polys, area check ✓)
  ctrnact-star-k6-n0239  k=6  3.4.4*.8.8*  ★ CANDIDATE (not in Myers)  (40 cell polys, area check ✓)
  ctrnact-star-k6-n0240  k=6  3.4.4*.8.8*  ★ CANDIDATE (not in Myers)  (44 cell polys, area check ✓)
  ctrnact-star-k6-n0241  k=6  3.4.4*.8.8*  ★ CANDIDATE (not in Myers)  (40 cell polys, area check ✓)
  ctrnact-star-k6-n0242  k=6  3.4.4*.8.8*  ★ CANDIDATE (not in Myers)  (44 cell polys, area check ✓)
  ctrnact-star-k6-n0243  k=6  3.4.4*.8.8*  ★ CANDIDATE (not in Myers)  (48 cell polys, area check ✓)
  ctrnact-star-k6-n0244  k=6  3.4.4*.8.8*  ★ CANDIDATE (not in Myers)  (46 cell polys, area check ✓)
  ctrnact-star-k6-n0245  k=6  3.4.4*.8.8*  ★ CANDIDATE (not in Myers)  (36 cell polys, area check ✓)
  ctrnact-star-k6-n0246  k=6  3.4.4*.8.8*  ★ CANDIDATE (not in Myers)  (32 cell polys, area check ✓)
  ctrnact-star-k6-n0247  k=6  3.4.4*.8.8*  ★ CANDIDATE (not in Myers)  (40 cell polys, area check ✓)
  ctrnact-star-k6-n0248  k=6  3.4.8.8*  ★ CANDIDATE (not in Myers)  (26 cell polys, area check ✓)
  ctrnact-star-k6-n0249  k=6  3.4.8.8*  ★ CANDIDATE (not in Myers)  (58 cell polys, area check ✓)
  ctrnact-star-k6-n0250  k=6  3.4.8.8*  ★ CANDIDATE (not in Myers)  (50 cell polys, area check ✓)
  ctrnact-star-k6-n0251  k=6  3.4.8.8*  ★ CANDIDATE (not in Myers)  (28 cell polys, area check ✓)
  ctrnact-star-k6-n0252  k=6  3.4.8.8*  ★ CANDIDATE (not in Myers)  (28 cell polys, area check ✓)
  ctrnact-star-k6-n0253  k=6  3.4.8.8*  ★ CANDIDATE (not in Myers)  (36 cell polys, area check ✓)
  ctrnact-star-k6-n0254  k=6  3.4.8.8*  ★ CANDIDATE (not in Myers)  (44 cell polys, area check ✓)
  ctrnact-star-k6-n0255  k=6  3.4.8.8*  ★ CANDIDATE (not in Myers)  (44 cell polys, area check ✓)
  ctrnact-star-k6-n0256  k=6  3.4.8.8*  ★ CANDIDATE (not in Myers)  (20 cell polys, area check ✓)
  ctrnact-star-k6-n0257  k=6  3.4.8.8*  ★ CANDIDATE (not in Myers)  (16 cell polys, area check ✓)
  ctrnact-star-k6-n0258  k=6  3.4.8.8*  ★ CANDIDATE (not in Myers)  (32 cell polys, area check ✓)
  ctrnact-star-k6-n0259  k=6  3.4.8.8*  ★ CANDIDATE (not in Myers)  (82 cell polys, area check ✓)
  ctrnact-star-k6-n0260  k=6  3.4.8.8*  ★ CANDIDATE (not in Myers)  (52 cell polys, area check ✓)
  ctrnact-star-k6-n0261  k=6  3.4.8.8*  ★ CANDIDATE (not in Myers)  (20 cell polys, area check ✓)
  ctrnact-star-k6-n0262  k=6  3.4.8.8*  ★ CANDIDATE (not in Myers)  (44 cell polys, area check ✓)
  ctrnact-star-k6-n0263  k=6  3.4.8.8*  ★ CANDIDATE (not in Myers)  (28 cell polys, area check ✓)
  ctrnact-star-k6-n0264  k=6  3.4.8.8*  ★ CANDIDATE (not in Myers)  (48 cell polys, area check ✓)
  ctrnact-star-k6-n0265  k=6  3.4.8.8*  ★ CANDIDATE (not in Myers)  (52 cell polys, area check ✓)
  ctrnact-star-k6-n0266  k=6  3.4.8.8*  ★ CANDIDATE (not in Myers)  (50 cell polys, area check ✓)
  ctrnact-star-k6-n0267  k=6  3.4.8.8*  ★ CANDIDATE (not in Myers)  (44 cell polys, area check ✓)
  ctrnact-star-k6-n0268  k=6  3.4.8.8*  ★ CANDIDATE (not in Myers)  (28 cell polys, area check ✓)
  ctrnact-star-k6-n0269  k=6  3.4.8.8*  ★ CANDIDATE (not in Myers)  (36 cell polys, area check ✓)
  ctrnact-star-k6-n0270  k=6  3.4.8.8*  ★ CANDIDATE (not in Myers)  (58 cell polys, area check ✓)
  ctrnact-star-k6-n0271  k=6  3.4.8.8*  ★ CANDIDATE (not in Myers)  (30 cell polys, area check ✓)
  ctrnact-star-k6-n0272  k=6  3.4.8.8*  ★ CANDIDATE (not in Myers)  (44 cell polys, area check ✓)
  ctrnact-star-k6-n0273  k=6  3.3*.4.12  ★ CANDIDATE (not in Myers)  (17 cell polys, area check ✓)
  ctrnact-star-k6-n0274  k=6  3.3*.4.12  ★ CANDIDATE (not in Myers)  (18 cell polys, area check ✓)
  ctrnact-star-k6-n0275  k=6  3.3*.4.12  ★ CANDIDATE (not in Myers)  (24 cell polys, area check ✓)
  ctrnact-star-k6-n0276  k=6  3.3*.4.12  ★ CANDIDATE (not in Myers)  (45 cell polys, area check ✓)
  ctrnact-star-k6-n0277  k=6  3.3*.4.12  ★ CANDIDATE (not in Myers)  (51 cell polys, area check ✓)
  ctrnact-star-k6-n0278  k=6  3.3*.4.12  ★ CANDIDATE (not in Myers)  (45 cell polys, area check ✓)
  ctrnact-star-k6-n0279  k=6  3.3*.4.4*.12  ★ CANDIDATE (not in Myers)  (17 cell polys, area check ✓)
  ctrnact-star-k6-n0280  k=6  3.3*.4.4*.12  ★ CANDIDATE (not in Myers)  (16 cell polys, area check ✓)
  ctrnact-star-k6-n0281  k=6  3.3*.4.6*.12  ★ CANDIDATE (not in Myers)  (45 cell polys, area check ✓)
  ctrnact-star-k6-n0282  k=6  3.3*.4.12.12*  ★ CANDIDATE (not in Myers)  (42 cell polys, area check ✓)
  ctrnact-star-k6-n0283  k=6  3.3*.4.12.12*  ★ CANDIDATE (not in Myers)  (30 cell polys, area check ✓)
  ctrnact-star-k6-n0284  k=6  3.3*.4.6*.12  ★ CANDIDATE (not in Myers)  (33 cell polys, area check ✓)
  ctrnact-star-k6-n0285  k=6  3.4.4*.12  ★ CANDIDATE (not in Myers)  (20 cell polys, area check ✓)
  ctrnact-star-k6-n0286  k=6  3.4.4*.12  ★ CANDIDATE (not in Myers)  (14 cell polys, area check ✓)
  ctrnact-star-k6-n0287  k=6  3.4.4*.12  ★ CANDIDATE (not in Myers)  (12 cell polys, area check ✓)
  ctrnact-star-k6-n0288  k=6  3.4.4*.12  ★ CANDIDATE (not in Myers)  (42 cell polys, area check ✓)
  ctrnact-star-k6-n0289  k=6  3.4.4*.12  ★ CANDIDATE (not in Myers)  (14 cell polys, area check ✓)
  ctrnact-star-k6-n0290  k=6  3.4.4*.12  ★ CANDIDATE (not in Myers)  (17 cell polys, area check ✓)
  ctrnact-star-k6-n0291  k=6  3.4.4*.12  ★ CANDIDATE (not in Myers)  (10 cell polys, area check ✓)
  ctrnact-star-k6-n0292  k=6  3.4.4*.12  ★ CANDIDATE (not in Myers)  (13 cell polys, area check ✓)
  ctrnact-star-k6-n0293  k=6  3.4.4*.12  ★ CANDIDATE (not in Myers)  (15 cell polys, area check ✓)
  ctrnact-star-k6-n0294  k=6  3.4.4*.12  ★ CANDIDATE (not in Myers)  (14 cell polys, area check ✓)
  ctrnact-star-k6-n0295  k=6  3.4.4*.12  ★ CANDIDATE (not in Myers)  (14 cell polys, area check ✓)
  ctrnact-star-k6-n0296  k=6  3.4.4*.12  ★ CANDIDATE (not in Myers)  (21 cell polys, area check ✓)
  ctrnact-star-k6-n0297  k=6  3.4.4*.12.12*  ★ CANDIDATE (not in Myers)  (76 cell polys, area check ✓)
  ctrnact-star-k6-n0298  k=6  3.4.4*.12.12*  ★ CANDIDATE (not in Myers)  (22 cell polys, area check ✓)
  ctrnact-star-k6-n0299  k=6  3.4.6*.12  ★ CANDIDATE (not in Myers)  (27 cell polys, area check ✓)
  ctrnact-star-k6-n0300  k=6  3.4.6*.12  ★ CANDIDATE (not in Myers)  (54 cell polys, area check ✓)
  ctrnact-star-k6-n0301  k=6  3.4.12.12*  ★ CANDIDATE (not in Myers)  (102 cell polys, area check ✓)
  ctrnact-star-k6-n0302  k=6  3.4.12.12*  ★ CANDIDATE (not in Myers)  (42 cell polys, area check ✓)
  ctrnact-star-k6-n0303  k=6  3.4.12.12*  ★ CANDIDATE (not in Myers)  (38 cell polys, area check ✓)
  ctrnact-star-k6-n0304  k=6  3.4.12.12*  ★ CANDIDATE (not in Myers)  (36 cell polys, area check ✓)
  ctrnact-star-k6-n0305  k=6  3.4.12.12*  ★ CANDIDATE (not in Myers)  (30 cell polys, area check ✓)
  ctrnact-star-k6-n0306  k=6  3.4.12.12*  ★ CANDIDATE (not in Myers)  (50 cell polys, area check ✓)
  ctrnact-star-k6-n0307  k=6  3.4.12.12*  ★ CANDIDATE (not in Myers)  (100 cell polys, area check ✓)
  ctrnact-star-k6-n0308  k=6  3.4.12.12*  ★ CANDIDATE (not in Myers)  (76 cell polys, area check ✓)
  ctrnact-star-k6-n0309  k=6  3.4.12.12*  ★ CANDIDATE (not in Myers)  (32 cell polys, area check ✓)
  ctrnact-star-k6-n0310  k=6  3.4.6*.12  ★ CANDIDATE (not in Myers)  (27 cell polys, area check ✓)
  ctrnact-star-k6-n0311  k=6  3.4.12.12*  ★ CANDIDATE (not in Myers)  (46 cell polys, area check ✓)
  ctrnact-star-k6-n0312  k=6  3.4.12.12*  ★ CANDIDATE (not in Myers)  (34 cell polys, area check ✓)
  ctrnact-star-k6-n0313  k=6  3.3*.4  ★ CANDIDATE (not in Myers)  (38 cell polys, area check ✓)
  ctrnact-star-k6-n0314  k=6  3.3*.4  ★ CANDIDATE (not in Myers)  (21 cell polys, area check ✓)
  ctrnact-star-k6-n0315  k=6  3.3*.4  ★ CANDIDATE (not in Myers)  (28 cell polys, area check ✓)
  ctrnact-star-k6-n0316  k=6  3.3*.4  ★ CANDIDATE (not in Myers)  (18 cell polys, area check ✓)
  ctrnact-star-k6-n0317  k=6  3.3*.4  ★ CANDIDATE (not in Myers)  (14 cell polys, area check ✓)
  ctrnact-star-k6-n0318  k=6  3.3*.4  ★ CANDIDATE (not in Myers)  (28 cell polys, area check ✓)
  ctrnact-star-k6-n0319  k=6  3.3*.4  ★ CANDIDATE (not in Myers)  (20 cell polys, area check ✓)
  ctrnact-star-k6-n0320  k=6  3.3*.4  ★ CANDIDATE (not in Myers)  (10 cell polys, area check ✓)
  ctrnact-star-k6-n0321  k=6  3.3*.4  ★ CANDIDATE (not in Myers)  (22 cell polys, area check ✓)
  ctrnact-star-k6-n0322  k=6  3.3*.4  ★ CANDIDATE (not in Myers)  (11 cell polys, area check ✓)
  ctrnact-star-k6-n0323  k=6  3.3*.4  ★ CANDIDATE (not in Myers)  (11 cell polys, area check ✓)
  ctrnact-star-k6-n0324  k=6  3.3*.4  ★ CANDIDATE (not in Myers)  (22 cell polys, area check ✓)
  ctrnact-star-k6-n0325  k=6  3.3*.4  ★ CANDIDATE (not in Myers)  (12 cell polys, area check ✓)
  ctrnact-star-k6-n0326  k=6  3.3*.4  ★ CANDIDATE (not in Myers)  (24 cell polys, area check ✓)
  ctrnact-star-k6-n0327  k=6  3.3*.4  ★ CANDIDATE (not in Myers)  (22 cell polys, area check ✓)
  ctrnact-star-k6-n0328  k=6  3.3*.4  ★ CANDIDATE (not in Myers)  (22 cell polys, area check ✓)
  ctrnact-star-k6-n0329  k=6  3.3*.4  ★ CANDIDATE (not in Myers)  (22 cell polys, area check ✓)
  ctrnact-star-k6-n0330  k=6  3.3*.4  ★ CANDIDATE (not in Myers)  (11 cell polys, area check ✓)
  ctrnact-star-k6-n0331  k=6  3.3*.4  ★ CANDIDATE (not in Myers)  (24 cell polys, area check ✓)
  ctrnact-star-k6-n0332  k=6  3.3*.4  ★ CANDIDATE (not in Myers)  (12 cell polys, area check ✓)
  ctrnact-star-k6-n0333  k=6  3.3*.4  ★ CANDIDATE (not in Myers)  (11 cell polys, area check ✓)
  ctrnact-star-k6-n0334  k=6  3.3*.4  ★ CANDIDATE (not in Myers)  (11 cell polys, area check ✓)
  ctrnact-star-k6-n0335  k=6  3.3*.4  ★ CANDIDATE (not in Myers)  (10 cell polys, area check ✓)
  ctrnact-star-k6-n0336  k=6  3.3*.4  ★ CANDIDATE (not in Myers)  (20 cell polys, area check ✓)
  ctrnact-star-k6-n0337  k=6  3.3*.4  ★ CANDIDATE (not in Myers)  (20 cell polys, area check ✓)
  ctrnact-star-k6-n0338  k=6  3.3*.4  ★ CANDIDATE (not in Myers)  (10 cell polys, area check ✓)
  ctrnact-star-k6-n0339  k=6  3.3*.4  ★ CANDIDATE (not in Myers)  (11 cell polys, area check ✓)
  ctrnact-star-k6-n0340  k=6  3.3*.4  ★ CANDIDATE (not in Myers)  (22 cell polys, area check ✓)
  ctrnact-star-k6-n0341  k=6  3.3*.4  ★ CANDIDATE (not in Myers)  (22 cell polys, area check ✓)
  ctrnact-star-k6-n0342  k=6  3.3*.4  ★ CANDIDATE (not in Myers)  (11 cell polys, area check ✓)
  ctrnact-star-k6-n0343  k=6  3.3*.4  ★ CANDIDATE (not in Myers)  (22 cell polys, area check ✓)
  ctrnact-star-k6-n0344  k=6  3.3*.4  ★ CANDIDATE (not in Myers)  (11 cell polys, area check ✓)
  ctrnact-star-k6-n0345  k=6  3.3*.4  ★ CANDIDATE (not in Myers)  (11 cell polys, area check ✓)
  ctrnact-star-k6-n0346  k=6  3.3*.4  ★ CANDIDATE (not in Myers)  (22 cell polys, area check ✓)
  ctrnact-star-k6-n0347  k=6  3.3*.4  ★ CANDIDATE (not in Myers)  (24 cell polys, area check ✓)
  ctrnact-star-k6-n0348  k=6  3.3*.4  ★ CANDIDATE (not in Myers)  (12 cell polys, area check ✓)
  ctrnact-star-k6-n0349  k=6  3.3*.4  ★ CANDIDATE (not in Myers)  (12 cell polys, area check ✓)
  ctrnact-star-k6-n0350  k=6  3.3*.4  ★ CANDIDATE (not in Myers)  (24 cell polys, area check ✓)
  ctrnact-star-k6-n0351  k=6  3.3*.4  ★ CANDIDATE (not in Myers)  (26 cell polys, area check ✓)
  ctrnact-star-k6-n0352  k=6  3.3*.4  ★ CANDIDATE (not in Myers)  (28 cell polys, area check ✓)
  ctrnact-star-k6-n0353  k=6  3.3*.4  ★ CANDIDATE (not in Myers)  (32 cell polys, area check ✓)
  ctrnact-star-k6-n0354  k=6  3.3*.4  ★ CANDIDATE (not in Myers)  (14 cell polys, area check ✓)
  ctrnact-star-k6-n0355  k=6  3.3*.4  ★ CANDIDATE (not in Myers)  (14 cell polys, area check ✓)
  ctrnact-star-k6-n0356  k=6  3.3*.4  ★ CANDIDATE (not in Myers)  (28 cell polys, area check ✓)
  ctrnact-star-k6-n0357  k=6  3.3*.4  ★ CANDIDATE (not in Myers)  (14 cell polys, area check ✓)
  ctrnact-star-k6-n0358  k=6  3.3*.4  ★ CANDIDATE (not in Myers)  (14 cell polys, area check ✓)
  ctrnact-star-k6-n0359  k=6  3.3*.4  ★ CANDIDATE (not in Myers)  (28 cell polys, area check ✓)
  ctrnact-star-k6-n0360  k=6  3.3*.4  ★ CANDIDATE (not in Myers)  (14 cell polys, area check ✓)
  ctrnact-star-k6-n0361  k=6  3.3*.4  ★ CANDIDATE (not in Myers)  (7 cell polys, area check ✓)
  ctrnact-star-k6-n0362  k=6  3.3*.4  ★ CANDIDATE (not in Myers)  (44 cell polys, area check ✓)
  ctrnact-star-k6-n0363  k=6  3.3*.4  ★ CANDIDATE (not in Myers)  (28 cell polys, area check ✓)
  ctrnact-star-k6-n0364  k=6  3.3*.4  ★ CANDIDATE (not in Myers)  (14 cell polys, area check ✓)
  ctrnact-star-k6-n0365  k=6  3.3*.4  ★ CANDIDATE (not in Myers)  (42 cell polys, area check ✓)
  ctrnact-star-k6-n0366  k=6  3.3*.4  ★ CANDIDATE (not in Myers)  (44 cell polys, area check ✓)
  ctrnact-star-k6-n0367  k=6  3.3*.4  ★ CANDIDATE (not in Myers)  (14 cell polys, area check ✓)
  ctrnact-star-k6-n0368  k=6  3.3*.4  ★ CANDIDATE (not in Myers)  (35 cell polys, area check ✓)
  ctrnact-star-k6-n0369  k=6  3.3*.4  ★ CANDIDATE (not in Myers)  (35 cell polys, area check ✓)
  ctrnact-star-k6-n0370  k=6  3.3*.4  ★ CANDIDATE (not in Myers)  (12 cell polys, area check ✓)
  ctrnact-star-k6-n0371  k=6  3.3*.4  ★ CANDIDATE (not in Myers)  (13 cell polys, area check ✓)
  ctrnact-star-k6-n0372  k=6  3.3*.4  ★ CANDIDATE (not in Myers)  (14 cell polys, area check ✓)
  ctrnact-star-k6-n0373  k=6  3.3*.4  ★ CANDIDATE (not in Myers)  (38 cell polys, area check ✓)
  ctrnact-star-k6-n0374  k=6  3.3*.4  ★ CANDIDATE (not in Myers)  (15 cell polys, area check ✓)
  ctrnact-star-k6-n0375  k=6  3.3*.4  ★ CANDIDATE (not in Myers)  (24 cell polys, area check ✓)
  ctrnact-star-k6-n0376  k=6  3.3*.4  ★ CANDIDATE (not in Myers)  (44 cell polys, area check ✓)
  ctrnact-star-k6-n0377  k=6  3.3*.4  ★ CANDIDATE (not in Myers)  (15 cell polys, area check ✓)
  ctrnact-star-k6-n0378  k=6  3.3*.4  ★ CANDIDATE (not in Myers)  (14 cell polys, area check ✓)
  ctrnact-star-k6-n0379  k=6  3.3*.4  ★ CANDIDATE (not in Myers)  (28 cell polys, area check ✓)
  ctrnact-star-k6-n0380  k=6  3.3*.4  ★ CANDIDATE (not in Myers)  (20 cell polys, area check ✓)
  ctrnact-star-k6-n0381  k=6  3.3*.4  ★ CANDIDATE (not in Myers)  (16 cell polys, area check ✓)
  ctrnact-star-k6-n0382  k=6  3.3*.4  ★ CANDIDATE (not in Myers)  (38 cell polys, area check ✓)
  ctrnact-star-k6-n0383  k=6  3.3*.4  ★ CANDIDATE (not in Myers)  (32 cell polys, area check ✓)
  ctrnact-star-k6-n0384  k=6  3.3*.4  ★ CANDIDATE (not in Myers)  (20 cell polys, area check ✓)
  ctrnact-star-k6-n0385  k=6  3.3*.4  ★ CANDIDATE (not in Myers)  (20 cell polys, area check ✓)
  ctrnact-star-k6-n0386  k=6  3.3*.4  ★ CANDIDATE (not in Myers)  (11 cell polys, area check ✓)
  ctrnact-star-k6-n0387  k=6  3.3*.4  ★ CANDIDATE (not in Myers)  (22 cell polys, area check ✓)
  ctrnact-star-k6-n0388  k=6  3.3*.4  ★ CANDIDATE (not in Myers)  (10 cell polys, area check ✓)
  ctrnact-star-k6-n0389  k=6  3.3*.4  ★ CANDIDATE (not in Myers)  (10 cell polys, area check ✓)
  ctrnact-star-k6-n0390  k=6  3.3*.4  ★ CANDIDATE (not in Myers)  (11 cell polys, area check ✓)
  ctrnact-star-k6-n0391  k=6  3.3*.4  ★ CANDIDATE (not in Myers)  (22 cell polys, area check ✓)
  ctrnact-star-k6-n0392  k=6  3.3*.4.4*  ★ CANDIDATE (not in Myers)  (48 cell polys, area check ✓)
  ctrnact-star-k6-n0393  k=6  3.3*.4.4*  ★ CANDIDATE (not in Myers)  (22 cell polys, area check ✓)
  ctrnact-star-k6-n0394  k=6  3.3*.4.4*  ★ CANDIDATE (not in Myers)  (40 cell polys, area check ✓)
  ctrnact-star-k6-n0395  k=6  3.3*.4.4*  ★ CANDIDATE (not in Myers)  (18 cell polys, area check ✓)
  ctrnact-star-k6-n0396  k=6  3.3*.4.4*  ★ CANDIDATE (not in Myers)  (10 cell polys, area check ✓)
  ctrnact-star-k6-n0397  k=6  3.3*.4.4*  ★ CANDIDATE (not in Myers)  (10 cell polys, area check ✓)
  ctrnact-star-k6-n0398  k=6  3.3*.4.4*.12*  ★ CANDIDATE (not in Myers)  (38 cell polys, area check ✓)
  ctrnact-star-k6-n0399  k=6  3.3*.4.4*.12*  ★ CANDIDATE (not in Myers)  (24 cell polys, area check ✓)
  ctrnact-star-k6-n0400  k=6  3.3*.4.4*.12*  ★ CANDIDATE (not in Myers)  (33 cell polys, area check ✓)
  ctrnact-star-k6-n0401  k=6  3.3*.4.6*  ★ CANDIDATE (not in Myers)  (46 cell polys, area check ✓)
  ctrnact-star-k6-n0402  k=6  3.3*.4.6*  ★ CANDIDATE (not in Myers)  (18 cell polys, area check ✓)
  ctrnact-star-k6-n0403  k=6  3.3*.4.6*  ★ CANDIDATE (not in Myers)  (16 cell polys, area check ✓)
  ctrnact-star-k6-n0404  k=6  3.3*.4.6*  ★ CANDIDATE (not in Myers)  (46 cell polys, area check ✓)
  ctrnact-star-k6-n0405  k=6  3.3*.4.6*  ★ CANDIDATE (not in Myers)  (18 cell polys, area check ✓)
  ctrnact-star-k6-n0406  k=6  3.3*.4.6*  ★ CANDIDATE (not in Myers)  (18 cell polys, area check ✓)
  ctrnact-star-k6-n0407  k=6  3.3*.4.6*  ★ CANDIDATE (not in Myers)  (12 cell polys, area check ✓)
  ctrnact-star-k6-n0408  k=6  3.3*.4.6*  ★ CANDIDATE (not in Myers)  (18 cell polys, area check ✓)
  ctrnact-star-k6-n0409  k=6  3.3*.4.6*  ★ CANDIDATE (not in Myers)  (9 cell polys, area check ✓)
  ctrnact-star-k6-n0410  k=6  3.3*.4.6*  ★ CANDIDATE (not in Myers)  (26 cell polys, area check ✓)
  ctrnact-star-k6-n0411  k=6  3.3*.4.6*  ★ CANDIDATE (not in Myers)  (22 cell polys, area check ✓)
  ctrnact-star-k6-n0412  k=6  3.3*.4.6*  ★ CANDIDATE (not in Myers)  (11 cell polys, area check ✓)
  ctrnact-star-k6-n0413  k=6  3.3*.4.6*  ★ CANDIDATE (not in Myers)  (14 cell polys, area check ✓)
  ctrnact-star-k6-n0414  k=6  3.3*.4.6*  ★ CANDIDATE (not in Myers)  (28 cell polys, area check ✓)
  ctrnact-star-k6-n0415  k=6  3.3*.4.6*  ★ CANDIDATE (not in Myers)  (28 cell polys, area check ✓)
  ctrnact-star-k6-n0416  k=6  3.3*.4.6*  ★ CANDIDATE (not in Myers)  (14 cell polys, area check ✓)
  ctrnact-star-k6-n0417  k=6  3.3*.4.6*  ★ CANDIDATE (not in Myers)  (39 cell polys, area check ✓)
  ctrnact-star-k6-n0418  k=6  3.3*.4.6*  ★ CANDIDATE (not in Myers)  (51 cell polys, area check ✓)
  ctrnact-star-k6-n0419  k=6  3.3*.4.6*  ★ CANDIDATE (not in Myers)  (37 cell polys, area check ✓)
  ctrnact-star-k6-n0420  k=6  3.3*.4.6*  ★ CANDIDATE (not in Myers)  (37 cell polys, area check ✓)
  ctrnact-star-k6-n0421  k=6  3.3*.4.6*  ★ CANDIDATE (not in Myers)  (42 cell polys, area check ✓)
  ctrnact-star-k6-n0422  k=6  3.3*.4.6*  ★ CANDIDATE (not in Myers)  (40 cell polys, area check ✓)
  ctrnact-star-k6-n0423  k=6  3.3*.4.6*  ★ CANDIDATE (not in Myers)  (40 cell polys, area check ✓)
  ctrnact-star-k6-n0424  k=6  3.3*.4.6*  ★ CANDIDATE (not in Myers)  (33 cell polys, area check ✓)
  ctrnact-star-k6-n0425  k=6  3.3*.4.6*  ★ CANDIDATE (not in Myers)  (39 cell polys, area check ✓)
  ctrnact-star-k6-n0426  k=6  3.3*.4.6*  ★ CANDIDATE (not in Myers)  (33 cell polys, area check ✓)
  ctrnact-star-k6-n0427  k=6  3.3*.4.6*  ★ CANDIDATE (not in Myers)  (33 cell polys, area check ✓)
  ctrnact-star-k6-n0428  k=6  3.3*.4.6*  ★ CANDIDATE (not in Myers)  (30 cell polys, area check ✓)
  ctrnact-star-k6-n0429  k=6  3.3*.4.12*  ★ CANDIDATE (not in Myers)  (42 cell polys, area check ✓)
  ctrnact-star-k6-n0430  k=6  3.3*.4.12*  ★ CANDIDATE (not in Myers)  (63 cell polys, area check ✓)
  ctrnact-star-k6-n0431  k=6  3.3*.4.12*  ★ CANDIDATE (not in Myers)  (28 cell polys, area check ✓)
  ctrnact-star-k6-n0432  k=6  3.3*.4.12*  ★ CANDIDATE (not in Myers)  (23 cell polys, area check ✓)
  ctrnact-star-k6-n0433  k=6  3.3*.4.12*  ★ CANDIDATE (not in Myers)  (45 cell polys, area check ✓)
  ctrnact-star-k6-n0434  k=6  3.3*.4.12*  ★ CANDIDATE (not in Myers)  (42 cell polys, area check ✓)
  ctrnact-star-k6-n0435  k=6  3.3*.4.12*  ★ CANDIDATE (not in Myers)  (57 cell polys, area check ✓)
  ctrnact-star-k6-n0436  k=6  3.3*.4.6*  ★ CANDIDATE (not in Myers)  (33 cell polys, area check ✓)
  ctrnact-star-k6-n0437  k=6  3.3*.4.6*  ★ CANDIDATE (not in Myers)  (45 cell polys, area check ✓)
  ctrnact-star-k6-n0438  k=6  3.3*.4.6*  ★ CANDIDATE (not in Myers)  (31 cell polys, area check ✓)
  ctrnact-star-k6-n0439  k=6  3.3*.4.6*  ★ CANDIDATE (not in Myers)  (31 cell polys, area check ✓)
  ctrnact-star-k6-n0440  k=6  3.3*.4.6*  ★ CANDIDATE (not in Myers)  (36 cell polys, area check ✓)
  ctrnact-star-k6-n0441  k=6  3.3*.4.12*  ★ CANDIDATE (not in Myers)  (33 cell polys, area check ✓)
  ctrnact-star-k6-n0442  k=6  3.3*.4.12*  ★ CANDIDATE (not in Myers)  (33 cell polys, area check ✓)
  ctrnact-star-k6-n0443  k=6  3.4.4*  ★ CANDIDATE (not in Myers)  (38 cell polys, area check ✓)
  ctrnact-star-k6-n0444  k=6  3.4.4*  ★ CANDIDATE (not in Myers)  (19 cell polys, area check ✓)
  ctrnact-star-k6-n0445  k=6  3.4.4*  ★ CANDIDATE (not in Myers)  (7 cell polys, area check ✓)
  ctrnact-star-k6-n0446  k=6  3.4.4*  ★ CANDIDATE (not in Myers)  (8 cell polys, area check ✓)
  ctrnact-star-k6-n0447  k=6  3.4.4*  ★ CANDIDATE (not in Myers)  (37 cell polys, area check ✓)
  ctrnact-star-k6-n0448  k=6  3.4.4*  ★ CANDIDATE (not in Myers)  (16 cell polys, area check ✓)
  ctrnact-star-k6-n0449  k=6  3.4.4*  ★ CANDIDATE (not in Myers)  (11 cell polys, area check ✓)
  ctrnact-star-k6-n0450  k=6  3.4.4*.6*  ★ CANDIDATE (not in Myers)  (22 cell polys, area check ✓)
  ctrnact-star-k6-n0451  k=6  3.4.4*.6*  ★ CANDIDATE (not in Myers)  (26 cell polys, area check ✓)
  ctrnact-star-k6-n0452  k=6  3.4.4*.6*  ★ CANDIDATE (not in Myers)  (46 cell polys, area check ✓)
  ctrnact-star-k6-n0453  k=6  3.4.4*.6*  ★ CANDIDATE (not in Myers)  (14 cell polys, area check ✓)
  ctrnact-star-k6-n0454  k=6  3.4.4*.6*  ★ CANDIDATE (not in Myers)  (26 cell polys, area check ✓)
  ctrnact-star-k6-n0455  k=6  3.4.4*.6*  ★ CANDIDATE (not in Myers)  (13 cell polys, area check ✓)
  ctrnact-star-k6-n0456  k=6  3.4.4*.6*  ★ CANDIDATE (not in Myers)  (13 cell polys, area check ✓)
  ctrnact-star-k6-n0457  k=6  3.4.4*.6*  ★ CANDIDATE (not in Myers)  (26 cell polys, area check ✓)
  ctrnact-star-k6-n0458  k=6  3.4.4*.6*  ★ CANDIDATE (not in Myers)  (36 cell polys, area check ✓)
  ctrnact-star-k6-n0459  k=6  3.4.4*.6*  ★ CANDIDATE (not in Myers)  (40 cell polys, area check ✓)
  ctrnact-star-k6-n0460  k=6  3.4.4*.6*  ★ CANDIDATE (not in Myers)  (16 cell polys, area check ✓)
  ctrnact-star-k6-n0461  k=6  3.4.4*.12*  ★ CANDIDATE (not in Myers)  (42 cell polys, area check ✓)
  ctrnact-star-k6-n0462  k=6  3.4.4*  ★ CANDIDATE (not in Myers)  (36 cell polys, area check ✓)
  ctrnact-star-k6-n0463  k=6  3.4.4*  ★ CANDIDATE (not in Myers)  (17 cell polys, area check ✓)
  ctrnact-star-k6-n0464  k=6  3.4.4*  ★ CANDIDATE (not in Myers)  (18 cell polys, area check ✓)
  ctrnact-star-k6-n0465  k=6  3.4.4*  ★ CANDIDATE (not in Myers)  (32 cell polys, area check ✓)
  ctrnact-star-k6-n0466  k=6  3.4.4*  ★ CANDIDATE (not in Myers)  (20 cell polys, area check ✓)
  ctrnact-star-k6-n0467  k=6  3.4.4*  ★ CANDIDATE (not in Myers)  (24 cell polys, area check ✓)
  ctrnact-star-k6-n0468  k=6  3.4.4*  ★ CANDIDATE (not in Myers)  (18 cell polys, area check ✓)
  ctrnact-star-k6-n0469  k=6  3.4.4*  ★ CANDIDATE (not in Myers)  (19 cell polys, area check ✓)
  ctrnact-star-k6-n0470  k=6  3.4.4*  ★ CANDIDATE (not in Myers)  (32 cell polys, area check ✓)
  ctrnact-star-k6-n0471  k=6  3.4.4*  ★ CANDIDATE (not in Myers)  (18 cell polys, area check ✓)
  ctrnact-star-k6-n0472  k=6  3.4.4*  ★ CANDIDATE (not in Myers)  (19 cell polys, area check ✓)
  ctrnact-star-k6-n0473  k=6  3.4.4*  ★ CANDIDATE (not in Myers)  (46 cell polys, area check ✓)
  ctrnact-star-k6-n0474  k=6  3.4.4*  ★ CANDIDATE (not in Myers)  (10 cell polys, area check ✓)
  ctrnact-star-k6-n0475  k=6  3.4.4*  ★ CANDIDATE (not in Myers)  (14 cell polys, area check ✓)
  ctrnact-star-k6-n0476  k=6  3.4.4*  ★ CANDIDATE (not in Myers)  (14 cell polys, area check ✓)
  ctrnact-star-k6-n0477  k=6  3.4.4*  ★ CANDIDATE (not in Myers)  (14 cell polys, area check ✓)
  ctrnact-star-k6-n0478  k=6  3.4.4*  ★ CANDIDATE (not in Myers)  (14 cell polys, area check ✓)
  ctrnact-star-k6-n0479  k=6  3.4.4*  ★ CANDIDATE (not in Myers)  (14 cell polys, area check ✓)
  ctrnact-star-k6-n0480  k=6  3.4.4*  ★ CANDIDATE (not in Myers)  (24 cell polys, area check ✓)
  ctrnact-star-k6-n0481  k=6  3.4.4*  ★ CANDIDATE (not in Myers)  (10 cell polys, area check ✓)
  ctrnact-star-k6-n0482  k=6  3.4.4*  ★ CANDIDATE (not in Myers)  (13 cell polys, area check ✓)
  ctrnact-star-k6-n0483  k=6  3.4.4*  ★ CANDIDATE (not in Myers)  (14 cell polys, area check ✓)
  ctrnact-star-k6-n0484  k=6  3.4.4*  ★ CANDIDATE (not in Myers)  (46 cell polys, area check ✓)
  ctrnact-star-k6-n0485  k=6  3.4.4*  ★ CANDIDATE (not in Myers)  (30 cell polys, area check ✓)
  ctrnact-star-k6-n0486  k=6  3.4.4*  ★ CANDIDATE (not in Myers)  (14 cell polys, area check ✓)
  ctrnact-star-k6-n0487  k=6  3.4.4*  ★ CANDIDATE (not in Myers)  (9 cell polys, area check ✓)
  ctrnact-star-k6-n0488  k=6  3.4.4*  ★ CANDIDATE (not in Myers)  (20 cell polys, area check ✓)
  ctrnact-star-k6-n0489  k=6  3.4.4*  ★ CANDIDATE (not in Myers)  (20 cell polys, area check ✓)
  ctrnact-star-k6-n0490  k=6  3.4.4*  ★ CANDIDATE (not in Myers)  (10 cell polys, area check ✓)
  ctrnact-star-k6-n0491  k=6  3.4.4*.6*  ★ CANDIDATE (not in Myers)  (42 cell polys, area check ✓)
  ctrnact-star-k6-n0492  k=6  3.4.4*.6*  ★ CANDIDATE (not in Myers)  (48 cell polys, area check ✓)
  ctrnact-star-k6-n0493  k=6  3.4.4*.6*.12*  ★ CANDIDATE (not in Myers)  (66 cell polys, area check ✓)
  ctrnact-star-k6-n0494  k=6  3.4.4*.8*  ★ CANDIDATE (not in Myers)  (32 cell polys, area check ✓)
  ctrnact-star-k6-n0495  k=6  3.4.4*.8*  ★ CANDIDATE (not in Myers)  (58 cell polys, area check ✓)
  ctrnact-star-k6-n0496  k=6  3.4.4*.8*  ★ CANDIDATE (not in Myers)  (32 cell polys, area check ✓)
  ctrnact-star-k6-n0497  k=6  3.4.4*.8*  ★ CANDIDATE (not in Myers)  (70 cell polys, area check ✓)
  ctrnact-star-k6-n0498  k=6  3.4.4*.8*  ★ CANDIDATE (not in Myers)  (74 cell polys, area check ✓)
  ctrnact-star-k6-n0499  k=6  3.4.4*.8*  ★ CANDIDATE (not in Myers)  (70 cell polys, area check ✓)
  ctrnact-star-k6-n0500  k=6  3.4.4*.8*  ★ CANDIDATE (not in Myers)  (74 cell polys, area check ✓)
  ctrnact-star-k6-n0501  k=6  3.4.4*.8*  ★ CANDIDATE (not in Myers)  (52 cell polys, area check ✓)
  ctrnact-star-k6-n0502  k=6  3.4.4*.8*  ★ CANDIDATE (not in Myers)  (60 cell polys, area check ✓)
  ctrnact-star-k6-n0503  k=6  3.4.4*.8*  ★ CANDIDATE (not in Myers)  (68 cell polys, area check ✓)
  ctrnact-star-k6-n0504  k=6  3.4.4*.8*  ★ CANDIDATE (not in Myers)  (76 cell polys, area check ✓)
  ctrnact-star-k6-n0505  k=6  3.4.4*.8*  ★ CANDIDATE (not in Myers)  (86 cell polys, area check ✓)
  ctrnact-star-k6-n0506  k=6  3.4.4*.8*  ★ CANDIDATE (not in Myers)  (40 cell polys, area check ✓)
  ctrnact-star-k6-n0507  k=6  3.4.4*.8*  ★ CANDIDATE (not in Myers)  (52 cell polys, area check ✓)
  ctrnact-star-k6-n0508  k=6  3.4.4*.8*  ★ CANDIDATE (not in Myers)  (48 cell polys, area check ✓)
  ctrnact-star-k6-n0509  k=6  3.4.4*.8*  ★ CANDIDATE (not in Myers)  (56 cell polys, area check ✓)
  ctrnact-star-k6-n0510  k=6  3.4.4*.8*  ★ CANDIDATE (not in Myers)  (44 cell polys, area check ✓)
  ctrnact-star-k6-n0511  k=6  3.4.4*.8*  ★ CANDIDATE (not in Myers)  (52 cell polys, area check ✓)
  ctrnact-star-k6-n0512  k=6  3.4.4*.8*  ★ CANDIDATE (not in Myers)  (44 cell polys, area check ✓)
  ctrnact-star-k6-n0513  k=6  3.4.4*.12*  ★ CANDIDATE (not in Myers)  (51 cell polys, area check ✓)
  ctrnact-star-k6-n0514  k=6  3.4.4*.12*  ★ CANDIDATE (not in Myers)  (51 cell polys, area check ✓)
  ctrnact-star-k6-n0515  k=6  3.4.4*.12*  ★ CANDIDATE (not in Myers)  (88 cell polys, area check ✓)
  ctrnact-star-k6-n0516  k=6  3.4.4*.12*  ★ CANDIDATE (not in Myers)  (88 cell polys, area check ✓)
  ctrnact-star-k6-n0517  k=6  3.4.4*.12*  ★ CANDIDATE (not in Myers)  (27 cell polys, area check ✓)
  ctrnact-star-k6-n0518  k=6  3.4.4*.12*  ★ CANDIDATE (not in Myers)  (65 cell polys, area check ✓)
  ctrnact-star-k6-n0519  k=6  3.4.4*.12*  ★ CANDIDATE (not in Myers)  (77 cell polys, area check ✓)
  ctrnact-star-k6-n0520  k=6  3.4.4*.12*  ★ CANDIDATE (not in Myers)  (77 cell polys, area check ✓)
  ctrnact-star-k6-n0521  k=6  3.4.4*.12*  ★ CANDIDATE (not in Myers)  (34 cell polys, area check ✓)
  ctrnact-star-k6-n0522  k=6  3.4.4*.12*  ★ CANDIDATE (not in Myers)  (35 cell polys, area check ✓)
  ctrnact-star-k6-n0523  k=6  3.4.4*.12*  ★ CANDIDATE (not in Myers)  (53 cell polys, area check ✓)
  ctrnact-star-k6-n0524  k=6  3.4.4*.12*  ★ CANDIDATE (not in Myers)  (34 cell polys, area check ✓)
  ctrnact-star-k6-n0525  k=6  3.4.4*.12*  ★ CANDIDATE (not in Myers)  (17 cell polys, area check ✓)
  ctrnact-star-k6-n0526  k=6  3.4.4*.12*  ★ CANDIDATE (not in Myers)  (31 cell polys, area check ✓)
  ctrnact-star-k6-n0527  k=6  3.4.4*.12*  ★ CANDIDATE (not in Myers)  (32 cell polys, area check ✓)
  ctrnact-star-k6-n0528  k=6  3.4.4*.12*  ★ CANDIDATE (not in Myers)  (35 cell polys, area check ✓)
  ctrnact-star-k6-n0529  k=6  3.4.4*.12*  ★ CANDIDATE (not in Myers)  (38 cell polys, area check ✓)
  ctrnact-star-k6-n0530  k=6  3.4.4*.12*  ★ CANDIDATE (not in Myers)  (31 cell polys, area check ✓)
  ctrnact-star-k6-n0531  k=6  3.4.4*.12*  ★ CANDIDATE (not in Myers)  (53 cell polys, area check ✓)
  ctrnact-star-k6-n0532  k=6  3.4.4*.12*  ★ CANDIDATE (not in Myers)  (42 cell polys, area check ✓)
  ctrnact-star-k6-n0533  k=6  3.4.4*.6*  ★ CANDIDATE (not in Myers)  (36 cell polys, area check ✓)
  ctrnact-star-k6-n0534  k=6  3.4.6*  ★ CANDIDATE (not in Myers)  (17 cell polys, area check ✓)
  ctrnact-star-k6-n0535  k=6  3.4.6*  ★ CANDIDATE (not in Myers)  (54 cell polys, area check ✓)
  ctrnact-star-k6-n0536  k=6  3.4.6*  ★ CANDIDATE (not in Myers)  (57 cell polys, area check ✓)
  ctrnact-star-k6-n0537  k=6  3.4.6*  ★ CANDIDATE (not in Myers)  (12 cell polys, area check ✓)
  ctrnact-star-k6-n0538  k=6  3.4.6*  ★ CANDIDATE (not in Myers)  (42 cell polys, area check ✓)
  ctrnact-star-k6-n0539  k=6  3.4.6*  ★ CANDIDATE (not in Myers)  (48 cell polys, area check ✓)
  ctrnact-star-k6-n0540  k=6  3.4.6*.12*  ★ CANDIDATE (not in Myers)  (39 cell polys, area check ✓)
  ctrnact-star-k6-n0541  k=6  3.4.6*  ★ CANDIDATE (not in Myers)  (60 cell polys, area check ✓)
  ctrnact-star-k6-n0542  k=6  3.4.6*  ★ CANDIDATE (not in Myers)  (49 cell polys, area check ✓)
  ctrnact-star-k6-n0543  k=6  3.4.6*.12*  ★ CANDIDATE (not in Myers)  (78 cell polys, area check ✓)
  ctrnact-star-k6-n0544  k=6  3.4.12*  ★ CANDIDATE (not in Myers)  (75 cell polys, area check ✓)
  ctrnact-star-k6-n0545  k=6  3.4.12*  ★ CANDIDATE (not in Myers)  (39 cell polys, area check ✓)
  ctrnact-star-k6-n0546  k=6  3.4.12*  ★ CANDIDATE (not in Myers)  (89 cell polys, area check ✓)
  ctrnact-star-k6-n0547  k=6  3.4.12*  ★ CANDIDATE (not in Myers)  (89 cell polys, area check ✓)
  ctrnact-star-k6-n0548  k=6  3.4.12*  ★ CANDIDATE (not in Myers)  (75 cell polys, area check ✓)
  ctrnact-star-k6-n0549  k=6  3.4.12*  ★ CANDIDATE (not in Myers)  (75 cell polys, area check ✓)
  ctrnact-star-k6-n0550  k=6  3.4.12*  ★ CANDIDATE (not in Myers)  (42 cell polys, area check ✓)
  ctrnact-star-k6-n0551  k=6  3.4.12*  ★ CANDIDATE (not in Myers)  (36 cell polys, area check ✓)
  ctrnact-star-k6-n0552  k=6  3.4.12*  ★ CANDIDATE (not in Myers)  (39 cell polys, area check ✓)
  ctrnact-star-k6-n0553  k=6  3.4.12*  ★ CANDIDATE (not in Myers)  (94 cell polys, area check ✓)
  ctrnact-star-k6-n0554  k=6  3.4.12*  ★ CANDIDATE (not in Myers)  (91 cell polys, area check ✓)
  ctrnact-star-k6-n0555  k=6  3.4.12*  ★ CANDIDATE (not in Myers)  (39 cell polys, area check ✓)
  ctrnact-star-k6-n0556  k=6  3.4.12*  ★ CANDIDATE (not in Myers)  (29 cell polys, area check ✓)
  ctrnact-star-k6-n0557  k=6  3.4.12*  ★ CANDIDATE (not in Myers)  (114 cell polys, area check ✓)
  ctrnact-star-k6-n0558  k=6  3.4.12*  ★ CANDIDATE (not in Myers)  (58 cell polys, area check ✓)
  ctrnact-star-k6-n0559  k=6  3.4.12*  ★ CANDIDATE (not in Myers)  (30 cell polys, area check ✓)
  ctrnact-star-k6-n0560  k=6  3.4.12*  ★ CANDIDATE (not in Myers)  (90 cell polys, area check ✓)
  ctrnact-star-k6-n0561  k=6  3.4.12*  ★ CANDIDATE (not in Myers)  (46 cell polys, area check ✓)
  ctrnact-star-k6-n0562  k=6  3.4.6*  ★ CANDIDATE (not in Myers)  (48 cell polys, area check ✓)
  ctrnact-star-k6-n0563  k=6  3.4.6*  ★ CANDIDATE (not in Myers)  (11 cell polys, area check ✓)
  ctrnact-star-k6-n0564  k=6  3.4.6*  ★ CANDIDATE (not in Myers)  (51 cell polys, area check ✓)
  ctrnact-star-k6-n0565  k=6  3.4.12*  ★ CANDIDATE (not in Myers)  (57 cell polys, area check ✓)
  ctrnact-star-k6-n0566  k=6  3.4.12*  ★ CANDIDATE (not in Myers)  (57 cell polys, area check ✓)
  ctrnact-star-k6-n0569  k=6  3.3*.4*.6  ★ CANDIDATE (not in Myers)  (36 cell polys, area check ✓)
  ctrnact-star-k6-n0570  k=6  3.4*.6  ★ CANDIDATE (not in Myers)  (10 cell polys, area check ✓)
  ctrnact-star-k6-n0571  k=6  3.4*.6  ★ CANDIDATE (not in Myers)  (11 cell polys, area check ✓)
  ctrnact-star-k6-n0572  k=6  3.4*.6  ★ CANDIDATE (not in Myers)  (13 cell polys, area check ✓)
  ctrnact-star-k6-n0573  k=6  3.4*.6  ★ CANDIDATE (not in Myers)  (12 cell polys, area check ✓)
  ctrnact-star-k6-n0574  k=6  3.4*.6  ★ CANDIDATE (not in Myers)  (15 cell polys, area check ✓)
  ctrnact-star-k6-n0575  k=6  3.4*.6  ★ CANDIDATE (not in Myers)  (13 cell polys, area check ✓)
  ctrnact-star-k6-n0576  k=6  3.4*.6  ★ CANDIDATE (not in Myers)  (13 cell polys, area check ✓)
  ctrnact-star-k6-n0577  k=6  3.4*.6  ★ CANDIDATE (not in Myers)  (16 cell polys, area check ✓)
  ctrnact-star-k6-n0578  k=6  3.4*.6  ★ CANDIDATE (not in Myers)  (15 cell polys, area check ✓)
  ctrnact-star-k6-n0579  k=6  3.4*.6  ★ CANDIDATE (not in Myers)  (21 cell polys, area check ✓)
  ctrnact-star-k6-n0580  k=6  3.4*.6  ★ CANDIDATE (not in Myers)  (8 cell polys, area check ✓)
  ctrnact-star-k6-n0581  k=6  3.4*.6  ★ CANDIDATE (not in Myers)  (9 cell polys, area check ✓)
  ctrnact-star-k6-n0582  k=6  3.4*.6  ★ CANDIDATE (not in Myers)  (11 cell polys, area check ✓)
  ctrnact-star-k6-n0583  k=6  3.4*.6  ★ CANDIDATE (not in Myers)  (11 cell polys, area check ✓)
  ctrnact-star-k6-n0584  k=6  3.4*.6  ★ CANDIDATE (not in Myers)  (14 cell polys, area check ✓)
  ctrnact-star-k6-n0585  k=6  3.4*.6  ★ CANDIDATE (not in Myers)  (15 cell polys, area check ✓)
  ctrnact-star-k6-n0586  k=6  3.4*.6  ★ CANDIDATE (not in Myers)  (17 cell polys, area check ✓)
  ctrnact-star-k6-n0587  k=6  3.4*.6  ★ CANDIDATE (not in Myers)  (12 cell polys, area check ✓)
  ctrnact-star-k6-n0588  k=6  3.4*.6  ★ CANDIDATE (not in Myers)  (13 cell polys, area check ✓)
  ctrnact-star-k6-n0589  k=6  3.4*.6  ★ CANDIDATE (not in Myers)  (15 cell polys, area check ✓)
  ctrnact-star-k6-n0590  k=6  3.4*.6  ★ CANDIDATE (not in Myers)  (13 cell polys, area check ✓)
  ctrnact-star-k6-n0591  k=6  3.4*.6  ★ CANDIDATE (not in Myers)  (10 cell polys, area check ✓)
  ctrnact-star-k6-n0592  k=6  3.4*.6  ★ CANDIDATE (not in Myers)  (13 cell polys, area check ✓)
  ctrnact-star-k6-n0593  k=6  3.4*.6  ★ CANDIDATE (not in Myers)  (14 cell polys, area check ✓)
  ctrnact-star-k6-n0594  k=6  3.4*.6  ★ CANDIDATE (not in Myers)  (16 cell polys, area check ✓)
  ctrnact-star-k6-n0595  k=6  3.4*.6  ★ CANDIDATE (not in Myers)  (15 cell polys, area check ✓)
  ctrnact-star-k6-n0596  k=6  3.4*.6  ★ CANDIDATE (not in Myers)  (11 cell polys, area check ✓)
  ctrnact-star-k6-n0597  k=6  3.4*.6  ★ CANDIDATE (not in Myers)  (13 cell polys, area check ✓)
  ctrnact-star-k6-n0598  k=6  3.4*.6  ★ CANDIDATE (not in Myers)  (11 cell polys, area check ✓)
  ctrnact-star-k6-n0599  k=6  3.4*.6  ★ CANDIDATE (not in Myers)  (14 cell polys, area check ✓)
  ctrnact-star-k6-n0600  k=6  3.4*.6  ★ CANDIDATE (not in Myers)  (15 cell polys, area check ✓)
  ctrnact-star-k6-n0601  k=6  3.4*.6  ★ CANDIDATE (not in Myers)  (17 cell polys, area check ✓)
  ctrnact-star-k6-n0602  k=6  3.4*.6  ★ CANDIDATE (not in Myers)  (11 cell polys, area check ✓)
  ctrnact-star-k6-n0603  k=6  3.4*.6  ★ CANDIDATE (not in Myers)  (12 cell polys, area check ✓)
  ctrnact-star-k6-n0604  k=6  3.4*.6  ★ CANDIDATE (not in Myers)  (14 cell polys, area check ✓)
  ctrnact-star-k6-n0605  k=6  3.4*.6  ★ CANDIDATE (not in Myers)  (13 cell polys, area check ✓)
  ctrnact-star-k6-n0606  k=6  3.4*.6  ★ CANDIDATE (not in Myers)  (13 cell polys, area check ✓)
  ctrnact-star-k6-n0607  k=6  3.4*.6  ★ CANDIDATE (not in Myers)  (13 cell polys, area check ✓)
  ctrnact-star-k6-n0608  k=6  3.4*.6  ★ CANDIDATE (not in Myers)  (14 cell polys, area check ✓)
  ctrnact-star-k6-n0609  k=6  3.4*.6  ★ CANDIDATE (not in Myers)  (16 cell polys, area check ✓)
  ctrnact-star-k6-n0610  k=6  3.4*.6  ★ CANDIDATE (not in Myers)  (16 cell polys, area check ✓)
  ctrnact-star-k6-n0611  k=6  3.4*.6  ★ CANDIDATE (not in Myers)  (8 cell polys, area check ✓)
  ctrnact-star-k6-n0612  k=6  3.4*.6  ★ CANDIDATE (not in Myers)  (14 cell polys, area check ✓)
  ctrnact-star-k6-n0613  k=6  3.4*.6  ★ CANDIDATE (not in Myers)  (16 cell polys, area check ✓)
  ctrnact-star-k6-n0614  k=6  3.4*.6  ★ CANDIDATE (not in Myers)  (17 cell polys, area check ✓)
  ctrnact-star-k6-n0615  k=6  3.4*.6  ★ CANDIDATE (not in Myers)  (19 cell polys, area check ✓)
  ctrnact-star-k6-n0616  k=6  3.4*.6  ★ CANDIDATE (not in Myers)  (11 cell polys, area check ✓)
  ctrnact-star-k6-n0617  k=6  3.4*.6  ★ CANDIDATE (not in Myers)  (12 cell polys, area check ✓)
  ctrnact-star-k6-n0618  k=6  3.4*.6  ★ CANDIDATE (not in Myers)  (14 cell polys, area check ✓)
  ctrnact-star-k6-n0619  k=6  3.4*.6  ★ CANDIDATE (not in Myers)  (14 cell polys, area check ✓)
  ctrnact-star-k6-n0620  k=6  3.4*.6  ★ CANDIDATE (not in Myers)  (21 cell polys, area check ✓)
  ctrnact-star-k6-n0621  k=6  3.4*.6  ★ CANDIDATE (not in Myers)  (21 cell polys, area check ✓)
  ctrnact-star-k6-n0622  k=6  3.4*.6  ★ CANDIDATE (not in Myers)  (21 cell polys, area check ✓)
  ctrnact-star-k6-n0623  k=6  3.4*.6  ★ CANDIDATE (not in Myers)  (16 cell polys, area check ✓)
  ctrnact-star-k6-n0624  k=6  3.4*.6  ★ CANDIDATE (not in Myers)  (19 cell polys, area check ✓)
  ctrnact-star-k6-n0625  k=6  3.4*.6  ★ CANDIDATE (not in Myers)  (24 cell polys, area check ✓)
  ctrnact-star-k6-n0626  k=6  3.4*.6  ★ CANDIDATE (not in Myers)  (24 cell polys, area check ✓)
  ctrnact-star-k6-n0627  k=6  3.4*.6  ★ CANDIDATE (not in Myers)  (46 cell polys, area check ✓)
  ctrnact-star-k6-n0628  k=6  3.4*.6  ★ CANDIDATE (not in Myers)  (29 cell polys, area check ✓)
  ctrnact-star-k6-n0629  k=6  3.4*.6  ★ CANDIDATE (not in Myers)  (57 cell polys, area check ✓)
  ctrnact-star-k6-n0630  k=6  3.4*.6  ★ CANDIDATE (not in Myers)  (37 cell polys, area check ✓)
  ctrnact-star-k6-n0631  k=6  3.4*.6.12*  ★ CANDIDATE (not in Myers)  (60 cell polys, area check ✓)
  ctrnact-star-k6-n0632  k=6  3.4*.6.6*  ★ CANDIDATE (not in Myers)  (19 cell polys, area check ✓)
  ctrnact-star-k6-n0633  k=6  3.4*.6.6*  ★ CANDIDATE (not in Myers)  (19 cell polys, area check ✓)
  ctrnact-star-k6-n0634  k=6  3.4*.6.6*  ★ CANDIDATE (not in Myers)  (57 cell polys, area check ✓)
  ctrnact-star-k6-n0635  k=6  3.4*.6.6*  ★ CANDIDATE (not in Myers)  (51 cell polys, area check ✓)
  ctrnact-star-k6-n0636  k=6  3.4*.6.6*  ★ CANDIDATE (not in Myers)  (23 cell polys, area check ✓)
  ctrnact-star-k6-n0637  k=6  3.4*.6.6*  ★ CANDIDATE (not in Myers)  (13 cell polys, area check ✓)
  ctrnact-star-k6-n0638  k=6  3.4*.6.6*  ★ CANDIDATE (not in Myers)  (16 cell polys, area check ✓)
  ctrnact-star-k6-n0639  k=6  3.4*.6.6*  ★ CANDIDATE (not in Myers)  (31 cell polys, area check ✓)
  ctrnact-star-k6-n0640  k=6  3.4*.6.6*.12*  ★ CANDIDATE (not in Myers)  (39 cell polys, area check ✓)
  ctrnact-star-k6-n0641  k=6  3.4*.6.6*.12*  ★ CANDIDATE (not in Myers)  (14 cell polys, area check ✓)
  ctrnact-star-k6-n0642  k=6  3.4*.6.12*  ★ CANDIDATE (not in Myers)  (34 cell polys, area check ✓)
  ctrnact-star-k6-n0643  k=6  3.4*.6.12*  ★ CANDIDATE (not in Myers)  (45 cell polys, area check ✓)
  ctrnact-star-k6-n0644  k=6  3.4*.6.12*  ★ CANDIDATE (not in Myers)  (34 cell polys, area check ✓)
  ctrnact-star-k6-n0645  k=6  3.4*.6.12*  ★ CANDIDATE (not in Myers)  (27 cell polys, area check ✓)
  ctrnact-star-k6-n0646  k=6  3.4*.6.12*  ★ CANDIDATE (not in Myers)  (69 cell polys, area check ✓)
  ctrnact-star-k6-n0647  k=6  3.6.6*  ★ CANDIDATE (not in Myers)  (40 cell polys, area check ✓)
  ctrnact-star-k6-n0648  k=6  3.6.6*  ★ CANDIDATE (not in Myers)  (31 cell polys, area check ✓)
  ctrnact-star-k6-n0649  k=6  3.6.6*  ★ CANDIDATE (not in Myers)  (37 cell polys, area check ✓)
  ctrnact-star-k6-n0650  k=6  3.6.6*  ★ CANDIDATE (not in Myers)  (37 cell polys, area check ✓)
  ctrnact-star-k6-n0651  k=6  3.6.6*  ★ CANDIDATE (not in Myers)  (39 cell polys, area check ✓)
  ctrnact-star-k6-n0652  k=6  3.6.6*  ★ CANDIDATE (not in Myers)  (16 cell polys, area check ✓)
  ctrnact-star-k6-n0653  k=6  3.6.6*  ★ CANDIDATE (not in Myers)  (60 cell polys, area check ✓)
  ctrnact-star-k6-n0654  k=6  3.6.6*  ★ CANDIDATE (not in Myers)  (57 cell polys, area check ✓)
  ctrnact-star-k6-n0655  k=6  3.6.6*  ★ CANDIDATE (not in Myers)  (21 cell polys, area check ✓)
  ctrnact-star-k6-n0656  k=6  3.6.6*  ★ CANDIDATE (not in Myers)  (20 cell polys, area check ✓)
  ctrnact-star-k6-n0657  k=6  3.6.6*  ★ CANDIDATE (not in Myers)  (12 cell polys, area check ✓)
  ctrnact-star-k6-n0658  k=6  3.6.6*  ★ CANDIDATE (not in Myers)  (45 cell polys, area check ✓)
  ctrnact-star-k6-n0659  k=6  3.6.6*  ★ CANDIDATE (not in Myers)  (45 cell polys, area check ✓)
  ctrnact-star-k6-n0660  k=6  3.6.6*  ★ CANDIDATE (not in Myers)  (51 cell polys, area check ✓)
  ctrnact-star-k6-n0661  k=6  3.6.6*  ★ CANDIDATE (not in Myers)  (57 cell polys, area check ✓)
  ctrnact-star-k6-n0662  k=6  3.6.6*  ★ CANDIDATE (not in Myers)  (51 cell polys, area check ✓)
  ctrnact-star-k6-n0663  k=6  3.6.6*  ★ CANDIDATE (not in Myers)  (57 cell polys, area check ✓)
  ctrnact-star-k6-n0664  k=6  3.6.6*  ★ CANDIDATE (not in Myers)  (54 cell polys, area check ✓)
  ctrnact-star-k6-n0665  k=6  3.6.6*  ★ CANDIDATE (not in Myers)  (72 cell polys, area check ✓)
  ctrnact-star-k6-n0666  k=6  3.6.6*  ★ CANDIDATE (not in Myers)  (55 cell polys, area check ✓)
  ctrnact-star-k6-n0667  k=6  3.6.6*  ★ CANDIDATE (not in Myers)  (15 cell polys, area check ✓)
  ctrnact-star-k6-n0668  k=6  3.6.6*  ★ CANDIDATE (not in Myers)  (15 cell polys, area check ✓)
  ctrnact-star-k6-n0669  k=6  3.6.6*  ★ CANDIDATE (not in Myers)  (17 cell polys, area check ✓)
  ctrnact-star-k6-n0670  k=6  3.6.6*  ★ CANDIDATE (not in Myers)  (17 cell polys, area check ✓)
  ctrnact-star-k6-n0671  k=6  3.6.6*  ★ CANDIDATE (not in Myers)  (17 cell polys, area check ✓)
  ctrnact-star-k6-n0672  k=6  3.6.6*  ★ CANDIDATE (not in Myers)  (18 cell polys, area check ✓)
  ctrnact-star-k6-n0673  k=6  3.6.6*  ★ CANDIDATE (not in Myers)  (18 cell polys, area check ✓)
  ctrnact-star-k6-n0674  k=6  3.6.6*  ★ CANDIDATE (not in Myers)  (18 cell polys, area check ✓)
  ctrnact-star-k6-n0675  k=6  3.6.6*  ★ CANDIDATE (not in Myers)  (18 cell polys, area check ✓)
  ctrnact-star-k6-n0676  k=6  3.6.6*  ★ CANDIDATE (not in Myers)  (17 cell polys, area check ✓)
  ctrnact-star-k6-n0677  k=6  3.6.6*  ★ CANDIDATE (not in Myers)  (17 cell polys, area check ✓)
  ctrnact-star-k6-n0678  k=6  3.6.6*  ★ CANDIDATE (not in Myers)  (17 cell polys, area check ✓)
  ctrnact-star-k6-n0679  k=6  3.6.6*  ★ CANDIDATE (not in Myers)  (15 cell polys, area check ✓)
  ctrnact-star-k6-n0680  k=6  3.6.6*  ★ CANDIDATE (not in Myers)  (14 cell polys, area check ✓)
  ctrnact-star-k6-n0681  k=6  3.6.6*  ★ CANDIDATE (not in Myers)  (45 cell polys, area check ✓)
  ctrnact-star-k6-n0682  k=6  3.6.6*  ★ CANDIDATE (not in Myers)  (15 cell polys, area check ✓)
  ctrnact-star-k6-n0683  k=6  3.6.6*  ★ CANDIDATE (not in Myers)  (18 cell polys, area check ✓)
  ctrnact-star-k6-n0684  k=6  3.6.6*  ★ CANDIDATE (not in Myers)  (15 cell polys, area check ✓)
  ctrnact-star-k6-n0685  k=6  3.6.6*  ★ CANDIDATE (not in Myers)  (30 cell polys, area check ✓)
  ctrnact-star-k6-n0686  k=6  3.6.6*  ★ CANDIDATE (not in Myers)  (19 cell polys, area check ✓)
  ctrnact-star-k6-n0687  k=6  3.6.6*  ★ CANDIDATE (not in Myers)  (15 cell polys, area check ✓)
  ctrnact-star-k6-n0688  k=6  3.6.6*  ★ CANDIDATE (not in Myers)  (15 cell polys, area check ✓)
  ctrnact-star-k6-n0689  k=6  3.6.6*  ★ CANDIDATE (not in Myers)  (15 cell polys, area check ✓)
  ctrnact-star-k6-n0690  k=6  3.6.6*  ★ CANDIDATE (not in Myers)  (17 cell polys, area check ✓)
  ctrnact-star-k6-n0691  k=6  3.6.6*  ★ CANDIDATE (not in Myers)  (20 cell polys, area check ✓)
  ctrnact-star-k6-n0692  k=6  3.6.6*  ★ CANDIDATE (not in Myers)  (28 cell polys, area check ✓)
  ctrnact-star-k6-n0693  k=6  3.6.6*  ★ CANDIDATE (not in Myers)  (11 cell polys, area check ✓)
  ctrnact-star-k6-n0694  k=6  3.6.6*  ★ CANDIDATE (not in Myers)  (28 cell polys, area check ✓)
  ctrnact-star-k6-n0695  k=6  3.6.6*  ★ CANDIDATE (not in Myers)  (13 cell polys, area check ✓)
  ctrnact-star-k6-n0696  k=6  3.6.6*  ★ CANDIDATE (not in Myers)  (33 cell polys, area check ✓)
  ctrnact-star-k6-n0697  k=6  3.6.6*  ★ CANDIDATE (not in Myers)  (16 cell polys, area check ✓)
  ctrnact-star-k6-n0698  k=6  3.6.6*  ★ CANDIDATE (not in Myers)  (19 cell polys, area check ✓)
  ctrnact-star-k6-n0699  k=6  3.6.6*  ★ CANDIDATE (not in Myers)  (17 cell polys, area check ✓)
  ctrnact-star-k6-n0700  k=6  3.6.6*  ★ CANDIDATE (not in Myers)  (17 cell polys, area check ✓)
  ctrnact-star-k6-n0701  k=6  3.6.6*  ★ CANDIDATE (not in Myers)  (17 cell polys, area check ✓)
  ctrnact-star-k6-n0702  k=6  3.6.6*  ★ CANDIDATE (not in Myers)  (16 cell polys, area check ✓)
  ctrnact-star-k6-n0703  k=6  3.6.6*  ★ CANDIDATE (not in Myers)  (16 cell polys, area check ✓)
  ctrnact-star-k6-n0704  k=6  3.6.6*  ★ CANDIDATE (not in Myers)  (22 cell polys, area check ✓)
  ctrnact-star-k6-n0705  k=6  3.6.6*  ★ CANDIDATE (not in Myers)  (17 cell polys, area check ✓)
  ctrnact-star-k6-n0706  k=6  3.6.6*  ★ CANDIDATE (not in Myers)  (12 cell polys, area check ✓)
  ctrnact-star-k6-n0707  k=6  3.6.6*  ★ CANDIDATE (not in Myers)  (12 cell polys, area check ✓)
  ctrnact-star-k6-n0708  k=6  3.6.6*  ★ CANDIDATE (not in Myers)  (14 cell polys, area check ✓)
  ctrnact-star-k6-n0709  k=6  3.6.6*  ★ CANDIDATE (not in Myers)  (14 cell polys, area check ✓)
  ctrnact-star-k6-n0710  k=6  3.6.6*  ★ CANDIDATE (not in Myers)  (19 cell polys, area check ✓)
  ctrnact-star-k6-n0711  k=6  3.6.6*  ★ CANDIDATE (not in Myers)  (16 cell polys, area check ✓)
  ctrnact-star-k6-n0712  k=6  3.6.6*  ★ CANDIDATE (not in Myers)  (16 cell polys, area check ✓)
  ctrnact-star-k6-n0713  k=6  3.6.6*  ★ CANDIDATE (not in Myers)  (39 cell polys, area check ✓)
  ctrnact-star-k6-n0714  k=6  3.6.6*  ★ CANDIDATE (not in Myers)  (48 cell polys, area check ✓)
  ctrnact-star-k6-n0715  k=6  3.6.6*  ★ CANDIDATE (not in Myers)  (48 cell polys, area check ✓)
  ctrnact-star-k6-n0716  k=6  3.6.6*  ★ CANDIDATE (not in Myers)  (27 cell polys, area check ✓)
  ctrnact-star-k6-n0717  k=6  3.6.6*  ★ CANDIDATE (not in Myers)  (17 cell polys, area check ✓)
  ctrnact-star-k6-n0718  k=6  3.6.6*  ★ CANDIDATE (not in Myers)  (38 cell polys, area check ✓)
  ctrnact-star-k6-n0719  k=6  3.6.6*  ★ CANDIDATE (not in Myers)  (42 cell polys, area check ✓)
  ctrnact-star-k6-n0720  k=6  3.6.6*  ★ CANDIDATE (not in Myers)  (59 cell polys, area check ✓)
  ctrnact-star-k6-n0721  k=6  3.6.6*  ★ CANDIDATE (not in Myers)  (32 cell polys, area check ✓)
  ctrnact-star-k6-n0722  k=6  3.6.6*  ★ CANDIDATE (not in Myers)  (19 cell polys, area check ✓)
  ctrnact-star-k6-n0723  k=6  3.6.6*  ★ CANDIDATE (not in Myers)  (60 cell polys, area check ✓)
  ctrnact-star-k6-n0724  k=6  3.6.6*  ★ CANDIDATE (not in Myers)  (44 cell polys, area check ✓)
  ctrnact-star-k6-n0725  k=6  3.6.6*  ★ CANDIDATE (not in Myers)  (36 cell polys, area check ✓)
  ctrnact-star-k6-n0726  k=6  3.6.6*  ★ CANDIDATE (not in Myers)  (23 cell polys, area check ✓)
  ctrnact-star-k6-n0727  k=6  3.6.6*  ★ CANDIDATE (not in Myers)  (27 cell polys, area check ✓)
  ctrnact-star-k6-n0728  k=6  3.6.6*  ★ CANDIDATE (not in Myers)  (32 cell polys, area check ✓)
  ctrnact-star-k6-n0729  k=6  3.6.6*  ★ CANDIDATE (not in Myers)  (17 cell polys, area check ✓)
  ctrnact-star-k6-n0730  k=6  3.6.6*  ★ CANDIDATE (not in Myers)  (53 cell polys, area check ✓)
  ctrnact-star-k6-n0731  k=6  3.6.6*  ★ CANDIDATE (not in Myers)  (16 cell polys, area check ✓)
  ctrnact-star-k6-n0732  k=6  3.6.6*  ★ CANDIDATE (not in Myers)  (39 cell polys, area check ✓)
  ctrnact-star-k6-n0733  k=6  3.6.6*  ★ CANDIDATE (not in Myers)  (35 cell polys, area check ✓)
  ctrnact-star-k6-n0734  k=6  3.6.6*  ★ CANDIDATE (not in Myers)  (60 cell polys, area check ✓)
  ctrnact-star-k6-n0735  k=6  3.6.6*  ★ CANDIDATE (not in Myers)  (54 cell polys, area check ✓)
  ctrnact-star-k6-n0736  k=6  3.6.6*  ★ CANDIDATE (not in Myers)  (26 cell polys, area check ✓)
  ctrnact-star-k6-n0737  k=6  3.6.6*  ★ CANDIDATE (not in Myers)  (18 cell polys, area check ✓)
  ctrnact-star-k6-n0738  k=6  3.6.6*  ★ CANDIDATE (not in Myers)  (17 cell polys, area check ✓)
  ctrnact-star-k6-n0739  k=6  3.6.6*  ★ CANDIDATE (not in Myers)  (17 cell polys, area check ✓)
  ctrnact-star-k6-n0740  k=6  3.6.6*  ★ CANDIDATE (not in Myers)  (22 cell polys, area check ✓)
  ctrnact-star-k6-n0741  k=6  3.6.6*  ★ CANDIDATE (not in Myers)  (33 cell polys, area check ✓)
  ctrnact-star-k6-n0742  k=6  3.6.6*  ★ CANDIDATE (not in Myers)  (33 cell polys, area check ✓)
  ctrnact-star-k6-n0743  k=6  3.6.6*  ★ CANDIDATE (not in Myers)  (17 cell polys, area check ✓)
  ctrnact-star-k6-n0744  k=6  3.6.6*  ★ CANDIDATE (not in Myers)  (33 cell polys, area check ✓)
  ctrnact-star-k6-n0745  k=6  3.6.6*  ★ CANDIDATE (not in Myers)  (11 cell polys, area check ✓)
  ctrnact-star-k6-n0746  k=6  3.6.6*  ★ CANDIDATE (not in Myers)  (13 cell polys, area check ✓)
  ctrnact-star-k6-n0747  k=6  3.6.6*  ★ CANDIDATE (not in Myers)  (26 cell polys, area check ✓)
  ctrnact-star-k6-n0748  k=6  3.6.6*  ★ CANDIDATE (not in Myers)  (48 cell polys, area check ✓)
  ctrnact-star-k6-n0749  k=6  3.6.6*  ★ CANDIDATE (not in Myers)  (14 cell polys, area check ✓)
  ctrnact-star-k6-n0750  k=6  3.6.6*  ★ CANDIDATE (not in Myers)  (22 cell polys, area check ✓)
  ctrnact-star-k6-n0751  k=6  3.6.6*  ★ CANDIDATE (not in Myers)  (32 cell polys, area check ✓)
  ctrnact-star-k6-n0752  k=6  3.6.6*  ★ CANDIDATE (not in Myers)  (57 cell polys, area check ✓)
  ctrnact-star-k6-n0753  k=6  3.6.6*  ★ CANDIDATE (not in Myers)  (14 cell polys, area check ✓)
  ctrnact-star-k6-n0754  k=6  3.6.6*  ★ CANDIDATE (not in Myers)  (27 cell polys, area check ✓)
  ctrnact-star-k6-n0755  k=6  3.6.6*  ★ CANDIDATE (not in Myers)  (18 cell polys, area check ✓)
  ctrnact-star-k6-n0756  k=6  3.6.6*  ★ CANDIDATE (not in Myers)  (9 cell polys, area check ✓)
  ctrnact-star-k6-n0757  k=6  3.6.6*  ★ CANDIDATE (not in Myers)  (10 cell polys, area check ✓)
  ctrnact-star-k6-n0758  k=6  3.6.6*  ★ CANDIDATE (not in Myers)  (20 cell polys, area check ✓)
  ctrnact-star-k6-n0759  k=6  3.6.6*  ★ CANDIDATE (not in Myers)  (13 cell polys, area check ✓)
  ctrnact-star-k6-n0760  k=6  3.6.6*  ★ CANDIDATE (not in Myers)  (16 cell polys, area check ✓)
  ctrnact-star-k6-n0761  k=6  3.6.6*  ★ CANDIDATE (not in Myers)  (39 cell polys, area check ✓)
  ctrnact-star-k6-n0762  k=6  3.6.6*  ★ CANDIDATE (not in Myers)  (10 cell polys, area check ✓)
  ctrnact-star-k6-n0763  k=6  3.6.6*  ★ CANDIDATE (not in Myers)  (36 cell polys, area check ✓)
  ctrnact-star-k6-n0764  k=6  3.6.6*  ★ CANDIDATE (not in Myers)  (16 cell polys, area check ✓)
  ctrnact-star-k6-n0765  k=6  3.6.6*  ★ CANDIDATE (not in Myers)  (17 cell polys, area check ✓)
  ctrnact-star-k6-n0766  k=6  3.6.6*  ★ CANDIDATE (not in Myers)  (17 cell polys, area check ✓)
  ctrnact-star-k6-n0767  k=6  3.6.6*  ★ CANDIDATE (not in Myers)  (19 cell polys, area check ✓)
  ctrnact-star-k6-n0768  k=6  3.6.6*  ★ CANDIDATE (not in Myers)  (19 cell polys, area check ✓)
  ctrnact-star-k6-n0769  k=6  3.6.6*  ★ CANDIDATE (not in Myers)  (18 cell polys, area check ✓)
  ctrnact-star-k6-n0770  k=6  3.6.6*  ★ CANDIDATE (not in Myers)  (16 cell polys, area check ✓)
  ctrnact-star-k6-n0771  k=6  3.6.6*  ★ CANDIDATE (not in Myers)  (31 cell polys, area check ✓)
  ctrnact-star-k6-n0772  k=6  3.6.6*  ★ CANDIDATE (not in Myers)  (15 cell polys, area check ✓)
  ctrnact-star-k6-n0773  k=6  3.6.6*  ★ CANDIDATE (not in Myers)  (30 cell polys, area check ✓)
  ctrnact-star-k6-n0774  k=6  3.6.6*  ★ CANDIDATE (not in Myers)  (27 cell polys, area check ✓)
  ctrnact-star-k6-n0775  k=6  3.6.6*  ★ CANDIDATE (not in Myers)  (24 cell polys, area check ✓)
  ctrnact-star-k6-n0776  k=6  3.6.6*  ★ CANDIDATE (not in Myers)  (11 cell polys, area check ✓)
  ctrnact-star-k6-n0777  k=6  3.6.6*  ★ CANDIDATE (not in Myers)  (30 cell polys, area check ✓)
  ctrnact-star-k6-n0778  k=6  3.6.6*  ★ CANDIDATE (not in Myers)  (13 cell polys, area check ✓)
  ctrnact-star-k6-n0779  k=6  3.6.6*  ★ CANDIDATE (not in Myers)  (16 cell polys, area check ✓)
  ctrnact-star-k6-n0780  k=6  3.6.6*  ★ CANDIDATE (not in Myers)  (16 cell polys, area check ✓)
  ctrnact-star-k6-n0781  k=6  3.6.6*  ★ CANDIDATE (not in Myers)  (8 cell polys, area check ✓)
  ctrnact-star-k6-n0782  k=6  3.6.12*  ★ CANDIDATE (not in Myers)  (42 cell polys, area check ✓)
  ctrnact-star-k6-n0784  k=6  3.3*.6*.8.8*  ★ CANDIDATE (not in Myers)  (72 cell polys, area check ✓)
  ctrnact-star-k6-n0785  k=6  3.3*.6*.8.8*  ★ CANDIDATE (not in Myers)  (20 cell polys, area check ✓)
  ctrnact-star-k6-n0786  k=6  3.3*.6*.8.8*  ★ CANDIDATE (not in Myers)  (28 cell polys, area check ✓)
  ctrnact-star-k6-n0787  k=6  3.3*.6*.8.8*  ★ CANDIDATE (not in Myers)  (72 cell polys, area check ✓)
  ctrnact-star-k6-n0788  k=6  3.4*.8.8*  ★ CANDIDATE (not in Myers)  (22 cell polys, area check ✓)
  ctrnact-star-k6-n0789  k=6  3.4*.8.8*  ★ CANDIDATE (not in Myers)  (26 cell polys, area check ✓)
  ctrnact-star-k6-n0790  k=6  3.4*.8.8*  ★ CANDIDATE (not in Myers)  (24 cell polys, area check ✓)
  ctrnact-star-k6-n0791  k=6  3.4*.8.8*  ★ CANDIDATE (not in Myers)  (50 cell polys, area check ✓)
  ctrnact-star-k6-n0792  k=6  3.4*.8.8*  ★ CANDIDATE (not in Myers)  (48 cell polys, area check ✓)
  ctrnact-star-k6-n0793  k=6  3.4*.8.8*  ★ CANDIDATE (not in Myers)  (40 cell polys, area check ✓)
  ctrnact-star-k6-n0794  k=6  3.4*.8.8*  ★ CANDIDATE (not in Myers)  (24 cell polys, area check ✓)
  ctrnact-star-k6-n0795  k=6  3.4*.8.8*  ★ CANDIDATE (not in Myers)  (28 cell polys, area check ✓)
  ctrnact-star-k6-n0796  k=6  3.4*.8.8*  ★ CANDIDATE (not in Myers)  (26 cell polys, area check ✓)
  ctrnact-star-k6-n0797  k=6  3.4*.8.8*  ★ CANDIDATE (not in Myers)  (24 cell polys, area check ✓)
  ctrnact-star-k6-n0798  k=6  3.4*.8.8*  ★ CANDIDATE (not in Myers)  (56 cell polys, area check ✓)
  ctrnact-star-k6-n0799  k=6  3.4*.8.8*  ★ CANDIDATE (not in Myers)  (16 cell polys, area check ✓)
  ctrnact-star-k6-n0800  k=6  3.4*.8.8*  ★ CANDIDATE (not in Myers)  (22 cell polys, area check ✓)
  ctrnact-star-k6-n0801  k=6  3.4*.8.8*  ★ CANDIDATE (not in Myers)  (24 cell polys, area check ✓)
  ctrnact-star-k6-n0802  k=6  3.4*.8.8*  ★ CANDIDATE (not in Myers)  (20 cell polys, area check ✓)
  ctrnact-star-k6-n0803  k=6  3.4*.8.8*  ★ CANDIDATE (not in Myers)  (28 cell polys, area check ✓)
  ctrnact-star-k6-n0804  k=6  3.3*.4*.12  ★ CANDIDATE (not in Myers)  (16 cell polys, area check ✓)
  ctrnact-star-k6-n0805  k=6  3.3*.4*.12  ★ CANDIDATE (not in Myers)  (15 cell polys, area check ✓)
  ctrnact-star-k6-n0806  k=6  3.3*.12.12*  ★ CANDIDATE (not in Myers)  (48 cell polys, area check ✓)
  ctrnact-star-k6-n0807  k=6  3.3*.12.12*  ★ CANDIDATE (not in Myers)  (51 cell polys, area check ✓)
  ctrnact-star-k6-n0808  k=6  3.3*.12.12*  ★ CANDIDATE (not in Myers)  (21 cell polys, area check ✓)
  ctrnact-star-k6-n0809  k=6  3.3*.12.12*  ★ CANDIDATE (not in Myers)  (60 cell polys, area check ✓)
  ctrnact-star-k6-n0810  k=6  3.4*.12  ★ CANDIDATE (not in Myers)  (8 cell polys, area check ✓)
  ctrnact-star-k6-n0811  k=6  3.4*.12.12*  ★ CANDIDATE (not in Myers)  (90 cell polys, area check ✓)
  ctrnact-star-k6-n0812  k=6  3.4*.12.12*  ★ CANDIDATE (not in Myers)  (20 cell polys, area check ✓)
  ctrnact-star-k6-n0813  k=6  3.4*.12.12*  ★ CANDIDATE (not in Myers)  (19 cell polys, area check ✓)
  ctrnact-star-k6-n0814  k=6  3.4*.12.12*  ★ CANDIDATE (not in Myers)  (18 cell polys, area check ✓)
  ctrnact-star-k6-n0815  k=6  3.4*.12.12*  ★ CANDIDATE (not in Myers)  (31 cell polys, area check ✓)
  ctrnact-star-k6-n0816  k=6  3.4*.12.12*  ★ CANDIDATE (not in Myers)  (20 cell polys, area check ✓)
  ctrnact-star-k6-n0817  k=6  3.4*.12.12*  ★ CANDIDATE (not in Myers)  (30 cell polys, area check ✓)
  ctrnact-star-k6-n0818  k=6  3.4*.12.12*  ★ CANDIDATE (not in Myers)  (22 cell polys, area check ✓)
  ctrnact-star-k6-n0819  k=6  3.12.12*  ★ CANDIDATE (not in Myers)  (123 cell polys, area check ✓)
  ctrnact-star-k6-n0820  k=6  3.12.12*  ★ CANDIDATE (not in Myers)  (39 cell polys, area check ✓)
  ctrnact-star-k6-n0821  k=6  3.12.12*  ★ CANDIDATE (not in Myers)  (36 cell polys, area check ✓)
  ctrnact-star-k6-n0822  k=6  3.12.12*  ★ CANDIDATE (not in Myers)  (21 cell polys, area check ✓)
  ctrnact-star-k6-n0823  k=6  3.12.12*  ★ CANDIDATE (not in Myers)  (33 cell polys, area check ✓)
  ctrnact-star-k6-n0824  k=6  3.12.12*  ★ CANDIDATE (not in Myers)  (51 cell polys, area check ✓)
  ctrnact-star-k6-n0825  k=6  3.12.12*  ★ CANDIDATE (not in Myers)  (111 cell polys, area check ✓)
  ctrnact-star-k6-n0826  k=6  3.12.12*  ★ CANDIDATE (not in Myers)  (75 cell polys, area check ✓)
  ctrnact-star-k6-n0827  k=6  3.12.12*  ★ CANDIDATE (not in Myers)  (87 cell polys, area check ✓)
  ctrnact-star-k6-n0832  k=6  3.3*.4*  ★ CANDIDATE (not in Myers)  (17 cell polys, area check ✓)
  ctrnact-star-k6-n0833  k=6  3.4*  ★ CANDIDATE (not in Myers)  (13 cell polys, area check ✓)
  ctrnact-star-k6-n0834  k=6  3.4*  ★ CANDIDATE (not in Myers)  (11 cell polys, area check ✓)
  ctrnact-star-k6-n0835  k=6  3.4*  ★ CANDIDATE (not in Myers)  (39 cell polys, area check ✓)
  ctrnact-star-k6-n0836  k=6  3.4*  ★ CANDIDATE (not in Myers)  (17 cell polys, area check ✓)
  ctrnact-star-k6-n0837  k=6  3.4*  ★ CANDIDATE (not in Myers)  (19 cell polys, area check ✓)
  ctrnact-star-k6-n0838  k=6  3.4*  ★ CANDIDATE (not in Myers)  (16 cell polys, area check ✓)
  ctrnact-star-k6-n0839  k=6  3.4*  ★ CANDIDATE (not in Myers)  (18 cell polys, area check ✓)
  ctrnact-star-k6-n0840  k=6  3.4*  ★ CANDIDATE (not in Myers)  (14 cell polys, area check ✓)
  ctrnact-star-k6-n0841  k=6  3.4*  ★ CANDIDATE (not in Myers)  (16 cell polys, area check ✓)
  ctrnact-star-k6-n0842  k=6  3.4*  ★ CANDIDATE (not in Myers)  (16 cell polys, area check ✓)
  ctrnact-star-k6-n0843  k=6  3.4*  ★ CANDIDATE (not in Myers)  (18 cell polys, area check ✓)
  ctrnact-star-k6-n0844  k=6  3.4*  ★ CANDIDATE (not in Myers)  (13 cell polys, area check ✓)
  ctrnact-star-k6-n0845  k=6  3.4*  ★ CANDIDATE (not in Myers)  (33 cell polys, area check ✓)
  ctrnact-star-k6-n0846  k=6  3.4*.6*  ★ CANDIDATE (not in Myers)  (15 cell polys, area check ✓)
  ctrnact-star-k6-n0847  k=6  3.4*.6*.12*  ★ CANDIDATE (not in Myers)  (46 cell polys, area check ✓)
  ctrnact-star-k6-n0848  k=6  3.4*.12*  ★ CANDIDATE (not in Myers)  (30 cell polys, area check ✓)
  ctrnact-star-k6-n0849  k=6  3.4*.12*  ★ CANDIDATE (not in Myers)  (36 cell polys, area check ✓)
  ctrnact-star-k6-n0850  k=6  3.4*.12*  ★ CANDIDATE (not in Myers)  (102 cell polys, area check ✓)
  ctrnact-star-k6-n0851  k=6  3.4*.12*  ★ CANDIDATE (not in Myers)  (27 cell polys, area check ✓)
  ctrnact-star-k6-n0852  k=6  3.4*.12*  ★ CANDIDATE (not in Myers)  (78 cell polys, area check ✓)
  ctrnact-star-k6-n0853  k=6  3.4*.12*  ★ CANDIDATE (not in Myers)  (30 cell polys, area check ✓)
  ctrnact-star-k6-n0854  k=6  3.6*  ★ CANDIDATE (not in Myers)  (17 cell polys, area check ✓)
  ctrnact-star-k6-n0855  k=6  3.6*  ★ CANDIDATE (not in Myers)  (61 cell polys, area check ✓)
  ctrnact-star-k6-n0856  k=6  3.6*  ★ CANDIDATE (not in Myers)  (21 cell polys, area check ✓)
  ctrnact-star-k6-n0857  k=6  3.6*  ★ CANDIDATE (not in Myers)  (39 cell polys, area check ✓)
  ctrnact-star-k6-n0858  k=6  3.6*  ★ CANDIDATE (not in Myers)  (13 cell polys, area check ✓)
  ctrnact-star-k6-n0859  k=6  3.6*  ★ CANDIDATE (not in Myers)  (15 cell polys, area check ✓)
  ctrnact-star-k6-n0860  k=6  3.6*  ★ CANDIDATE (not in Myers)  (50 cell polys, area check ✓)
  ctrnact-star-k6-n0861  k=6  3.6*  ★ CANDIDATE (not in Myers)  (13 cell polys, area check ✓)
  ctrnact-star-k6-n0862  k=6  3.6*  ★ CANDIDATE (not in Myers)  (63 cell polys, area check ✓)
  ctrnact-star-k6-n0863  k=6  3.12*  ★ CANDIDATE (not in Myers)  (111 cell polys, area check ✓)
  ctrnact-star-k6-n0864  k=6  3.12*  ★ CANDIDATE (not in Myers)  (87 cell polys, area check ✓)
  ctrnact-star-k6-n0867  k=6  4.6*  ★ CANDIDATE (not in Myers)  (22 cell polys, area check ✓)
  ctrnact-star-k6-n0868  k=6  4.6*  ★ CANDIDATE (not in Myers)  (26 cell polys, area check ✓)
  ctrnact-star-k6-n0869  k=6  4.6*  ★ CANDIDATE (not in Myers)  (60 cell polys, area check ✓)
  ctrnact-star-k6-n0870  k=6  4.6*  ★ CANDIDATE (not in Myers)  (20 cell polys, area check ✓)
  ctrnact-star-k6-n0871  k=6  4.6*  ★ CANDIDATE (not in Myers)  (66 cell polys, area check ✓)
  ctrnact-star-k6-n0872  k=6  4.6*  ★ CANDIDATE (not in Myers)  (26 cell polys, area check ✓)
  ctrnact-star-k6-n0873  k=6  4.6*  ★ CANDIDATE (not in Myers)  (34 cell polys, area check ✓)
  ctrnact-star-k6-n0874  k=6  4.6*  ★ CANDIDATE (not in Myers)  (38 cell polys, area check ✓)
  ctrnact-star-k6-n0875  k=6  4.6*  ★ CANDIDATE (not in Myers)  (66 cell polys, area check ✓)
  ctrnact-star-k6-n0876  k=6  4.6*  ★ CANDIDATE (not in Myers)  (72 cell polys, area check ✓)
  ctrnact-star-k6-n0877  k=6  4.6*  ★ CANDIDATE (not in Myers)  (46 cell polys, area check ✓)
  ctrnact-star-k6-n0878  k=6  4.6*  ★ CANDIDATE (not in Myers)  (32 cell polys, area check ✓)
  ctrnact-star-k6-n0879  k=6  4.6*  ★ CANDIDATE (not in Myers)  (36 cell polys, area check ✓)
  ctrnact-star-k6-n0880  k=6  4.6*  ★ CANDIDATE (not in Myers)  (28 cell polys, area check ✓)
  ctrnact-star-k6-n0881  k=6  4.6*  ★ CANDIDATE (not in Myers)  (32 cell polys, area check ✓)
  ctrnact-star-k6-n0882  k=6  4.6*  ★ CANDIDATE (not in Myers)  (32 cell polys, area check ✓)
  ctrnact-star-k6-n0883  k=6  4.6*  ★ CANDIDATE (not in Myers)  (36 cell polys, area check ✓)
  ctrnact-star-k6-n0884  k=6  4.6*  ★ CANDIDATE (not in Myers)  (96 cell polys, area check ✓)
  ctrnact-star-k6-n0885  k=6  4.6*  ★ CANDIDATE (not in Myers)  (102 cell polys, area check ✓)
  ctrnact-star-k6-n0886  k=6  4.6*  ★ CANDIDATE (not in Myers)  (26 cell polys, area check ✓)
  ctrnact-star-k6-n0887  k=6  4.6*  ★ CANDIDATE (not in Myers)  (36 cell polys, area check ✓)
  ctrnact-star-k6-n0888  k=6  4.6*  ★ CANDIDATE (not in Myers)  (26 cell polys, area check ✓)
  ctrnact-star-k6-n0889  k=6  4.6*  ★ CANDIDATE (not in Myers)  (36 cell polys, area check ✓)
  ctrnact-star-k6-n0890  k=6  4.6*  ★ CANDIDATE (not in Myers)  (18 cell polys, area check ✓)
  ctrnact-star-k6-n0891  k=6  4.6*.12*  ★ CANDIDATE (not in Myers)  (48 cell polys, area check ✓)
  ctrnact-star-k6-n0892  k=6  4.6*.12*  ★ CANDIDATE (not in Myers)  (72 cell polys, area check ✓)
  ctrnact-star-k6-n0893  k=6  4.6*.12*  ★ CANDIDATE (not in Myers)  (60 cell polys, area check ✓)
  ctrnact-star-k6-n0894  k=6  4.6*.12*  ★ CANDIDATE (not in Myers)  (72 cell polys, area check ✓)
  ctrnact-star-k6-n0895  k=6  4.6*.12*  ★ CANDIDATE (not in Myers)  (48 cell polys, area check ✓)
  ctrnact-star-k6-n0896  k=6  4.8*  ★ CANDIDATE (not in Myers)  (48 cell polys, area check ✓)
  ctrnact-star-k6-n0897  k=6  4.8*  ★ CANDIDATE (not in Myers)  (32 cell polys, area check ✓)
  ctrnact-star-k7-n0001  k=7  3.3*.4.6.12  ★ CANDIDATE (not in Myers)  (33 cell polys, area check ✓)
  ctrnact-star-k7-n0002  k=7  3.3*.4.6.12  ★ CANDIDATE (not in Myers)  (33 cell polys, area check ✓)
  ctrnact-star-k7-n0003  k=7  3.3*.4.6.12  ★ CANDIDATE (not in Myers)  (39 cell polys, area check ✓)
  ctrnact-star-k7-n0004  k=7  3.3*.4.6.12  ★ CANDIDATE (not in Myers)  (20 cell polys, area check ✓)
  ctrnact-star-k7-n0005  k=7  3.3*.4.6.12  ★ CANDIDATE (not in Myers)  (10 cell polys, area check ✓)
  ctrnact-star-k7-n0006  k=7  3.3*.4.6.12  ★ CANDIDATE (not in Myers)  (22 cell polys, area check ✓)
  ctrnact-star-k7-n0007  k=7  3.3*.4.6.12  ★ CANDIDATE (not in Myers)  (20 cell polys, area check ✓)
  ctrnact-star-k7-n0008  k=7  3.3*.4.6.12  ★ CANDIDATE (not in Myers)  (24 cell polys, area check ✓)
  ctrnact-star-k7-n0009  k=7  3.3*.4.6.12  ★ CANDIDATE (not in Myers)  (24 cell polys, area check ✓)
  ctrnact-star-k7-n0010  k=7  3.3*.4.6.12  ★ CANDIDATE (not in Myers)  (26 cell polys, area check ✓)
  ctrnact-star-k7-n0011  k=7  3.3*.4.6.12  ★ CANDIDATE (not in Myers)  (48 cell polys, area check ✓)
  ctrnact-star-k7-n0012  k=7  3.3*.4.4*.6.12  ★ CANDIDATE (not in Myers)  (21 cell polys, area check ✓)
  ctrnact-star-k7-n0013  k=7  3.3*.4.4*.6.12  ★ CANDIDATE (not in Myers)  (20 cell polys, area check ✓)
  ctrnact-star-k7-n0014  k=7  3.3*.4.4*.6.12  ★ CANDIDATE (not in Myers)  (46 cell polys, area check ✓)
  ctrnact-star-k7-n0015  k=7  3.4.4*.6.12  ★ CANDIDATE (not in Myers)  (60 cell polys, area check ✓)
  ctrnact-star-k7-n0016  k=7  3.4.4*.6.12  ★ CANDIDATE (not in Myers)  (65 cell polys, area check ✓)
  ctrnact-star-k7-n0017  k=7  3.4.4*.6.12  ★ CANDIDATE (not in Myers)  (25 cell polys, area check ✓)
  ctrnact-star-k7-n0018  k=7  3.4.4*.6.12  ★ CANDIDATE (not in Myers)  (20 cell polys, area check ✓)
  ctrnact-star-k7-n0019  k=7  3.4.4*.6.12  ★ CANDIDATE (not in Myers)  (58 cell polys, area check ✓)
  ctrnact-star-k7-n0020  k=7  3.4.4*.6.12  ★ CANDIDATE (not in Myers)  (102 cell polys, area check ✓)
  ctrnact-star-k7-n0021  k=7  3.4.4*.6.12  ★ CANDIDATE (not in Myers)  (24 cell polys, area check ✓)
  ctrnact-star-k7-n0022  k=7  3.4.4*.6.12  ★ CANDIDATE (not in Myers)  (25 cell polys, area check ✓)
  ctrnact-star-k7-n0023  k=7  3.4.4*.6.12  ★ CANDIDATE (not in Myers)  (20 cell polys, area check ✓)
  ctrnact-star-k7-n0024  k=7  3.4.4*.6.6*.12  ★ CANDIDATE (not in Myers)  (66 cell polys, area check ✓)
  ctrnact-star-k7-n0025  k=7  3.4.4*.6.6*.12  ★ CANDIDATE (not in Myers)  (69 cell polys, area check ✓)
  ctrnact-star-k7-n0026  k=7  3.4.4*.6.12  ★ CANDIDATE (not in Myers)  (26 cell polys, area check ✓)
  ctrnact-star-k7-n0027  k=7  3.4.4*.6.12  ★ CANDIDATE (not in Myers)  (20 cell polys, area check ✓)
  ctrnact-star-k7-n0028  k=7  3.4.4*.6.12  ★ CANDIDATE (not in Myers)  (54 cell polys, area check ✓)
  ctrnact-star-k7-n0029  k=7  3.4.4*.6.12  ★ CANDIDATE (not in Myers)  (14 cell polys, area check ✓)
  ctrnact-star-k7-n0030  k=7  3.4.4*.6.12  ★ CANDIDATE (not in Myers)  (22 cell polys, area check ✓)
  ctrnact-star-k7-n0031  k=7  3.4.4*.6.12  ★ CANDIDATE (not in Myers)  (20 cell polys, area check ✓)
  ctrnact-star-k7-n0032  k=7  3.4.4*.6.12  ★ CANDIDATE (not in Myers)  (20 cell polys, area check ✓)
  ctrnact-star-k7-n0033  k=7  3.4.4*.6.12  ★ CANDIDATE (not in Myers)  (20 cell polys, area check ✓)
  ctrnact-star-k7-n0034  k=7  3.4.4*.6.12  ★ CANDIDATE (not in Myers)  (40 cell polys, area check ✓)
  ctrnact-star-k7-n0035  k=7  3.4.4*.6.12.12*  ★ CANDIDATE (not in Myers)  (30 cell polys, area check ✓)
  ctrnact-star-k7-n0036  k=7  3.4.6.6*.12  ★ CANDIDATE (not in Myers)  (60 cell polys, area check ✓)
  ctrnact-star-k7-n0037  k=7  3.4.6.6*.12  ★ CANDIDATE (not in Myers)  (75 cell polys, area check ✓)
  ctrnact-star-k7-n0038  k=7  3.4.6.6*.12  ★ CANDIDATE (not in Myers)  (66 cell polys, area check ✓)
  ctrnact-star-k7-n0039  k=7  3.4.6.12.12*  ★ CANDIDATE (not in Myers)  (123 cell polys, area check ✓)
  ctrnact-star-k7-n0040  k=7  3.4.6.12.12*  ★ CANDIDATE (not in Myers)  (123 cell polys, area check ✓)
  ctrnact-star-k7-n0041  k=7  3.4.6.12.12*  ★ CANDIDATE (not in Myers)  (63 cell polys, area check ✓)
  ctrnact-star-k7-n0042  k=7  3.4.6.12.12*  ★ CANDIDATE (not in Myers)  (63 cell polys, area check ✓)
  ctrnact-star-k7-n0043  k=7  3.4.6.12.12*  ★ CANDIDATE (not in Myers)  (36 cell polys, area check ✓)
  ctrnact-star-k7-n0044  k=7  3.4.6.12.12*  ★ CANDIDATE (not in Myers)  (63 cell polys, area check ✓)
  ctrnact-star-k7-n0045  k=7  3.4.6.12.12*  ★ CANDIDATE (not in Myers)  (63 cell polys, area check ✓)
  ctrnact-star-k7-n0046  k=7  3.4.6.12.12*  ★ CANDIDATE (not in Myers)  (60 cell polys, area check ✓)
  ctrnact-star-k7-n0047  k=7  3.4.6.12.12*  ★ CANDIDATE (not in Myers)  (84 cell polys, area check ✓)
  ctrnact-star-k7-n0048  k=7  3.4.6.12.12*  ★ CANDIDATE (not in Myers)  (34 cell polys, area check ✓)
  ctrnact-star-k7-n0049  k=7  3.4.6.12.12*  ★ CANDIDATE (not in Myers)  (45 cell polys, area check ✓)
  ctrnact-star-k7-n0050  k=7  3.4.6.12.12*  ★ CANDIDATE (not in Myers)  (34 cell polys, area check ✓)
  ctrnact-star-k7-n0051  k=7  3.4.6.12.12*  ★ CANDIDATE (not in Myers)  (42 cell polys, area check ✓)
  ctrnact-star-k7-n0052  k=7  3.4.6.12.12*  ★ CANDIDATE (not in Myers)  (111 cell polys, area check ✓)
  ctrnact-star-k7-n0053  k=7  3.4.6.12.12*  ★ CANDIDATE (not in Myers)  (60 cell polys, area check ✓)
  ctrnact-star-k7-n0054  k=7  3.4.6.12.12*  ★ CANDIDATE (not in Myers)  (111 cell polys, area check ✓)
  ctrnact-star-k7-n0055  k=7  3.4.6.12.12*  ★ CANDIDATE (not in Myers)  (60 cell polys, area check ✓)
  ctrnact-star-k7-n0056  k=7  3.4.6.12.12*  ★ CANDIDATE (not in Myers)  (57 cell polys, area check ✓)
  ctrnact-star-k7-n0057  k=7  3.4.6.12.12*  ★ CANDIDATE (not in Myers)  (51 cell polys, area check ✓)
  ctrnact-star-k7-n0058  k=7  3.3*.4.6  ★ CANDIDATE (not in Myers)  (42 cell polys, area check ✓)
  ctrnact-star-k7-n0059  k=7  3.3*.4.6  ★ CANDIDATE (not in Myers)  (42 cell polys, area check ✓)
  ctrnact-star-k7-n0060  k=7  3.3*.4.6  ★ CANDIDATE (not in Myers)  (51 cell polys, area check ✓)
  ctrnact-star-k7-n0061  k=7  3.3*.4.6  ★ CANDIDATE (not in Myers)  (46 cell polys, area check ✓)
  ctrnact-star-k7-n0062  k=7  3.3*.4.6  ★ CANDIDATE (not in Myers)  (45 cell polys, area check ✓)
  ctrnact-star-k7-n0063  k=7  3.3*.4.6  ★ CANDIDATE (not in Myers)  (39 cell polys, area check ✓)
  ctrnact-star-k7-n0064  k=7  3.3*.4.6  ★ CANDIDATE (not in Myers)  (39 cell polys, area check ✓)
  ctrnact-star-k7-n0065  k=7  3.3*.4.6  ★ CANDIDATE (not in Myers)  (39 cell polys, area check ✓)
  ctrnact-star-k7-n0066  k=7  3.3*.4.6  ★ CANDIDATE (not in Myers)  (12 cell polys, area check ✓)
  ctrnact-star-k7-n0067  k=7  3.3*.4.6  ★ CANDIDATE (not in Myers)  (63 cell polys, area check ✓)
  ctrnact-star-k7-n0068  k=7  3.3*.4.6  ★ CANDIDATE (not in Myers)  (63 cell polys, area check ✓)
  ctrnact-star-k7-n0069  k=7  3.3*.4.6  ★ CANDIDATE (not in Myers)  (14 cell polys, area check ✓)
  ctrnact-star-k7-n0070  k=7  3.3*.4.6  ★ CANDIDATE (not in Myers)  (28 cell polys, area check ✓)
  ctrnact-star-k7-n0071  k=7  3.3*.4.6  ★ CANDIDATE (not in Myers)  (42 cell polys, area check ✓)
  ctrnact-star-k7-n0072  k=7  3.3*.4.6  ★ CANDIDATE (not in Myers)  (39 cell polys, area check ✓)
  ctrnact-star-k7-n0073  k=7  3.3*.4.6  ★ CANDIDATE (not in Myers)  (42 cell polys, area check ✓)
  ctrnact-star-k7-n0074  k=7  3.3*.4.6  ★ CANDIDATE (not in Myers)  (42 cell polys, area check ✓)
  ctrnact-star-k7-n0075  k=7  3.3*.4.6  ★ CANDIDATE (not in Myers)  (45 cell polys, area check ✓)
  ctrnact-star-k7-n0076  k=7  3.3*.4.6  ★ CANDIDATE (not in Myers)  (45 cell polys, area check ✓)
  ctrnact-star-k7-n0077  k=7  3.3*.4.6  ★ CANDIDATE (not in Myers)  (41 cell polys, area check ✓)
  ctrnact-star-k7-n0078  k=7  3.3*.4.6  ★ CANDIDATE (not in Myers)  (48 cell polys, area check ✓)
  ctrnact-star-k7-n0079  k=7  3.3*.4.6  ★ CANDIDATE (not in Myers)  (15 cell polys, area check ✓)
  ctrnact-star-k7-n0080  k=7  3.3*.4.6  ★ CANDIDATE (not in Myers)  (51 cell polys, area check ✓)
  ctrnact-star-k7-n0081  k=7  3.3*.4.6  ★ CANDIDATE (not in Myers)  (46 cell polys, area check ✓)
  ctrnact-star-k7-n0082  k=7  3.3*.4.6  ★ CANDIDATE (not in Myers)  (45 cell polys, area check ✓)
  ctrnact-star-k7-n0083  k=7  3.3*.4.6  ★ CANDIDATE (not in Myers)  (41 cell polys, area check ✓)
  ctrnact-star-k7-n0084  k=7  3.3*.4.6  ★ CANDIDATE (not in Myers)  (51 cell polys, area check ✓)
  ctrnact-star-k7-n0085  k=7  3.3*.4.6  ★ CANDIDATE (not in Myers)  (57 cell polys, area check ✓)
  ctrnact-star-k7-n0086  k=7  3.3*.4.6  ★ CANDIDATE (not in Myers)  (57 cell polys, area check ✓)
  ctrnact-star-k7-n0087  k=7  3.3*.4.6  ★ CANDIDATE (not in Myers)  (57 cell polys, area check ✓)
  ctrnact-star-k7-n0088  k=7  3.3*.4.6  ★ CANDIDATE (not in Myers)  (41 cell polys, area check ✓)
  ctrnact-star-k7-n0089  k=7  3.3*.4.6  ★ CANDIDATE (not in Myers)  (41 cell polys, area check ✓)
  ctrnact-star-k7-n0090  k=7  3.3*.4.6  ★ CANDIDATE (not in Myers)  (48 cell polys, area check ✓)
  ctrnact-star-k7-n0091  k=7  3.3*.4.6  ★ CANDIDATE (not in Myers)  (66 cell polys, area check ✓)
  ctrnact-star-k7-n0092  k=7  3.3*.4.4*.6  ★ CANDIDATE (not in Myers)  (22 cell polys, area check ✓)
  ctrnact-star-k7-n0093  k=7  3.3*.4.4*.6  ★ CANDIDATE (not in Myers)  (21 cell polys, area check ✓)
  ctrnact-star-k7-n0094  k=7  3.3*.4.4*.6  ★ CANDIDATE (not in Myers)  (22 cell polys, area check ✓)
  ctrnact-star-k7-n0095  k=7  3.3*.4.4*.6  ★ CANDIDATE (not in Myers)  (28 cell polys, area check ✓)
  ctrnact-star-k7-n0096  k=7  3.3*.4.4*.6  ★ CANDIDATE (not in Myers)  (39 cell polys, area check ✓)
  ctrnact-star-k7-n0097  k=7  3.3*.4.4*.6  ★ CANDIDATE (not in Myers)  (12 cell polys, area check ✓)
  ctrnact-star-k7-n0098  k=7  3.3*.4.4*.6  ★ CANDIDATE (not in Myers)  (24 cell polys, area check ✓)
  ctrnact-star-k7-n0099  k=7  3.3*.4.4*.6  ★ CANDIDATE (not in Myers)  (14 cell polys, area check ✓)
  ctrnact-star-k7-n0100  k=7  3.3*.4.4*.6  ★ CANDIDATE (not in Myers)  (12 cell polys, area check ✓)
  ctrnact-star-k7-n0101  k=7  3.3*.4.4*.6  ★ CANDIDATE (not in Myers)  (24 cell polys, area check ✓)
  ctrnact-star-k7-n0102  k=7  3.3*.4.4*.6  ★ CANDIDATE (not in Myers)  (24 cell polys, area check ✓)
  ctrnact-star-k7-n0103  k=7  3.3*.4.4*.6  ★ CANDIDATE (not in Myers)  (26 cell polys, area check ✓)
  ctrnact-star-k7-n0104  k=7  3.3*.4.4*.6.12*  ★ CANDIDATE (not in Myers)  (27 cell polys, area check ✓)
  ctrnact-star-k7-n0105  k=7  3.3*.4.4*.6.12*  ★ CANDIDATE (not in Myers)  (58 cell polys, area check ✓)
  ctrnact-star-k7-n0106  k=7  3.3*.4.4*.6  ★ CANDIDATE (not in Myers)  (33 cell polys, area check ✓)
  ctrnact-star-k7-n0107  k=7  3.3*.4.6.6*  ★ CANDIDATE (not in Myers)  (39 cell polys, area check ✓)
  ctrnact-star-k7-n0108  k=7  3.3*.4.6.12*  ★ CANDIDATE (not in Myers)  (45 cell polys, area check ✓)
  ctrnact-star-k7-n0109  k=7  3.3*.4.6.12*  ★ CANDIDATE (not in Myers)  (60 cell polys, area check ✓)
  ctrnact-star-k7-n0110  k=7  3.3*.4.6.12*  ★ CANDIDATE (not in Myers)  (45 cell polys, area check ✓)
  ctrnact-star-k7-n0111  k=7  3.3*.4.6.12*  ★ CANDIDATE (not in Myers)  (60 cell polys, area check ✓)
  ctrnact-star-k7-n0112  k=7  3.4.4*.6  ★ CANDIDATE (not in Myers)  (47 cell polys, area check ✓)
  ctrnact-star-k7-n0113  k=7  3.4.4*.6  ★ CANDIDATE (not in Myers)  (20 cell polys, area check ✓)
  ctrnact-star-k7-n0114  k=7  3.4.4*.6  ★ CANDIDATE (not in Myers)  (23 cell polys, area check ✓)
  ctrnact-star-k7-n0115  k=7  3.4.4*.6  ★ CANDIDATE (not in Myers)  (72 cell polys, area check ✓)
  ctrnact-star-k7-n0116  k=7  3.4.4*.6  ★ CANDIDATE (not in Myers)  (21 cell polys, area check ✓)
  ctrnact-star-k7-n0117  k=7  3.4.4*.6  ★ CANDIDATE (not in Myers)  (40 cell polys, area check ✓)
  ctrnact-star-k7-n0118  k=7  3.4.4*.6  ★ CANDIDATE (not in Myers)  (33 cell polys, area check ✓)
  ctrnact-star-k7-n0119  k=7  3.4.4*.6  ★ CANDIDATE (not in Myers)  (24 cell polys, area check ✓)
  ctrnact-star-k7-n0120  k=7  3.4.4*.6  ★ CANDIDATE (not in Myers)  (26 cell polys, area check ✓)
  ctrnact-star-k7-n0121  k=7  3.4.4*.6  ★ CANDIDATE (not in Myers)  (26 cell polys, area check ✓)
  ctrnact-star-k7-n0122  k=7  3.4.4*.6  ★ CANDIDATE (not in Myers)  (25 cell polys, area check ✓)
  ctrnact-star-k7-n0123  k=7  3.4.4*.6  ★ CANDIDATE (not in Myers)  (26 cell polys, area check ✓)
  ctrnact-star-k7-n0124  k=7  3.4.4*.6  ★ CANDIDATE (not in Myers)  (26 cell polys, area check ✓)
  ctrnact-star-k7-n0125  k=7  3.4.4*.6  ★ CANDIDATE (not in Myers)  (24 cell polys, area check ✓)
  ctrnact-star-k7-n0126  k=7  3.4.4*.6  ★ CANDIDATE (not in Myers)  (24 cell polys, area check ✓)
  ctrnact-star-k7-n0127  k=7  3.4.4*.6  ★ CANDIDATE (not in Myers)  (26 cell polys, area check ✓)
  ctrnact-star-k7-n0128  k=7  3.4.4*.6  ★ CANDIDATE (not in Myers)  (25 cell polys, area check ✓)
  ctrnact-star-k7-n0129  k=7  3.4.4*.6  ★ CANDIDATE (not in Myers)  (24 cell polys, area check ✓)
  ctrnact-star-k7-n0130  k=7  3.4.4*.6  ★ CANDIDATE (not in Myers)  (24 cell polys, area check ✓)
  ctrnact-star-k7-n0131  k=7  3.4.4*.6  ★ CANDIDATE (not in Myers)  (23 cell polys, area check ✓)
  ctrnact-star-k7-n0132  k=7  3.4.4*.6  ★ CANDIDATE (not in Myers)  (28 cell polys, area check ✓)
  ctrnact-star-k7-n0133  k=7  3.4.4*.6  ★ CANDIDATE (not in Myers)  (28 cell polys, area check ✓)
  ctrnact-star-k7-n0134  k=7  3.4.4*.6  ★ CANDIDATE (not in Myers)  (26 cell polys, area check ✓)
  ctrnact-star-k7-n0135  k=7  3.4.4*.6  ★ CANDIDATE (not in Myers)  (30 cell polys, area check ✓)
  ctrnact-star-k7-n0136  k=7  3.4.4*.6  ★ CANDIDATE (not in Myers)  (26 cell polys, area check ✓)
  ctrnact-star-k7-n0137  k=7  3.4.4*.6  ★ CANDIDATE (not in Myers)  (24 cell polys, area check ✓)
  ctrnact-star-k7-n0138  k=7  3.4.4*.6  ★ CANDIDATE (not in Myers)  (26 cell polys, area check ✓)
  ctrnact-star-k7-n0139  k=7  3.4.4*.6  ★ CANDIDATE (not in Myers)  (25 cell polys, area check ✓)
  ctrnact-star-k7-n0140  k=7  3.4.4*.6  ★ CANDIDATE (not in Myers)  (24 cell polys, area check ✓)
  ctrnact-star-k7-n0141  k=7  3.4.4*.6  ★ CANDIDATE (not in Myers)  (24 cell polys, area check ✓)
  ctrnact-star-k7-n0142  k=7  3.4.4*.6  ★ CANDIDATE (not in Myers)  (23 cell polys, area check ✓)
  ctrnact-star-k7-n0143  k=7  3.4.4*.6  ★ CANDIDATE (not in Myers)  (28 cell polys, area check ✓)
  ctrnact-star-k7-n0144  k=7  3.4.4*.6  ★ CANDIDATE (not in Myers)  (28 cell polys, area check ✓)
  ctrnact-star-k7-n0145  k=7  3.4.4*.6  ★ CANDIDATE (not in Myers)  (22 cell polys, area check ✓)
  ctrnact-star-k7-n0146  k=7  3.4.4*.6  ★ CANDIDATE (not in Myers)  (21 cell polys, area check ✓)
  ctrnact-star-k7-n0147  k=7  3.4.4*.6  ★ CANDIDATE (not in Myers)  (22 cell polys, area check ✓)
  ctrnact-star-k7-n0148  k=7  3.4.4*.6  ★ CANDIDATE (not in Myers)  (21 cell polys, area check ✓)
  ctrnact-star-k7-n0149  k=7  3.4.4*.6  ★ CANDIDATE (not in Myers)  (20 cell polys, area check ✓)
  ctrnact-star-k7-n0150  k=7  3.4.4*.6  ★ CANDIDATE (not in Myers)  (26 cell polys, area check ✓)
  ctrnact-star-k7-n0151  k=7  3.4.4*.6  ★ CANDIDATE (not in Myers)  (26 cell polys, area check ✓)
  ctrnact-star-k7-n0152  k=7  3.4.4*.6  ★ CANDIDATE (not in Myers)  (25 cell polys, area check ✓)
  ctrnact-star-k7-n0153  k=7  3.4.4*.6  ★ CANDIDATE (not in Myers)  (26 cell polys, area check ✓)
  ctrnact-star-k7-n0154  k=7  3.4.4*.6  ★ CANDIDATE (not in Myers)  (25 cell polys, area check ✓)
  ctrnact-star-k7-n0155  k=7  3.4.4*.6  ★ CANDIDATE (not in Myers)  (24 cell polys, area check ✓)
  ctrnact-star-k7-n0156  k=7  3.4.4*.6  ★ CANDIDATE (not in Myers)  (24 cell polys, area check ✓)
  ctrnact-star-k7-n0157  k=7  3.4.4*.6  ★ CANDIDATE (not in Myers)  (24 cell polys, area check ✓)
  ctrnact-star-k7-n0158  k=7  3.4.4*.6  ★ CANDIDATE (not in Myers)  (26 cell polys, area check ✓)
  ctrnact-star-k7-n0159  k=7  3.4.4*.6  ★ CANDIDATE (not in Myers)  (28 cell polys, area check ✓)
  ctrnact-star-k7-n0160  k=7  3.4.4*.6  ★ CANDIDATE (not in Myers)  (27 cell polys, area check ✓)
  ctrnact-star-k7-n0161  k=7  3.4.4*.6  ★ CANDIDATE (not in Myers)  (26 cell polys, area check ✓)
  ctrnact-star-k7-n0162  k=7  3.4.4*.6  ★ CANDIDATE (not in Myers)  (30 cell polys, area check ✓)
  ctrnact-star-k7-n0163  k=7  3.4.4*.6  ★ CANDIDATE (not in Myers)  (24 cell polys, area check ✓)
  ctrnact-star-k7-n0164  k=7  3.4.4*.6  ★ CANDIDATE (not in Myers)  (24 cell polys, area check ✓)
  ctrnact-star-k7-n0165  k=7  3.4.4*.6  ★ CANDIDATE (not in Myers)  (26 cell polys, area check ✓)
  ctrnact-star-k7-n0166  k=7  3.4.4*.6  ★ CANDIDATE (not in Myers)  (28 cell polys, area check ✓)
  ctrnact-star-k7-n0167  k=7  3.4.4*.6  ★ CANDIDATE (not in Myers)  (27 cell polys, area check ✓)
  ctrnact-star-k7-n0168  k=7  3.4.4*.6  ★ CANDIDATE (not in Myers)  (26 cell polys, area check ✓)
  ctrnact-star-k7-n0169  k=7  3.4.4*.6  ★ CANDIDATE (not in Myers)  (20 cell polys, area check ✓)
  ctrnact-star-k7-n0170  k=7  3.4.4*.6  ★ CANDIDATE (not in Myers)  (21 cell polys, area check ✓)
  ctrnact-star-k7-n0171  k=7  3.4.4*.6  ★ CANDIDATE (not in Myers)  (26 cell polys, area check ✓)
  ctrnact-star-k7-n0172  k=7  3.4.4*.6  ★ CANDIDATE (not in Myers)  (22 cell polys, area check ✓)
  ctrnact-star-k7-n0173  k=7  3.4.4*.6  ★ CANDIDATE (not in Myers)  (21 cell polys, area check ✓)
  ctrnact-star-k7-n0174  k=7  3.4.4*.6  ★ CANDIDATE (not in Myers)  (21 cell polys, area check ✓)
  ctrnact-star-k7-n0175  k=7  3.4.4*.6  ★ CANDIDATE (not in Myers)  (26 cell polys, area check ✓)
  ctrnact-star-k7-n0176  k=7  3.4.4*.6  ★ CANDIDATE (not in Myers)  (26 cell polys, area check ✓)
  ctrnact-star-k7-n0177  k=7  3.4.4*.6  ★ CANDIDATE (not in Myers)  (23 cell polys, area check ✓)
  ctrnact-star-k7-n0178  k=7  3.4.4*.6  ★ CANDIDATE (not in Myers)  (28 cell polys, area check ✓)
  ctrnact-star-k7-n0179  k=7  3.4.4*.6  ★ CANDIDATE (not in Myers)  (23 cell polys, area check ✓)
  ctrnact-star-k7-n0180  k=7  3.4.4*.6  ★ CANDIDATE (not in Myers)  (22 cell polys, area check ✓)
  ctrnact-star-k7-n0181  k=7  3.4.4*.6  ★ CANDIDATE (not in Myers)  (24 cell polys, area check ✓)
  ctrnact-star-k7-n0182  k=7  3.4.4*.6  ★ CANDIDATE (not in Myers)  (24 cell polys, area check ✓)
  ctrnact-star-k7-n0183  k=7  3.4.4*.6  ★ CANDIDATE (not in Myers)  (23 cell polys, area check ✓)
  ctrnact-star-k7-n0184  k=7  3.4.4*.6  ★ CANDIDATE (not in Myers)  (26 cell polys, area check ✓)
  ctrnact-star-k7-n0185  k=7  3.4.4*.6  ★ CANDIDATE (not in Myers)  (26 cell polys, area check ✓)
  ctrnact-star-k7-n0186  k=7  3.4.4*.6  ★ CANDIDATE (not in Myers)  (20 cell polys, area check ✓)
  ctrnact-star-k7-n0187  k=7  3.4.4*.6  ★ CANDIDATE (not in Myers)  (30 cell polys, area check ✓)
  ctrnact-star-k7-n0188  k=7  3.4.4*.6  ★ CANDIDATE (not in Myers)  (29 cell polys, area check ✓)
  ctrnact-star-k7-n0189  k=7  3.4.4*.6  ★ CANDIDATE (not in Myers)  (28 cell polys, area check ✓)
  ctrnact-star-k7-n0190  k=7  3.4.4*.6  ★ CANDIDATE (not in Myers)  (22 cell polys, area check ✓)
  ctrnact-star-k7-n0191  k=7  3.4.4*.6  ★ CANDIDATE (not in Myers)  (23 cell polys, area check ✓)
  ctrnact-star-k7-n0192  k=7  3.4.4*.6  ★ CANDIDATE (not in Myers)  (21 cell polys, area check ✓)
  ctrnact-star-k7-n0193  k=7  3.4.4*.6  ★ CANDIDATE (not in Myers)  (28 cell polys, area check ✓)
  ctrnact-star-k7-n0194  k=7  3.4.4*.6  ★ CANDIDATE (not in Myers)  (27 cell polys, area check ✓)
  ctrnact-star-k7-n0195  k=7  3.4.4*.6  ★ CANDIDATE (not in Myers)  (27 cell polys, area check ✓)
  ctrnact-star-k7-n0196  k=7  3.4.4*.6  ★ CANDIDATE (not in Myers)  (28 cell polys, area check ✓)
  ctrnact-star-k7-n0197  k=7  3.4.4*.6  ★ CANDIDATE (not in Myers)  (26 cell polys, area check ✓)
  ctrnact-star-k7-n0198  k=7  3.4.4*.6  ★ CANDIDATE (not in Myers)  (26 cell polys, area check ✓)
  ctrnact-star-k7-n0199  k=7  3.4.4*.6  ★ CANDIDATE (not in Myers)  (22 cell polys, area check ✓)
  ctrnact-star-k7-n0200  k=7  3.4.4*.6  ★ CANDIDATE (not in Myers)  (21 cell polys, area check ✓)
  ctrnact-star-k7-n0201  k=7  3.4.4*.6  ★ CANDIDATE (not in Myers)  (13 cell polys, area check ✓)
  ctrnact-star-k7-n0202  k=7  3.4.4*.6  ★ CANDIDATE (not in Myers)  (22 cell polys, area check ✓)
  ctrnact-star-k7-n0203  k=7  3.4.4*.6  ★ CANDIDATE (not in Myers)  (21 cell polys, area check ✓)
  ctrnact-star-k7-n0204  k=7  3.4.4*.6  ★ CANDIDATE (not in Myers)  (20 cell polys, area check ✓)
  ctrnact-star-k7-n0205  k=7  3.4.4*.6  ★ CANDIDATE (not in Myers)  (32 cell polys, area check ✓)
  ctrnact-star-k7-n0206  k=7  3.4.4*.6  ★ CANDIDATE (not in Myers)  (26 cell polys, area check ✓)
  ctrnact-star-k7-n0207  k=7  3.4.4*.6  ★ CANDIDATE (not in Myers)  (24 cell polys, area check ✓)
  ctrnact-star-k7-n0208  k=7  3.4.4*.6  ★ CANDIDATE (not in Myers)  (24 cell polys, area check ✓)
  ctrnact-star-k7-n0209  k=7  3.4.4*.6  ★ CANDIDATE (not in Myers)  (23 cell polys, area check ✓)
  ctrnact-star-k7-n0210  k=7  3.4.4*.6  ★ CANDIDATE (not in Myers)  (24 cell polys, area check ✓)
  ctrnact-star-k7-n0211  k=7  3.4.4*.6  ★ CANDIDATE (not in Myers)  (24 cell polys, area check ✓)
  ctrnact-star-k7-n0212  k=7  3.4.4*.6  ★ CANDIDATE (not in Myers)  (20 cell polys, area check ✓)
  ctrnact-star-k7-n0213  k=7  3.4.4*.6  ★ CANDIDATE (not in Myers)  (20 cell polys, area check ✓)
  ctrnact-star-k7-n0214  k=7  3.4.4*.6  ★ CANDIDATE (not in Myers)  (23 cell polys, area check ✓)
  ctrnact-star-k7-n0215  k=7  3.4.4*.6  ★ CANDIDATE (not in Myers)  (23 cell polys, area check ✓)
  ctrnact-star-k7-n0216  k=7  3.4.4*.6  ★ CANDIDATE (not in Myers)  (22 cell polys, area check ✓)
  ctrnact-star-k7-n0217  k=7  3.4.4*.6  ★ CANDIDATE (not in Myers)  (23 cell polys, area check ✓)
  ctrnact-star-k7-n0218  k=7  3.4.4*.6  ★ CANDIDATE (not in Myers)  (23 cell polys, area check ✓)
  ctrnact-star-k7-n0219  k=7  3.4.4*.6  ★ CANDIDATE (not in Myers)  (23 cell polys, area check ✓)
  ctrnact-star-k7-n0220  k=7  3.4.4*.6  ★ CANDIDATE (not in Myers)  (23 cell polys, area check ✓)
  ctrnact-star-k7-n0221  k=7  3.4.4*.6  ★ CANDIDATE (not in Myers)  (24 cell polys, area check ✓)
  ctrnact-star-k7-n0222  k=7  3.4.4*.6  ★ CANDIDATE (not in Myers)  (23 cell polys, area check ✓)
  ctrnact-star-k7-n0223  k=7  3.4.4*.6  ★ CANDIDATE (not in Myers)  (22 cell polys, area check ✓)
  ctrnact-star-k7-n0224  k=7  3.4.4*.6  ★ CANDIDATE (not in Myers)  (24 cell polys, area check ✓)
  ctrnact-star-k7-n0225  k=7  3.4.4*.6  ★ CANDIDATE (not in Myers)  (24 cell polys, area check ✓)
  ctrnact-star-k7-n0226  k=7  3.4.4*.6  ★ CANDIDATE (not in Myers)  (23 cell polys, area check ✓)
  ctrnact-star-k7-n0227  k=7  3.4.4*.6  ★ CANDIDATE (not in Myers)  (22 cell polys, area check ✓)
  ctrnact-star-k7-n0228  k=7  3.4.4*.6  ★ CANDIDATE (not in Myers)  (23 cell polys, area check ✓)
  ctrnact-star-k7-n0229  k=7  3.4.4*.6  ★ CANDIDATE (not in Myers)  (14 cell polys, area check ✓)
  ctrnact-star-k7-n0230  k=7  3.4.4*.6  ★ CANDIDATE (not in Myers)  (28 cell polys, area check ✓)
  ctrnact-star-k7-n0231  k=7  3.4.4*.6  ★ CANDIDATE (not in Myers)  (28 cell polys, area check ✓)
  ctrnact-star-k7-n0232  k=7  3.4.4*.6  ★ CANDIDATE (not in Myers)  (22 cell polys, area check ✓)
  ctrnact-star-k7-n0233  k=7  3.4.4*.6  ★ CANDIDATE (not in Myers)  (23 cell polys, area check ✓)
  ctrnact-star-k7-n0234  k=7  3.4.4*.6  ★ CANDIDATE (not in Myers)  (22 cell polys, area check ✓)
  ctrnact-star-k7-n0235  k=7  3.4.4*.6  ★ CANDIDATE (not in Myers)  (21 cell polys, area check ✓)
  ctrnact-star-k7-n0236  k=7  3.4.4*.6  ★ CANDIDATE (not in Myers)  (26 cell polys, area check ✓)
  ctrnact-star-k7-n0237  k=7  3.4.4*.6  ★ CANDIDATE (not in Myers)  (13 cell polys, area check ✓)
  ctrnact-star-k7-n0238  k=7  3.4.4*.6  ★ CANDIDATE (not in Myers)  (52 cell polys, area check ✓)
  ctrnact-star-k7-n0239  k=7  3.4.4*.6  ★ CANDIDATE (not in Myers)  (22 cell polys, area check ✓)
  ctrnact-star-k7-n0240  k=7  3.4.4*.6  ★ CANDIDATE (not in Myers)  (21 cell polys, area check ✓)
  ctrnact-star-k7-n0241  k=7  3.4.4*.6  ★ CANDIDATE (not in Myers)  (26 cell polys, area check ✓)
  ctrnact-star-k7-n0242  k=7  3.4.4*.6  ★ CANDIDATE (not in Myers)  (26 cell polys, area check ✓)
  ctrnact-star-k7-n0243  k=7  3.4.4*.6  ★ CANDIDATE (not in Myers)  (60 cell polys, area check ✓)
  ctrnact-star-k7-n0244  k=7  3.4.4*.6  ★ CANDIDATE (not in Myers)  (84 cell polys, area check ✓)
  ctrnact-star-k7-n0245  k=7  3.4.4*.6  ★ CANDIDATE (not in Myers)  (71 cell polys, area check ✓)
  ctrnact-star-k7-n0246  k=7  3.4.4*.6  ★ CANDIDATE (not in Myers)  (23 cell polys, area check ✓)
  ctrnact-star-k7-n0247  k=7  3.4.4*.6  ★ CANDIDATE (not in Myers)  (25 cell polys, area check ✓)
  ctrnact-star-k7-n0248  k=7  3.4.4*.6  ★ CANDIDATE (not in Myers)  (50 cell polys, area check ✓)
  ctrnact-star-k7-n0249  k=7  3.4.4*.6  ★ CANDIDATE (not in Myers)  (21 cell polys, area check ✓)
  ctrnact-star-k7-n0250  k=7  3.4.4*.6  ★ CANDIDATE (not in Myers)  (21 cell polys, area check ✓)
  ctrnact-star-k7-n0251  k=7  3.4.4*.6  ★ CANDIDATE (not in Myers)  (25 cell polys, area check ✓)
  ctrnact-star-k7-n0252  k=7  3.4.4*.6  ★ CANDIDATE (not in Myers)  (24 cell polys, area check ✓)
  ctrnact-star-k7-n0253  k=7  3.4.4*.6  ★ CANDIDATE (not in Myers)  (23 cell polys, area check ✓)
  ctrnact-star-k7-n0254  k=7  3.4.4*.6  ★ CANDIDATE (not in Myers)  (28 cell polys, area check ✓)
  ctrnact-star-k7-n0255  k=7  3.4.4*.6  ★ CANDIDATE (not in Myers)  (28 cell polys, area check ✓)
  ctrnact-star-k7-n0256  k=7  3.4.4*.6  ★ CANDIDATE (not in Myers)  (28 cell polys, area check ✓)
  ctrnact-star-k7-n0257  k=7  3.4.4*.6  ★ CANDIDATE (not in Myers)  (14 cell polys, area check ✓)
  ctrnact-star-k7-n0258  k=7  3.4.4*.6  ★ CANDIDATE (not in Myers)  (28 cell polys, area check ✓)
  ctrnact-star-k7-n0259  k=7  3.4.4*.6  ★ CANDIDATE (not in Myers)  (24 cell polys, area check ✓)
  ctrnact-star-k7-n0260  k=7  3.4.4*.6  ★ CANDIDATE (not in Myers)  (23 cell polys, area check ✓)
  ctrnact-star-k7-n0261  k=7  3.4.4*.6  ★ CANDIDATE (not in Myers)  (27 cell polys, area check ✓)
  ctrnact-star-k7-n0262  k=7  3.4.4*.6  ★ CANDIDATE (not in Myers)  (24 cell polys, area check ✓)
  ctrnact-star-k7-n0263  k=7  3.4.4*.6  ★ CANDIDATE (not in Myers)  (24 cell polys, area check ✓)
  ctrnact-star-k7-n0264  k=7  3.4.4*.6  ★ CANDIDATE (not in Myers)  (23 cell polys, area check ✓)
  ctrnact-star-k7-n0265  k=7  3.4.4*.6  ★ CANDIDATE (not in Myers)  (84 cell polys, area check ✓)
  ctrnact-star-k7-n0266  k=7  3.4.4*.6  ★ CANDIDATE (not in Myers)  (84 cell polys, area check ✓)
  ctrnact-star-k7-n0267  k=7  3.4.4*.6  ★ CANDIDATE (not in Myers)  (26 cell polys, area check ✓)
  ctrnact-star-k7-n0268  k=7  3.4.4*.6  ★ CANDIDATE (not in Myers)  (72 cell polys, area check ✓)
  ctrnact-star-k7-n0269  k=7  3.4.4*.6  ★ CANDIDATE (not in Myers)  (26 cell polys, area check ✓)
  ctrnact-star-k7-n0270  k=7  3.4.4*.6  ★ CANDIDATE (not in Myers)  (26 cell polys, area check ✓)
  ctrnact-star-k7-n0271  k=7  3.4.4*.6  ★ CANDIDATE (not in Myers)  (21 cell polys, area check ✓)
  ctrnact-star-k7-n0272  k=7  3.4.4*.6  ★ CANDIDATE (not in Myers)  (27 cell polys, area check ✓)
  ctrnact-star-k7-n0273  k=7  3.4.4*.6  ★ CANDIDATE (not in Myers)  (56 cell polys, area check ✓)
  ctrnact-star-k7-n0274  k=7  3.4.4*.6  ★ CANDIDATE (not in Myers)  (30 cell polys, area check ✓)
  ctrnact-star-k7-n0275  k=7  3.4.4*.6  ★ CANDIDATE (not in Myers)  (29 cell polys, area check ✓)
  ctrnact-star-k7-n0276  k=7  3.4.4*.6  ★ CANDIDATE (not in Myers)  (33 cell polys, area check ✓)
  ctrnact-star-k7-n0277  k=7  3.4.4*.6  ★ CANDIDATE (not in Myers)  (22 cell polys, area check ✓)
  ctrnact-star-k7-n0278  k=7  3.4.4*.6  ★ CANDIDATE (not in Myers)  (28 cell polys, area check ✓)
  ctrnact-star-k7-n0279  k=7  3.4.4*.6  ★ CANDIDATE (not in Myers)  (23 cell polys, area check ✓)
  ctrnact-star-k7-n0280  k=7  3.4.4*.6  ★ CANDIDATE (not in Myers)  (22 cell polys, area check ✓)
  ctrnact-star-k7-n0281  k=7  3.4.4*.6  ★ CANDIDATE (not in Myers)  (22 cell polys, area check ✓)
  ctrnact-star-k7-n0282  k=7  3.4.4*.6  ★ CANDIDATE (not in Myers)  (40 cell polys, area check ✓)
  ctrnact-star-k7-n0283  k=7  3.4.4*.6  ★ CANDIDATE (not in Myers)  (66 cell polys, area check ✓)
  ctrnact-star-k7-n0284  k=7  3.4.4*.6  ★ CANDIDATE (not in Myers)  (36 cell polys, area check ✓)
  ctrnact-star-k7-n0285  k=7  3.4.4*.6  ★ CANDIDATE (not in Myers)  (40 cell polys, area check ✓)
  ctrnact-star-k7-n0286  k=7  3.4.4*.6  ★ CANDIDATE (not in Myers)  (22 cell polys, area check ✓)
  ctrnact-star-k7-n0287  k=7  3.4.4*.6  ★ CANDIDATE (not in Myers)  (30 cell polys, area check ✓)
  ctrnact-star-k7-n0288  k=7  3.4.4*.6  ★ CANDIDATE (not in Myers)  (29 cell polys, area check ✓)
  ctrnact-star-k7-n0289  k=7  3.4.4*.6  ★ CANDIDATE (not in Myers)  (26 cell polys, area check ✓)
  ctrnact-star-k7-n0290  k=7  3.4.4*.6  ★ CANDIDATE (not in Myers)  (26 cell polys, area check ✓)
  ctrnact-star-k7-n0291  k=7  3.4.4*.6  ★ CANDIDATE (not in Myers)  (50 cell polys, area check ✓)
  ctrnact-star-k7-n0292  k=7  3.4.4*.6  ★ CANDIDATE (not in Myers)  (34 cell polys, area check ✓)
  ctrnact-star-k7-n0293  k=7  3.4.4*.6  ★ CANDIDATE (not in Myers)  (34 cell polys, area check ✓)
  ctrnact-star-k7-n0294  k=7  3.4.4*.6  ★ CANDIDATE (not in Myers)  (20 cell polys, area check ✓)
  ctrnact-star-k7-n0295  k=7  3.4.4*.6  ★ CANDIDATE (not in Myers)  (24 cell polys, area check ✓)
  ctrnact-star-k7-n0296  k=7  3.4.4*.6  ★ CANDIDATE (not in Myers)  (24 cell polys, area check ✓)
  ctrnact-star-k7-n0297  k=7  3.4.4*.6  ★ CANDIDATE (not in Myers)  (20 cell polys, area check ✓)
  ctrnact-star-k7-n0298  k=7  3.4.4*.6  ★ CANDIDATE (not in Myers)  (57 cell polys, area check ✓)
  ctrnact-star-k7-n0299  k=7  3.4.4*.6  ★ CANDIDATE (not in Myers)  (15 cell polys, area check ✓)
  ctrnact-star-k7-n0300  k=7  3.4.4*.6  ★ CANDIDATE (not in Myers)  (28 cell polys, area check ✓)
  ctrnact-star-k7-n0301  k=7  3.4.4*.6  ★ CANDIDATE (not in Myers)  (32 cell polys, area check ✓)
  ctrnact-star-k7-n0302  k=7  3.4.4*.6  ★ CANDIDATE (not in Myers)  (17 cell polys, area check ✓)
  ctrnact-star-k7-n0303  k=7  3.4.4*.6  ★ CANDIDATE (not in Myers)  (26 cell polys, area check ✓)
  ctrnact-star-k7-n0304  k=7  3.4.4*.6  ★ CANDIDATE (not in Myers)  (17 cell polys, area check ✓)
  ctrnact-star-k7-n0305  k=7  3.4.4*.6  ★ CANDIDATE (not in Myers)  (23 cell polys, area check ✓)
  ctrnact-star-k7-n0306  k=7  3.4.4*.6  ★ CANDIDATE (not in Myers)  (23 cell polys, area check ✓)
  ctrnact-star-k7-n0307  k=7  3.4.4*.6  ★ CANDIDATE (not in Myers)  (57 cell polys, area check ✓)
  ctrnact-star-k7-n0308  k=7  3.4.4*.6  ★ CANDIDATE (not in Myers)  (54 cell polys, area check ✓)
  ctrnact-star-k7-n0309  k=7  3.4.4*.6  ★ CANDIDATE (not in Myers)  (28 cell polys, area check ✓)
  ctrnact-star-k7-n0310  k=7  3.4.4*.6  ★ CANDIDATE (not in Myers)  (24 cell polys, area check ✓)
  ctrnact-star-k7-n0311  k=7  3.4.4*.6  ★ CANDIDATE (not in Myers)  (23 cell polys, area check ✓)
  ctrnact-star-k7-n0312  k=7  3.4.4*.6  ★ CANDIDATE (not in Myers)  (22 cell polys, area check ✓)
  ctrnact-star-k7-n0313  k=7  3.4.4*.6  ★ CANDIDATE (not in Myers)  (21 cell polys, area check ✓)
  ctrnact-star-k7-n0314  k=7  3.4.4*.6  ★ CANDIDATE (not in Myers)  (21 cell polys, area check ✓)
  ctrnact-star-k7-n0315  k=7  3.4.4*.6  ★ CANDIDATE (not in Myers)  (23 cell polys, area check ✓)
  ctrnact-star-k7-n0316  k=7  3.4.4*.6  ★ CANDIDATE (not in Myers)  (32 cell polys, area check ✓)
  ctrnact-star-k7-n0317  k=7  3.4.4*.6  ★ CANDIDATE (not in Myers)  (11 cell polys, area check ✓)
  ctrnact-star-k7-n0318  k=7  3.4.4*.6  ★ CANDIDATE (not in Myers)  (20 cell polys, area check ✓)
  ctrnact-star-k7-n0319  k=7  3.4.4*.6  ★ CANDIDATE (not in Myers)  (30 cell polys, area check ✓)
  ctrnact-star-k7-n0320  k=7  3.4.4*.6  ★ CANDIDATE (not in Myers)  (30 cell polys, area check ✓)
  ctrnact-star-k7-n0321  k=7  3.4.4*.6  ★ CANDIDATE (not in Myers)  (16 cell polys, area check ✓)
  ctrnact-star-k7-n0322  k=7  3.4.4*.6.6*  ★ CANDIDATE (not in Myers)  (54 cell polys, area check ✓)
  ctrnact-star-k7-n0323  k=7  3.4.4*.6.6*.12*  ★ CANDIDATE (not in Myers)  (78 cell polys, area check ✓)
  ctrnact-star-k7-n0324  k=7  3.4.4*.6.12*  ★ CANDIDATE (not in Myers)  (28 cell polys, area check ✓)
  ctrnact-star-k7-n0325  k=7  3.4.4*.6.6*  ★ CANDIDATE (not in Myers)  (45 cell polys, area check ✓)
  ctrnact-star-k7-n0326  k=7  3.4.4*.6.6*  ★ CANDIDATE (not in Myers)  (17 cell polys, area check ✓)
  ctrnact-star-k7-n0327  k=7  3.4.4*.6.6*  ★ CANDIDATE (not in Myers)  (14 cell polys, area check ✓)
  ctrnact-star-k7-n0328  k=7  3.4.4*.6.6*  ★ CANDIDATE (not in Myers)  (14 cell polys, area check ✓)
  ctrnact-star-k7-n0329  k=7  3.4.4*.6.6*  ★ CANDIDATE (not in Myers)  (78 cell polys, area check ✓)
  ctrnact-star-k7-n0330  k=7  3.4.4*.6.6*  ★ CANDIDATE (not in Myers)  (78 cell polys, area check ✓)
  ctrnact-star-k7-n0331  k=7  3.4.4*.6.6*  ★ CANDIDATE (not in Myers)  (88 cell polys, area check ✓)
  ctrnact-star-k7-n0332  k=7  3.4.4*.6.6*  ★ CANDIDATE (not in Myers)  (70 cell polys, area check ✓)
  ctrnact-star-k7-n0333  k=7  3.4.4*.6.6*  ★ CANDIDATE (not in Myers)  (75 cell polys, area check ✓)
  ctrnact-star-k7-n0334  k=7  3.4.4*.6.6*  ★ CANDIDATE (not in Myers)  (66 cell polys, area check ✓)
  ctrnact-star-k7-n0335  k=7  3.4.4*.6.6*  ★ CANDIDATE (not in Myers)  (51 cell polys, area check ✓)
  ctrnact-star-k7-n0336  k=7  3.4.4*.6.6*  ★ CANDIDATE (not in Myers)  (51 cell polys, area check ✓)
  ctrnact-star-k7-n0337  k=7  3.4.4*.6.6*.12*  ★ CANDIDATE (not in Myers)  (102 cell polys, area check ✓)
  ctrnact-star-k7-n0338  k=7  3.4.4*.6.6*.12*  ★ CANDIDATE (not in Myers)  (93 cell polys, area check ✓)
  ctrnact-star-k7-n0339  k=7  3.4.4*.6.12*  ★ CANDIDATE (not in Myers)  (32 cell polys, area check ✓)
  ctrnact-star-k7-n0340  k=7  3.4.4*.6.12*  ★ CANDIDATE (not in Myers)  (32 cell polys, area check ✓)
  ctrnact-star-k7-n0341  k=7  3.4.4*.6.12*  ★ CANDIDATE (not in Myers)  (36 cell polys, area check ✓)
  ctrnact-star-k7-n0342  k=7  3.4.4*.6.12*  ★ CANDIDATE (not in Myers)  (70 cell polys, area check ✓)
  ctrnact-star-k7-n0343  k=7  3.4.4*.6.12*  ★ CANDIDATE (not in Myers)  (114 cell polys, area check ✓)
  ctrnact-star-k7-n0344  k=7  3.4.4*.6.12*  ★ CANDIDATE (not in Myers)  (84 cell polys, area check ✓)
  ctrnact-star-k7-n0345  k=7  3.4.4*.6.12*  ★ CANDIDATE (not in Myers)  (89 cell polys, area check ✓)
  ctrnact-star-k7-n0346  k=7  3.4.4*.6.12*  ★ CANDIDATE (not in Myers)  (37 cell polys, area check ✓)
  ctrnact-star-k7-n0347  k=7  3.4.4*.6.12*  ★ CANDIDATE (not in Myers)  (37 cell polys, area check ✓)
  ctrnact-star-k7-n0348  k=7  3.4.4*.6.6*  ★ CANDIDATE (not in Myers)  (33 cell polys, area check ✓)
  ctrnact-star-k7-n0349  k=7  3.4.4*.6.12*  ★ CANDIDATE (not in Myers)  (66 cell polys, area check ✓)
  ctrnact-star-k7-n0350  k=7  3.4.4*.6.12*  ★ CANDIDATE (not in Myers)  (46 cell polys, area check ✓)
  ctrnact-star-k7-n0351  k=7  3.4.4*.6.12*  ★ CANDIDATE (not in Myers)  (66 cell polys, area check ✓)
  ctrnact-star-k7-n0352  k=7  3.4.4*.6.12*  ★ CANDIDATE (not in Myers)  (60 cell polys, area check ✓)
  ctrnact-star-k7-n0353  k=7  3.4.4*.6.12*  ★ CANDIDATE (not in Myers)  (51 cell polys, area check ✓)
  ctrnact-star-k7-n0354  k=7  3.4.4*.6.12*  ★ CANDIDATE (not in Myers)  (78 cell polys, area check ✓)
  ctrnact-star-k7-n0355  k=7  3.4.4*.6  ★ CANDIDATE (not in Myers)  (51 cell polys, area check ✓)
  ctrnact-star-k7-n0356  k=7  3.4.4*.6  ★ CANDIDATE (not in Myers)  (51 cell polys, area check ✓)
  ctrnact-star-k7-n0357  k=7  3.4.4*.6  ★ CANDIDATE (not in Myers)  (60 cell polys, area check ✓)
  ctrnact-star-k7-n0358  k=7  3.4.4*.6  ★ CANDIDATE (not in Myers)  (26 cell polys, area check ✓)
  ctrnact-star-k7-n0359  k=7  3.4.4*.6  ★ CANDIDATE (not in Myers)  (31 cell polys, area check ✓)
  ctrnact-star-k7-n0360  k=7  3.4.4*.6  ★ CANDIDATE (not in Myers)  (31 cell polys, area check ✓)
  ctrnact-star-k7-n0361  k=7  3.4.4*.6  ★ CANDIDATE (not in Myers)  (23 cell polys, area check ✓)
  ctrnact-star-k7-n0362  k=7  3.4.4*.6  ★ CANDIDATE (not in Myers)  (32 cell polys, area check ✓)
  ctrnact-star-k7-n0363  k=7  3.4.4*.6  ★ CANDIDATE (not in Myers)  (58 cell polys, area check ✓)
  ctrnact-star-k7-n0364  k=7  3.4.4*.6  ★ CANDIDATE (not in Myers)  (28 cell polys, area check ✓)
  ctrnact-star-k7-n0365  k=7  3.4.4*.6  ★ CANDIDATE (not in Myers)  (14 cell polys, area check ✓)
  ctrnact-star-k7-n0366  k=7  3.4.4*.6  ★ CANDIDATE (not in Myers)  (14 cell polys, area check ✓)
  ctrnact-star-k7-n0367  k=7  3.4.4*.6  ★ CANDIDATE (not in Myers)  (19 cell polys, area check ✓)
  ctrnact-star-k7-n0368  k=7  3.4.4*.6  ★ CANDIDATE (not in Myers)  (18 cell polys, area check ✓)
  ctrnact-star-k7-n0369  k=7  3.4.4*.6  ★ CANDIDATE (not in Myers)  (23 cell polys, area check ✓)
  ctrnact-star-k7-n0370  k=7  3.4.4*.6  ★ CANDIDATE (not in Myers)  (21 cell polys, area check ✓)
  ctrnact-star-k7-n0371  k=7  3.4.4*.6  ★ CANDIDATE (not in Myers)  (20 cell polys, area check ✓)
  ctrnact-star-k7-n0372  k=7  3.4.4*.6  ★ CANDIDATE (not in Myers)  (72 cell polys, area check ✓)
  ctrnact-star-k7-n0373  k=7  3.4.4*.6  ★ CANDIDATE (not in Myers)  (72 cell polys, area check ✓)
  ctrnact-star-k7-n0374  k=7  3.4.4*.6  ★ CANDIDATE (not in Myers)  (30 cell polys, area check ✓)
  ctrnact-star-k7-n0375  k=7  3.4.4*.6  ★ CANDIDATE (not in Myers)  (25 cell polys, area check ✓)
  ctrnact-star-k7-n0376  k=7  3.4.4*.6.6*  ★ CANDIDATE (not in Myers)  (72 cell polys, area check ✓)
  ctrnact-star-k7-n0377  k=7  3.4.4*.6.12*  ★ CANDIDATE (not in Myers)  (78 cell polys, area check ✓)
  ctrnact-star-k7-n0378  k=7  3.4.4*.6.12*  ★ CANDIDATE (not in Myers)  (38 cell polys, area check ✓)
  ctrnact-star-k7-n0379  k=7  3.4.4*.6.12*  ★ CANDIDATE (not in Myers)  (88 cell polys, area check ✓)
  ctrnact-star-k7-n0380  k=7  3.4.4*.6.12*  ★ CANDIDATE (not in Myers)  (88 cell polys, area check ✓)
  ctrnact-star-k7-n0381  k=7  3.4.4*.6.12*  ★ CANDIDATE (not in Myers)  (64 cell polys, area check ✓)
  ctrnact-star-k7-n0382  k=7  3.4.4*.6.12*  ★ CANDIDATE (not in Myers)  (83 cell polys, area check ✓)
  ctrnact-star-k7-n0383  k=7  3.4.4*.6.12*  ★ CANDIDATE (not in Myers)  (78 cell polys, area check ✓)
  ctrnact-star-k7-n0384  k=7  3.4.4*.6.12*  ★ CANDIDATE (not in Myers)  (36 cell polys, area check ✓)
  ctrnact-star-k7-n0385  k=7  3.4.4*.6.12*  ★ CANDIDATE (not in Myers)  (42 cell polys, area check ✓)
  ctrnact-star-k7-n0386  k=7  3.4.4*.6.12*  ★ CANDIDATE (not in Myers)  (32 cell polys, area check ✓)
  ctrnact-star-k7-n0387  k=7  3.4.4*.6.12*  ★ CANDIDATE (not in Myers)  (102 cell polys, area check ✓)
  ctrnact-star-k7-n0388  k=7  3.4.4*.6.12*  ★ CANDIDATE (not in Myers)  (38 cell polys, area check ✓)
  ctrnact-star-k7-n0389  k=7  3.4.4*.6.12*  ★ CANDIDATE (not in Myers)  (38 cell polys, area check ✓)
  ctrnact-star-k7-n0390  k=7  3.4.4*.6.12*  ★ CANDIDATE (not in Myers)  (102 cell polys, area check ✓)
  ctrnact-star-k7-n0391  k=7  3.4.4*.6.12*  ★ CANDIDATE (not in Myers)  (88 cell polys, area check ✓)
  ctrnact-star-k7-n0392  k=7  3.4.4*.6.12*  ★ CANDIDATE (not in Myers)  (56 cell polys, area check ✓)
  ctrnact-star-k7-n0393  k=7  3.4.4*.6.12*  ★ CANDIDATE (not in Myers)  (28 cell polys, area check ✓)
  ctrnact-star-k7-n0394  k=7  3.4.4*.6.12*  ★ CANDIDATE (not in Myers)  (28 cell polys, area check ✓)
  ctrnact-star-k7-n0395  k=7  3.4.6.6*  ★ CANDIDATE (not in Myers)  (26 cell polys, area check ✓)
  ctrnact-star-k7-n0396  k=7  3.4.6.6*  ★ CANDIDATE (not in Myers)  (54 cell polys, area check ✓)
  ctrnact-star-k7-n0397  k=7  3.4.6.6*  ★ CANDIDATE (not in Myers)  (78 cell polys, area check ✓)
  ctrnact-star-k7-n0398  k=7  3.4.6.6*  ★ CANDIDATE (not in Myers)  (75 cell polys, area check ✓)
  ctrnact-star-k7-n0399  k=7  3.4.6.6*  ★ CANDIDATE (not in Myers)  (24 cell polys, area check ✓)
  ctrnact-star-k7-n0400  k=7  3.4.6.6*  ★ CANDIDATE (not in Myers)  (69 cell polys, area check ✓)
  ctrnact-star-k7-n0401  k=7  3.4.6.6*  ★ CANDIDATE (not in Myers)  (78 cell polys, area check ✓)
  ctrnact-star-k7-n0402  k=7  3.4.6.6*  ★ CANDIDATE (not in Myers)  (75 cell polys, area check ✓)
  ctrnact-star-k7-n0403  k=7  3.4.6.6*  ★ CANDIDATE (not in Myers)  (69 cell polys, area check ✓)
  ctrnact-star-k7-n0404  k=7  3.4.6.6*  ★ CANDIDATE (not in Myers)  (66 cell polys, area check ✓)
  ctrnact-star-k7-n0405  k=7  3.4.6.6*  ★ CANDIDATE (not in Myers)  (57 cell polys, area check ✓)
  ctrnact-star-k7-n0406  k=7  3.4.6.6*  ★ CANDIDATE (not in Myers)  (66 cell polys, area check ✓)
  ctrnact-star-k7-n0407  k=7  3.4.6.6*  ★ CANDIDATE (not in Myers)  (72 cell polys, area check ✓)
  ctrnact-star-k7-n0408  k=7  3.4.6.6*  ★ CANDIDATE (not in Myers)  (84 cell polys, area check ✓)
  ctrnact-star-k7-n0409  k=7  3.4.6.6*  ★ CANDIDATE (not in Myers)  (20 cell polys, area check ✓)
  ctrnact-star-k7-n0410  k=7  3.4.6.6*  ★ CANDIDATE (not in Myers)  (24 cell polys, area check ✓)
  ctrnact-star-k7-n0411  k=7  3.4.6.6*  ★ CANDIDATE (not in Myers)  (24 cell polys, area check ✓)
  ctrnact-star-k7-n0412  k=7  3.4.6.6*  ★ CANDIDATE (not in Myers)  (30 cell polys, area check ✓)
  ctrnact-star-k7-n0413  k=7  3.4.6.6*  ★ CANDIDATE (not in Myers)  (24 cell polys, area check ✓)
  ctrnact-star-k7-n0414  k=7  3.4.6.6*  ★ CANDIDATE (not in Myers)  (36 cell polys, area check ✓)
  ctrnact-star-k7-n0415  k=7  3.4.6.6*  ★ CANDIDATE (not in Myers)  (36 cell polys, area check ✓)
  ctrnact-star-k7-n0416  k=7  3.4.6.6*  ★ CANDIDATE (not in Myers)  (29 cell polys, area check ✓)
  ctrnact-star-k7-n0417  k=7  3.4.6.6*  ★ CANDIDATE (not in Myers)  (39 cell polys, area check ✓)
  ctrnact-star-k7-n0418  k=7  3.4.6.6*  ★ CANDIDATE (not in Myers)  (22 cell polys, area check ✓)
  ctrnact-star-k7-n0419  k=7  3.4.6.6*  ★ CANDIDATE (not in Myers)  (21 cell polys, area check ✓)
  ctrnact-star-k7-n0420  k=7  3.4.6.6*  ★ CANDIDATE (not in Myers)  (22 cell polys, area check ✓)
  ctrnact-star-k7-n0421  k=7  3.4.6.6*  ★ CANDIDATE (not in Myers)  (21 cell polys, area check ✓)
  ctrnact-star-k7-n0422  k=7  3.4.6.6*  ★ CANDIDATE (not in Myers)  (26 cell polys, area check ✓)
  ctrnact-star-k7-n0423  k=7  3.4.6.6*  ★ CANDIDATE (not in Myers)  (26 cell polys, area check ✓)
  ctrnact-star-k7-n0424  k=7  3.4.6.6*.12*  ★ CANDIDATE (not in Myers)  (78 cell polys, area check ✓)
  ctrnact-star-k7-n0425  k=7  3.4.6.6*.12*  ★ CANDIDATE (not in Myers)  (96 cell polys, area check ✓)
  ctrnact-star-k7-n0426  k=7  3.4.6.6*.12*  ★ CANDIDATE (not in Myers)  (99 cell polys, area check ✓)
  ctrnact-star-k7-n0427  k=7  3.4.6.12*  ★ CANDIDATE (not in Myers)  (82 cell polys, area check ✓)
  ctrnact-star-k7-n0428  k=7  3.4.6.12*  ★ CANDIDATE (not in Myers)  (72 cell polys, area check ✓)
  ctrnact-star-k7-n0429  k=7  3.4.6.12*  ★ CANDIDATE (not in Myers)  (87 cell polys, area check ✓)
  ctrnact-star-k7-n0430  k=7  3.4.6.12*  ★ CANDIDATE (not in Myers)  (87 cell polys, area check ✓)
  ctrnact-star-k7-n0431  k=7  3.4.6.12*  ★ CANDIDATE (not in Myers)  (84 cell polys, area check ✓)
  ctrnact-star-k7-n0432  k=7  3.4.6.12*  ★ CANDIDATE (not in Myers)  (82 cell polys, area check ✓)
  ctrnact-star-k7-n0433  k=7  3.4.6.12*  ★ CANDIDATE (not in Myers)  (87 cell polys, area check ✓)
  ctrnact-star-k7-n0434  k=7  3.4.6.12*  ★ CANDIDATE (not in Myers)  (87 cell polys, area check ✓)
  ctrnact-star-k7-n0435  k=7  3.4.6.12*  ★ CANDIDATE (not in Myers)  (90 cell polys, area check ✓)
  ctrnact-star-k7-n0436  k=7  3.4.6.12*  ★ CANDIDATE (not in Myers)  (93 cell polys, area check ✓)
  ctrnact-star-k7-n0437  k=7  3.4.6.12*  ★ CANDIDATE (not in Myers)  (105 cell polys, area check ✓)
  ctrnact-star-k7-n0438  k=7  3.4.6.12*  ★ CANDIDATE (not in Myers)  (93 cell polys, area check ✓)
  ctrnact-star-k7-n0439  k=7  3.4.6.12*  ★ CANDIDATE (not in Myers)  (64 cell polys, area check ✓)
  ctrnact-star-k7-n0440  k=7  3.4.6.12*  ★ CANDIDATE (not in Myers)  (42 cell polys, area check ✓)
  ctrnact-star-k7-n0441  k=7  3.4.6.12*  ★ CANDIDATE (not in Myers)  (46 cell polys, area check ✓)
  ctrnact-star-k7-n0442  k=7  3.4.6.12*  ★ CANDIDATE (not in Myers)  (77 cell polys, area check ✓)
  ctrnact-star-k7-n0443  k=7  3.4.6.12*  ★ CANDIDATE (not in Myers)  (77 cell polys, area check ✓)
  ctrnact-star-k7-n0444  k=7  3.4.6.12*  ★ CANDIDATE (not in Myers)  (59 cell polys, area check ✓)
  ctrnact-star-k7-n0445  k=7  3.4.6.12*  ★ CANDIDATE (not in Myers)  (135 cell polys, area check ✓)
  ctrnact-star-k7-n0446  k=7  3.4.6.12*  ★ CANDIDATE (not in Myers)  (102 cell polys, area check ✓)
  ctrnact-star-k7-n0447  k=7  3.4.6.12*  ★ CANDIDATE (not in Myers)  (107 cell polys, area check ✓)
  ctrnact-star-k7-n0448  k=7  3.4.6.12*  ★ CANDIDATE (not in Myers)  (107 cell polys, area check ✓)
  ctrnact-star-k7-n0449  k=7  3.4.6.12*  ★ CANDIDATE (not in Myers)  (39 cell polys, area check ✓)
  ctrnact-star-k7-n0450  k=7  3.4.6.12*  ★ CANDIDATE (not in Myers)  (102 cell polys, area check ✓)
  ctrnact-star-k7-n0451  k=7  3.4.6.12*  ★ CANDIDATE (not in Myers)  (102 cell polys, area check ✓)
  ctrnact-star-k7-n0452  k=7  3.4.6.12*  ★ CANDIDATE (not in Myers)  (44 cell polys, area check ✓)
  ctrnact-star-k7-n0453  k=7  3.4.6.12*  ★ CANDIDATE (not in Myers)  (87 cell polys, area check ✓)
  ctrnact-star-k7-n0454  k=7  3.4.6.12*  ★ CANDIDATE (not in Myers)  (87 cell polys, area check ✓)
  ctrnact-star-k7-n0455  k=7  3.4.6.12*  ★ CANDIDATE (not in Myers)  (33 cell polys, area check ✓)
  ctrnact-star-k7-n0456  k=7  3.4.6.12*  ★ CANDIDATE (not in Myers)  (40 cell polys, area check ✓)
  ctrnact-star-k7-n0457  k=7  3.4.6.12*  ★ CANDIDATE (not in Myers)  (37 cell polys, area check ✓)
  ctrnact-star-k7-n0458  k=7  3.4.6.12*  ★ CANDIDATE (not in Myers)  (60 cell polys, area check ✓)
  ctrnact-star-k7-n0459  k=7  3.4.6.12*  ★ CANDIDATE (not in Myers)  (51 cell polys, area check ✓)
  ctrnact-star-k7-n0460  k=7  3.4.6.12*  ★ CANDIDATE (not in Myers)  (46 cell polys, area check ✓)
  ctrnact-star-k7-n0461  k=7  3.4.6.12*  ★ CANDIDATE (not in Myers)  (40 cell polys, area check ✓)
  ctrnact-star-k7-n0462  k=7  3.4.6.12*  ★ CANDIDATE (not in Myers)  (36 cell polys, area check ✓)
  ctrnact-star-k7-n0463  k=7  3.4.6.12*  ★ CANDIDATE (not in Myers)  (45 cell polys, area check ✓)
  ctrnact-star-k7-n0464  k=7  3.4.6.12*  ★ CANDIDATE (not in Myers)  (87 cell polys, area check ✓)
  ctrnact-star-k7-n0465  k=7  3.4.6.12*  ★ CANDIDATE (not in Myers)  (87 cell polys, area check ✓)
  ctrnact-star-k7-n0466  k=7  3.4.6.12*  ★ CANDIDATE (not in Myers)  (114 cell polys, area check ✓)
  ctrnact-star-k7-n0467  k=7  3.4.6.12*  ★ CANDIDATE (not in Myers)  (135 cell polys, area check ✓)
  ctrnact-star-k7-n0468  k=7  3.4.6.12*  ★ CANDIDATE (not in Myers)  (50 cell polys, area check ✓)
  ctrnact-star-k7-n0469  k=7  3.4.6.12*  ★ CANDIDATE (not in Myers)  (72 cell polys, area check ✓)
  ctrnact-star-k7-n0470  k=7  3.4.6.12*  ★ CANDIDATE (not in Myers)  (36 cell polys, area check ✓)
  ctrnact-star-k7-n0471  k=7  3.4.6.12*  ★ CANDIDATE (not in Myers)  (50 cell polys, area check ✓)
  ctrnact-star-k7-n0472  k=7  3.4.6.12*  ★ CANDIDATE (not in Myers)  (114 cell polys, area check ✓)
  ctrnact-star-k7-n0473  k=7  3.4.6.12*  ★ CANDIDATE (not in Myers)  (135 cell polys, area check ✓)
  ctrnact-star-k7-n0474  k=7  3.4.6.12*  ★ CANDIDATE (not in Myers)  (36 cell polys, area check ✓)
  ctrnact-star-k7-n0475  k=7  3.4.6.12*  ★ CANDIDATE (not in Myers)  (105 cell polys, area check ✓)
  ctrnact-star-k7-n0476  k=7  3.4.6.12*  ★ CANDIDATE (not in Myers)  (105 cell polys, area check ✓)
  ctrnact-star-k7-n0477  k=7  3.4.6.12*  ★ CANDIDATE (not in Myers)  (112 cell polys, area check ✓)
  ctrnact-star-k7-n0478  k=7  3.4.6.12*  ★ CANDIDATE (not in Myers)  (102 cell polys, area check ✓)
  ctrnact-star-k7-n0479  k=7  3.4.6.12*  ★ CANDIDATE (not in Myers)  (112 cell polys, area check ✓)
  ctrnact-star-k7-n0480  k=7  3.4.6.12*  ★ CANDIDATE (not in Myers)  (102 cell polys, area check ✓)
  ctrnact-star-k7-n0481  k=7  3.4.6.12*  ★ CANDIDATE (not in Myers)  (108 cell polys, area check ✓)
  ctrnact-star-k7-n0482  k=7  3.4.6.12*  ★ CANDIDATE (not in Myers)  (93 cell polys, area check ✓)
  ctrnact-star-k7-n0483  k=7  3.4.6.12*  ★ CANDIDATE (not in Myers)  (135 cell polys, area check ✓)
  ctrnact-star-k7-n0484  k=7  3.4.6.12*  ★ CANDIDATE (not in Myers)  (111 cell polys, area check ✓)
  ctrnact-star-k7-n0485  k=7  3.4.6.12*  ★ CANDIDATE (not in Myers)  (87 cell polys, area check ✓)
  ctrnact-star-k7-n0486  k=7  3.4.6.12*  ★ CANDIDATE (not in Myers)  (87 cell polys, area check ✓)
  ctrnact-star-k7-n0487  k=7  3.4.6.12*  ★ CANDIDATE (not in Myers)  (111 cell polys, area check ✓)
  ctrnact-star-k7-n0488  k=7  3.4.6.12*  ★ CANDIDATE (not in Myers)  (72 cell polys, area check ✓)
  ctrnact-star-k7-n0489  k=7  3.4.6.12*  ★ CANDIDATE (not in Myers)  (63 cell polys, area check ✓)
  ctrnact-star-k7-n0490  k=7  3.4.6.6*  ★ CANDIDATE (not in Myers)  (20 cell polys, area check ✓)
  ctrnact-star-k7-n0491  k=7  3.4.6.12*  ★ CANDIDATE (not in Myers)  (63 cell polys, area check ✓)
  ctrnact-star-k7-n0492  k=7  3.4.6.12*  ★ CANDIDATE (not in Myers)  (63 cell polys, area check ✓)
  ctrnact-star-k7-n0493  k=7  3.4.6.12*  ★ CANDIDATE (not in Myers)  (78 cell polys, area check ✓)
  ctrnact-star-k7-n0494  k=7  3.4.6.12*  ★ CANDIDATE (not in Myers)  (48 cell polys, area check ✓)
  ctrnact-star-k7-n0495  k=7  3.4.6.12*  ★ CANDIDATE (not in Myers)  (66 cell polys, area check ✓)
  ctrnact-star-k7-n0496  k=7  3.4.6.12*  ★ CANDIDATE (not in Myers)  (61 cell polys, area check ✓)
  ctrnact-star-k7-n0497  k=7  3.4.4*.8.8*  ★ CANDIDATE (not in Myers)  (20 cell polys, area check ✓)
  ctrnact-star-k7-n0498  k=7  3.4.4*.8.8*  ★ CANDIDATE (not in Myers)  (44 cell polys, area check ✓)
  ctrnact-star-k7-n0499  k=7  3.4.4*.8.8*  ★ CANDIDATE (not in Myers)  (46 cell polys, area check ✓)
  ctrnact-star-k7-n0500  k=7  3.4.4*.8.8*  ★ CANDIDATE (not in Myers)  (46 cell polys, area check ✓)
  ctrnact-star-k7-n0501  k=7  3.4.4*.8.8*  ★ CANDIDATE (not in Myers)  (54 cell polys, area check ✓)
  ctrnact-star-k7-n0502  k=7  3.4.4*.8.8*  ★ CANDIDATE (not in Myers)  (54 cell polys, area check ✓)
  ctrnact-star-k7-n0503  k=7  3.4.4*.8.8*  ★ CANDIDATE (not in Myers)  (42 cell polys, area check ✓)
  ctrnact-star-k7-n0504  k=7  3.4.4*.8.8*  ★ CANDIDATE (not in Myers)  (46 cell polys, area check ✓)
  ctrnact-star-k7-n0505  k=7  3.4.4*.8.8*  ★ CANDIDATE (not in Myers)  (50 cell polys, area check ✓)
  ctrnact-star-k7-n0506  k=7  3.4.4*.8.8*  ★ CANDIDATE (not in Myers)  (38 cell polys, area check ✓)
  ctrnact-star-k7-n0507  k=7  3.4.4*.8.8*  ★ CANDIDATE (not in Myers)  (34 cell polys, area check ✓)
  ctrnact-star-k7-n0508  k=7  3.4.4*.8.8*  ★ CANDIDATE (not in Myers)  (50 cell polys, area check ✓)
  ctrnact-star-k7-n0509  k=7  3.4.4*.8.8*  ★ CANDIDATE (not in Myers)  (56 cell polys, area check ✓)
  ctrnact-star-k7-n0510  k=7  3.4.8.8*  ★ CANDIDATE (not in Myers)  (20 cell polys, area check ✓)
  ctrnact-star-k7-n0511  k=7  3.4.8.8*  ★ CANDIDATE (not in Myers)  (28 cell polys, area check ✓)
  ctrnact-star-k7-n0512  k=7  3.4.8.8*  ★ CANDIDATE (not in Myers)  (28 cell polys, area check ✓)
  ctrnact-star-k7-n0513  k=7  3.4.8.8*  ★ CANDIDATE (not in Myers)  (36 cell polys, area check ✓)
  ctrnact-star-k7-n0514  k=7  3.4.8.8*  ★ CANDIDATE (not in Myers)  (24 cell polys, area check ✓)
  ctrnact-star-k7-n0515  k=7  3.4.8.8*  ★ CANDIDATE (not in Myers)  (52 cell polys, area check ✓)
  ctrnact-star-k7-n0516  k=7  3.4.8.8*  ★ CANDIDATE (not in Myers)  (44 cell polys, area check ✓)
  ctrnact-star-k7-n0517  k=7  3.4.8.8*  ★ CANDIDATE (not in Myers)  (44 cell polys, area check ✓)
  ctrnact-star-k7-n0518  k=7  3.4.8.8*  ★ CANDIDATE (not in Myers)  (22 cell polys, area check ✓)
  ctrnact-star-k7-n0519  k=7  3.4.8.8*  ★ CANDIDATE (not in Myers)  (38 cell polys, area check ✓)
  ctrnact-star-k7-n0520  k=7  3.4.8.8*  ★ CANDIDATE (not in Myers)  (38 cell polys, area check ✓)
  ctrnact-star-k7-n0521  k=7  3.4.8.8*  ★ CANDIDATE (not in Myers)  (54 cell polys, area check ✓)
  ctrnact-star-k7-n0522  k=7  3.4.8.8*  ★ CANDIDATE (not in Myers)  (30 cell polys, area check ✓)
  ctrnact-star-k7-n0523  k=7  3.4.8.8*  ★ CANDIDATE (not in Myers)  (46 cell polys, area check ✓)
  ctrnact-star-k7-n0524  k=7  3.4.8.8*  ★ CANDIDATE (not in Myers)  (46 cell polys, area check ✓)
  ctrnact-star-k7-n0525  k=7  3.4.8.8*  ★ CANDIDATE (not in Myers)  (62 cell polys, area check ✓)
  ctrnact-star-k7-n0526  k=7  3.4.8.8*  ★ CANDIDATE (not in Myers)  (30 cell polys, area check ✓)
  ctrnact-star-k7-n0527  k=7  3.4.8.8*  ★ CANDIDATE (not in Myers)  (54 cell polys, area check ✓)
  ctrnact-star-k7-n0528  k=7  3.4.8.8*  ★ CANDIDATE (not in Myers)  (30 cell polys, area check ✓)
  ctrnact-star-k7-n0529  k=7  3.4.8.8*  ★ CANDIDATE (not in Myers)  (46 cell polys, area check ✓)
  ctrnact-star-k7-n0530  k=7  3.4.8.8*  ★ CANDIDATE (not in Myers)  (38 cell polys, area check ✓)
  ctrnact-star-k7-n0531  k=7  3.4.8.8*  ★ CANDIDATE (not in Myers)  (54 cell polys, area check ✓)
  ctrnact-star-k7-n0532  k=7  3.4.8.8*  ★ CANDIDATE (not in Myers)  (60 cell polys, area check ✓)
  ctrnact-star-k7-n0533  k=7  3.4.8.8*  ★ CANDIDATE (not in Myers)  (28 cell polys, area check ✓)
  ctrnact-star-k7-n0534  k=7  3.4.8.8*  ★ CANDIDATE (not in Myers)  (28 cell polys, area check ✓)
  ctrnact-star-k7-n0535  k=7  3.3*.4.12  ★ CANDIDATE (not in Myers)  (20 cell polys, area check ✓)
  ctrnact-star-k7-n0536  k=7  3.3*.4.12  ★ CANDIDATE (not in Myers)  (36 cell polys, area check ✓)
  ctrnact-star-k7-n0537  k=7  3.3*.4.12  ★ CANDIDATE (not in Myers)  (21 cell polys, area check ✓)
  ctrnact-star-k7-n0538  k=7  3.3*.4.12  ★ CANDIDATE (not in Myers)  (43 cell polys, area check ✓)
  ctrnact-star-k7-n0539  k=7  3.3*.4.12  ★ CANDIDATE (not in Myers)  (22 cell polys, area check ✓)
  ctrnact-star-k7-n0540  k=7  3.3*.4.12  ★ CANDIDATE (not in Myers)  (47 cell polys, area check ✓)
  ctrnact-star-k7-n0541  k=7  3.3*.4.12  ★ CANDIDATE (not in Myers)  (34 cell polys, area check ✓)
  ctrnact-star-k7-n0542  k=7  3.3*.4.12  ★ CANDIDATE (not in Myers)  (54 cell polys, area check ✓)
  ctrnact-star-k7-n0543  k=7  3.3*.4.12  ★ CANDIDATE (not in Myers)  (43 cell polys, area check ✓)
  ctrnact-star-k7-n0544  k=7  3.3*.4.12  ★ CANDIDATE (not in Myers)  (19 cell polys, area check ✓)
  ctrnact-star-k7-n0545  k=7  3.3*.4.12  ★ CANDIDATE (not in Myers)  (46 cell polys, area check ✓)
  ctrnact-star-k7-n0546  k=7  3.3*.4.12  ★ CANDIDATE (not in Myers)  (12 cell polys, area check ✓)
  ctrnact-star-k7-n0547  k=7  3.3*.4.12  ★ CANDIDATE (not in Myers)  (38 cell polys, area check ✓)
  ctrnact-star-k7-n0548  k=7  3.3*.4.12  ★ CANDIDATE (not in Myers)  (38 cell polys, area check ✓)
  ctrnact-star-k7-n0549  k=7  3.3*.4.12  ★ CANDIDATE (not in Myers)  (30 cell polys, area check ✓)
  ctrnact-star-k7-n0550  k=7  3.3*.4.12  ★ CANDIDATE (not in Myers)  (20 cell polys, area check ✓)
  ctrnact-star-k7-n0551  k=7  3.3*.4.12  ★ CANDIDATE (not in Myers)  (15 cell polys, area check ✓)
  ctrnact-star-k7-n0552  k=7  3.3*.4.12  ★ CANDIDATE (not in Myers)  (22 cell polys, area check ✓)
  ctrnact-star-k7-n0553  k=7  3.3*.4.12  ★ CANDIDATE (not in Myers)  (39 cell polys, area check ✓)
  ctrnact-star-k7-n0554  k=7  3.3*.4.12  ★ CANDIDATE (not in Myers)  (43 cell polys, area check ✓)
  ctrnact-star-k7-n0555  k=7  3.3*.4.12  ★ CANDIDATE (not in Myers)  (45 cell polys, area check ✓)
  ctrnact-star-k7-n0556  k=7  3.3*.4.12  ★ CANDIDATE (not in Myers)  (45 cell polys, area check ✓)
  ctrnact-star-k7-n0557  k=7  3.3*.4.4*.12  ★ CANDIDATE (not in Myers)  (20 cell polys, area check ✓)
  ctrnact-star-k7-n0558  k=7  3.3*.4.4*.12  ★ CANDIDATE (not in Myers)  (50 cell polys, area check ✓)
  ctrnact-star-k7-n0559  k=7  3.3*.4.4*.6*.12  ★ CANDIDATE (not in Myers)  (72 cell polys, area check ✓)
  ctrnact-star-k7-n0560  k=7  3.3*.4.4*.12  ★ CANDIDATE (not in Myers)  (22 cell polys, area check ✓)
  ctrnact-star-k7-n0561  k=7  3.3*.4.4*.12  ★ CANDIDATE (not in Myers)  (18 cell polys, area check ✓)
  ctrnact-star-k7-n0562  k=7  3.3*.4.6*.12  ★ CANDIDATE (not in Myers)  (45 cell polys, area check ✓)
  ctrnact-star-k7-n0563  k=7  3.3*.4.12.12*  ★ CANDIDATE (not in Myers)  (30 cell polys, area check ✓)
  ctrnact-star-k7-n0564  k=7  3.3*.4.6*.12  ★ CANDIDATE (not in Myers)  (39 cell polys, area check ✓)
  ctrnact-star-k7-n0565  k=7  3.4.4*.12  ★ CANDIDATE (not in Myers)  (34 cell polys, area check ✓)
  ctrnact-star-k7-n0566  k=7  3.4.4*.12  ★ CANDIDATE (not in Myers)  (38 cell polys, area check ✓)
  ctrnact-star-k7-n0567  k=7  3.4.4*.12  ★ CANDIDATE (not in Myers)  (22 cell polys, area check ✓)
  ctrnact-star-k7-n0568  k=7  3.4.4*.12  ★ CANDIDATE (not in Myers)  (23 cell polys, area check ✓)
  ctrnact-star-k7-n0569  k=7  3.4.4*.12  ★ CANDIDATE (not in Myers)  (48 cell polys, area check ✓)
  ctrnact-star-k7-n0570  k=7  3.4.4*.12  ★ CANDIDATE (not in Myers)  (70 cell polys, area check ✓)
  ctrnact-star-k7-n0571  k=7  3.4.4*.12  ★ CANDIDATE (not in Myers)  (46 cell polys, area check ✓)
  ctrnact-star-k7-n0572  k=7  3.4.4*.12  ★ CANDIDATE (not in Myers)  (20 cell polys, area check ✓)
  ctrnact-star-k7-n0573  k=7  3.4.4*.12  ★ CANDIDATE (not in Myers)  (16 cell polys, area check ✓)
  ctrnact-star-k7-n0574  k=7  3.4.4*.12  ★ CANDIDATE (not in Myers)  (14 cell polys, area check ✓)
  ctrnact-star-k7-n0575  k=7  3.4.4*.12  ★ CANDIDATE (not in Myers)  (32 cell polys, area check ✓)
  ctrnact-star-k7-n0576  k=7  3.4.4*.12  ★ CANDIDATE (not in Myers)  (22 cell polys, area check ✓)
  ctrnact-star-k7-n0577  k=7  3.4.4*.12  ★ CANDIDATE (not in Myers)  (14 cell polys, area check ✓)
  ctrnact-star-k7-n0578  k=7  3.4.4*.12  ★ CANDIDATE (not in Myers)  (20 cell polys, area check ✓)
  ctrnact-star-k7-n0579  k=7  3.4.4*.12  ★ CANDIDATE (not in Myers)  (23 cell polys, area check ✓)
  ctrnact-star-k7-n0580  k=7  3.4.4*.12  ★ CANDIDATE (not in Myers)  (35 cell polys, area check ✓)
  ctrnact-star-k7-n0581  k=7  3.4.4*.12  ★ CANDIDATE (not in Myers)  (35 cell polys, area check ✓)
  ctrnact-star-k7-n0582  k=7  3.4.4*.12  ★ CANDIDATE (not in Myers)  (16 cell polys, area check ✓)
  ctrnact-star-k7-n0583  k=7  3.4.4*.12  ★ CANDIDATE (not in Myers)  (19 cell polys, area check ✓)
  ctrnact-star-k7-n0584  k=7  3.4.4*.12  ★ CANDIDATE (not in Myers)  (21 cell polys, area check ✓)
  ctrnact-star-k7-n0585  k=7  3.4.4*.12  ★ CANDIDATE (not in Myers)  (37 cell polys, area check ✓)
  ctrnact-star-k7-n0586  k=7  3.4.4*.12  ★ CANDIDATE (not in Myers)  (17 cell polys, area check ✓)
  ctrnact-star-k7-n0587  k=7  3.4.4*.12  ★ CANDIDATE (not in Myers)  (37 cell polys, area check ✓)
  ctrnact-star-k7-n0588  k=7  3.4.4*.12  ★ CANDIDATE (not in Myers)  (18 cell polys, area check ✓)
  ctrnact-star-k7-n0589  k=7  3.4.4*.12  ★ CANDIDATE (not in Myers)  (23 cell polys, area check ✓)
  ctrnact-star-k7-n0590  k=7  3.4.4*.12  ★ CANDIDATE (not in Myers)  (21 cell polys, area check ✓)
  ctrnact-star-k7-n0591  k=7  3.4.4*.12  ★ CANDIDATE (not in Myers)  (39 cell polys, area check ✓)
  ctrnact-star-k7-n0592  k=7  3.4.4*.12.12*  ★ CANDIDATE (not in Myers)  (69 cell polys, area check ✓)
  ctrnact-star-k7-n0593  k=7  3.4.4*.12.12*  ★ CANDIDATE (not in Myers)  (49 cell polys, area check ✓)
  ctrnact-star-k7-n0594  k=7  3.4.4*.12.12*  ★ CANDIDATE (not in Myers)  (49 cell polys, area check ✓)
  ctrnact-star-k7-n0595  k=7  3.4.4*.12.12*  ★ CANDIDATE (not in Myers)  (44 cell polys, area check ✓)
  ctrnact-star-k7-n0596  k=7  3.4.4*.12.12*  ★ CANDIDATE (not in Myers)  (26 cell polys, area check ✓)
  ctrnact-star-k7-n0597  k=7  3.4.4*.12.12*  ★ CANDIDATE (not in Myers)  (31 cell polys, area check ✓)
  ctrnact-star-k7-n0598  k=7  3.4.4*.12.12*  ★ CANDIDATE (not in Myers)  (32 cell polys, area check ✓)
  ctrnact-star-k7-n0599  k=7  3.4.4*.12.12*  ★ CANDIDATE (not in Myers)  (40 cell polys, area check ✓)
  ctrnact-star-k7-n0600  k=7  3.4.4*.12.12*  ★ CANDIDATE (not in Myers)  (35 cell polys, area check ✓)
  ctrnact-star-k7-n0601  k=7  3.4.4*.12.12*  ★ CANDIDATE (not in Myers)  (22 cell polys, area check ✓)
  ctrnact-star-k7-n0602  k=7  3.4.4*.12.12*  ★ CANDIDATE (not in Myers)  (25 cell polys, area check ✓)
  ctrnact-star-k7-n0603  k=7  3.4.4*.12.12*  ★ CANDIDATE (not in Myers)  (34 cell polys, area check ✓)
  ctrnact-star-k7-n0604  k=7  3.4.4*.12.12*  ★ CANDIDATE (not in Myers)  (37 cell polys, area check ✓)
  ctrnact-star-k7-n0605  k=7  3.4.4*.12.12*  ★ CANDIDATE (not in Myers)  (54 cell polys, area check ✓)
  ctrnact-star-k7-n0606  k=7  3.4.4*.12.12*  ★ CANDIDATE (not in Myers)  (54 cell polys, area check ✓)
  ctrnact-star-k7-n0607  k=7  3.4.4*.12.12*  ★ CANDIDATE (not in Myers)  (25 cell polys, area check ✓)
  ctrnact-star-k7-n0608  k=7  3.4.4*.12.12*  ★ CANDIDATE (not in Myers)  (24 cell polys, area check ✓)
  ctrnact-star-k7-n0609  k=7  3.4.4*.12.12*  ★ CANDIDATE (not in Myers)  (37 cell polys, area check ✓)
  ctrnact-star-k7-n0610  k=7  3.4.4*.12.12*  ★ CANDIDATE (not in Myers)  (38 cell polys, area check ✓)
  ctrnact-star-k7-n0611  k=7  3.4.4*.12.12*  ★ CANDIDATE (not in Myers)  (24 cell polys, area check ✓)
  ctrnact-star-k7-n0612  k=7  3.4.4*.12.12*  ★ CANDIDATE (not in Myers)  (38 cell polys, area check ✓)
  ctrnact-star-k7-n0613  k=7  3.4.4*.12.12*  ★ CANDIDATE (not in Myers)  (26 cell polys, area check ✓)
  ctrnact-star-k7-n0614  k=7  3.4.4*.12.12*  ★ CANDIDATE (not in Myers)  (34 cell polys, area check ✓)
  ctrnact-star-k7-n0615  k=7  3.4.4*.12.12*  ★ CANDIDATE (not in Myers)  (26 cell polys, area check ✓)
  ctrnact-star-k7-n0616  k=7  3.4.4*.12.12*  ★ CANDIDATE (not in Myers)  (32 cell polys, area check ✓)
  ctrnact-star-k7-n0617  k=7  3.4.4*.12.12*  ★ CANDIDATE (not in Myers)  (68 cell polys, area check ✓)
  ctrnact-star-k7-n0618  k=7  3.4.6*.12  ★ CANDIDATE (not in Myers)  (39 cell polys, area check ✓)
  ctrnact-star-k7-n0619  k=7  3.4.6*.12  ★ CANDIDATE (not in Myers)  (51 cell polys, area check ✓)
  ctrnact-star-k7-n0620  k=7  3.4.6*.12.12*  ★ CANDIDATE (not in Myers)  (75 cell polys, area check ✓)
  ctrnact-star-k7-n0621  k=7  3.4.6*.12.12*  ★ CANDIDATE (not in Myers)  (51 cell polys, area check ✓)
  ctrnact-star-k7-n0622  k=7  3.4.6*.12  ★ CANDIDATE (not in Myers)  (78 cell polys, area check ✓)
  ctrnact-star-k7-n0623  k=7  3.4.12.12*  ★ CANDIDATE (not in Myers)  (27 cell polys, area check ✓)
  ctrnact-star-k7-n0624  k=7  3.4.12.12*  ★ CANDIDATE (not in Myers)  (39 cell polys, area check ✓)
  ctrnact-star-k7-n0625  k=7  3.4.12.12*  ★ CANDIDATE (not in Myers)  (36 cell polys, area check ✓)
  ctrnact-star-k7-n0626  k=7  3.4.12.12*  ★ CANDIDATE (not in Myers)  (24 cell polys, area check ✓)
  ctrnact-star-k7-n0627  k=7  3.4.12.12*  ★ CANDIDATE (not in Myers)  (27 cell polys, area check ✓)
  ctrnact-star-k7-n0628  k=7  3.4.12.12*  ★ CANDIDATE (not in Myers)  (36 cell polys, area check ✓)
  ctrnact-star-k7-n0629  k=7  3.4.12.12*  ★ CANDIDATE (not in Myers)  (39 cell polys, area check ✓)
  ctrnact-star-k7-n0630  k=7  3.4.12.12*  ★ CANDIDATE (not in Myers)  (36 cell polys, area check ✓)
  ctrnact-star-k7-n0631  k=7  3.4.12.12*  ★ CANDIDATE (not in Myers)  (93 cell polys, area check ✓)
  ctrnact-star-k7-n0632  k=7  3.4.12.12*  ★ CANDIDATE (not in Myers)  (123 cell polys, area check ✓)
  ctrnact-star-k7-n0633  k=7  3.4.12.12*  ★ CANDIDATE (not in Myers)  (111 cell polys, area check ✓)
  ctrnact-star-k7-n0634  k=7  3.4.12.12*  ★ CANDIDATE (not in Myers)  (105 cell polys, area check ✓)
  ctrnact-star-k7-n0635  k=7  3.4.12.12*  ★ CANDIDATE (not in Myers)  (60 cell polys, area check ✓)
  ctrnact-star-k7-n0636  k=7  3.4.6*.12  ★ CANDIDATE (not in Myers)  (45 cell polys, area check ✓)
  ctrnact-star-k7-n0637  k=7  3.4.6*.12.12*  ★ CANDIDATE (not in Myers)  (39 cell polys, area check ✓)
  ctrnact-star-k7-n0638  k=7  3.3*.4.4*.8*  ★ CANDIDATE (not in Myers)  (22 cell polys, area check ✓)
  ctrnact-star-k7-n0639  k=7  3.3*.4  ★ CANDIDATE (not in Myers)  (30 cell polys, area check ✓)
  ctrnact-star-k7-n0640  k=7  3.3*.4  ★ CANDIDATE (not in Myers)  (27 cell polys, area check ✓)
  ctrnact-star-k7-n0641  k=7  3.3*.4  ★ CANDIDATE (not in Myers)  (38 cell polys, area check ✓)
  ctrnact-star-k7-n0642  k=7  3.3*.4  ★ CANDIDATE (not in Myers)  (22 cell polys, area check ✓)
  ctrnact-star-k7-n0643  k=7  3.3*.4  ★ CANDIDATE (not in Myers)  (14 cell polys, area check ✓)
  ctrnact-star-k7-n0644  k=7  3.3*.4  ★ CANDIDATE (not in Myers)  (21 cell polys, area check ✓)
  ctrnact-star-k7-n0645  k=7  3.3*.4  ★ CANDIDATE (not in Myers)  (32 cell polys, area check ✓)
  ctrnact-star-k7-n0646  k=7  3.3*.4  ★ CANDIDATE (not in Myers)  (20 cell polys, area check ✓)
  ctrnact-star-k7-n0647  k=7  3.3*.4  ★ CANDIDATE (not in Myers)  (22 cell polys, area check ✓)
  ctrnact-star-k7-n0648  k=7  3.3*.4  ★ CANDIDATE (not in Myers)  (16 cell polys, area check ✓)
  ctrnact-star-k7-n0649  k=7  3.3*.4  ★ CANDIDATE (not in Myers)  (17 cell polys, area check ✓)
  ctrnact-star-k7-n0650  k=7  3.3*.4  ★ CANDIDATE (not in Myers)  (15 cell polys, area check ✓)
  ctrnact-star-k7-n0651  k=7  3.3*.4  ★ CANDIDATE (not in Myers)  (44 cell polys, area check ✓)
  ctrnact-star-k7-n0652  k=7  3.3*.4  ★ CANDIDATE (not in Myers)  (15 cell polys, area check ✓)
  ctrnact-star-k7-n0653  k=7  3.3*.4  ★ CANDIDATE (not in Myers)  (32 cell polys, area check ✓)
  ctrnact-star-k7-n0654  k=7  3.3*.4  ★ CANDIDATE (not in Myers)  (32 cell polys, area check ✓)
  ctrnact-star-k7-n0655  k=7  3.3*.4  ★ CANDIDATE (not in Myers)  (24 cell polys, area check ✓)
  ctrnact-star-k7-n0656  k=7  3.3*.4  ★ CANDIDATE (not in Myers)  (12 cell polys, area check ✓)
  ctrnact-star-k7-n0657  k=7  3.3*.4  ★ CANDIDATE (not in Myers)  (26 cell polys, area check ✓)
  ctrnact-star-k7-n0658  k=7  3.3*.4  ★ CANDIDATE (not in Myers)  (13 cell polys, area check ✓)
  ctrnact-star-k7-n0659  k=7  3.3*.4  ★ CANDIDATE (not in Myers)  (13 cell polys, area check ✓)
  ctrnact-star-k7-n0660  k=7  3.3*.4  ★ CANDIDATE (not in Myers)  (26 cell polys, area check ✓)
  ctrnact-star-k7-n0661  k=7  3.3*.4  ★ CANDIDATE (not in Myers)  (13 cell polys, area check ✓)
  ctrnact-star-k7-n0662  k=7  3.3*.4  ★ CANDIDATE (not in Myers)  (26 cell polys, area check ✓)
  ctrnact-star-k7-n0663  k=7  3.3*.4  ★ CANDIDATE (not in Myers)  (13 cell polys, area check ✓)
  ctrnact-star-k7-n0664  k=7  3.3*.4  ★ CANDIDATE (not in Myers)  (26 cell polys, area check ✓)
  ctrnact-star-k7-n0665  k=7  3.3*.4  ★ CANDIDATE (not in Myers)  (14 cell polys, area check ✓)
  ctrnact-star-k7-n0666  k=7  3.3*.4  ★ CANDIDATE (not in Myers)  (28 cell polys, area check ✓)
  ctrnact-star-k7-n0667  k=7  3.3*.4  ★ CANDIDATE (not in Myers)  (26 cell polys, area check ✓)
  ctrnact-star-k7-n0668  k=7  3.3*.4  ★ CANDIDATE (not in Myers)  (26 cell polys, area check ✓)
  ctrnact-star-k7-n0669  k=7  3.3*.4  ★ CANDIDATE (not in Myers)  (28 cell polys, area check ✓)
  ctrnact-star-k7-n0670  k=7  3.3*.4  ★ CANDIDATE (not in Myers)  (14 cell polys, area check ✓)
  ctrnact-star-k7-n0671  k=7  3.3*.4  ★ CANDIDATE (not in Myers)  (28 cell polys, area check ✓)
  ctrnact-star-k7-n0672  k=7  3.3*.4  ★ CANDIDATE (not in Myers)  (14 cell polys, area check ✓)
  ctrnact-star-k7-n0673  k=7  3.3*.4  ★ CANDIDATE (not in Myers)  (26 cell polys, area check ✓)
  ctrnact-star-k7-n0674  k=7  3.3*.4  ★ CANDIDATE (not in Myers)  (13 cell polys, area check ✓)
  ctrnact-star-k7-n0675  k=7  3.3*.4  ★ CANDIDATE (not in Myers)  (28 cell polys, area check ✓)
  ctrnact-star-k7-n0676  k=7  3.3*.4  ★ CANDIDATE (not in Myers)  (14 cell polys, area check ✓)
  ctrnact-star-k7-n0677  k=7  3.3*.4  ★ CANDIDATE (not in Myers)  (13 cell polys, area check ✓)
  ctrnact-star-k7-n0678  k=7  3.3*.4  ★ CANDIDATE (not in Myers)  (13 cell polys, area check ✓)
  ctrnact-star-k7-n0679  k=7  3.3*.4  ★ CANDIDATE (not in Myers)  (14 cell polys, area check ✓)
  ctrnact-star-k7-n0680  k=7  3.3*.4  ★ CANDIDATE (not in Myers)  (28 cell polys, area check ✓)
  ctrnact-star-k7-n0681  k=7  3.3*.4  ★ CANDIDATE (not in Myers)  (14 cell polys, area check ✓)
  ctrnact-star-k7-n0682  k=7  3.3*.4  ★ CANDIDATE (not in Myers)  (28 cell polys, area check ✓)
  ctrnact-star-k7-n0683  k=7  3.3*.4  ★ CANDIDATE (not in Myers)  (24 cell polys, area check ✓)
  ctrnact-star-k7-n0684  k=7  3.3*.4  ★ CANDIDATE (not in Myers)  (13 cell polys, area check ✓)
  ctrnact-star-k7-n0685  k=7  3.3*.4  ★ CANDIDATE (not in Myers)  (26 cell polys, area check ✓)
  ctrnact-star-k7-n0686  k=7  3.3*.4  ★ CANDIDATE (not in Myers)  (24 cell polys, area check ✓)
  ctrnact-star-k7-n0687  k=7  3.3*.4  ★ CANDIDATE (not in Myers)  (24 cell polys, area check ✓)
  ctrnact-star-k7-n0688  k=7  3.3*.4  ★ CANDIDATE (not in Myers)  (26 cell polys, area check ✓)
  ctrnact-star-k7-n0689  k=7  3.3*.4  ★ CANDIDATE (not in Myers)  (13 cell polys, area check ✓)
  ctrnact-star-k7-n0690  k=7  3.3*.4  ★ CANDIDATE (not in Myers)  (12 cell polys, area check ✓)
  ctrnact-star-k7-n0691  k=7  3.3*.4  ★ CANDIDATE (not in Myers)  (12 cell polys, area check ✓)
  ctrnact-star-k7-n0692  k=7  3.3*.4  ★ CANDIDATE (not in Myers)  (28 cell polys, area check ✓)
  ctrnact-star-k7-n0693  k=7  3.3*.4  ★ CANDIDATE (not in Myers)  (26 cell polys, area check ✓)
  ctrnact-star-k7-n0694  k=7  3.3*.4  ★ CANDIDATE (not in Myers)  (26 cell polys, area check ✓)
  ctrnact-star-k7-n0695  k=7  3.3*.4  ★ CANDIDATE (not in Myers)  (13 cell polys, area check ✓)
  ctrnact-star-k7-n0696  k=7  3.3*.4  ★ CANDIDATE (not in Myers)  (13 cell polys, area check ✓)
  ctrnact-star-k7-n0697  k=7  3.3*.4  ★ CANDIDATE (not in Myers)  (12 cell polys, area check ✓)
  ctrnact-star-k7-n0698  k=7  3.3*.4  ★ CANDIDATE (not in Myers)  (24 cell polys, area check ✓)
  ctrnact-star-k7-n0699  k=7  3.3*.4  ★ CANDIDATE (not in Myers)  (24 cell polys, area check ✓)
  ctrnact-star-k7-n0700  k=7  3.3*.4  ★ CANDIDATE (not in Myers)  (12 cell polys, area check ✓)
  ctrnact-star-k7-n0701  k=7  3.3*.4  ★ CANDIDATE (not in Myers)  (13 cell polys, area check ✓)
  ctrnact-star-k7-n0702  k=7  3.3*.4  ★ CANDIDATE (not in Myers)  (26 cell polys, area check ✓)
  ctrnact-star-k7-n0703  k=7  3.3*.4  ★ CANDIDATE (not in Myers)  (26 cell polys, area check ✓)
  ctrnact-star-k7-n0704  k=7  3.3*.4  ★ CANDIDATE (not in Myers)  (13 cell polys, area check ✓)
  ctrnact-star-k7-n0705  k=7  3.3*.4  ★ CANDIDATE (not in Myers)  (26 cell polys, area check ✓)
  ctrnact-star-k7-n0706  k=7  3.3*.4  ★ CANDIDATE (not in Myers)  (13 cell polys, area check ✓)
  ctrnact-star-k7-n0707  k=7  3.3*.4  ★ CANDIDATE (not in Myers)  (13 cell polys, area check ✓)
  ctrnact-star-k7-n0708  k=7  3.3*.4  ★ CANDIDATE (not in Myers)  (26 cell polys, area check ✓)
  ctrnact-star-k7-n0709  k=7  3.3*.4  ★ CANDIDATE (not in Myers)  (28 cell polys, area check ✓)
  ctrnact-star-k7-n0710  k=7  3.3*.4  ★ CANDIDATE (not in Myers)  (14 cell polys, area check ✓)
  ctrnact-star-k7-n0711  k=7  3.3*.4  ★ CANDIDATE (not in Myers)  (14 cell polys, area check ✓)
  ctrnact-star-k7-n0712  k=7  3.3*.4  ★ CANDIDATE (not in Myers)  (28 cell polys, area check ✓)
  ctrnact-star-k7-n0713  k=7  3.3*.4  ★ CANDIDATE (not in Myers)  (44 cell polys, area check ✓)
  ctrnact-star-k7-n0714  k=7  3.3*.4  ★ CANDIDATE (not in Myers)  (44 cell polys, area check ✓)
  ctrnact-star-k7-n0715  k=7  3.3*.4  ★ CANDIDATE (not in Myers)  (14 cell polys, area check ✓)
  ctrnact-star-k7-n0716  k=7  3.3*.4  ★ CANDIDATE (not in Myers)  (44 cell polys, area check ✓)
  ctrnact-star-k7-n0717  k=7  3.3*.4  ★ CANDIDATE (not in Myers)  (41 cell polys, area check ✓)
  ctrnact-star-k7-n0718  k=7  3.3*.4  ★ CANDIDATE (not in Myers)  (34 cell polys, area check ✓)
  ctrnact-star-k7-n0719  k=7  3.3*.4  ★ CANDIDATE (not in Myers)  (17 cell polys, area check ✓)
  ctrnact-star-k7-n0720  k=7  3.3*.4  ★ CANDIDATE (not in Myers)  (34 cell polys, area check ✓)
  ctrnact-star-k7-n0721  k=7  3.3*.4  ★ CANDIDATE (not in Myers)  (17 cell polys, area check ✓)
  ctrnact-star-k7-n0722  k=7  3.3*.4  ★ CANDIDATE (not in Myers)  (34 cell polys, area check ✓)
  ctrnact-star-k7-n0723  k=7  3.3*.4  ★ CANDIDATE (not in Myers)  (34 cell polys, area check ✓)
  ctrnact-star-k7-n0724  k=7  3.3*.4  ★ CANDIDATE (not in Myers)  (17 cell polys, area check ✓)
  ctrnact-star-k7-n0725  k=7  3.3*.4  ★ CANDIDATE (not in Myers)  (34 cell polys, area check ✓)
  ctrnact-star-k7-n0726  k=7  3.3*.4  ★ CANDIDATE (not in Myers)  (17 cell polys, area check ✓)
  ctrnact-star-k7-n0727  k=7  3.3*.4  ★ CANDIDATE (not in Myers)  (17 cell polys, area check ✓)
  ctrnact-star-k7-n0728  k=7  3.3*.4  ★ CANDIDATE (not in Myers)  (17 cell polys, area check ✓)
  ctrnact-star-k7-n0729  k=7  3.3*.4  ★ CANDIDATE (not in Myers)  (34 cell polys, area check ✓)
  ctrnact-star-k7-n0730  k=7  3.3*.4  ★ CANDIDATE (not in Myers)  (24 cell polys, area check ✓)
  ctrnact-star-k7-n0731  k=7  3.3*.4  ★ CANDIDATE (not in Myers)  (24 cell polys, area check ✓)
  ctrnact-star-k7-n0732  k=7  3.3*.4  ★ CANDIDATE (not in Myers)  (23 cell polys, area check ✓)
  ctrnact-star-k7-n0733  k=7  3.3*.4  ★ CANDIDATE (not in Myers)  (30 cell polys, area check ✓)
  ctrnact-star-k7-n0734  k=7  3.3*.4  ★ CANDIDATE (not in Myers)  (42 cell polys, area check ✓)
  ctrnact-star-k7-n0735  k=7  3.3*.4  ★ CANDIDATE (not in Myers)  (48 cell polys, area check ✓)
  ctrnact-star-k7-n0736  k=7  3.3*.4  ★ CANDIDATE (not in Myers)  (17 cell polys, area check ✓)
  ctrnact-star-k7-n0737  k=7  3.3*.4  ★ CANDIDATE (not in Myers)  (34 cell polys, area check ✓)
  ctrnact-star-k7-n0738  k=7  3.3*.4  ★ CANDIDATE (not in Myers)  (30 cell polys, area check ✓)
  ctrnact-star-k7-n0739  k=7  3.3*.4  ★ CANDIDATE (not in Myers)  (17 cell polys, area check ✓)
  ctrnact-star-k7-n0740  k=7  3.3*.4  ★ CANDIDATE (not in Myers)  (17 cell polys, area check ✓)
  ctrnact-star-k7-n0741  k=7  3.3*.4  ★ CANDIDATE (not in Myers)  (14 cell polys, area check ✓)
  ctrnact-star-k7-n0742  k=7  3.3*.4  ★ CANDIDATE (not in Myers)  (15 cell polys, area check ✓)
  ctrnact-star-k7-n0743  k=7  3.3*.4  ★ CANDIDATE (not in Myers)  (24 cell polys, area check ✓)
  ctrnact-star-k7-n0744  k=7  3.3*.4  ★ CANDIDATE (not in Myers)  (18 cell polys, area check ✓)
  ctrnact-star-k7-n0745  k=7  3.3*.4  ★ CANDIDATE (not in Myers)  (23 cell polys, area check ✓)
  ctrnact-star-k7-n0746  k=7  3.3*.4  ★ CANDIDATE (not in Myers)  (33 cell polys, area check ✓)
  ctrnact-star-k7-n0747  k=7  3.3*.4  ★ CANDIDATE (not in Myers)  (18 cell polys, area check ✓)
  ctrnact-star-k7-n0748  k=7  3.3*.4  ★ CANDIDATE (not in Myers)  (17 cell polys, area check ✓)
  ctrnact-star-k7-n0749  k=7  3.3*.4  ★ CANDIDATE (not in Myers)  (34 cell polys, area check ✓)
  ctrnact-star-k7-n0750  k=7  3.3*.4  ★ CANDIDATE (not in Myers)  (14 cell polys, area check ✓)
  ctrnact-star-k7-n0751  k=7  3.3*.4  ★ CANDIDATE (not in Myers)  (20 cell polys, area check ✓)
  ctrnact-star-k7-n0752  k=7  3.3*.4  ★ CANDIDATE (not in Myers)  (44 cell polys, area check ✓)
  ctrnact-star-k7-n0753  k=7  3.3*.4  ★ CANDIDATE (not in Myers)  (41 cell polys, area check ✓)
  ctrnact-star-k7-n0754  k=7  3.3*.4  ★ CANDIDATE (not in Myers)  (44 cell polys, area check ✓)
  ctrnact-star-k7-n0755  k=7  3.3*.4  ★ CANDIDATE (not in Myers)  (24 cell polys, area check ✓)
  ctrnact-star-k7-n0756  k=7  3.3*.4  ★ CANDIDATE (not in Myers)  (26 cell polys, area check ✓)
  ctrnact-star-k7-n0757  k=7  3.3*.4  ★ CANDIDATE (not in Myers)  (13 cell polys, area check ✓)
  ctrnact-star-k7-n0758  k=7  3.3*.4  ★ CANDIDATE (not in Myers)  (26 cell polys, area check ✓)
  ctrnact-star-k7-n0759  k=7  3.3*.4  ★ CANDIDATE (not in Myers)  (13 cell polys, area check ✓)
  ctrnact-star-k7-n0760  k=7  3.3*.4  ★ CANDIDATE (not in Myers)  (12 cell polys, area check ✓)
  ctrnact-star-k7-n0761  k=7  3.3*.4  ★ CANDIDATE (not in Myers)  (28 cell polys, area check ✓)
  ctrnact-star-k7-n0762  k=7  3.3*.4  ★ CANDIDATE (not in Myers)  (13 cell polys, area check ✓)
  ctrnact-star-k7-n0763  k=7  3.3*.4  ★ CANDIDATE (not in Myers)  (26 cell polys, area check ✓)
  ctrnact-star-k7-n0764  k=7  3.3*.4  ★ CANDIDATE (not in Myers)  (13 cell polys, area check ✓)
  ctrnact-star-k7-n0765  k=7  3.3*.4  ★ CANDIDATE (not in Myers)  (26 cell polys, area check ✓)
  ctrnact-star-k7-n0766  k=7  3.3*.4  ★ CANDIDATE (not in Myers)  (28 cell polys, area check ✓)
  ctrnact-star-k7-n0767  k=7  3.3*.4.4*  ★ CANDIDATE (not in Myers)  (45 cell polys, area check ✓)
  ctrnact-star-k7-n0768  k=7  3.3*.4.4*  ★ CANDIDATE (not in Myers)  (21 cell polys, area check ✓)
  ctrnact-star-k7-n0769  k=7  3.3*.4.4*  ★ CANDIDATE (not in Myers)  (26 cell polys, area check ✓)
  ctrnact-star-k7-n0770  k=7  3.3*.4.4*  ★ CANDIDATE (not in Myers)  (34 cell polys, area check ✓)
  ctrnact-star-k7-n0771  k=7  3.3*.4.4*  ★ CANDIDATE (not in Myers)  (28 cell polys, area check ✓)
  ctrnact-star-k7-n0772  k=7  3.3*.4.4*  ★ CANDIDATE (not in Myers)  (15 cell polys, area check ✓)
  ctrnact-star-k7-n0773  k=7  3.3*.4.4*  ★ CANDIDATE (not in Myers)  (28 cell polys, area check ✓)
  ctrnact-star-k7-n0774  k=7  3.3*.4.4*  ★ CANDIDATE (not in Myers)  (15 cell polys, area check ✓)
  ctrnact-star-k7-n0775  k=7  3.3*.4.4*  ★ CANDIDATE (not in Myers)  (16 cell polys, area check ✓)
  ctrnact-star-k7-n0776  k=7  3.3*.4.4*  ★ CANDIDATE (not in Myers)  (16 cell polys, area check ✓)
  ctrnact-star-k7-n0777  k=7  3.3*.4.4*  ★ CANDIDATE (not in Myers)  (30 cell polys, area check ✓)
  ctrnact-star-k7-n0778  k=7  3.3*.4.4*.12*  ★ CANDIDATE (not in Myers)  (29 cell polys, area check ✓)
  ctrnact-star-k7-n0779  k=7  3.3*.4.4*  ★ CANDIDATE (not in Myers)  (9 cell polys, area check ✓)
  ctrnact-star-k7-n0780  k=7  3.3*.4.4*  ★ CANDIDATE (not in Myers)  (18 cell polys, area check ✓)
  ctrnact-star-k7-n0781  k=7  3.3*.4.4*  ★ CANDIDATE (not in Myers)  (26 cell polys, area check ✓)
  ctrnact-star-k7-n0782  k=7  3.3*.4.4*  ★ CANDIDATE (not in Myers)  (13 cell polys, area check ✓)
  ctrnact-star-k7-n0783  k=7  3.3*.4.4*  ★ CANDIDATE (not in Myers)  (26 cell polys, area check ✓)
  ctrnact-star-k7-n0784  k=7  3.3*.4.4*  ★ CANDIDATE (not in Myers)  (13 cell polys, area check ✓)
  ctrnact-star-k7-n0785  k=7  3.3*.4.4*  ★ CANDIDATE (not in Myers)  (29 cell polys, area check ✓)
  ctrnact-star-k7-n0786  k=7  3.3*.4.4*  ★ CANDIDATE (not in Myers)  (26 cell polys, area check ✓)
  ctrnact-star-k7-n0787  k=7  3.3*.4.4*  ★ CANDIDATE (not in Myers)  (13 cell polys, area check ✓)
  ctrnact-star-k7-n0788  k=7  3.3*.4.4*  ★ CANDIDATE (not in Myers)  (13 cell polys, area check ✓)
  ctrnact-star-k7-n0789  k=7  3.3*.4.4*  ★ CANDIDATE (not in Myers)  (26 cell polys, area check ✓)
  ctrnact-star-k7-n0790  k=7  3.3*.4.4*.6*  ★ CANDIDATE (not in Myers)  (48 cell polys, area check ✓)
  ctrnact-star-k7-n0791  k=7  3.3*.4.4*.6*  ★ CANDIDATE (not in Myers)  (42 cell polys, area check ✓)
  ctrnact-star-k7-n0792  k=7  3.3*.4.4*.12*  ★ CANDIDATE (not in Myers)  (48 cell polys, area check ✓)
  ctrnact-star-k7-n0793  k=7  3.3*.4.4*.12*  ★ CANDIDATE (not in Myers)  (36 cell polys, area check ✓)
  ctrnact-star-k7-n0794  k=7  3.3*.4.6*  ★ CANDIDATE (not in Myers)  (22 cell polys, area check ✓)
  ctrnact-star-k7-n0795  k=7  3.3*.4.6*  ★ CANDIDATE (not in Myers)  (20 cell polys, area check ✓)
  ctrnact-star-k7-n0796  k=7  3.3*.4.6*  ★ CANDIDATE (not in Myers)  (22 cell polys, area check ✓)
  ctrnact-star-k7-n0797  k=7  3.3*.4.6*  ★ CANDIDATE (not in Myers)  (36 cell polys, area check ✓)
  ctrnact-star-k7-n0798  k=7  3.3*.4.6*  ★ CANDIDATE (not in Myers)  (18 cell polys, area check ✓)
  ctrnact-star-k7-n0799  k=7  3.3*.4.6*  ★ CANDIDATE (not in Myers)  (14 cell polys, area check ✓)
  ctrnact-star-k7-n0800  k=7  3.3*.4.6*  ★ CANDIDATE (not in Myers)  (13 cell polys, area check ✓)
  ctrnact-star-k7-n0801  k=7  3.3*.4.6*  ★ CANDIDATE (not in Myers)  (18 cell polys, area check ✓)
  ctrnact-star-k7-n0802  k=7  3.3*.4.6*  ★ CANDIDATE (not in Myers)  (36 cell polys, area check ✓)
  ctrnact-star-k7-n0803  k=7  3.3*.4.6*  ★ CANDIDATE (not in Myers)  (10 cell polys, area check ✓)
  ctrnact-star-k7-n0804  k=7  3.3*.4.6*  ★ CANDIDATE (not in Myers)  (21 cell polys, area check ✓)
  ctrnact-star-k7-n0805  k=7  3.3*.4.6*  ★ CANDIDATE (not in Myers)  (20 cell polys, area check ✓)
  ctrnact-star-k7-n0806  k=7  3.3*.4.6*  ★ CANDIDATE (not in Myers)  (22 cell polys, area check ✓)
  ctrnact-star-k7-n0807  k=7  3.3*.4.6*  ★ CANDIDATE (not in Myers)  (22 cell polys, area check ✓)
  ctrnact-star-k7-n0808  k=7  3.3*.4.6*  ★ CANDIDATE (not in Myers)  (11 cell polys, area check ✓)
  ctrnact-star-k7-n0809  k=7  3.3*.4.6*  ★ CANDIDATE (not in Myers)  (39 cell polys, area check ✓)
  ctrnact-star-k7-n0810  k=7  3.3*.4.6*  ★ CANDIDATE (not in Myers)  (57 cell polys, area check ✓)
  ctrnact-star-k7-n0811  k=7  3.3*.4.6*  ★ CANDIDATE (not in Myers)  (51 cell polys, area check ✓)
  ctrnact-star-k7-n0812  k=7  3.3*.4.6*  ★ CANDIDATE (not in Myers)  (51 cell polys, area check ✓)
  ctrnact-star-k7-n0813  k=7  3.3*.4.6*  ★ CANDIDATE (not in Myers)  (48 cell polys, area check ✓)
  ctrnact-star-k7-n0814  k=7  3.3*.4.6*  ★ CANDIDATE (not in Myers)  (60 cell polys, area check ✓)
  ctrnact-star-k7-n0815  k=7  3.3*.4.6*  ★ CANDIDATE (not in Myers)  (63 cell polys, area check ✓)
  ctrnact-star-k7-n0816  k=7  3.3*.4.6*  ★ CANDIDATE (not in Myers)  (45 cell polys, area check ✓)
  ctrnact-star-k7-n0817  k=7  3.3*.4.6*  ★ CANDIDATE (not in Myers)  (51 cell polys, area check ✓)
  ctrnact-star-k7-n0818  k=7  3.3*.4.6*  ★ CANDIDATE (not in Myers)  (51 cell polys, area check ✓)
  ctrnact-star-k7-n0819  k=7  3.3*.4.6*  ★ CANDIDATE (not in Myers)  (48 cell polys, area check ✓)
  ctrnact-star-k7-n0820  k=7  3.3*.4.6*.12*  ★ CANDIDATE (not in Myers)  (57 cell polys, area check ✓)
  ctrnact-star-k7-n0821  k=7  3.3*.4.6*  ★ CANDIDATE (not in Myers)  (33 cell polys, area check ✓)
  ctrnact-star-k7-n0822  k=7  3.3*.4.6*  ★ CANDIDATE (not in Myers)  (51 cell polys, area check ✓)
  ctrnact-star-k7-n0823  k=7  3.3*.4.6*  ★ CANDIDATE (not in Myers)  (33 cell polys, area check ✓)
  ctrnact-star-k7-n0824  k=7  3.3*.4.6*  ★ CANDIDATE (not in Myers)  (36 cell polys, area check ✓)
  ctrnact-star-k7-n0825  k=7  3.3*.4.6*  ★ CANDIDATE (not in Myers)  (45 cell polys, area check ✓)
  ctrnact-star-k7-n0826  k=7  3.3*.4.6*  ★ CANDIDATE (not in Myers)  (45 cell polys, area check ✓)
  ctrnact-star-k7-n0827  k=7  3.3*.4.6*  ★ CANDIDATE (not in Myers)  (51 cell polys, area check ✓)
  ctrnact-star-k7-n0828  k=7  3.3*.4.6*  ★ CANDIDATE (not in Myers)  (60 cell polys, area check ✓)
  ctrnact-star-k7-n0829  k=7  3.3*.4.6*  ★ CANDIDATE (not in Myers)  (39 cell polys, area check ✓)
  ctrnact-star-k7-n0830  k=7  3.3*.4.6*  ★ CANDIDATE (not in Myers)  (29 cell polys, area check ✓)
  ctrnact-star-k7-n0831  k=7  3.3*.4.6*  ★ CANDIDATE (not in Myers)  (40 cell polys, area check ✓)
  ctrnact-star-k7-n0832  k=7  3.3*.4.12*  ★ CANDIDATE (not in Myers)  (21 cell polys, area check ✓)
  ctrnact-star-k7-n0833  k=7  3.3*.4.12*  ★ CANDIDATE (not in Myers)  (42 cell polys, area check ✓)
  ctrnact-star-k7-n0834  k=7  3.3*.4.12*  ★ CANDIDATE (not in Myers)  (57 cell polys, area check ✓)
  ctrnact-star-k7-n0835  k=7  3.3*.4.12*  ★ CANDIDATE (not in Myers)  (50 cell polys, area check ✓)
  ctrnact-star-k7-n0836  k=7  3.3*.4.12*  ★ CANDIDATE (not in Myers)  (57 cell polys, area check ✓)
  ctrnact-star-k7-n0837  k=7  3.3*.4.12*  ★ CANDIDATE (not in Myers)  (57 cell polys, area check ✓)
  ctrnact-star-k7-n0838  k=7  3.3*.4.6*  ★ CANDIDATE (not in Myers)  (42 cell polys, area check ✓)
  ctrnact-star-k7-n0839  k=7  3.3*.4.6*  ★ CANDIDATE (not in Myers)  (45 cell polys, area check ✓)
  ctrnact-star-k7-n0840  k=7  3.3*.4.6*  ★ CANDIDATE (not in Myers)  (45 cell polys, area check ✓)
  ctrnact-star-k7-n0841  k=7  3.3*.4.6*  ★ CANDIDATE (not in Myers)  (45 cell polys, area check ✓)
  ctrnact-star-k7-n0842  k=7  3.3*.4.6*  ★ CANDIDATE (not in Myers)  (54 cell polys, area check ✓)
  ctrnact-star-k7-n0843  k=7  3.3*.4.6*  ★ CANDIDATE (not in Myers)  (45 cell polys, area check ✓)
  ctrnact-star-k7-n0844  k=7  3.3*.4.6*  ★ CANDIDATE (not in Myers)  (57 cell polys, area check ✓)
  ctrnact-star-k7-n0845  k=7  3.3*.4.6*  ★ CANDIDATE (not in Myers)  (42 cell polys, area check ✓)
  ctrnact-star-k7-n0846  k=7  3.3*.4.6*.12*  ★ CANDIDATE (not in Myers)  (45 cell polys, area check ✓)
  ctrnact-star-k7-n0847  k=7  3.3*.4.12*  ★ CANDIDATE (not in Myers)  (31 cell polys, area check ✓)
  ctrnact-star-k7-n0848  k=7  3.3*.4.12*  ★ CANDIDATE (not in Myers)  (26 cell polys, area check ✓)
  ctrnact-star-k7-n0849  k=7  3.3*.4.12*  ★ CANDIDATE (not in Myers)  (31 cell polys, area check ✓)
  ctrnact-star-k7-n0850  k=7  3.3*.4.12*  ★ CANDIDATE (not in Myers)  (63 cell polys, area check ✓)
  ctrnact-star-k7-n0851  k=7  3.3*.4.12*  ★ CANDIDATE (not in Myers)  (45 cell polys, area check ✓)
  ctrnact-star-k7-n0852  k=7  3.3*.4.12*  ★ CANDIDATE (not in Myers)  (51 cell polys, area check ✓)
  ctrnact-star-k7-n0853  k=7  3.3*.4.12*  ★ CANDIDATE (not in Myers)  (60 cell polys, area check ✓)
  ctrnact-star-k7-n0854  k=7  3.3*.4.12*  ★ CANDIDATE (not in Myers)  (51 cell polys, area check ✓)
  ctrnact-star-k7-n0855  k=7  3.3*.4.12*  ★ CANDIDATE (not in Myers)  (33 cell polys, area check ✓)
  ctrnact-star-k7-n0856  k=7  3.3*.4.12*  ★ CANDIDATE (not in Myers)  (39 cell polys, area check ✓)
  ctrnact-star-k7-n0857  k=7  3.3*.4.12*  ★ CANDIDATE (not in Myers)  (48 cell polys, area check ✓)
  ctrnact-star-k7-n0858  k=7  3.4.4*  ★ CANDIDATE (not in Myers)  (23 cell polys, area check ✓)
  ctrnact-star-k7-n0859  k=7  3.4.4*  ★ CANDIDATE (not in Myers)  (25 cell polys, area check ✓)
  ctrnact-star-k7-n0860  k=7  3.4.4*  ★ CANDIDATE (not in Myers)  (24 cell polys, area check ✓)
  ctrnact-star-k7-n0861  k=7  3.4.4*  ★ CANDIDATE (not in Myers)  (24 cell polys, area check ✓)
  ctrnact-star-k7-n0862  k=7  3.4.4*  ★ CANDIDATE (not in Myers)  (21 cell polys, area check ✓)
  ctrnact-star-k7-n0863  k=7  3.4.4*  ★ CANDIDATE (not in Myers)  (27 cell polys, area check ✓)
  ctrnact-star-k7-n0864  k=7  3.4.4*  ★ CANDIDATE (not in Myers)  (20 cell polys, area check ✓)
  ctrnact-star-k7-n0865  k=7  3.4.4*  ★ CANDIDATE (not in Myers)  (37 cell polys, area check ✓)
  ctrnact-star-k7-n0866  k=7  3.4.4*  ★ CANDIDATE (not in Myers)  (17 cell polys, area check ✓)
  ctrnact-star-k7-n0867  k=7  3.4.4*  ★ CANDIDATE (not in Myers)  (19 cell polys, area check ✓)
  ctrnact-star-k7-n0868  k=7  3.4.4*  ★ CANDIDATE (not in Myers)  (58 cell polys, area check ✓)
  ctrnact-star-k7-n0869  k=7  3.4.4*  ★ CANDIDATE (not in Myers)  (38 cell polys, area check ✓)
  ctrnact-star-k7-n0870  k=7  3.4.4*  ★ CANDIDATE (not in Myers)  (29 cell polys, area check ✓)
  ctrnact-star-k7-n0871  k=7  3.4.4*  ★ CANDIDATE (not in Myers)  (20 cell polys, area check ✓)
  ctrnact-star-k7-n0872  k=7  3.4.4*  ★ CANDIDATE (not in Myers)  (29 cell polys, area check ✓)
  ctrnact-star-k7-n0873  k=7  3.4.4*  ★ CANDIDATE (not in Myers)  (34 cell polys, area check ✓)
  ctrnact-star-k7-n0874  k=7  3.4.4*  ★ CANDIDATE (not in Myers)  (17 cell polys, area check ✓)
  ctrnact-star-k7-n0875  k=7  3.4.4*  ★ CANDIDATE (not in Myers)  (16 cell polys, area check ✓)
  ctrnact-star-k7-n0876  k=7  3.4.4*  ★ CANDIDATE (not in Myers)  (16 cell polys, area check ✓)
  ctrnact-star-k7-n0877  k=7  3.4.4*  ★ CANDIDATE (not in Myers)  (22 cell polys, area check ✓)
  ctrnact-star-k7-n0878  k=7  3.4.4*  ★ CANDIDATE (not in Myers)  (52 cell polys, area check ✓)
  ctrnact-star-k7-n0879  k=7  3.4.4*  ★ CANDIDATE (not in Myers)  (44 cell polys, area check ✓)
  ctrnact-star-k7-n0880  k=7  3.4.4*  ★ CANDIDATE (not in Myers)  (30 cell polys, area check ✓)
  ctrnact-star-k7-n0881  k=7  3.4.4*.6*  ★ CANDIDATE (not in Myers)  (30 cell polys, area check ✓)
  ctrnact-star-k7-n0882  k=7  3.4.4*.6*  ★ CANDIDATE (not in Myers)  (34 cell polys, area check ✓)
  ctrnact-star-k7-n0883  k=7  3.4.4*.6*  ★ CANDIDATE (not in Myers)  (28 cell polys, area check ✓)
  ctrnact-star-k7-n0884  k=7  3.4.4*.6*  ★ CANDIDATE (not in Myers)  (14 cell polys, area check ✓)
  ctrnact-star-k7-n0885  k=7  3.4.4*.6*  ★ CANDIDATE (not in Myers)  (17 cell polys, area check ✓)
  ctrnact-star-k7-n0886  k=7  3.4.4*.6*  ★ CANDIDATE (not in Myers)  (34 cell polys, area check ✓)
  ctrnact-star-k7-n0887  k=7  3.4.4*.6*  ★ CANDIDATE (not in Myers)  (47 cell polys, area check ✓)
  ctrnact-star-k7-n0888  k=7  3.4.4*.6*  ★ CANDIDATE (not in Myers)  (34 cell polys, area check ✓)
  ctrnact-star-k7-n0889  k=7  3.4.4*.6*  ★ CANDIDATE (not in Myers)  (17 cell polys, area check ✓)
  ctrnact-star-k7-n0890  k=7  3.4.4*.6*  ★ CANDIDATE (not in Myers)  (23 cell polys, area check ✓)
  ctrnact-star-k7-n0891  k=7  3.4.4*.6*  ★ CANDIDATE (not in Myers)  (14 cell polys, area check ✓)
  ctrnact-star-k7-n0892  k=7  3.4.4*.6*  ★ CANDIDATE (not in Myers)  (28 cell polys, area check ✓)
  ctrnact-star-k7-n0893  k=7  3.4.4*.6*  ★ CANDIDATE (not in Myers)  (60 cell polys, area check ✓)
  ctrnact-star-k7-n0894  k=7  3.4.4*.6*  ★ CANDIDATE (not in Myers)  (24 cell polys, area check ✓)
  ctrnact-star-k7-n0895  k=7  3.4.4*.6*  ★ CANDIDATE (not in Myers)  (22 cell polys, area check ✓)
  ctrnact-star-k7-n0896  k=7  3.4.4*.6*  ★ CANDIDATE (not in Myers)  (66 cell polys, area check ✓)
  ctrnact-star-k7-n0897  k=7  3.4.4*.6*.12*  ★ CANDIDATE (not in Myers)  (54 cell polys, area check ✓)
  ctrnact-star-k7-n0898  k=7  3.4.4*.12*  ★ CANDIDATE (not in Myers)  (46 cell polys, area check ✓)
  ctrnact-star-k7-n0899  k=7  3.4.4*.6*  ★ CANDIDATE (not in Myers)  (54 cell polys, area check ✓)
  ctrnact-star-k7-n0900  k=7  3.4.4*.12*  ★ CANDIDATE (not in Myers)  (48 cell polys, area check ✓)
  ctrnact-star-k7-n0901  k=7  3.4.4*  ★ CANDIDATE (not in Myers)  (40 cell polys, area check ✓)
  ctrnact-star-k7-n0902  k=7  3.4.4*  ★ CANDIDATE (not in Myers)  (28 cell polys, area check ✓)
  ctrnact-star-k7-n0903  k=7  3.4.4*  ★ CANDIDATE (not in Myers)  (24 cell polys, area check ✓)
  ctrnact-star-k7-n0904  k=7  3.4.4*  ★ CANDIDATE (not in Myers)  (25 cell polys, area check ✓)
  ctrnact-star-k7-n0905  k=7  3.4.4*  ★ CANDIDATE (not in Myers)  (22 cell polys, area check ✓)
  ctrnact-star-k7-n0906  k=7  3.4.4*  ★ CANDIDATE (not in Myers)  (23 cell polys, area check ✓)
  ctrnact-star-k7-n0907  k=7  3.4.4*  ★ CANDIDATE (not in Myers)  (25 cell polys, area check ✓)
  ctrnact-star-k7-n0908  k=7  3.4.4*  ★ CANDIDATE (not in Myers)  (20 cell polys, area check ✓)
  ctrnact-star-k7-n0909  k=7  3.4.4*  ★ CANDIDATE (not in Myers)  (26 cell polys, area check ✓)
  ctrnact-star-k7-n0910  k=7  3.4.4*  ★ CANDIDATE (not in Myers)  (38 cell polys, area check ✓)
  ctrnact-star-k7-n0911  k=7  3.4.4*  ★ CANDIDATE (not in Myers)  (34 cell polys, area check ✓)
  ctrnact-star-k7-n0912  k=7  3.4.4*  ★ CANDIDATE (not in Myers)  (29 cell polys, area check ✓)
  ctrnact-star-k7-n0913  k=7  3.4.4*  ★ CANDIDATE (not in Myers)  (30 cell polys, area check ✓)
  ctrnact-star-k7-n0914  k=7  3.4.4*  ★ CANDIDATE (not in Myers)  (26 cell polys, area check ✓)
  ctrnact-star-k7-n0915  k=7  3.4.4*  ★ CANDIDATE (not in Myers)  (27 cell polys, area check ✓)
  ctrnact-star-k7-n0916  k=7  3.4.4*  ★ CANDIDATE (not in Myers)  (18 cell polys, area check ✓)
  ctrnact-star-k7-n0917  k=7  3.4.4*  ★ CANDIDATE (not in Myers)  (36 cell polys, area check ✓)
  ctrnact-star-k7-n0918  k=7  3.4.4*  ★ CANDIDATE (not in Myers)  (36 cell polys, area check ✓)
  ctrnact-star-k7-n0919  k=7  3.4.4*  ★ CANDIDATE (not in Myers)  (24 cell polys, area check ✓)
  ctrnact-star-k7-n0920  k=7  3.4.4*  ★ CANDIDATE (not in Myers)  (27 cell polys, area check ✓)
  ctrnact-star-k7-n0921  k=7  3.4.4*  ★ CANDIDATE (not in Myers)  (25 cell polys, area check ✓)
  ctrnact-star-k7-n0922  k=7  3.4.4*  ★ CANDIDATE (not in Myers)  (38 cell polys, area check ✓)
  ctrnact-star-k7-n0923  k=7  3.4.4*  ★ CANDIDATE (not in Myers)  (64 cell polys, area check ✓)
  ctrnact-star-k7-n0924  k=7  3.4.4*  ★ CANDIDATE (not in Myers)  (33 cell polys, area check ✓)
  ctrnact-star-k7-n0925  k=7  3.4.4*  ★ CANDIDATE (not in Myers)  (26 cell polys, area check ✓)
  ctrnact-star-k7-n0926  k=7  3.4.4*  ★ CANDIDATE (not in Myers)  (13 cell polys, area check ✓)
  ctrnact-star-k7-n0927  k=7  3.4.4*  ★ CANDIDATE (not in Myers)  (26 cell polys, area check ✓)
  ctrnact-star-k7-n0928  k=7  3.4.4*  ★ CANDIDATE (not in Myers)  (34 cell polys, area check ✓)
  ctrnact-star-k7-n0929  k=7  3.4.4*  ★ CANDIDATE (not in Myers)  (17 cell polys, area check ✓)
  ctrnact-star-k7-n0930  k=7  3.4.4*  ★ CANDIDATE (not in Myers)  (13 cell polys, area check ✓)
  ctrnact-star-k7-n0931  k=7  3.4.4*  ★ CANDIDATE (not in Myers)  (34 cell polys, area check ✓)
  ctrnact-star-k7-n0932  k=7  3.4.4*  ★ CANDIDATE (not in Myers)  (17 cell polys, area check ✓)
  ctrnact-star-k7-n0933  k=7  3.4.4*  ★ CANDIDATE (not in Myers)  (28 cell polys, area check ✓)
  ctrnact-star-k7-n0934  k=7  3.4.4*  ★ CANDIDATE (not in Myers)  (59 cell polys, area check ✓)
  ctrnact-star-k7-n0935  k=7  3.4.4*  ★ CANDIDATE (not in Myers)  (26 cell polys, area check ✓)
  ctrnact-star-k7-n0936  k=7  3.4.4*  ★ CANDIDATE (not in Myers)  (13 cell polys, area check ✓)
  ctrnact-star-k7-n0937  k=7  3.4.4*  ★ CANDIDATE (not in Myers)  (26 cell polys, area check ✓)
  ctrnact-star-k7-n0938  k=7  3.4.4*  ★ CANDIDATE (not in Myers)  (34 cell polys, area check ✓)
  ctrnact-star-k7-n0939  k=7  3.4.4*  ★ CANDIDATE (not in Myers)  (17 cell polys, area check ✓)
  ctrnact-star-k7-n0940  k=7  3.4.4*  ★ CANDIDATE (not in Myers)  (29 cell polys, area check ✓)
  ctrnact-star-k7-n0941  k=7  3.4.4*  ★ CANDIDATE (not in Myers)  (13 cell polys, area check ✓)
  ctrnact-star-k7-n0942  k=7  3.4.4*  ★ CANDIDATE (not in Myers)  (34 cell polys, area check ✓)
  ctrnact-star-k7-n0943  k=7  3.4.4*  ★ CANDIDATE (not in Myers)  (17 cell polys, area check ✓)
  ctrnact-star-k7-n0944  k=7  3.4.4*  ★ CANDIDATE (not in Myers)  (14 cell polys, area check ✓)
  ctrnact-star-k7-n0945  k=7  3.4.4*  ★ CANDIDATE (not in Myers)  (17 cell polys, area check ✓)
  ctrnact-star-k7-n0946  k=7  3.4.4*  ★ CANDIDATE (not in Myers)  (34 cell polys, area check ✓)
  ctrnact-star-k7-n0947  k=7  3.4.4*  ★ CANDIDATE (not in Myers)  (18 cell polys, area check ✓)
  ctrnact-star-k7-n0948  k=7  3.4.4*  ★ CANDIDATE (not in Myers)  (9 cell polys, area check ✓)
  ctrnact-star-k7-n0949  k=7  3.4.4*  ★ CANDIDATE (not in Myers)  (21 cell polys, area check ✓)
  ctrnact-star-k7-n0950  k=7  3.4.4*.6*  ★ CANDIDATE (not in Myers)  (30 cell polys, area check ✓)
  ctrnact-star-k7-n0951  k=7  3.4.4*.6*  ★ CANDIDATE (not in Myers)  (15 cell polys, area check ✓)
  ctrnact-star-k7-n0952  k=7  3.4.4*.6*.12*  ★ CANDIDATE (not in Myers)  (51 cell polys, area check ✓)
  ctrnact-star-k7-n0953  k=7  3.4.4*.6*  ★ CANDIDATE (not in Myers)  (24 cell polys, area check ✓)
  ctrnact-star-k7-n0954  k=7  3.4.4*.8*  ★ CANDIDATE (not in Myers)  (28 cell polys, area check ✓)
  ctrnact-star-k7-n0955  k=7  3.4.4*.8*  ★ CANDIDATE (not in Myers)  (36 cell polys, area check ✓)
  ctrnact-star-k7-n0956  k=7  3.4.4*.8*  ★ CANDIDATE (not in Myers)  (46 cell polys, area check ✓)
  ctrnact-star-k7-n0957  k=7  3.4.4*.8*  ★ CANDIDATE (not in Myers)  (54 cell polys, area check ✓)
  ctrnact-star-k7-n0958  k=7  3.4.4*.8*  ★ CANDIDATE (not in Myers)  (54 cell polys, area check ✓)
  ctrnact-star-k7-n0959  k=7  3.4.4*.8*  ★ CANDIDATE (not in Myers)  (62 cell polys, area check ✓)
  ctrnact-star-k7-n0960  k=7  3.4.4*.8*  ★ CANDIDATE (not in Myers)  (54 cell polys, area check ✓)
  ctrnact-star-k7-n0961  k=7  3.4.4*.8*  ★ CANDIDATE (not in Myers)  (62 cell polys, area check ✓)
  ctrnact-star-k7-n0962  k=7  3.4.4*.8*  ★ CANDIDATE (not in Myers)  (62 cell polys, area check ✓)
  ctrnact-star-k7-n0963  k=7  3.4.4*.8*  ★ CANDIDATE (not in Myers)  (50 cell polys, area check ✓)
  ctrnact-star-k7-n0964  k=7  3.4.4*.8*  ★ CANDIDATE (not in Myers)  (58 cell polys, area check ✓)
  ctrnact-star-k7-n0965  k=7  3.4.4*.8*  ★ CANDIDATE (not in Myers)  (58 cell polys, area check ✓)
  ctrnact-star-k7-n0966  k=7  3.4.4*.8*  ★ CANDIDATE (not in Myers)  (66 cell polys, area check ✓)
  ctrnact-star-k7-n0967  k=7  3.4.4*.8*  ★ CANDIDATE (not in Myers)  (50 cell polys, area check ✓)
  ctrnact-star-k7-n0968  k=7  3.4.4*.8*  ★ CANDIDATE (not in Myers)  (50 cell polys, area check ✓)
  ctrnact-star-k7-n0969  k=7  3.4.4*.8*  ★ CANDIDATE (not in Myers)  (58 cell polys, area check ✓)
  ctrnact-star-k7-n0970  k=7  3.4.4*.8*  ★ CANDIDATE (not in Myers)  (28 cell polys, area check ✓)
  ctrnact-star-k7-n0971  k=7  3.4.4*.8*  ★ CANDIDATE (not in Myers)  (36 cell polys, area check ✓)
  ctrnact-star-k7-n0972  k=7  3.4.4*.8*  ★ CANDIDATE (not in Myers)  (88 cell polys, area check ✓)
  ctrnact-star-k7-n0973  k=7  3.4.4*.8*  ★ CANDIDATE (not in Myers)  (72 cell polys, area check ✓)
  ctrnact-star-k7-n0974  k=7  3.4.4*.12*  ★ CANDIDATE (not in Myers)  (75 cell polys, area check ✓)
  ctrnact-star-k7-n0975  k=7  3.4.4*.12*  ★ CANDIDATE (not in Myers)  (75 cell polys, area check ✓)
  ctrnact-star-k7-n0976  k=7  3.4.4*.12*  ★ CANDIDATE (not in Myers)  (70 cell polys, area check ✓)
  ctrnact-star-k7-n0977  k=7  3.4.4*.12*  ★ CANDIDATE (not in Myers)  (75 cell polys, area check ✓)
  ctrnact-star-k7-n0978  k=7  3.4.4*.12*  ★ CANDIDATE (not in Myers)  (93 cell polys, area check ✓)
  ctrnact-star-k7-n0979  k=7  3.4.4*.12*  ★ CANDIDATE (not in Myers)  (58 cell polys, area check ✓)
  ctrnact-star-k7-n0980  k=7  3.4.4*.12*  ★ CANDIDATE (not in Myers)  (33 cell polys, area check ✓)
  ctrnact-star-k7-n0981  k=7  3.4.4*.12*  ★ CANDIDATE (not in Myers)  (77 cell polys, area check ✓)
  ctrnact-star-k7-n0982  k=7  3.4.4*.12*  ★ CANDIDATE (not in Myers)  (37 cell polys, area check ✓)
  ctrnact-star-k7-n0983  k=7  3.4.4*.12*  ★ CANDIDATE (not in Myers)  (38 cell polys, area check ✓)
  ctrnact-star-k7-n0984  k=7  3.4.4*.12*  ★ CANDIDATE (not in Myers)  (34 cell polys, area check ✓)
  ctrnact-star-k7-n0985  k=7  3.4.4*.12*  ★ CANDIDATE (not in Myers)  (34 cell polys, area check ✓)
  ctrnact-star-k7-n0986  k=7  3.4.4*.12*  ★ CANDIDATE (not in Myers)  (44 cell polys, area check ✓)
  ctrnact-star-k7-n0987  k=7  3.4.4*.12*  ★ CANDIDATE (not in Myers)  (44 cell polys, area check ✓)
  ctrnact-star-k7-n0988  k=7  3.4.4*.12*  ★ CANDIDATE (not in Myers)  (35 cell polys, area check ✓)
  ctrnact-star-k7-n0989  k=7  3.4.4*.12*  ★ CANDIDATE (not in Myers)  (82 cell polys, area check ✓)
  ctrnact-star-k7-n0990  k=7  3.4.4*.12*  ★ CANDIDATE (not in Myers)  (38 cell polys, area check ✓)
  ctrnact-star-k7-n0991  k=7  3.4.4*.12*  ★ CANDIDATE (not in Myers)  (43 cell polys, area check ✓)
  ctrnact-star-k7-n0992  k=7  3.4.4*.12*  ★ CANDIDATE (not in Myers)  (34 cell polys, area check ✓)
  ctrnact-star-k7-n0993  k=7  3.4.4*.12*  ★ CANDIDATE (not in Myers)  (40 cell polys, area check ✓)
  ctrnact-star-k7-n0994  k=7  3.4.4*.12*  ★ CANDIDATE (not in Myers)  (41 cell polys, area check ✓)
  ctrnact-star-k7-n0995  k=7  3.4.4*.12*  ★ CANDIDATE (not in Myers)  (41 cell polys, area check ✓)
  ctrnact-star-k7-n0996  k=7  3.4.4*.12*  ★ CANDIDATE (not in Myers)  (94 cell polys, area check ✓)
  ctrnact-star-k7-n0997  k=7  3.4.4*.12*  ★ CANDIDATE (not in Myers)  (48 cell polys, area check ✓)
  ctrnact-star-k7-n0998  k=7  3.4.4*.12*  ★ CANDIDATE (not in Myers)  (35 cell polys, area check ✓)
  ctrnact-star-k7-n0999  k=7  3.4.4*.12*  ★ CANDIDATE (not in Myers)  (31 cell polys, area check ✓)
  ctrnact-star-k7-n1000  k=7  3.4.4*.12*  ★ CANDIDATE (not in Myers)  (31 cell polys, area check ✓)
  ctrnact-star-k7-n1001  k=7  3.4.4*.12*  ★ CANDIDATE (not in Myers)  (30 cell polys, area check ✓)
  ctrnact-star-k7-n1002  k=7  3.4.4*.12*  ★ CANDIDATE (not in Myers)  (33 cell polys, area check ✓)
  ctrnact-star-k7-n1003  k=7  3.4.4*.12*  ★ CANDIDATE (not in Myers)  (70 cell polys, area check ✓)
  ctrnact-star-k7-n1004  k=7  3.4.4*.12*  ★ CANDIDATE (not in Myers)  (27 cell polys, area check ✓)
  ctrnact-star-k7-n1005  k=7  3.4.4*.12*  ★ CANDIDATE (not in Myers)  (25 cell polys, area check ✓)
  ctrnact-star-k7-n1006  k=7  3.4.4*.12*  ★ CANDIDATE (not in Myers)  (38 cell polys, area check ✓)
  ctrnact-star-k7-n1007  k=7  3.4.4*.12*  ★ CANDIDATE (not in Myers)  (54 cell polys, area check ✓)
  ctrnact-star-k7-n1008  k=7  3.4.4*.12*  ★ CANDIDATE (not in Myers)  (78 cell polys, area check ✓)
  ctrnact-star-k7-n1009  k=7  3.4.4*.12*  ★ CANDIDATE (not in Myers)  (86 cell polys, area check ✓)
  ctrnact-star-k7-n1010  k=7  3.4.4*.12*  ★ CANDIDATE (not in Myers)  (34 cell polys, area check ✓)
  ctrnact-star-k7-n1011  k=7  3.4.4*.12*  ★ CANDIDATE (not in Myers)  (68 cell polys, area check ✓)
  ctrnact-star-k7-n1012  k=7  3.4.4*.12*  ★ CANDIDATE (not in Myers)  (60 cell polys, area check ✓)
  ctrnact-star-k7-n1013  k=7  3.4.4*.12*  ★ CANDIDATE (not in Myers)  (33 cell polys, area check ✓)
  ctrnact-star-k7-n1014  k=7  3.4.4*.12*  ★ CANDIDATE (not in Myers)  (62 cell polys, area check ✓)
  ctrnact-star-k7-n1015  k=7  3.4.4*.12*  ★ CANDIDATE (not in Myers)  (48 cell polys, area check ✓)
  ctrnact-star-k7-n1016  k=7  3.4.4*.12*  ★ CANDIDATE (not in Myers)  (40 cell polys, area check ✓)
  ctrnact-star-k7-n1017  k=7  3.4.4*.12*  ★ CANDIDATE (not in Myers)  (30 cell polys, area check ✓)
  ctrnact-star-k7-n1018  k=7  3.4.4*.12*  ★ CANDIDATE (not in Myers)  (60 cell polys, area check ✓)
  ctrnact-star-k7-n1019  k=7  3.4.4*.6*  ★ CANDIDATE (not in Myers)  (9 cell polys, area check ✓)
  ctrnact-star-k7-n1020  k=7  3.4.4*.6*  ★ CANDIDATE (not in Myers)  (18 cell polys, area check ✓)
  ctrnact-star-k7-n1021  k=7  3.4.4*.6*.12*  ★ CANDIDATE (not in Myers)  (45 cell polys, area check ✓)
  ctrnact-star-k7-n1022  k=7  3.4.6*  ★ CANDIDATE (not in Myers)  (38 cell polys, area check ✓)
  ctrnact-star-k7-n1023  k=7  3.4.6*  ★ CANDIDATE (not in Myers)  (38 cell polys, area check ✓)
  ctrnact-star-k7-n1024  k=7  3.4.6*  ★ CANDIDATE (not in Myers)  (44 cell polys, area check ✓)
  ctrnact-star-k7-n1025  k=7  3.4.6*  ★ CANDIDATE (not in Myers)  (19 cell polys, area check ✓)
  ctrnact-star-k7-n1026  k=7  3.4.6*  ★ CANDIDATE (not in Myers)  (50 cell polys, area check ✓)
  ctrnact-star-k7-n1027  k=7  3.4.6*  ★ CANDIDATE (not in Myers)  (19 cell polys, area check ✓)
  ctrnact-star-k7-n1028  k=7  3.4.6*  ★ CANDIDATE (not in Myers)  (63 cell polys, area check ✓)
  ctrnact-star-k7-n1029  k=7  3.4.6*  ★ CANDIDATE (not in Myers)  (63 cell polys, area check ✓)
  ctrnact-star-k7-n1030  k=7  3.4.6*  ★ CANDIDATE (not in Myers)  (69 cell polys, area check ✓)
  ctrnact-star-k7-n1031  k=7  3.4.6*.12*  ★ CANDIDATE (not in Myers)  (51 cell polys, area check ✓)
  ctrnact-star-k7-n1032  k=7  3.4.6*.12*  ★ CANDIDATE (not in Myers)  (75 cell polys, area check ✓)
  ctrnact-star-k7-n1033  k=7  3.4.6*.12*  ★ CANDIDATE (not in Myers)  (87 cell polys, area check ✓)
  ctrnact-star-k7-n1034  k=7  3.4.6*.12*  ★ CANDIDATE (not in Myers)  (63 cell polys, area check ✓)
  ctrnact-star-k7-n1035  k=7  3.4.6*  ★ CANDIDATE (not in Myers)  (57 cell polys, area check ✓)
  ctrnact-star-k7-n1036  k=7  3.4.6*  ★ CANDIDATE (not in Myers)  (57 cell polys, area check ✓)
  ctrnact-star-k7-n1037  k=7  3.4.6*  ★ CANDIDATE (not in Myers)  (27 cell polys, area check ✓)
  ctrnact-star-k7-n1038  k=7  3.4.6*  ★ CANDIDATE (not in Myers)  (27 cell polys, area check ✓)
  ctrnact-star-k7-n1039  k=7  3.4.6*  ★ CANDIDATE (not in Myers)  (69 cell polys, area check ✓)
  ctrnact-star-k7-n1040  k=7  3.4.6*  ★ CANDIDATE (not in Myers)  (28 cell polys, area check ✓)
  ctrnact-star-k7-n1041  k=7  3.4.6*  ★ CANDIDATE (not in Myers)  (69 cell polys, area check ✓)
  ctrnact-star-k7-n1042  k=7  3.4.6*  ★ CANDIDATE (not in Myers)  (25 cell polys, area check ✓)
  ctrnact-star-k7-n1043  k=7  3.4.6*  ★ CANDIDATE (not in Myers)  (25 cell polys, area check ✓)
  ctrnact-star-k7-n1044  k=7  3.4.6*  ★ CANDIDATE (not in Myers)  (19 cell polys, area check ✓)
  ctrnact-star-k7-n1045  k=7  3.4.6*  ★ CANDIDATE (not in Myers)  (22 cell polys, area check ✓)
  ctrnact-star-k7-n1046  k=7  3.4.6*  ★ CANDIDATE (not in Myers)  (25 cell polys, area check ✓)
  ctrnact-star-k7-n1047  k=7  3.4.6*  ★ CANDIDATE (not in Myers)  (28 cell polys, area check ✓)
  ctrnact-star-k7-n1048  k=7  3.4.6*  ★ CANDIDATE (not in Myers)  (74 cell polys, area check ✓)
  ctrnact-star-k7-n1049  k=7  3.4.6*  ★ CANDIDATE (not in Myers)  (74 cell polys, area check ✓)
  ctrnact-star-k7-n1050  k=7  3.4.6*  ★ CANDIDATE (not in Myers)  (23 cell polys, area check ✓)
  ctrnact-star-k7-n1051  k=7  3.4.6*  ★ CANDIDATE (not in Myers)  (16 cell polys, area check ✓)
  ctrnact-star-k7-n1052  k=7  3.4.6*.12*  ★ CANDIDATE (not in Myers)  (90 cell polys, area check ✓)
  ctrnact-star-k7-n1053  k=7  3.4.12*  ★ CANDIDATE (not in Myers)  (35 cell polys, area check ✓)
  ctrnact-star-k7-n1054  k=7  3.4.12*  ★ CANDIDATE (not in Myers)  (41 cell polys, area check ✓)
  ctrnact-star-k7-n1055  k=7  3.4.12*  ★ CANDIDATE (not in Myers)  (89 cell polys, area check ✓)
  ctrnact-star-k7-n1056  k=7  3.4.12*  ★ CANDIDATE (not in Myers)  (42 cell polys, area check ✓)
  ctrnact-star-k7-n1057  k=7  3.4.12*  ★ CANDIDATE (not in Myers)  (45 cell polys, area check ✓)
  ctrnact-star-k7-n1058  k=7  3.4.12*  ★ CANDIDATE (not in Myers)  (42 cell polys, area check ✓)
  ctrnact-star-k7-n1059  k=7  3.4.12*  ★ CANDIDATE (not in Myers)  (38 cell polys, area check ✓)
  ctrnact-star-k7-n1060  k=7  3.4.12*  ★ CANDIDATE (not in Myers)  (39 cell polys, area check ✓)
  ctrnact-star-k7-n1061  k=7  3.4.12*  ★ CANDIDATE (not in Myers)  (99 cell polys, area check ✓)
  ctrnact-star-k7-n1062  k=7  3.4.12*  ★ CANDIDATE (not in Myers)  (94 cell polys, area check ✓)
  ctrnact-star-k7-n1063  k=7  3.4.12*  ★ CANDIDATE (not in Myers)  (99 cell polys, area check ✓)
  ctrnact-star-k7-n1064  k=7  3.4.12*  ★ CANDIDATE (not in Myers)  (99 cell polys, area check ✓)
  ctrnact-star-k7-n1065  k=7  3.4.12*  ★ CANDIDATE (not in Myers)  (45 cell polys, area check ✓)
  ctrnact-star-k7-n1066  k=7  3.4.12*  ★ CANDIDATE (not in Myers)  (45 cell polys, area check ✓)
  ctrnact-star-k7-n1067  k=7  3.4.12*  ★ CANDIDATE (not in Myers)  (48 cell polys, area check ✓)
  ctrnact-star-k7-n1068  k=7  3.4.12*  ★ CANDIDATE (not in Myers)  (48 cell polys, area check ✓)
  ctrnact-star-k7-n1069  k=7  3.4.12*  ★ CANDIDATE (not in Myers)  (42 cell polys, area check ✓)
  ctrnact-star-k7-n1070  k=7  3.4.12*  ★ CANDIDATE (not in Myers)  (45 cell polys, area check ✓)
  ctrnact-star-k7-n1071  k=7  3.4.12*  ★ CANDIDATE (not in Myers)  (120 cell polys, area check ✓)
  ctrnact-star-k7-n1072  k=7  3.4.12*  ★ CANDIDATE (not in Myers)  (51 cell polys, area check ✓)
  ctrnact-star-k7-n1073  k=7  3.4.12*  ★ CANDIDATE (not in Myers)  (102 cell polys, area check ✓)
  ctrnact-star-k7-n1074  k=7  3.4.12*  ★ CANDIDATE (not in Myers)  (35 cell polys, area check ✓)
  ctrnact-star-k7-n1075  k=7  3.4.12*  ★ CANDIDATE (not in Myers)  (48 cell polys, area check ✓)
  ctrnact-star-k7-n1076  k=7  3.4.12*  ★ CANDIDATE (not in Myers)  (51 cell polys, area check ✓)
  ctrnact-star-k7-n1077  k=7  3.4.12*  ★ CANDIDATE (not in Myers)  (72 cell polys, area check ✓)
  ctrnact-star-k7-n1078  k=7  3.4.12*  ★ CANDIDATE (not in Myers)  (72 cell polys, area check ✓)
  ctrnact-star-k7-n1079  k=7  3.4.12*  ★ CANDIDATE (not in Myers)  (48 cell polys, area check ✓)
  ctrnact-star-k7-n1080  k=7  3.4.12*  ★ CANDIDATE (not in Myers)  (78 cell polys, area check ✓)
  ctrnact-star-k7-n1081  k=7  3.4.6*  ★ CANDIDATE (not in Myers)  (32 cell polys, area check ✓)
  ctrnact-star-k7-n1082  k=7  3.4.6*  ★ CANDIDATE (not in Myers)  (38 cell polys, area check ✓)
  ctrnact-star-k7-n1083  k=7  3.4.6*  ★ CANDIDATE (not in Myers)  (13 cell polys, area check ✓)
  ctrnact-star-k7-n1084  k=7  3.4.6*  ★ CANDIDATE (not in Myers)  (26 cell polys, area check ✓)
  ctrnact-star-k7-n1085  k=7  3.4.6*  ★ CANDIDATE (not in Myers)  (57 cell polys, area check ✓)
  ctrnact-star-k7-n1086  k=7  3.4.6*  ★ CANDIDATE (not in Myers)  (57 cell polys, area check ✓)
  ctrnact-star-k7-n1087  k=7  3.4.6*  ★ CANDIDATE (not in Myers)  (13 cell polys, area check ✓)
  ctrnact-star-k7-n1088  k=7  3.4.6*  ★ CANDIDATE (not in Myers)  (26 cell polys, area check ✓)
  ctrnact-star-k7-n1089  k=7  3.4.6*  ★ CANDIDATE (not in Myers)  (63 cell polys, area check ✓)
  ctrnact-star-k7-n1090  k=7  3.4.6*.12*  ★ CANDIDATE (not in Myers)  (39 cell polys, area check ✓)
  ctrnact-star-k7-n1091  k=7  3.4.6*.12*  ★ CANDIDATE (not in Myers)  (69 cell polys, area check ✓)
  ctrnact-star-k7-n1092  k=7  3.4.6*.12*  ★ CANDIDATE (not in Myers)  (51 cell polys, area check ✓)
  ctrnact-star-k7-n1093  k=7  3.4.12*  ★ CANDIDATE (not in Myers)  (75 cell polys, area check ✓)
  ctrnact-star-k7-n1094  k=7  3.4.12*  ★ CANDIDATE (not in Myers)  (63 cell polys, area check ✓)
  ctrnact-star-k7-n1095  k=7  3.4.12*  ★ CANDIDATE (not in Myers)  (67 cell polys, area check ✓)
  ctrnact-star-k7-n1098  k=7  3.3*.4*.6  ★ CANDIDATE (not in Myers)  (13 cell polys, area check ✓)
  ctrnact-star-k7-n1099  k=7  3.3*.4*.6  ★ CANDIDATE (not in Myers)  (42 cell polys, area check ✓)
  ctrnact-star-k7-n1100  k=7  3.4*.6  ★ CANDIDATE (not in Myers)  (14 cell polys, area check ✓)
  ctrnact-star-k7-n1101  k=7  3.4*.6  ★ CANDIDATE (not in Myers)  (11 cell polys, area check ✓)
  ctrnact-star-k7-n1102  k=7  3.4*.6  ★ CANDIDATE (not in Myers)  (14 cell polys, area check ✓)
  ctrnact-star-k7-n1103  k=7  3.4*.6  ★ CANDIDATE (not in Myers)  (15 cell polys, area check ✓)
  ctrnact-star-k7-n1104  k=7  3.4*.6  ★ CANDIDATE (not in Myers)  (17 cell polys, area check ✓)
  ctrnact-star-k7-n1105  k=7  3.4*.6  ★ CANDIDATE (not in Myers)  (57 cell polys, area check ✓)
  ctrnact-star-k7-n1106  k=7  3.4*.6  ★ CANDIDATE (not in Myers)  (21 cell polys, area check ✓)
  ctrnact-star-k7-n1107  k=7  3.4*.6  ★ CANDIDATE (not in Myers)  (13 cell polys, area check ✓)
  ctrnact-star-k7-n1108  k=7  3.4*.6  ★ CANDIDATE (not in Myers)  (14 cell polys, area check ✓)
  ctrnact-star-k7-n1109  k=7  3.4*.6  ★ CANDIDATE (not in Myers)  (16 cell polys, area check ✓)
  ctrnact-star-k7-n1110  k=7  3.4*.6  ★ CANDIDATE (not in Myers)  (16 cell polys, area check ✓)
  ctrnact-star-k7-n1111  k=7  3.4*.6  ★ CANDIDATE (not in Myers)  (17 cell polys, area check ✓)
  ctrnact-star-k7-n1112  k=7  3.4*.6  ★ CANDIDATE (not in Myers)  (19 cell polys, area check ✓)
  ctrnact-star-k7-n1113  k=7  3.4*.6  ★ CANDIDATE (not in Myers)  (14 cell polys, area check ✓)
  ctrnact-star-k7-n1114  k=7  3.4*.6  ★ CANDIDATE (not in Myers)  (14 cell polys, area check ✓)
  ctrnact-star-k7-n1115  k=7  3.4*.6  ★ CANDIDATE (not in Myers)  (15 cell polys, area check ✓)
  ctrnact-star-k7-n1116  k=7  3.4*.6  ★ CANDIDATE (not in Myers)  (17 cell polys, area check ✓)
  ctrnact-star-k7-n1117  k=7  3.4*.6  ★ CANDIDATE (not in Myers)  (17 cell polys, area check ✓)
  ctrnact-star-k7-n1118  k=7  3.4*.6  ★ CANDIDATE (not in Myers)  (20 cell polys, area check ✓)
  ctrnact-star-k7-n1119  k=7  3.4*.6  ★ CANDIDATE (not in Myers)  (19 cell polys, area check ✓)
  ctrnact-star-k7-n1120  k=7  3.4*.6  ★ CANDIDATE (not in Myers)  (16 cell polys, area check ✓)
  ctrnact-star-k7-n1121  k=7  3.4*.6  ★ CANDIDATE (not in Myers)  (17 cell polys, area check ✓)
  ctrnact-star-k7-n1122  k=7  3.4*.6  ★ CANDIDATE (not in Myers)  (19 cell polys, area check ✓)
  ctrnact-star-k7-n1123  k=7  3.4*.6  ★ CANDIDATE (not in Myers)  (24 cell polys, area check ✓)
  ctrnact-star-k7-n1124  k=7  3.4*.6  ★ CANDIDATE (not in Myers)  (52 cell polys, area check ✓)
  ctrnact-star-k7-n1125  k=7  3.4*.6  ★ CANDIDATE (not in Myers)  (52 cell polys, area check ✓)
  ctrnact-star-k7-n1126  k=7  3.4*.6  ★ CANDIDATE (not in Myers)  (9 cell polys, area check ✓)
  ctrnact-star-k7-n1127  k=7  3.4*.6  ★ CANDIDATE (not in Myers)  (12 cell polys, area check ✓)
  ctrnact-star-k7-n1128  k=7  3.4*.6  ★ CANDIDATE (not in Myers)  (13 cell polys, area check ✓)
  ctrnact-star-k7-n1129  k=7  3.4*.6  ★ CANDIDATE (not in Myers)  (15 cell polys, area check ✓)
  ctrnact-star-k7-n1130  k=7  3.4*.6  ★ CANDIDATE (not in Myers)  (13 cell polys, area check ✓)
  ctrnact-star-k7-n1131  k=7  3.4*.6  ★ CANDIDATE (not in Myers)  (14 cell polys, area check ✓)
  ctrnact-star-k7-n1132  k=7  3.4*.6  ★ CANDIDATE (not in Myers)  (12 cell polys, area check ✓)
  ctrnact-star-k7-n1133  k=7  3.4*.6  ★ CANDIDATE (not in Myers)  (13 cell polys, area check ✓)
  ctrnact-star-k7-n1134  k=7  3.4*.6  ★ CANDIDATE (not in Myers)  (15 cell polys, area check ✓)
  ctrnact-star-k7-n1135  k=7  3.4*.6  ★ CANDIDATE (not in Myers)  (15 cell polys, area check ✓)
  ctrnact-star-k7-n1136  k=7  3.4*.6  ★ CANDIDATE (not in Myers)  (18 cell polys, area check ✓)
  ctrnact-star-k7-n1137  k=7  3.4*.6  ★ CANDIDATE (not in Myers)  (19 cell polys, area check ✓)
  ctrnact-star-k7-n1138  k=7  3.4*.6  ★ CANDIDATE (not in Myers)  (21 cell polys, area check ✓)
  ctrnact-star-k7-n1139  k=7  3.4*.6  ★ CANDIDATE (not in Myers)  (16 cell polys, area check ✓)
  ctrnact-star-k7-n1140  k=7  3.4*.6  ★ CANDIDATE (not in Myers)  (15 cell polys, area check ✓)
  ctrnact-star-k7-n1141  k=7  3.4*.6  ★ CANDIDATE (not in Myers)  (16 cell polys, area check ✓)
  ctrnact-star-k7-n1142  k=7  3.4*.6  ★ CANDIDATE (not in Myers)  (14 cell polys, area check ✓)
  ctrnact-star-k7-n1143  k=7  3.4*.6  ★ CANDIDATE (not in Myers)  (14 cell polys, area check ✓)
  ctrnact-star-k7-n1144  k=7  3.4*.6  ★ CANDIDATE (not in Myers)  (15 cell polys, area check ✓)
  ctrnact-star-k7-n1145  k=7  3.4*.6  ★ CANDIDATE (not in Myers)  (17 cell polys, area check ✓)
  ctrnact-star-k7-n1146  k=7  3.4*.6  ★ CANDIDATE (not in Myers)  (16 cell polys, area check ✓)
  ctrnact-star-k7-n1147  k=7  3.4*.6  ★ CANDIDATE (not in Myers)  (17 cell polys, area check ✓)
  ctrnact-star-k7-n1148  k=7  3.4*.6  ★ CANDIDATE (not in Myers)  (19 cell polys, area check ✓)
  ctrnact-star-k7-n1149  k=7  3.4*.6  ★ CANDIDATE (not in Myers)  (11 cell polys, area check ✓)
  ctrnact-star-k7-n1150  k=7  3.4*.6  ★ CANDIDATE (not in Myers)  (12 cell polys, area check ✓)
  ctrnact-star-k7-n1151  k=7  3.4*.6  ★ CANDIDATE (not in Myers)  (14 cell polys, area check ✓)
  ctrnact-star-k7-n1152  k=7  3.4*.6  ★ CANDIDATE (not in Myers)  (14 cell polys, area check ✓)
  ctrnact-star-k7-n1153  k=7  3.4*.6  ★ CANDIDATE (not in Myers)  (17 cell polys, area check ✓)
  ctrnact-star-k7-n1154  k=7  3.4*.6  ★ CANDIDATE (not in Myers)  (18 cell polys, area check ✓)
  ctrnact-star-k7-n1155  k=7  3.4*.6  ★ CANDIDATE (not in Myers)  (20 cell polys, area check ✓)
  ctrnact-star-k7-n1156  k=7  3.4*.6  ★ CANDIDATE (not in Myers)  (15 cell polys, area check ✓)
  ctrnact-star-k7-n1157  k=7  3.4*.6  ★ CANDIDATE (not in Myers)  (16 cell polys, area check ✓)
  ctrnact-star-k7-n1158  k=7  3.4*.6  ★ CANDIDATE (not in Myers)  (18 cell polys, area check ✓)
  ctrnact-star-k7-n1159  k=7  3.4*.6  ★ CANDIDATE (not in Myers)  (16 cell polys, area check ✓)
  ctrnact-star-k7-n1160  k=7  3.4*.6  ★ CANDIDATE (not in Myers)  (12 cell polys, area check ✓)
  ctrnact-star-k7-n1161  k=7  3.4*.6  ★ CANDIDATE (not in Myers)  (13 cell polys, area check ✓)
  ctrnact-star-k7-n1162  k=7  3.4*.6  ★ CANDIDATE (not in Myers)  (15 cell polys, area check ✓)
  ctrnact-star-k7-n1163  k=7  3.4*.6  ★ CANDIDATE (not in Myers)  (14 cell polys, area check ✓)
  ctrnact-star-k7-n1164  k=7  3.4*.6  ★ CANDIDATE (not in Myers)  (15 cell polys, area check ✓)
  ctrnact-star-k7-n1165  k=7  3.4*.6  ★ CANDIDATE (not in Myers)  (17 cell polys, area check ✓)
  ctrnact-star-k7-n1166  k=7  3.4*.6  ★ CANDIDATE (not in Myers)  (15 cell polys, area check ✓)
  ctrnact-star-k7-n1167  k=7  3.4*.6  ★ CANDIDATE (not in Myers)  (12 cell polys, area check ✓)
  ctrnact-star-k7-n1168  k=7  3.4*.6  ★ CANDIDATE (not in Myers)  (13 cell polys, area check ✓)
  ctrnact-star-k7-n1169  k=7  3.4*.6  ★ CANDIDATE (not in Myers)  (15 cell polys, area check ✓)
  ctrnact-star-k7-n1170  k=7  3.4*.6  ★ CANDIDATE (not in Myers)  (15 cell polys, area check ✓)
  ctrnact-star-k7-n1171  k=7  3.4*.6  ★ CANDIDATE (not in Myers)  (18 cell polys, area check ✓)
  ctrnact-star-k7-n1172  k=7  3.4*.6  ★ CANDIDATE (not in Myers)  (19 cell polys, area check ✓)
  ctrnact-star-k7-n1173  k=7  3.4*.6  ★ CANDIDATE (not in Myers)  (21 cell polys, area check ✓)
  ctrnact-star-k7-n1174  k=7  3.4*.6  ★ CANDIDATE (not in Myers)  (16 cell polys, area check ✓)
  ctrnact-star-k7-n1175  k=7  3.4*.6  ★ CANDIDATE (not in Myers)  (17 cell polys, area check ✓)
  ctrnact-star-k7-n1176  k=7  3.4*.6  ★ CANDIDATE (not in Myers)  (19 cell polys, area check ✓)
  ctrnact-star-k7-n1177  k=7  3.4*.6  ★ CANDIDATE (not in Myers)  (17 cell polys, area check ✓)
  ctrnact-star-k7-n1178  k=7  3.4*.6  ★ CANDIDATE (not in Myers)  (12 cell polys, area check ✓)
  ctrnact-star-k7-n1179  k=7  3.4*.6  ★ CANDIDATE (not in Myers)  (15 cell polys, area check ✓)
  ctrnact-star-k7-n1180  k=7  3.4*.6  ★ CANDIDATE (not in Myers)  (16 cell polys, area check ✓)
  ctrnact-star-k7-n1181  k=7  3.4*.6  ★ CANDIDATE (not in Myers)  (18 cell polys, area check ✓)
  ctrnact-star-k7-n1182  k=7  3.4*.6  ★ CANDIDATE (not in Myers)  (13 cell polys, area check ✓)
  ctrnact-star-k7-n1183  k=7  3.4*.6  ★ CANDIDATE (not in Myers)  (15 cell polys, area check ✓)
  ctrnact-star-k7-n1184  k=7  3.4*.6  ★ CANDIDATE (not in Myers)  (16 cell polys, area check ✓)
  ctrnact-star-k7-n1185  k=7  3.4*.6  ★ CANDIDATE (not in Myers)  (14 cell polys, area check ✓)
  ctrnact-star-k7-n1186  k=7  3.4*.6  ★ CANDIDATE (not in Myers)  (15 cell polys, area check ✓)
  ctrnact-star-k7-n1187  k=7  3.4*.6  ★ CANDIDATE (not in Myers)  (17 cell polys, area check ✓)
  ctrnact-star-k7-n1188  k=7  3.4*.6  ★ CANDIDATE (not in Myers)  (14 cell polys, area check ✓)
  ctrnact-star-k7-n1189  k=7  3.4*.6  ★ CANDIDATE (not in Myers)  (14 cell polys, area check ✓)
  ctrnact-star-k7-n1190  k=7  3.4*.6  ★ CANDIDATE (not in Myers)  (7 cell polys, area check ✓)
  ctrnact-star-k7-n1191  k=7  3.4*.6  ★ CANDIDATE (not in Myers)  (15 cell polys, area check ✓)
  ctrnact-star-k7-n1192  k=7  3.4*.6  ★ CANDIDATE (not in Myers)  (17 cell polys, area check ✓)
  ctrnact-star-k7-n1193  k=7  3.4*.6  ★ CANDIDATE (not in Myers)  (14 cell polys, area check ✓)
  ctrnact-star-k7-n1194  k=7  3.4*.6  ★ CANDIDATE (not in Myers)  (17 cell polys, area check ✓)
  ctrnact-star-k7-n1195  k=7  3.4*.6  ★ CANDIDATE (not in Myers)  (18 cell polys, area check ✓)
  ctrnact-star-k7-n1196  k=7  3.4*.6  ★ CANDIDATE (not in Myers)  (20 cell polys, area check ✓)
  ctrnact-star-k7-n1197  k=7  3.4*.6  ★ CANDIDATE (not in Myers)  (17 cell polys, area check ✓)
  ctrnact-star-k7-n1198  k=7  3.4*.6  ★ CANDIDATE (not in Myers)  (17 cell polys, area check ✓)
  ctrnact-star-k7-n1199  k=7  3.4*.6  ★ CANDIDATE (not in Myers)  (15 cell polys, area check ✓)
  ctrnact-star-k7-n1200  k=7  3.4*.6  ★ CANDIDATE (not in Myers)  (16 cell polys, area check ✓)
  ctrnact-star-k7-n1201  k=7  3.4*.6  ★ CANDIDATE (not in Myers)  (18 cell polys, area check ✓)
  ctrnact-star-k7-n1202  k=7  3.4*.6  ★ CANDIDATE (not in Myers)  (17 cell polys, area check ✓)
  ctrnact-star-k7-n1203  k=7  3.4*.6  ★ CANDIDATE (not in Myers)  (18 cell polys, area check ✓)
  ctrnact-star-k7-n1204  k=7  3.4*.6  ★ CANDIDATE (not in Myers)  (20 cell polys, area check ✓)
  ctrnact-star-k7-n1205  k=7  3.4*.6  ★ CANDIDATE (not in Myers)  (20 cell polys, area check ✓)
  ctrnact-star-k7-n1206  k=7  3.4*.6  ★ CANDIDATE (not in Myers)  (10 cell polys, area check ✓)
  ctrnact-star-k7-n1207  k=7  3.4*.6  ★ CANDIDATE (not in Myers)  (18 cell polys, area check ✓)
  ctrnact-star-k7-n1208  k=7  3.4*.6  ★ CANDIDATE (not in Myers)  (20 cell polys, area check ✓)
  ctrnact-star-k7-n1209  k=7  3.4*.6  ★ CANDIDATE (not in Myers)  (21 cell polys, area check ✓)
  ctrnact-star-k7-n1210  k=7  3.4*.6  ★ CANDIDATE (not in Myers)  (23 cell polys, area check ✓)
  ctrnact-star-k7-n1211  k=7  3.4*.6  ★ CANDIDATE (not in Myers)  (18 cell polys, area check ✓)
  ctrnact-star-k7-n1212  k=7  3.4*.6  ★ CANDIDATE (not in Myers)  (12 cell polys, area check ✓)
  ctrnact-star-k7-n1213  k=7  3.4*.6  ★ CANDIDATE (not in Myers)  (15 cell polys, area check ✓)
  ctrnact-star-k7-n1214  k=7  3.4*.6  ★ CANDIDATE (not in Myers)  (16 cell polys, area check ✓)
  ctrnact-star-k7-n1215  k=7  3.4*.6  ★ CANDIDATE (not in Myers)  (18 cell polys, area check ✓)
  ctrnact-star-k7-n1216  k=7  3.4*.6  ★ CANDIDATE (not in Myers)  (15 cell polys, area check ✓)
  ctrnact-star-k7-n1217  k=7  3.4*.6  ★ CANDIDATE (not in Myers)  (17 cell polys, area check ✓)
  ctrnact-star-k7-n1218  k=7  3.4*.6  ★ CANDIDATE (not in Myers)  (25 cell polys, area check ✓)
  ctrnact-star-k7-n1219  k=7  3.4*.6  ★ CANDIDATE (not in Myers)  (24 cell polys, area check ✓)
  ctrnact-star-k7-n1220  k=7  3.4*.6  ★ CANDIDATE (not in Myers)  (24 cell polys, area check ✓)
  ctrnact-star-k7-n1221  k=7  3.4*.6  ★ CANDIDATE (not in Myers)  (22 cell polys, area check ✓)
  ctrnact-star-k7-n1222  k=7  3.4*.6  ★ CANDIDATE (not in Myers)  (19 cell polys, area check ✓)
  ctrnact-star-k7-n1223  k=7  3.4*.6  ★ CANDIDATE (not in Myers)  (22 cell polys, area check ✓)
  ctrnact-star-k7-n1224  k=7  3.4*.6  ★ CANDIDATE (not in Myers)  (22 cell polys, area check ✓)
  ctrnact-star-k7-n1225  k=7  3.4*.6  ★ CANDIDATE (not in Myers)  (22 cell polys, area check ✓)
  ctrnact-star-k7-n1226  k=7  3.4*.6  ★ CANDIDATE (not in Myers)  (24 cell polys, area check ✓)
  ctrnact-star-k7-n1227  k=7  3.4*.6  ★ CANDIDATE (not in Myers)  (24 cell polys, area check ✓)
  ctrnact-star-k7-n1228  k=7  3.4*.6  ★ CANDIDATE (not in Myers)  (23 cell polys, area check ✓)
  ctrnact-star-k7-n1229  k=7  3.4*.6  ★ CANDIDATE (not in Myers)  (63 cell polys, area check ✓)
  ctrnact-star-k7-n1230  k=7  3.4*.6  ★ CANDIDATE (not in Myers)  (63 cell polys, area check ✓)
  ctrnact-star-k7-n1231  k=7  3.4*.6  ★ CANDIDATE (not in Myers)  (62 cell polys, area check ✓)
  ctrnact-star-k7-n1232  k=7  3.4*.6  ★ CANDIDATE (not in Myers)  (34 cell polys, area check ✓)
  ctrnact-star-k7-n1233  k=7  3.4*.6  ★ CANDIDATE (not in Myers)  (19 cell polys, area check ✓)
  ctrnact-star-k7-n1234  k=7  3.4*.6  ★ CANDIDATE (not in Myers)  (42 cell polys, area check ✓)
  ctrnact-star-k7-n1235  k=7  3.4*.6  ★ CANDIDATE (not in Myers)  (29 cell polys, area check ✓)
  ctrnact-star-k7-n1236  k=7  3.4*.6  ★ CANDIDATE (not in Myers)  (17 cell polys, area check ✓)
  ctrnact-star-k7-n1237  k=7  3.4*.6  ★ CANDIDATE (not in Myers)  (42 cell polys, area check ✓)
  ctrnact-star-k7-n1238  k=7  3.4*.6  ★ CANDIDATE (not in Myers)  (17 cell polys, area check ✓)
  ctrnact-star-k7-n1239  k=7  3.4*.6  ★ CANDIDATE (not in Myers)  (26 cell polys, area check ✓)
  ctrnact-star-k7-n1240  k=7  3.4*.6.6*.12*  ★ CANDIDATE (not in Myers)  (69 cell polys, area check ✓)
  ctrnact-star-k7-n1241  k=7  3.4*.6.12*  ★ CANDIDATE (not in Myers)  (65 cell polys, area check ✓)
  ctrnact-star-k7-n1242  k=7  3.4*.6.6*  ★ CANDIDATE (not in Myers)  (45 cell polys, area check ✓)
  ctrnact-star-k7-n1243  k=7  3.4*.6.6*  ★ CANDIDATE (not in Myers)  (51 cell polys, area check ✓)
  ctrnact-star-k7-n1244  k=7  3.4*.6.6*  ★ CANDIDATE (not in Myers)  (46 cell polys, area check ✓)
  ctrnact-star-k7-n1245  k=7  3.4*.6.6*  ★ CANDIDATE (not in Myers)  (46 cell polys, area check ✓)
  ctrnact-star-k7-n1246  k=7  3.4*.6.6*  ★ CANDIDATE (not in Myers)  (19 cell polys, area check ✓)
  ctrnact-star-k7-n1247  k=7  3.4*.6.6*  ★ CANDIDATE (not in Myers)  (22 cell polys, area check ✓)
  ctrnact-star-k7-n1248  k=7  3.4*.6.6*  ★ CANDIDATE (not in Myers)  (21 cell polys, area check ✓)
  ctrnact-star-k7-n1249  k=7  3.4*.6.6*  ★ CANDIDATE (not in Myers)  (21 cell polys, area check ✓)
  ctrnact-star-k7-n1250  k=7  3.4*.6.6*  ★ CANDIDATE (not in Myers)  (19 cell polys, area check ✓)
  ctrnact-star-k7-n1251  k=7  3.4*.6.6*  ★ CANDIDATE (not in Myers)  (22 cell polys, area check ✓)
  ctrnact-star-k7-n1252  k=7  3.4*.6.6*  ★ CANDIDATE (not in Myers)  (16 cell polys, area check ✓)
  ctrnact-star-k7-n1253  k=7  3.4*.6.6*  ★ CANDIDATE (not in Myers)  (19 cell polys, area check ✓)
  ctrnact-star-k7-n1254  k=7  3.4*.6.6*  ★ CANDIDATE (not in Myers)  (19 cell polys, area check ✓)
  ctrnact-star-k7-n1255  k=7  3.4*.6.6*  ★ CANDIDATE (not in Myers)  (18 cell polys, area check ✓)
  ctrnact-star-k7-n1256  k=7  3.4*.6.6*  ★ CANDIDATE (not in Myers)  (36 cell polys, area check ✓)
  ctrnact-star-k7-n1257  k=7  3.4*.6.6*  ★ CANDIDATE (not in Myers)  (46 cell polys, area check ✓)
  ctrnact-star-k7-n1258  k=7  3.4*.6.6*  ★ CANDIDATE (not in Myers)  (18 cell polys, area check ✓)
  ctrnact-star-k7-n1259  k=7  3.4*.6.6*  ★ CANDIDATE (not in Myers)  (21 cell polys, area check ✓)
  ctrnact-star-k7-n1260  k=7  3.4*.6.6*.12*  ★ CANDIDATE (not in Myers)  (48 cell polys, area check ✓)
  ctrnact-star-k7-n1261  k=7  3.4*.6.6*.12*  ★ CANDIDATE (not in Myers)  (60 cell polys, area check ✓)
  ctrnact-star-k7-n1262  k=7  3.4*.6.6*.12*  ★ CANDIDATE (not in Myers)  (24 cell polys, area check ✓)
  ctrnact-star-k7-n1263  k=7  3.4*.6.12*  ★ CANDIDATE (not in Myers)  (54 cell polys, area check ✓)
  ctrnact-star-k7-n1264  k=7  3.4*.6.12*  ★ CANDIDATE (not in Myers)  (54 cell polys, area check ✓)
  ctrnact-star-k7-n1265  k=7  3.4*.6.12*  ★ CANDIDATE (not in Myers)  (38 cell polys, area check ✓)
  ctrnact-star-k7-n1266  k=7  3.4*.6.12*  ★ CANDIDATE (not in Myers)  (50 cell polys, area check ✓)
  ctrnact-star-k7-n1267  k=7  3.4*.6.12*  ★ CANDIDATE (not in Myers)  (63 cell polys, area check ✓)
  ctrnact-star-k7-n1268  k=7  3.4*.6.12*  ★ CANDIDATE (not in Myers)  (40 cell polys, area check ✓)
  ctrnact-star-k7-n1269  k=7  3.4*.6.12*  ★ CANDIDATE (not in Myers)  (35 cell polys, area check ✓)
  ctrnact-star-k7-n1270  k=7  3.4*.6.12*  ★ CANDIDATE (not in Myers)  (37 cell polys, area check ✓)
  ctrnact-star-k7-n1271  k=7  3.4*.6.12*  ★ CANDIDATE (not in Myers)  (64 cell polys, area check ✓)
  ctrnact-star-k7-n1272  k=7  3.4*.6.12*  ★ CANDIDATE (not in Myers)  (20 cell polys, area check ✓)
  ctrnact-star-k7-n1273  k=7  3.4*.6.12*  ★ CANDIDATE (not in Myers)  (39 cell polys, area check ✓)
  ctrnact-star-k7-n1274  k=7  3.6.6*  ★ CANDIDATE (not in Myers)  (55 cell polys, area check ✓)
  ctrnact-star-k7-n1275  k=7  3.6.6*  ★ CANDIDATE (not in Myers)  (55 cell polys, area check ✓)
  ctrnact-star-k7-n1276  k=7  3.6.6*  ★ CANDIDATE (not in Myers)  (23 cell polys, area check ✓)
  ctrnact-star-k7-n1277  k=7  3.6.6*  ★ CANDIDATE (not in Myers)  (51 cell polys, area check ✓)
  ctrnact-star-k7-n1278  k=7  3.6.6*  ★ CANDIDATE (not in Myers)  (22 cell polys, area check ✓)
  ctrnact-star-k7-n1279  k=7  3.6.6*  ★ CANDIDATE (not in Myers)  (60 cell polys, area check ✓)
  ctrnact-star-k7-n1280  k=7  3.6.6*  ★ CANDIDATE (not in Myers)  (23 cell polys, area check ✓)
  ctrnact-star-k7-n1281  k=7  3.6.6*  ★ CANDIDATE (not in Myers)  (44 cell polys, area check ✓)
  ctrnact-star-k7-n1282  k=7  3.6.6*  ★ CANDIDATE (not in Myers)  (19 cell polys, area check ✓)
  ctrnact-star-k7-n1283  k=7  3.6.6*  ★ CANDIDATE (not in Myers)  (19 cell polys, area check ✓)
  ctrnact-star-k7-n1284  k=7  3.6.6*  ★ CANDIDATE (not in Myers)  (29 cell polys, area check ✓)
  ctrnact-star-k7-n1285  k=7  3.6.6*  ★ CANDIDATE (not in Myers)  (19 cell polys, area check ✓)
  ctrnact-star-k7-n1286  k=7  3.6.6*  ★ CANDIDATE (not in Myers)  (27 cell polys, area check ✓)
  ctrnact-star-k7-n1287  k=7  3.6.6*  ★ CANDIDATE (not in Myers)  (57 cell polys, area check ✓)
  ctrnact-star-k7-n1288  k=7  3.6.6*  ★ CANDIDATE (not in Myers)  (72 cell polys, area check ✓)
  ctrnact-star-k7-n1289  k=7  3.6.6*  ★ CANDIDATE (not in Myers)  (70 cell polys, area check ✓)
  ctrnact-star-k7-n1290  k=7  3.6.6*  ★ CANDIDATE (not in Myers)  (75 cell polys, area check ✓)
  ctrnact-star-k7-n1291  k=7  3.6.6*  ★ CANDIDATE (not in Myers)  (32 cell polys, area check ✓)
  ctrnact-star-k7-n1292  k=7  3.6.6*  ★ CANDIDATE (not in Myers)  (69 cell polys, area check ✓)
  ctrnact-star-k7-n1293  k=7  3.6.6*  ★ CANDIDATE (not in Myers)  (58 cell polys, area check ✓)
  ctrnact-star-k7-n1294  k=7  3.6.6*  ★ CANDIDATE (not in Myers)  (27 cell polys, area check ✓)
  ctrnact-star-k7-n1295  k=7  3.6.6*  ★ CANDIDATE (not in Myers)  (27 cell polys, area check ✓)
  ctrnact-star-k7-n1296  k=7  3.6.6*  ★ CANDIDATE (not in Myers)  (21 cell polys, area check ✓)
  ctrnact-star-k7-n1297  k=7  3.6.6*  ★ CANDIDATE (not in Myers)  (16 cell polys, area check ✓)
  ctrnact-star-k7-n1298  k=7  3.6.6*  ★ CANDIDATE (not in Myers)  (48 cell polys, area check ✓)
  ctrnact-star-k7-n1299  k=7  3.6.6*  ★ CANDIDATE (not in Myers)  (45 cell polys, area check ✓)
  ctrnact-star-k7-n1300  k=7  3.6.6*  ★ CANDIDATE (not in Myers)  (57 cell polys, area check ✓)
  ctrnact-star-k7-n1301  k=7  3.6.6*  ★ CANDIDATE (not in Myers)  (57 cell polys, area check ✓)
  ctrnact-star-k7-n1302  k=7  3.6.6*  ★ CANDIDATE (not in Myers)  (57 cell polys, area check ✓)
  ctrnact-star-k7-n1303  k=7  3.6.6*  ★ CANDIDATE (not in Myers)  (26 cell polys, area check ✓)
  ctrnact-star-k7-n1304  k=7  3.6.6*  ★ CANDIDATE (not in Myers)  (41 cell polys, area check ✓)
  ctrnact-star-k7-n1305  k=7  3.6.6*  ★ CANDIDATE (not in Myers)  (57 cell polys, area check ✓)
  ctrnact-star-k7-n1306  k=7  3.6.6*  ★ CANDIDATE (not in Myers)  (49 cell polys, area check ✓)
  ctrnact-star-k7-n1307  k=7  3.6.6*  ★ CANDIDATE (not in Myers)  (49 cell polys, area check ✓)
  ctrnact-star-k7-n1308  k=7  3.6.6*  ★ CANDIDATE (not in Myers)  (61 cell polys, area check ✓)
  ctrnact-star-k7-n1309  k=7  3.6.6*  ★ CANDIDATE (not in Myers)  (69 cell polys, area check ✓)
  ctrnact-star-k7-n1310  k=7  3.6.6*  ★ CANDIDATE (not in Myers)  (81 cell polys, area check ✓)
  ctrnact-star-k7-n1311  k=7  3.6.6*  ★ CANDIDATE (not in Myers)  (57 cell polys, area check ✓)
  ctrnact-star-k7-n1312  k=7  3.6.6*  ★ CANDIDATE (not in Myers)  (51 cell polys, area check ✓)
  ctrnact-star-k7-n1313  k=7  3.6.6*  ★ CANDIDATE (not in Myers)  (39 cell polys, area check ✓)
  ctrnact-star-k7-n1314  k=7  3.6.6*  ★ CANDIDATE (not in Myers)  (49 cell polys, area check ✓)
  ctrnact-star-k7-n1315  k=7  3.6.6*  ★ CANDIDATE (not in Myers)  (66 cell polys, area check ✓)
  ctrnact-star-k7-n1316  k=7  3.6.6*  ★ CANDIDATE (not in Myers)  (66 cell polys, area check ✓)
  ctrnact-star-k7-n1317  k=7  3.6.6*  ★ CANDIDATE (not in Myers)  (66 cell polys, area check ✓)
  ctrnact-star-k7-n1318  k=7  3.6.6*  ★ CANDIDATE (not in Myers)  (69 cell polys, area check ✓)
  ctrnact-star-k7-n1319  k=7  3.6.6*  ★ CANDIDATE (not in Myers)  (81 cell polys, area check ✓)
  ctrnact-star-k7-n1320  k=7  3.6.6*  ★ CANDIDATE (not in Myers)  (87 cell polys, area check ✓)
  ctrnact-star-k7-n1321  k=7  3.6.6*  ★ CANDIDATE (not in Myers)  (69 cell polys, area check ✓)
  ctrnact-star-k7-n1322  k=7  3.6.6*  ★ CANDIDATE (not in Myers)  (18 cell polys, area check ✓)
  ctrnact-star-k7-n1323  k=7  3.6.6*  ★ CANDIDATE (not in Myers)  (23 cell polys, area check ✓)
  ctrnact-star-k7-n1324  k=7  3.6.6*  ★ CANDIDATE (not in Myers)  (15 cell polys, area check ✓)
  ctrnact-star-k7-n1325  k=7  3.6.6*  ★ CANDIDATE (not in Myers)  (15 cell polys, area check ✓)
  ctrnact-star-k7-n1326  k=7  3.6.6*  ★ CANDIDATE (not in Myers)  (18 cell polys, area check ✓)
  ctrnact-star-k7-n1327  k=7  3.6.6*  ★ CANDIDATE (not in Myers)  (17 cell polys, area check ✓)
  ctrnact-star-k7-n1328  k=7  3.6.6*  ★ CANDIDATE (not in Myers)  (17 cell polys, area check ✓)
  ctrnact-star-k7-n1329  k=7  3.6.6*  ★ CANDIDATE (not in Myers)  (22 cell polys, area check ✓)
  ctrnact-star-k7-n1330  k=7  3.6.6*  ★ CANDIDATE (not in Myers)  (19 cell polys, area check ✓)
  ctrnact-star-k7-n1331  k=7  3.6.6*  ★ CANDIDATE (not in Myers)  (19 cell polys, area check ✓)
  ctrnact-star-k7-n1332  k=7  3.6.6*  ★ CANDIDATE (not in Myers)  (24 cell polys, area check ✓)
  ctrnact-star-k7-n1333  k=7  3.6.6*  ★ CANDIDATE (not in Myers)  (23 cell polys, area check ✓)
  ctrnact-star-k7-n1334  k=7  3.6.6*  ★ CANDIDATE (not in Myers)  (21 cell polys, area check ✓)
  ctrnact-star-k7-n1335  k=7  3.6.6*  ★ CANDIDATE (not in Myers)  (19 cell polys, area check ✓)
  ctrnact-star-k7-n1336  k=7  3.6.6*  ★ CANDIDATE (not in Myers)  (18 cell polys, area check ✓)
  ctrnact-star-k7-n1337  k=7  3.6.6*  ★ CANDIDATE (not in Myers)  (23 cell polys, area check ✓)
  ctrnact-star-k7-n1338  k=7  3.6.6*  ★ CANDIDATE (not in Myers)  (23 cell polys, area check ✓)
  ctrnact-star-k7-n1339  k=7  3.6.6*  ★ CANDIDATE (not in Myers)  (28 cell polys, area check ✓)
  ctrnact-star-k7-n1340  k=7  3.6.6*  ★ CANDIDATE (not in Myers)  (23 cell polys, area check ✓)
  ctrnact-star-k7-n1341  k=7  3.6.6*  ★ CANDIDATE (not in Myers)  (22 cell polys, area check ✓)
  ctrnact-star-k7-n1342  k=7  3.6.6*  ★ CANDIDATE (not in Myers)  (60 cell polys, area check ✓)
  ctrnact-star-k7-n1343  k=7  3.6.6*  ★ CANDIDATE (not in Myers)  (18 cell polys, area check ✓)
  ctrnact-star-k7-n1344  k=7  3.6.6*  ★ CANDIDATE (not in Myers)  (21 cell polys, area check ✓)
  ctrnact-star-k7-n1345  k=7  3.6.6*  ★ CANDIDATE (not in Myers)  (28 cell polys, area check ✓)
  ctrnact-star-k7-n1346  k=7  3.6.6*  ★ CANDIDATE (not in Myers)  (22 cell polys, area check ✓)
  ctrnact-star-k7-n1347  k=7  3.6.6*  ★ CANDIDATE (not in Myers)  (22 cell polys, area check ✓)
  ctrnact-star-k7-n1348  k=7  3.6.6*  ★ CANDIDATE (not in Myers)  (18 cell polys, area check ✓)
  ctrnact-star-k7-n1349  k=7  3.6.6*  ★ CANDIDATE (not in Myers)  (20 cell polys, area check ✓)
  ctrnact-star-k7-n1350  k=7  3.6.6*  ★ CANDIDATE (not in Myers)  (20 cell polys, area check ✓)
  ctrnact-star-k7-n1351  k=7  3.6.6*  ★ CANDIDATE (not in Myers)  (20 cell polys, area check ✓)
  ctrnact-star-k7-n1352  k=7  3.6.6*  ★ CANDIDATE (not in Myers)  (60 cell polys, area check ✓)
  ctrnact-star-k7-n1353  k=7  3.6.6*  ★ CANDIDATE (not in Myers)  (50 cell polys, area check ✓)
  ctrnact-star-k7-n1354  k=7  3.6.6*  ★ CANDIDATE (not in Myers)  (18 cell polys, area check ✓)
  ctrnact-star-k7-n1355  k=7  3.6.6*  ★ CANDIDATE (not in Myers)  (17 cell polys, area check ✓)
  ctrnact-star-k7-n1356  k=7  3.6.6*  ★ CANDIDATE (not in Myers)  (24 cell polys, area check ✓)
  ctrnact-star-k7-n1357  k=7  3.6.6*  ★ CANDIDATE (not in Myers)  (18 cell polys, area check ✓)
  ctrnact-star-k7-n1358  k=7  3.6.6*  ★ CANDIDATE (not in Myers)  (18 cell polys, area check ✓)
  ctrnact-star-k7-n1359  k=7  3.6.6*  ★ CANDIDATE (not in Myers)  (24 cell polys, area check ✓)
  ctrnact-star-k7-n1360  k=7  3.6.6*  ★ CANDIDATE (not in Myers)  (23 cell polys, area check ✓)
  ctrnact-star-k7-n1361  k=7  3.6.6*  ★ CANDIDATE (not in Myers)  (23 cell polys, area check ✓)
  ctrnact-star-k7-n1362  k=7  3.6.6*  ★ CANDIDATE (not in Myers)  (22 cell polys, area check ✓)
  ctrnact-star-k7-n1363  k=7  3.6.6*  ★ CANDIDATE (not in Myers)  (20 cell polys, area check ✓)
  ctrnact-star-k7-n1364  k=7  3.6.6*  ★ CANDIDATE (not in Myers)  (18 cell polys, area check ✓)
  ctrnact-star-k7-n1365  k=7  3.6.6*  ★ CANDIDATE (not in Myers)  (18 cell polys, area check ✓)
  ctrnact-star-k7-n1366  k=7  3.6.6*  ★ CANDIDATE (not in Myers)  (29 cell polys, area check ✓)
  ctrnact-star-k7-n1367  k=7  3.6.6*  ★ CANDIDATE (not in Myers)  (18 cell polys, area check ✓)
  ctrnact-star-k7-n1368  k=7  3.6.6*  ★ CANDIDATE (not in Myers)  (17 cell polys, area check ✓)
  ctrnact-star-k7-n1369  k=7  3.6.6*  ★ CANDIDATE (not in Myers)  (24 cell polys, area check ✓)
  ctrnact-star-k7-n1370  k=7  3.6.6*  ★ CANDIDATE (not in Myers)  (39 cell polys, area check ✓)
  ctrnact-star-k7-n1371  k=7  3.6.6*  ★ CANDIDATE (not in Myers)  (23 cell polys, area check ✓)
  ctrnact-star-k7-n1372  k=7  3.6.6*  ★ CANDIDATE (not in Myers)  (20 cell polys, area check ✓)
  ctrnact-star-k7-n1373  k=7  3.6.6*  ★ CANDIDATE (not in Myers)  (23 cell polys, area check ✓)
  ctrnact-star-k7-n1374  k=7  3.6.6*  ★ CANDIDATE (not in Myers)  (23 cell polys, area check ✓)
  ctrnact-star-k7-n1375  k=7  3.6.6*  ★ CANDIDATE (not in Myers)  (39 cell polys, area check ✓)
  ctrnact-star-k7-n1376  k=7  3.6.6*  ★ CANDIDATE (not in Myers)  (29 cell polys, area check ✓)
  ctrnact-star-k7-n1377  k=7  3.6.6*  ★ CANDIDATE (not in Myers)  (23 cell polys, area check ✓)
  ctrnact-star-k7-n1378  k=7  3.6.6*  ★ CANDIDATE (not in Myers)  (22 cell polys, area check ✓)
  ctrnact-star-k7-n1379  k=7  3.6.6*  ★ CANDIDATE (not in Myers)  (25 cell polys, area check ✓)
  ctrnact-star-k7-n1380  k=7  3.6.6*  ★ CANDIDATE (not in Myers)  (25 cell polys, area check ✓)
  ctrnact-star-k7-n1381  k=7  3.6.6*  ★ CANDIDATE (not in Myers)  (25 cell polys, area check ✓)
  ctrnact-star-k7-n1382  k=7  3.6.6*  ★ CANDIDATE (not in Myers)  (28 cell polys, area check ✓)
  ctrnact-star-k7-n1383  k=7  3.6.6*  ★ CANDIDATE (not in Myers)  (28 cell polys, area check ✓)
  ctrnact-star-k7-n1384  k=7  3.6.6*  ★ CANDIDATE (not in Myers)  (11 cell polys, area check ✓)
  ctrnact-star-k7-n1385  k=7  3.6.6*  ★ CANDIDATE (not in Myers)  (22 cell polys, area check ✓)
  ctrnact-star-k7-n1386  k=7  3.6.6*  ★ CANDIDATE (not in Myers)  (39 cell polys, area check ✓)
  ctrnact-star-k7-n1387  k=7  3.6.6*  ★ CANDIDATE (not in Myers)  (38 cell polys, area check ✓)
  ctrnact-star-k7-n1388  k=7  3.6.6*  ★ CANDIDATE (not in Myers)  (63 cell polys, area check ✓)
  ctrnact-star-k7-n1389  k=7  3.6.6*  ★ CANDIDATE (not in Myers)  (57 cell polys, area check ✓)
  ctrnact-star-k7-n1390  k=7  3.6.6*  ★ CANDIDATE (not in Myers)  (28 cell polys, area check ✓)
  ctrnact-star-k7-n1391  k=7  3.6.6*  ★ CANDIDATE (not in Myers)  (20 cell polys, area check ✓)
  ctrnact-star-k7-n1392  k=7  3.6.6*  ★ CANDIDATE (not in Myers)  (22 cell polys, area check ✓)
  ctrnact-star-k7-n1393  k=7  3.6.6*  ★ CANDIDATE (not in Myers)  (20 cell polys, area check ✓)
  ctrnact-star-k7-n1394  k=7  3.6.6*  ★ CANDIDATE (not in Myers)  (22 cell polys, area check ✓)
  ctrnact-star-k7-n1395  k=7  3.6.6*  ★ CANDIDATE (not in Myers)  (20 cell polys, area check ✓)
  ctrnact-star-k7-n1396  k=7  3.6.6*  ★ CANDIDATE (not in Myers)  (15 cell polys, area check ✓)
  ctrnact-star-k7-n1397  k=7  3.6.6*  ★ CANDIDATE (not in Myers)  (15 cell polys, area check ✓)
  ctrnact-star-k7-n1398  k=7  3.6.6*  ★ CANDIDATE (not in Myers)  (17 cell polys, area check ✓)
  ctrnact-star-k7-n1399  k=7  3.6.6*  ★ CANDIDATE (not in Myers)  (22 cell polys, area check ✓)
  ctrnact-star-k7-n1400  k=7  3.6.6*  ★ CANDIDATE (not in Myers)  (28 cell polys, area check ✓)
  ctrnact-star-k7-n1401  k=7  3.6.6*  ★ CANDIDATE (not in Myers)  (28 cell polys, area check ✓)
  ctrnact-star-k7-n1402  k=7  3.6.6*  ★ CANDIDATE (not in Myers)  (28 cell polys, area check ✓)
  ctrnact-star-k7-n1403  k=7  3.6.6*  ★ CANDIDATE (not in Myers)  (28 cell polys, area check ✓)
  ctrnact-star-k7-n1404  k=7  3.6.6*  ★ CANDIDATE (not in Myers)  (35 cell polys, area check ✓)
  ctrnact-star-k7-n1405  k=7  3.6.6*  ★ CANDIDATE (not in Myers)  (20 cell polys, area check ✓)
  ctrnact-star-k7-n1406  k=7  3.6.6*  ★ CANDIDATE (not in Myers)  (20 cell polys, area check ✓)
  ctrnact-star-k7-n1407  k=7  3.6.6*  ★ CANDIDATE (not in Myers)  (20 cell polys, area check ✓)
  ctrnact-star-k7-n1408  k=7  3.6.6*  ★ CANDIDATE (not in Myers)  (22 cell polys, area check ✓)
  ctrnact-star-k7-n1409  k=7  3.6.6*  ★ CANDIDATE (not in Myers)  (22 cell polys, area check ✓)
  ctrnact-star-k7-n1410  k=7  3.6.6*  ★ CANDIDATE (not in Myers)  (19 cell polys, area check ✓)
  ctrnact-star-k7-n1411  k=7  3.6.6*  ★ CANDIDATE (not in Myers)  (19 cell polys, area check ✓)
  ctrnact-star-k7-n1412  k=7  3.6.6*  ★ CANDIDATE (not in Myers)  (22 cell polys, area check ✓)
  ctrnact-star-k7-n1413  k=7  3.6.6*  ★ CANDIDATE (not in Myers)  (19 cell polys, area check ✓)
  ctrnact-star-k7-n1414  k=7  3.6.6*  ★ CANDIDATE (not in Myers)  (24 cell polys, area check ✓)
  ctrnact-star-k7-n1415  k=7  3.6.6*  ★ CANDIDATE (not in Myers)  (13 cell polys, area check ✓)
  ctrnact-star-k7-n1416  k=7  3.6.6*  ★ CANDIDATE (not in Myers)  (54 cell polys, area check ✓)
  ctrnact-star-k7-n1417  k=7  3.6.6*  ★ CANDIDATE (not in Myers)  (49 cell polys, area check ✓)
  ctrnact-star-k7-n1418  k=7  3.6.6*  ★ CANDIDATE (not in Myers)  (58 cell polys, area check ✓)
  ctrnact-star-k7-n1419  k=7  3.6.6*  ★ CANDIDATE (not in Myers)  (63 cell polys, area check ✓)
  ctrnact-star-k7-n1420  k=7  3.6.6*  ★ CANDIDATE (not in Myers)  (57 cell polys, area check ✓)
  ctrnact-star-k7-n1421  k=7  3.6.6*  ★ CANDIDATE (not in Myers)  (63 cell polys, area check ✓)
  ctrnact-star-k7-n1422  k=7  3.6.6*  ★ CANDIDATE (not in Myers)  (57 cell polys, area check ✓)
  ctrnact-star-k7-n1423  k=7  3.6.6*  ★ CANDIDATE (not in Myers)  (55 cell polys, area check ✓)
  ctrnact-star-k7-n1424  k=7  3.6.6*  ★ CANDIDATE (not in Myers)  (45 cell polys, area check ✓)
  ctrnact-star-k7-n1425  k=7  3.6.6*  ★ CANDIDATE (not in Myers)  (23 cell polys, area check ✓)
  ctrnact-star-k7-n1426  k=7  3.6.6*  ★ CANDIDATE (not in Myers)  (23 cell polys, area check ✓)
  ctrnact-star-k7-n1427  k=7  3.6.6*  ★ CANDIDATE (not in Myers)  (54 cell polys, area check ✓)
  ctrnact-star-k7-n1428  k=7  3.6.6*  ★ CANDIDATE (not in Myers)  (33 cell polys, area check ✓)
  ctrnact-star-k7-n1429  k=7  3.6.6*  ★ CANDIDATE (not in Myers)  (45 cell polys, area check ✓)
  ctrnact-star-k7-n1430  k=7  3.6.6*  ★ CANDIDATE (not in Myers)  (15 cell polys, area check ✓)
  ctrnact-star-k7-n1431  k=7  3.6.6*  ★ CANDIDATE (not in Myers)  (15 cell polys, area check ✓)
  ctrnact-star-k7-n1432  k=7  3.6.6*  ★ CANDIDATE (not in Myers)  (17 cell polys, area check ✓)
  ctrnact-star-k7-n1433  k=7  3.6.6*  ★ CANDIDATE (not in Myers)  (17 cell polys, area check ✓)
  ctrnact-star-k7-n1434  k=7  3.6.6*  ★ CANDIDATE (not in Myers)  (22 cell polys, area check ✓)
  ctrnact-star-k7-n1435  k=7  3.6.6*  ★ CANDIDATE (not in Myers)  (19 cell polys, area check ✓)
  ctrnact-star-k7-n1436  k=7  3.6.6*  ★ CANDIDATE (not in Myers)  (19 cell polys, area check ✓)
  ctrnact-star-k7-n1437  k=7  3.6.6*  ★ CANDIDATE (not in Myers)  (18 cell polys, area check ✓)
  ctrnact-star-k7-n1438  k=7  3.6.6*  ★ CANDIDATE (not in Myers)  (63 cell polys, area check ✓)
  ctrnact-star-k7-n1439  k=7  3.6.6*  ★ CANDIDATE (not in Myers)  (57 cell polys, area check ✓)
  ctrnact-star-k7-n1440  k=7  3.6.6*  ★ CANDIDATE (not in Myers)  (11 cell polys, area check ✓)
  ctrnact-star-k7-n1441  k=7  3.6.6*  ★ CANDIDATE (not in Myers)  (47 cell polys, area check ✓)
  ctrnact-star-k7-n1442  k=7  3.6.6*  ★ CANDIDATE (not in Myers)  (22 cell polys, area check ✓)
  ctrnact-star-k7-n1443  k=7  3.6.6*  ★ CANDIDATE (not in Myers)  (21 cell polys, area check ✓)
  ctrnact-star-k7-n1444  k=7  3.6.6*  ★ CANDIDATE (not in Myers)  (29 cell polys, area check ✓)
  ctrnact-star-k7-n1445  k=7  3.6.6*  ★ CANDIDATE (not in Myers)  (32 cell polys, area check ✓)
  ctrnact-star-k7-n1446  k=7  3.6.6*  ★ CANDIDATE (not in Myers)  (27 cell polys, area check ✓)
  ctrnact-star-k7-n1447  k=7  3.6.6*  ★ CANDIDATE (not in Myers)  (65 cell polys, area check ✓)
  ctrnact-star-k7-n1448  k=7  3.6.6*  ★ CANDIDATE (not in Myers)  (22 cell polys, area check ✓)
  ctrnact-star-k7-n1449  k=7  3.6.6*  ★ CANDIDATE (not in Myers)  (28 cell polys, area check ✓)
  ctrnact-star-k7-n1450  k=7  3.6.6*  ★ CANDIDATE (not in Myers)  (63 cell polys, area check ✓)
  ctrnact-star-k7-n1451  k=7  3.6.6*  ★ CANDIDATE (not in Myers)  (20 cell polys, area check ✓)
  ctrnact-star-k7-n1452  k=7  3.6.6*  ★ CANDIDATE (not in Myers)  (30 cell polys, area check ✓)
  ctrnact-star-k7-n1453  k=7  3.6.6*  ★ CANDIDATE (not in Myers)  (30 cell polys, area check ✓)
  ctrnact-star-k7-n1454  k=7  3.6.6*  ★ CANDIDATE (not in Myers)  (30 cell polys, area check ✓)
  ctrnact-star-k7-n1455  k=7  3.6.6*  ★ CANDIDATE (not in Myers)  (28 cell polys, area check ✓)
  ctrnact-star-k7-n1456  k=7  3.6.6*  ★ CANDIDATE (not in Myers)  (33 cell polys, area check ✓)
  ctrnact-star-k7-n1457  k=7  3.6.6*  ★ CANDIDATE (not in Myers)  (28 cell polys, area check ✓)
  ctrnact-star-k7-n1458  k=7  3.6.6*  ★ CANDIDATE (not in Myers)  (27 cell polys, area check ✓)
  ctrnact-star-k7-n1459  k=7  3.6.6*  ★ CANDIDATE (not in Myers)  (46 cell polys, area check ✓)
  ctrnact-star-k7-n1460  k=7  3.6.6*  ★ CANDIDATE (not in Myers)  (28 cell polys, area check ✓)
  ctrnact-star-k7-n1461  k=7  3.6.6*  ★ CANDIDATE (not in Myers)  (28 cell polys, area check ✓)
  ctrnact-star-k7-n1462  k=7  3.6.6*  ★ CANDIDATE (not in Myers)  (14 cell polys, area check ✓)
  ctrnact-star-k7-n1463  k=7  3.6.6*  ★ CANDIDATE (not in Myers)  (45 cell polys, area check ✓)
  ctrnact-star-k7-n1464  k=7  3.6.6*  ★ CANDIDATE (not in Myers)  (23 cell polys, area check ✓)
  ctrnact-star-k7-n1465  k=7  3.6.6*  ★ CANDIDATE (not in Myers)  (39 cell polys, area check ✓)
  ctrnact-star-k7-n1466  k=7  3.6.6*  ★ CANDIDATE (not in Myers)  (24 cell polys, area check ✓)
  ctrnact-star-k7-n1467  k=7  3.6.6*  ★ CANDIDATE (not in Myers)  (22 cell polys, area check ✓)
  ctrnact-star-k7-n1468  k=7  3.6.6*  ★ CANDIDATE (not in Myers)  (28 cell polys, area check ✓)
  ctrnact-star-k7-n1469  k=7  3.6.6*  ★ CANDIDATE (not in Myers)  (34 cell polys, area check ✓)
  ctrnact-star-k7-n1470  k=7  3.6.6*  ★ CANDIDATE (not in Myers)  (44 cell polys, area check ✓)
  ctrnact-star-k7-n1471  k=7  3.6.6*  ★ CANDIDATE (not in Myers)  (54 cell polys, area check ✓)
  ctrnact-star-k7-n1472  k=7  3.6.6*  ★ CANDIDATE (not in Myers)  (65 cell polys, area check ✓)
  ctrnact-star-k7-n1473  k=7  3.6.6*  ★ CANDIDATE (not in Myers)  (48 cell polys, area check ✓)
  ctrnact-star-k7-n1474  k=7  3.6.6*  ★ CANDIDATE (not in Myers)  (45 cell polys, area check ✓)
  ctrnact-star-k7-n1475  k=7  3.6.6*  ★ CANDIDATE (not in Myers)  (19 cell polys, area check ✓)
  ctrnact-star-k7-n1476  k=7  3.6.6*  ★ CANDIDATE (not in Myers)  (14 cell polys, area check ✓)
  ctrnact-star-k7-n1477  k=7  3.6.6*  ★ CANDIDATE (not in Myers)  (45 cell polys, area check ✓)
  ctrnact-star-k7-n1478  k=7  3.6.6*  ★ CANDIDATE (not in Myers)  (18 cell polys, area check ✓)
  ctrnact-star-k7-n1479  k=7  3.6.6*  ★ CANDIDATE (not in Myers)  (18 cell polys, area check ✓)
  ctrnact-star-k7-n1480  k=7  3.6.6*  ★ CANDIDATE (not in Myers)  (17 cell polys, area check ✓)
  ctrnact-star-k7-n1481  k=7  3.6.6*  ★ CANDIDATE (not in Myers)  (23 cell polys, area check ✓)
  ctrnact-star-k7-n1482  k=7  3.6.6*  ★ CANDIDATE (not in Myers)  (18 cell polys, area check ✓)
  ctrnact-star-k7-n1483  k=7  3.6.6*  ★ CANDIDATE (not in Myers)  (22 cell polys, area check ✓)
  ctrnact-star-k7-n1484  k=7  3.6.6*  ★ CANDIDATE (not in Myers)  (22 cell polys, area check ✓)
  ctrnact-star-k7-n1485  k=7  3.6.6*  ★ CANDIDATE (not in Myers)  (28 cell polys, area check ✓)
  ctrnact-star-k7-n1486  k=7  3.6.6*  ★ CANDIDATE (not in Myers)  (22 cell polys, area check ✓)
  ctrnact-star-k7-n1487  k=7  3.6.6*  ★ CANDIDATE (not in Myers)  (30 cell polys, area check ✓)
  ctrnact-star-k7-n1488  k=7  3.6.6*  ★ CANDIDATE (not in Myers)  (22 cell polys, area check ✓)
  ctrnact-star-k7-n1489  k=7  3.6.6*  ★ CANDIDATE (not in Myers)  (21 cell polys, area check ✓)
  ctrnact-star-k7-n1490  k=7  3.6.6*  ★ CANDIDATE (not in Myers)  (17 cell polys, area check ✓)
  ctrnact-star-k7-n1491  k=7  3.6.6*  ★ CANDIDATE (not in Myers)  (22 cell polys, area check ✓)
  ctrnact-star-k7-n1492  k=7  3.6.6*  ★ CANDIDATE (not in Myers)  (22 cell polys, area check ✓)
  ctrnact-star-k7-n1493  k=7  3.6.6*  ★ CANDIDATE (not in Myers)  (26 cell polys, area check ✓)
  ctrnact-star-k7-n1494  k=7  3.6.6*  ★ CANDIDATE (not in Myers)  (12 cell polys, area check ✓)
  ctrnact-star-k7-n1495  k=7  3.6.6*  ★ CANDIDATE (not in Myers)  (13 cell polys, area check ✓)
  ctrnact-star-k7-n1496  k=7  3.6.6*  ★ CANDIDATE (not in Myers)  (13 cell polys, area check ✓)
  ctrnact-star-k7-n1497  k=7  3.6.6*  ★ CANDIDATE (not in Myers)  (37 cell polys, area check ✓)
  ctrnact-star-k7-n1498  k=7  3.6.6*  ★ CANDIDATE (not in Myers)  (33 cell polys, area check ✓)
  ctrnact-star-k7-n1499  k=7  3.6.6*  ★ CANDIDATE (not in Myers)  (42 cell polys, area check ✓)
  ctrnact-star-k7-n1500  k=7  3.6.6*  ★ CANDIDATE (not in Myers)  (45 cell polys, area check ✓)
  ctrnact-star-k7-n1501  k=7  3.6.6*  ★ CANDIDATE (not in Myers)  (43 cell polys, area check ✓)
  ctrnact-star-k7-n1502  k=7  3.6.6*  ★ CANDIDATE (not in Myers)  (15 cell polys, area check ✓)
  ctrnact-star-k7-n1503  k=7  3.6.6*  ★ CANDIDATE (not in Myers)  (43 cell polys, area check ✓)
  ctrnact-star-k7-n1504  k=7  3.6.6*  ★ CANDIDATE (not in Myers)  (51 cell polys, area check ✓)
  ctrnact-star-k7-n1505  k=7  3.6.6*  ★ CANDIDATE (not in Myers)  (32 cell polys, area check ✓)
  ctrnact-star-k7-n1506  k=7  3.6.6*  ★ CANDIDATE (not in Myers)  (51 cell polys, area check ✓)
  ctrnact-star-k7-n1507  k=7  3.6.6*  ★ CANDIDATE (not in Myers)  (14 cell polys, area check ✓)
  ctrnact-star-k7-n1508  k=7  3.6.6*  ★ CANDIDATE (not in Myers)  (14 cell polys, area check ✓)
  ctrnact-star-k7-n1509  k=7  3.6.6*  ★ CANDIDATE (not in Myers)  (28 cell polys, area check ✓)
  ctrnact-star-k7-n1510  k=7  3.6.6*  ★ CANDIDATE (not in Myers)  (28 cell polys, area check ✓)
  ctrnact-star-k7-n1511  k=7  3.6.6*  ★ CANDIDATE (not in Myers)  (22 cell polys, area check ✓)
  ctrnact-star-k7-n1512  k=7  3.6.6*  ★ CANDIDATE (not in Myers)  (63 cell polys, area check ✓)
  ctrnact-star-k7-n1513  k=7  3.6.6*  ★ CANDIDATE (not in Myers)  (63 cell polys, area check ✓)
  ctrnact-star-k7-n1514  k=7  3.6.6*  ★ CANDIDATE (not in Myers)  (51 cell polys, area check ✓)
  ctrnact-star-k7-n1515  k=7  3.6.6*  ★ CANDIDATE (not in Myers)  (18 cell polys, area check ✓)
  ctrnact-star-k7-n1516  k=7  3.6.6*  ★ CANDIDATE (not in Myers)  (14 cell polys, area check ✓)
  ctrnact-star-k7-n1517  k=7  3.6.6*  ★ CANDIDATE (not in Myers)  (14 cell polys, area check ✓)
  ctrnact-star-k7-n1518  k=7  3.6.6*  ★ CANDIDATE (not in Myers)  (32 cell polys, area check ✓)
  ctrnact-star-k7-n1519  k=7  3.6.6*  ★ CANDIDATE (not in Myers)  (14 cell polys, area check ✓)
  ctrnact-star-k7-n1520  k=7  3.6.6*  ★ CANDIDATE (not in Myers)  (20 cell polys, area check ✓)
  ctrnact-star-k7-n1521  k=7  3.6.6*  ★ CANDIDATE (not in Myers)  (39 cell polys, area check ✓)
  ctrnact-star-k7-n1522  k=7  3.6.6*  ★ CANDIDATE (not in Myers)  (20 cell polys, area check ✓)
  ctrnact-star-k7-n1523  k=7  3.6.6*  ★ CANDIDATE (not in Myers)  (11 cell polys, area check ✓)
  ctrnact-star-k7-n1524  k=7  3.6.6*  ★ CANDIDATE (not in Myers)  (22 cell polys, area check ✓)
  ctrnact-star-k7-n1525  k=7  3.6.6*  ★ CANDIDATE (not in Myers)  (14 cell polys, area check ✓)
  ctrnact-star-k7-n1526  k=7  3.6.6*  ★ CANDIDATE (not in Myers)  (28 cell polys, area check ✓)
  ctrnact-star-k7-n1527  k=7  3.6.6*  ★ CANDIDATE (not in Myers)  (28 cell polys, area check ✓)
  ctrnact-star-k7-n1528  k=7  3.6.6*  ★ CANDIDATE (not in Myers)  (14 cell polys, area check ✓)
  ctrnact-star-k7-n1529  k=7  3.6.6*  ★ CANDIDATE (not in Myers)  (44 cell polys, area check ✓)
  ctrnact-star-k7-n1530  k=7  3.6.6*  ★ CANDIDATE (not in Myers)  (57 cell polys, area check ✓)
  ctrnact-star-k7-n1531  k=7  3.6.6*  ★ CANDIDATE (not in Myers)  (51 cell polys, area check ✓)
  ctrnact-star-k7-n1532  k=7  3.6.6*  ★ CANDIDATE (not in Myers)  (17 cell polys, area check ✓)
  ctrnact-star-k7-n1533  k=7  3.6.6*  ★ CANDIDATE (not in Myers)  (15 cell polys, area check ✓)
  ctrnact-star-k7-n1534  k=7  3.6.6*  ★ CANDIDATE (not in Myers)  (13 cell polys, area check ✓)
  ctrnact-star-k7-n1535  k=7  3.6.6*  ★ CANDIDATE (not in Myers)  (26 cell polys, area check ✓)
  ctrnact-star-k7-n1536  k=7  3.6.6*  ★ CANDIDATE (not in Myers)  (24 cell polys, area check ✓)
  ctrnact-star-k7-n1537  k=7  3.6.6*  ★ CANDIDATE (not in Myers)  (12 cell polys, area check ✓)
  ctrnact-star-k7-n1538  k=7  3.6.6*  ★ CANDIDATE (not in Myers)  (45 cell polys, area check ✓)
  ctrnact-star-k7-n1539  k=7  3.6.6*  ★ CANDIDATE (not in Myers)  (41 cell polys, area check ✓)
  ctrnact-star-k7-n1540  k=7  3.6.6*  ★ CANDIDATE (not in Myers)  (22 cell polys, area check ✓)
  ctrnact-star-k7-n1541  k=7  3.6.6*  ★ CANDIDATE (not in Myers)  (22 cell polys, area check ✓)
  ctrnact-star-k7-n1542  k=7  3.6.6*  ★ CANDIDATE (not in Myers)  (27 cell polys, area check ✓)
  ctrnact-star-k7-n1543  k=7  3.6.6*  ★ CANDIDATE (not in Myers)  (16 cell polys, area check ✓)
  ctrnact-star-k7-n1544  k=7  3.6.6*  ★ CANDIDATE (not in Myers)  (12 cell polys, area check ✓)
  ctrnact-star-k7-n1545  k=7  3.6.6*  ★ CANDIDATE (not in Myers)  (19 cell polys, area check ✓)
  ctrnact-star-k7-n1546  k=7  3.6.6*  ★ CANDIDATE (not in Myers)  (21 cell polys, area check ✓)
  ctrnact-star-k7-n1547  k=7  3.6.6*  ★ CANDIDATE (not in Myers)  (45 cell polys, area check ✓)
  ctrnact-star-k7-n1548  k=7  3.6.6*  ★ CANDIDATE (not in Myers)  (39 cell polys, area check ✓)
  ctrnact-star-k7-n1549  k=7  3.6.6*  ★ CANDIDATE (not in Myers)  (36 cell polys, area check ✓)
  ctrnact-star-k7-n1550  k=7  3.6.6*  ★ CANDIDATE (not in Myers)  (16 cell polys, area check ✓)
  ctrnact-star-k7-n1551  k=7  3.6.6*  ★ CANDIDATE (not in Myers)  (15 cell polys, area check ✓)
  ctrnact-star-k7-n1552  k=7  3.6.6*  ★ CANDIDATE (not in Myers)  (14 cell polys, area check ✓)
  ctrnact-star-k7-n1553  k=7  3.6.6*  ★ CANDIDATE (not in Myers)  (30 cell polys, area check ✓)
  ctrnact-star-k7-n1554  k=7  3.6.6*  ★ CANDIDATE (not in Myers)  (15 cell polys, area check ✓)
  ctrnact-star-k7-n1555  k=7  3.6.6*  ★ CANDIDATE (not in Myers)  (17 cell polys, area check ✓)
  ctrnact-star-k7-n1556  k=7  3.6.6*  ★ CANDIDATE (not in Myers)  (35 cell polys, area check ✓)
  ctrnact-star-k7-n1557  k=7  3.6.6*  ★ CANDIDATE (not in Myers)  (15 cell polys, area check ✓)
  ctrnact-star-k7-n1558  k=7  3.6.6*  ★ CANDIDATE (not in Myers)  (57 cell polys, area check ✓)
  ctrnact-star-k7-n1559  k=7  3.6.6*  ★ CANDIDATE (not in Myers)  (51 cell polys, area check ✓)
  ctrnact-star-k7-n1560  k=7  3.6.6*  ★ CANDIDATE (not in Myers)  (15 cell polys, area check ✓)
  ctrnact-star-k7-n1561  k=7  3.6.6*  ★ CANDIDATE (not in Myers)  (15 cell polys, area check ✓)
  ctrnact-star-k7-n1562  k=7  3.6.6*  ★ CANDIDATE (not in Myers)  (17 cell polys, area check ✓)
  ctrnact-star-k7-n1563  k=7  3.6.6*  ★ CANDIDATE (not in Myers)  (11 cell polys, area check ✓)
  ctrnact-star-k7-n1564  k=7  3.6.6*  ★ CANDIDATE (not in Myers)  (29 cell polys, area check ✓)
  ctrnact-star-k7-n1565  k=7  3.6.6*  ★ CANDIDATE (not in Myers)  (27 cell polys, area check ✓)
  ctrnact-star-k7-n1566  k=7  3.6.6*  ★ CANDIDATE (not in Myers)  (33 cell polys, area check ✓)
  ctrnact-star-k7-n1568  k=7  3.3*.6*.8.8*  ★ CANDIDATE (not in Myers)  (34 cell polys, area check ✓)
  ctrnact-star-k7-n1569  k=7  3.3*.6*.8.8*  ★ CANDIDATE (not in Myers)  (26 cell polys, area check ✓)
  ctrnact-star-k7-n1570  k=7  3.3*.6*.8.8*  ★ CANDIDATE (not in Myers)  (42 cell polys, area check ✓)
  ctrnact-star-k7-n1571  k=7  3.3*.6*.8.8*  ★ CANDIDATE (not in Myers)  (48 cell polys, area check ✓)
  ctrnact-star-k7-n1572  k=7  3.4*.8.8*  ★ CANDIDATE (not in Myers)  (26 cell polys, area check ✓)
  ctrnact-star-k7-n1573  k=7  3.4*.8.8*  ★ CANDIDATE (not in Myers)  (30 cell polys, area check ✓)
  ctrnact-star-k7-n1574  k=7  3.4*.8.8*  ★ CANDIDATE (not in Myers)  (28 cell polys, area check ✓)
  ctrnact-star-k7-n1575  k=7  3.4*.8.8*  ★ CANDIDATE (not in Myers)  (30 cell polys, area check ✓)
  ctrnact-star-k7-n1576  k=7  3.4*.8.8*  ★ CANDIDATE (not in Myers)  (58 cell polys, area check ✓)
  ctrnact-star-k7-n1577  k=7  3.4*.8.8*  ★ CANDIDATE (not in Myers)  (40 cell polys, area check ✓)
  ctrnact-star-k7-n1578  k=7  3.4*.8.8*  ★ CANDIDATE (not in Myers)  (44 cell polys, area check ✓)
  ctrnact-star-k7-n1579  k=7  3.4*.8.8*  ★ CANDIDATE (not in Myers)  (50 cell polys, area check ✓)
  ctrnact-star-k7-n1580  k=7  3.4*.8.8*  ★ CANDIDATE (not in Myers)  (28 cell polys, area check ✓)
  ctrnact-star-k7-n1581  k=7  3.4*.8.8*  ★ CANDIDATE (not in Myers)  (32 cell polys, area check ✓)
  ctrnact-star-k7-n1582  k=7  3.4*.8.8*  ★ CANDIDATE (not in Myers)  (30 cell polys, area check ✓)
  ctrnact-star-k7-n1583  k=7  3.4*.8.8*  ★ CANDIDATE (not in Myers)  (32 cell polys, area check ✓)
  ctrnact-star-k7-n1584  k=7  3.4*.8.8*  ★ CANDIDATE (not in Myers)  (64 cell polys, area check ✓)
  ctrnact-star-k7-n1585  k=7  3.4*.8.8*  ★ CANDIDATE (not in Myers)  (32 cell polys, area check ✓)
  ctrnact-star-k7-n1586  k=7  3.4*.8.8*  ★ CANDIDATE (not in Myers)  (18 cell polys, area check ✓)
  ctrnact-star-k7-n1587  k=7  3.4*.8.8*  ★ CANDIDATE (not in Myers)  (24 cell polys, area check ✓)
  ctrnact-star-k7-n1588  k=7  3.4*.8.8*  ★ CANDIDATE (not in Myers)  (20 cell polys, area check ✓)
  ctrnact-star-k7-n1589  k=7  3.4*.8.8*  ★ CANDIDATE (not in Myers)  (28 cell polys, area check ✓)
  ctrnact-star-k7-n1590  k=7  3.4*.8.8*  ★ CANDIDATE (not in Myers)  (28 cell polys, area check ✓)
  ctrnact-star-k7-n1591  k=7  3.4*.8.8*  ★ CANDIDATE (not in Myers)  (32 cell polys, area check ✓)
  ctrnact-star-k7-n1592  k=7  3.4*.8.8*  ★ CANDIDATE (not in Myers)  (42 cell polys, area check ✓)
  ctrnact-star-k7-n1593  k=7  3.3*.4*.12  ★ CANDIDATE (not in Myers)  (19 cell polys, area check ✓)
  ctrnact-star-k7-n1594  k=7  3.3*.4*.12  ★ CANDIDATE (not in Myers)  (17 cell polys, area check ✓)
  ctrnact-star-k7-n1595  k=7  3.3*.4*.12  ★ CANDIDATE (not in Myers)  (24 cell polys, area check ✓)
  ctrnact-star-k7-n1596  k=7  3.3*.4*.6*.12  ★ CANDIDATE (not in Myers)  (66 cell polys, area check ✓)
  ctrnact-star-k7-n1597  k=7  3.3*.12.12*  ★ CANDIDATE (not in Myers)  (60 cell polys, area check ✓)
  ctrnact-star-k7-n1598  k=7  3.3*.12.12*  ★ CANDIDATE (not in Myers)  (24 cell polys, area check ✓)
  ctrnact-star-k7-n1599  k=7  3.3*.12.12*  ★ CANDIDATE (not in Myers)  (72 cell polys, area check ✓)
  ctrnact-star-k7-n1600  k=7  3.3*.12.12*  ★ CANDIDATE (not in Myers)  (24 cell polys, area check ✓)
  ctrnact-star-k7-n1601  k=7  3.4*.12  ★ CANDIDATE (not in Myers)  (9 cell polys, area check ✓)
  ctrnact-star-k7-n1602  k=7  3.4*.12  ★ CANDIDATE (not in Myers)  (10 cell polys, area check ✓)
  ctrnact-star-k7-n1603  k=7  3.4*.12.12*  ★ CANDIDATE (not in Myers)  (22 cell polys, area check ✓)
  ctrnact-star-k7-n1604  k=7  3.4*.12.12*  ★ CANDIDATE (not in Myers)  (31 cell polys, area check ✓)
  ctrnact-star-k7-n1605  k=7  3.4*.12.12*  ★ CANDIDATE (not in Myers)  (32 cell polys, area check ✓)
  ctrnact-star-k7-n1606  k=7  3.4*.12.12*  ★ CANDIDATE (not in Myers)  (34 cell polys, area check ✓)
  ctrnact-star-k7-n1607  k=7  3.4*.12.12*  ★ CANDIDATE (not in Myers)  (30 cell polys, area check ✓)
  ctrnact-star-k7-n1608  k=7  3.4*.12.12*  ★ CANDIDATE (not in Myers)  (52 cell polys, area check ✓)
  ctrnact-star-k7-n1609  k=7  3.4*.12.12*  ★ CANDIDATE (not in Myers)  (24 cell polys, area check ✓)
  ctrnact-star-k7-n1610  k=7  3.4*.12.12*  ★ CANDIDATE (not in Myers)  (32 cell polys, area check ✓)
  ctrnact-star-k7-n1611  k=7  3.4*.12.12*  ★ CANDIDATE (not in Myers)  (76 cell polys, area check ✓)
  ctrnact-star-k7-n1612  k=7  3.4*.12.12*  ★ CANDIDATE (not in Myers)  (20 cell polys, area check ✓)
  ctrnact-star-k7-n1613  k=7  3.4*.12.12*  ★ CANDIDATE (not in Myers)  (29 cell polys, area check ✓)
  ctrnact-star-k7-n1614  k=7  3.4*.12.12*  ★ CANDIDATE (not in Myers)  (30 cell polys, area check ✓)
  ctrnact-star-k7-n1615  k=7  3.4*.12.12*  ★ CANDIDATE (not in Myers)  (44 cell polys, area check ✓)
  ctrnact-star-k7-n1616  k=7  3.4*.12.12*  ★ CANDIDATE (not in Myers)  (22 cell polys, area check ✓)
  ctrnact-star-k7-n1617  k=7  3.4*.12.12*  ★ CANDIDATE (not in Myers)  (32 cell polys, area check ✓)
  ctrnact-star-k7-n1618  k=7  3.12.12*  ★ CANDIDATE (not in Myers)  (108 cell polys, area check ✓)
  ctrnact-star-k7-n1619  k=7  3.12.12*  ★ CANDIDATE (not in Myers)  (168 cell polys, area check ✓)
  ctrnact-star-k7-n1620  k=7  3.12.12*  ★ CANDIDATE (not in Myers)  (48 cell polys, area check ✓)
  ctrnact-star-k7-n1621  k=7  3.12.12*  ★ CANDIDATE (not in Myers)  (108 cell polys, area check ✓)
  ctrnact-star-k7-n1622  k=7  3.12.12*  ★ CANDIDATE (not in Myers)  (60 cell polys, area check ✓)
  ctrnact-star-k7-n1623  k=7  3.12.12*  ★ CANDIDATE (not in Myers)  (120 cell polys, area check ✓)
  ctrnact-star-k7-n1624  k=7  3.12.12*  ★ CANDIDATE (not in Myers)  (72 cell polys, area check ✓)
  ctrnact-star-k7-n1625  k=7  3.12.12*  ★ CANDIDATE (not in Myers)  (24 cell polys, area check ✓)
  ctrnact-star-k7-n1626  k=7  3.12.12*  ★ CANDIDATE (not in Myers)  (156 cell polys, area check ✓)
  ctrnact-star-k7-n1627  k=7  3.12.12*  ★ CANDIDATE (not in Myers)  (144 cell polys, area check ✓)
  ctrnact-star-k7-n1628  k=7  3.12.12*  ★ CANDIDATE (not in Myers)  (96 cell polys, area check ✓)
  ctrnact-star-k7-n1629  k=7  3.12.12*  ★ CANDIDATE (not in Myers)  (48 cell polys, area check ✓)
  ctrnact-star-k7-n1630  k=7  3.12.12*  ★ CANDIDATE (not in Myers)  (33 cell polys, area check ✓)
  ctrnact-star-k7-n1631  k=7  3.12.12*  ★ CANDIDATE (not in Myers)  (93 cell polys, area check ✓)
  ctrnact-star-k7-n1632  k=7  3.12.12*  ★ CANDIDATE (not in Myers)  (120 cell polys, area check ✓)
  ctrnact-star-k7-n1633  k=7  3.12.12*  ★ CANDIDATE (not in Myers)  (96 cell polys, area check ✓)
  ctrnact-star-k7-n1634  k=7  3.12.12*  ★ CANDIDATE (not in Myers)  (96 cell polys, area check ✓)
  ctrnact-star-k7-n1635  k=7  3.12.12*  ★ CANDIDATE (not in Myers)  (132 cell polys, area check ✓)
  ctrnact-star-k7-n1636  k=7  3.12.12*  ★ CANDIDATE (not in Myers)  (120 cell polys, area check ✓)
  ctrnact-star-k7-n1643  k=7  3.3*.4*  ★ CANDIDATE (not in Myers)  (22 cell polys, area check ✓)
  ctrnact-star-k7-n1644  k=7  3.3*.4*  ★ CANDIDATE (not in Myers)  (21 cell polys, area check ✓)
  ctrnact-star-k7-n1645  k=7  3.3*.4*  ★ CANDIDATE (not in Myers)  (41 cell polys, area check ✓)
  ctrnact-star-k7-n1646  k=7  3.3*.4*  ★ CANDIDATE (not in Myers)  (33 cell polys, area check ✓)
  ctrnact-star-k7-n1647  k=7  3.3*.4*.12*  ★ CANDIDATE (not in Myers)  (25 cell polys, area check ✓)
  ctrnact-star-k7-n1650  k=7  3.4*  ★ CANDIDATE (not in Myers)  (15 cell polys, area check ✓)
  ctrnact-star-k7-n1651  k=7  3.4*  ★ CANDIDATE (not in Myers)  (17 cell polys, area check ✓)
  ctrnact-star-k7-n1652  k=7  3.4*  ★ CANDIDATE (not in Myers)  (21 cell polys, area check ✓)
  ctrnact-star-k7-n1653  k=7  3.4*  ★ CANDIDATE (not in Myers)  (23 cell polys, area check ✓)
  ctrnact-star-k7-n1654  k=7  3.4*  ★ CANDIDATE (not in Myers)  (17 cell polys, area check ✓)
  ctrnact-star-k7-n1655  k=7  3.4*  ★ CANDIDATE (not in Myers)  (16 cell polys, area check ✓)
  ctrnact-star-k7-n1656  k=7  3.4*  ★ CANDIDATE (not in Myers)  (20 cell polys, area check ✓)
  ctrnact-star-k7-n1657  k=7  3.4*  ★ CANDIDATE (not in Myers)  (22 cell polys, area check ✓)
  ctrnact-star-k7-n1658  k=7  3.4*  ★ CANDIDATE (not in Myers)  (17 cell polys, area check ✓)
  ctrnact-star-k7-n1659  k=7  3.4*  ★ CANDIDATE (not in Myers)  (20 cell polys, area check ✓)
  ctrnact-star-k7-n1660  k=7  3.4*  ★ CANDIDATE (not in Myers)  (18 cell polys, area check ✓)
  ctrnact-star-k7-n1661  k=7  3.4*  ★ CANDIDATE (not in Myers)  (20 cell polys, area check ✓)
  ctrnact-star-k7-n1662  k=7  3.4*  ★ CANDIDATE (not in Myers)  (20 cell polys, area check ✓)
  ctrnact-star-k7-n1663  k=7  3.4*  ★ CANDIDATE (not in Myers)  (22 cell polys, area check ✓)
  ctrnact-star-k7-n1664  k=7  3.4*  ★ CANDIDATE (not in Myers)  (14 cell polys, area check ✓)
  ctrnact-star-k7-n1665  k=7  3.4*  ★ CANDIDATE (not in Myers)  (19 cell polys, area check ✓)
  ctrnact-star-k7-n1666  k=7  3.4*  ★ CANDIDATE (not in Myers)  (13 cell polys, area check ✓)
  ctrnact-star-k7-n1667  k=7  3.4*  ★ CANDIDATE (not in Myers)  (25 cell polys, area check ✓)
  ctrnact-star-k7-n1668  k=7  3.4*.6*  ★ CANDIDATE (not in Myers)  (15 cell polys, area check ✓)
  ctrnact-star-k7-n1669  k=7  3.4*.6*  ★ CANDIDATE (not in Myers)  (39 cell polys, area check ✓)
  ctrnact-star-k7-n1670  k=7  3.4*.6*.12*  ★ CANDIDATE (not in Myers)  (42 cell polys, area check ✓)
  ctrnact-star-k7-n1671  k=7  3.4*.12*  ★ CANDIDATE (not in Myers)  (43 cell polys, area check ✓)
  ctrnact-star-k7-n1672  k=7  3.4*.12*  ★ CANDIDATE (not in Myers)  (44 cell polys, area check ✓)
  ctrnact-star-k7-n1673  k=7  3.4*.12*  ★ CANDIDATE (not in Myers)  (43 cell polys, area check ✓)
  ctrnact-star-k7-n1674  k=7  3.6*  ★ CANDIDATE (not in Myers)  (18 cell polys, area check ✓)
  ctrnact-star-k7-n1675  k=7  3.6*  ★ CANDIDATE (not in Myers)  (18 cell polys, area check ✓)
  ctrnact-star-k7-n1676  k=7  3.6*  ★ CANDIDATE (not in Myers)  (87 cell polys, area check ✓)
  ctrnact-star-k7-n1677  k=7  3.6*  ★ CANDIDATE (not in Myers)  (21 cell polys, area check ✓)
  ctrnact-star-k7-n1678  k=7  3.6*  ★ CANDIDATE (not in Myers)  (20 cell polys, area check ✓)
  ctrnact-star-k7-n1679  k=7  3.6*  ★ CANDIDATE (not in Myers)  (31 cell polys, area check ✓)
  ctrnact-star-k7-n1680  k=7  3.6*  ★ CANDIDATE (not in Myers)  (26 cell polys, area check ✓)
  ctrnact-star-k7-n1681  k=7  3.6*  ★ CANDIDATE (not in Myers)  (26 cell polys, area check ✓)
  ctrnact-star-k7-n1682  k=7  3.6*  ★ CANDIDATE (not in Myers)  (25 cell polys, area check ✓)
  ctrnact-star-k7-n1683  k=7  3.6*  ★ CANDIDATE (not in Myers)  (31 cell polys, area check ✓)
  ctrnact-star-k7-n1684  k=7  3.6*  ★ CANDIDATE (not in Myers)  (26 cell polys, area check ✓)
  ctrnact-star-k7-n1685  k=7  3.6*  ★ CANDIDATE (not in Myers)  (26 cell polys, area check ✓)
  ctrnact-star-k7-n1686  k=7  3.6*  ★ CANDIDATE (not in Myers)  (17 cell polys, area check ✓)
  ctrnact-star-k7-n1687  k=7  3.6*  ★ CANDIDATE (not in Myers)  (19 cell polys, area check ✓)
  ctrnact-star-k7-n1688  k=7  3.6*  ★ CANDIDATE (not in Myers)  (8 cell polys, area check ✓)
  ctrnact-star-k7-n1689  k=7  3.6*  ★ CANDIDATE (not in Myers)  (16 cell polys, area check ✓)
  ctrnact-star-k7-n1690  k=7  3.6*  ★ CANDIDATE (not in Myers)  (10 cell polys, area check ✓)
  ctrnact-star-k7-n1691  k=7  3.6*  ★ CANDIDATE (not in Myers)  (26 cell polys, area check ✓)
  ctrnact-star-k7-n1692  k=7  3.6*  ★ CANDIDATE (not in Myers)  (17 cell polys, area check ✓)
  ctrnact-star-k7-n1693  k=7  3.6*  ★ CANDIDATE (not in Myers)  (34 cell polys, area check ✓)
  ctrnact-star-k7-n1694  k=7  3.6*  ★ CANDIDATE (not in Myers)  (56 cell polys, area check ✓)
  ctrnact-star-k7-n1695  k=7  3.6*  ★ CANDIDATE (not in Myers)  (67 cell polys, area check ✓)
  ctrnact-star-k7-n1696  k=7  3.6*  ★ CANDIDATE (not in Myers)  (75 cell polys, area check ✓)
  ctrnact-star-k7-n1697  k=7  3.6*  ★ CANDIDATE (not in Myers)  (19 cell polys, area check ✓)
  ctrnact-star-k7-n1698  k=7  3.6*  ★ CANDIDATE (not in Myers)  (20 cell polys, area check ✓)
  ctrnact-star-k7-n1699  k=7  3.12*  ★ CANDIDATE (not in Myers)  (36 cell polys, area check ✓)
  ctrnact-star-k7-n1700  k=7  3.12*  ★ CANDIDATE (not in Myers)  (132 cell polys, area check ✓)
  ctrnact-star-k7-n1701  k=7  3.12*  ★ CANDIDATE (not in Myers)  (108 cell polys, area check ✓)
  ctrnact-star-k7-n1702  k=7  3.12*  ★ CANDIDATE (not in Myers)  (156 cell polys, area check ✓)
  ctrnact-star-k7-n1703  k=7  3.12*  ★ CANDIDATE (not in Myers)  (81 cell polys, area check ✓)
  ctrnact-star-k7-n1708  k=7  4.8.8*  ★ CANDIDATE (not in Myers)  (20 cell polys, area check ✓)
  ctrnact-star-k7-n1709  k=7  4.6*  ★ CANDIDATE (not in Myers)  (30 cell polys, area check ✓)
  ctrnact-star-k7-n1710  k=7  4.6*  ★ CANDIDATE (not in Myers)  (34 cell polys, area check ✓)
  ctrnact-star-k7-n1711  k=7  4.6*  ★ CANDIDATE (not in Myers)  (34 cell polys, area check ✓)
  ctrnact-star-k7-n1712  k=7  4.6*  ★ CANDIDATE (not in Myers)  (34 cell polys, area check ✓)
  ctrnact-star-k7-n1713  k=7  4.6*  ★ CANDIDATE (not in Myers)  (42 cell polys, area check ✓)
  ctrnact-star-k7-n1714  k=7  4.6*  ★ CANDIDATE (not in Myers)  (46 cell polys, area check ✓)
  ctrnact-star-k7-n1715  k=7  4.6*  ★ CANDIDATE (not in Myers)  (58 cell polys, area check ✓)
  ctrnact-star-k7-n1716  k=7  4.6*  ★ CANDIDATE (not in Myers)  (64 cell polys, area check ✓)
  ctrnact-star-k7-n1717  k=7  4.6*  ★ CANDIDATE (not in Myers)  (28 cell polys, area check ✓)
  ctrnact-star-k7-n1718  k=7  4.6*  ★ CANDIDATE (not in Myers)  (32 cell polys, area check ✓)
  ctrnact-star-k7-n1719  k=7  4.6*  ★ CANDIDATE (not in Myers)  (40 cell polys, area check ✓)
  ctrnact-star-k7-n1720  k=7  4.6*  ★ CANDIDATE (not in Myers)  (44 cell polys, area check ✓)
  ctrnact-star-k7-n1721  k=7  4.6*  ★ CANDIDATE (not in Myers)  (36 cell polys, area check ✓)
  ctrnact-star-k7-n1722  k=7  4.6*  ★ CANDIDATE (not in Myers)  (40 cell polys, area check ✓)
  ctrnact-star-k7-n1723  k=7  4.6*  ★ CANDIDATE (not in Myers)  (40 cell polys, area check ✓)
  ctrnact-star-k7-n1724  k=7  4.6*  ★ CANDIDATE (not in Myers)  (44 cell polys, area check ✓)
  ctrnact-star-k7-n1725  k=7  4.6*  ★ CANDIDATE (not in Myers)  (40 cell polys, area check ✓)
  ctrnact-star-k7-n1726  k=7  4.6*  ★ CANDIDATE (not in Myers)  (94 cell polys, area check ✓)
  ctrnact-star-k7-n1727  k=7  4.6*  ★ CANDIDATE (not in Myers)  (48 cell polys, area check ✓)
  ctrnact-star-k7-n1728  k=7  4.6*  ★ CANDIDATE (not in Myers)  (72 cell polys, area check ✓)
  ctrnact-star-k7-n1729  k=7  4.6*  ★ CANDIDATE (not in Myers)  (70 cell polys, area check ✓)
  ctrnact-star-k7-n1730  k=7  4.6*  ★ CANDIDATE (not in Myers)  (78 cell polys, area check ✓)
  ctrnact-star-k7-n1731  k=7  4.8*  ★ CANDIDATE (not in Myers)  (20 cell polys, area check ✓)
  ctrnact-star-k7-n1732  k=7  4.8*  ★ CANDIDATE (not in Myers)  (27 cell polys, area check ✓)
  ctrnact-star-k8-01  k=8  3.3*.4.6.12  ★ CANDIDATE (not in Myers)  (33 cell polys, area check ✓)
  ctrnact-star-k8-02  k=8  3.3*.4.6.12  ★ CANDIDATE (not in Myers)  (26 cell polys, area check ✓)
  ctrnact-star-k8-03  k=8  3.3*.4.6.12  ★ CANDIDATE (not in Myers)  (48 cell polys, area check ✓)
  ctrnact-star-k8-04  k=8  3.3*.4.6.12  ★ CANDIDATE (not in Myers)  (21 cell polys, area check ✓)
  ctrnact-star-k8-05  k=8  3.3*.4.6.12  ★ CANDIDATE (not in Myers)  (27 cell polys, area check ✓)
  ctrnact-star-k8-06  k=8  3.3*.4.6.12  ★ CANDIDATE (not in Myers)  (39 cell polys, area check ✓)
  ctrnact-star-k8-07  k=8  3.3*.4.6.12  ★ CANDIDATE (not in Myers)  (42 cell polys, area check ✓)
  ctrnact-star-k8-08  k=8  3.3*.4.6.12  ★ CANDIDATE (not in Myers)  (48 cell polys, area check ✓)
  ctrnact-star-k8-09  k=8  3.3*.4.6.12  ★ CANDIDATE (not in Myers)  (78 cell polys, area check ✓)
  ctrnact-star-k8-10  k=8  3.3*.4.6.12  ★ CANDIDATE (not in Myers)  (45 cell polys, area check ✓)
  ctrnact-star-k8-11  k=8  3.3*.4.4*.6.12  ★ CANDIDATE (not in Myers)  (24 cell polys, area check ✓)
  ctrnact-star-k8-12  k=8  3.3*.4.4*.6.12  ★ CANDIDATE (not in Myers)  (24 cell polys, area check ✓)
  ctrnact-star-k8-13  k=8  3.3*.4.4*.6.12  ★ CANDIDATE (not in Myers)  (48 cell polys, area check ✓)
  ctrnact-star-k8-14  k=8  3.3*.4.4*.6.12  ★ CANDIDATE (not in Myers)  (66 cell polys, area check ✓)
  ctrnact-star-k8-15  k=8  3.3*.4.6.12.12*  ★ CANDIDATE (not in Myers)  (48 cell polys, area check ✓)
  ctrnact-star-k8-16  k=8  3.4.4*.6.12  ★ CANDIDATE (not in Myers)  (65 cell polys, area check ✓)
  ctrnact-star-k8-17  k=8  3.4.4*.6.12  ★ CANDIDATE (not in Myers)  (72 cell polys, area check ✓)
  ctrnact-star-k8-18  k=8  3.4.4*.6.12  ★ CANDIDATE (not in Myers)  (25 cell polys, area check ✓)
  ctrnact-star-k8-19  k=8  3.4.4*.6.12  ★ CANDIDATE (not in Myers)  (50 cell polys, area check ✓)
  ctrnact-star-k8-20  k=8  3.4.4*.6.12  ★ CANDIDATE (not in Myers)  (90 cell polys, area check ✓)
  ctrnact-star-k8-21  k=8  3.4.4*.6.12  ★ CANDIDATE (not in Myers)  (25 cell polys, area check ✓)
  ctrnact-star-k8-22  k=8  3.4.4*.6.12  ★ CANDIDATE (not in Myers)  (78 cell polys, area check ✓)
  ctrnact-star-k8-23  k=8  3.4.4*.6.12  ★ CANDIDATE (not in Myers)  (25 cell polys, area check ✓)
  ctrnact-star-k8-24  k=8  3.4.4*.6.12  ★ CANDIDATE (not in Myers)  (60 cell polys, area check ✓)
  ctrnact-star-k8-25  k=8  3.4.4*.6.12  ★ CANDIDATE (not in Myers)  (75 cell polys, area check ✓)
  ctrnact-star-k8-26  k=8  3.4.4*.6.12  ★ CANDIDATE (not in Myers)  (78 cell polys, area check ✓)
  ctrnact-star-k8-27  k=8  3.4.4*.6.12  ★ CANDIDATE (not in Myers)  (82 cell polys, area check ✓)
  ctrnact-star-k8-28  k=8  3.4.4*.6.12  ★ CANDIDATE (not in Myers)  (87 cell polys, area check ✓)
  ctrnact-star-k8-29  k=8  3.4.4*.6.12  ★ CANDIDATE (not in Myers)  (28 cell polys, area check ✓)
  ctrnact-star-k8-30  k=8  3.4.4*.6.12  ★ CANDIDATE (not in Myers)  (28 cell polys, area check ✓)
  ctrnact-star-k8-31  k=8  3.4.4*.6.12  ★ CANDIDATE (not in Myers)  (28 cell polys, area check ✓)
  ctrnact-star-k8-32  k=8  3.4.4*.6.12  ★ CANDIDATE (not in Myers)  (27 cell polys, area check ✓)
  ctrnact-star-k8-33  k=8  3.4.4*.6.12  ★ CANDIDATE (not in Myers)  (25 cell polys, area check ✓)
  ctrnact-star-k8-34  k=8  3.4.4*.6.12  ★ CANDIDATE (not in Myers)  (20 cell polys, area check ✓)
  ctrnact-star-k8-35  k=8  3.4.4*.6.12  ★ CANDIDATE (not in Myers)  (30 cell polys, area check ✓)
  ctrnact-star-k8-36  k=8  3.4.4*.6.12  ★ CANDIDATE (not in Myers)  (58 cell polys, area check ✓)
  ctrnact-star-k8-37  k=8  3.4.4*.6.12  ★ CANDIDATE (not in Myers)  (78 cell polys, area check ✓)
  ctrnact-star-k8-38  k=8  3.4.4*.6.12  ★ CANDIDATE (not in Myers)  (34 cell polys, area check ✓)
  ctrnact-star-k8-39  k=8  3.4.4*.6.12  ★ CANDIDATE (not in Myers)  (34 cell polys, area check ✓)
  ctrnact-star-k8-40  k=8  3.4.4*.6.6*.12  ★ CANDIDATE (not in Myers)  (84 cell polys, area check ✓)
  ctrnact-star-k8-41  k=8  3.4.4*.6.12.12*  ★ CANDIDATE (not in Myers)  (72 cell polys, area check ✓)
  ctrnact-star-k8-42  k=8  3.4.4*.6.12.12*  ★ CANDIDATE (not in Myers)  (44 cell polys, area check ✓)
  ctrnact-star-k8-43  k=8  3.4.4*.6.12  ★ CANDIDATE (not in Myers)  (20 cell polys, area check ✓)
  ctrnact-star-k8-44  k=8  3.4.4*.6.12  ★ CANDIDATE (not in Myers)  (20 cell polys, area check ✓)
  ctrnact-star-k8-45  k=8  3.4.4*.6.12  ★ CANDIDATE (not in Myers)  (18 cell polys, area check ✓)
  ctrnact-star-k8-46  k=8  3.4.4*.6.12  ★ CANDIDATE (not in Myers)  (18 cell polys, area check ✓)
  ctrnact-star-k8-47  k=8  3.4.4*.6.12  ★ CANDIDATE (not in Myers)  (16 cell polys, area check ✓)
  ctrnact-star-k8-48  k=8  3.4.4*.6.12  ★ CANDIDATE (not in Myers)  (19 cell polys, area check ✓)
  ctrnact-star-k8-49  k=8  3.4.4*.6.12  ★ CANDIDATE (not in Myers)  (49 cell polys, area check ✓)
  ctrnact-star-k8-50  k=8  3.4.4*.6.12  ★ CANDIDATE (not in Myers)  (49 cell polys, area check ✓)
  ctrnact-star-k8-51  k=8  3.4.4*.6.12  ★ CANDIDATE (not in Myers)  (49 cell polys, area check ✓)
  ctrnact-star-k8-52  k=8  3.4.4*.6.12  ★ CANDIDATE (not in Myers)  (49 cell polys, area check ✓)
  ctrnact-star-k8-53  k=8  3.4.4*.6.12  ★ CANDIDATE (not in Myers)  (19 cell polys, area check ✓)
  ctrnact-star-k8-54  k=8  3.4.4*.6.12  ★ CANDIDATE (not in Myers)  (25 cell polys, area check ✓)
  ctrnact-star-k8-55  k=8  3.4.4*.6.12  ★ CANDIDATE (not in Myers)  (28 cell polys, area check ✓)
  ctrnact-star-k8-56  k=8  3.4.4*.6.12  ★ CANDIDATE (not in Myers)  (69 cell polys, area check ✓)
  ctrnact-star-k8-57  k=8  3.4.4*.6.12  ★ CANDIDATE (not in Myers)  (76 cell polys, area check ✓)
  ctrnact-star-k8-58  k=8  3.4.4*.6.12  ★ CANDIDATE (not in Myers)  (59 cell polys, area check ✓)
  ctrnact-star-k8-59  k=8  3.4.4*.6.12  ★ CANDIDATE (not in Myers)  (52 cell polys, area check ✓)
  ctrnact-star-k8-60  k=8  3.4.4*.6.12  ★ CANDIDATE (not in Myers)  (61 cell polys, area check ✓)
  ctrnact-star-k8-61  k=8  3.4.4*.6.12.12*  ★ CANDIDATE (not in Myers)  (66 cell polys, area check ✓)
  ctrnact-star-k8-62  k=8  3.4.4*.6.12.12*  ★ CANDIDATE (not in Myers)  (84 cell polys, area check ✓)
  ctrnact-star-k8-63  k=8  3.4.4*.6.12.12*  ★ CANDIDATE (not in Myers)  (32 cell polys, area check ✓)
  ctrnact-star-k8-64  k=8  3.4.4*.6.12.12*  ★ CANDIDATE (not in Myers)  (32 cell polys, area check ✓)
  ctrnact-star-k8-65  k=8  3.4.4*.6.12.12*  ★ CANDIDATE (not in Myers)  (32 cell polys, area check ✓)
  ctrnact-star-k8-66  k=8  3.4.4*.6.12.12*  ★ CANDIDATE (not in Myers)  (32 cell polys, area check ✓)
  ctrnact-star-k8-67  k=8  3.4.4*.6.12.12*  ★ CANDIDATE (not in Myers)  (32 cell polys, area check ✓)
  ctrnact-star-k8-68  k=8  3.4.4*.6.12.12*  ★ CANDIDATE (not in Myers)  (72 cell polys, area check ✓)
  ctrnact-star-k8-69  k=8  3.4.4*.6.12.12*  ★ CANDIDATE (not in Myers)  (64 cell polys, area check ✓)
  ctrnact-star-k8-70  k=8  3.4.6.6*.12  ★ CANDIDATE (not in Myers)  (96 cell polys, area check ✓)
  ctrnact-star-k8-71  k=8  3.4.6.6*.12  ★ CANDIDATE (not in Myers)  (72 cell polys, area check ✓)
  ctrnact-star-k8-72  k=8  3.4.6.12.12*  ★ CANDIDATE (not in Myers)  (132 cell polys, area check ✓)
  ctrnact-star-k8-73  k=8  3.4.6.12.12*  ★ CANDIDATE (not in Myers)  (123 cell polys, area check ✓)
  ctrnact-star-k8-74  k=8  3.4.6.12.12*  ★ CANDIDATE (not in Myers)  (168 cell polys, area check ✓)
  ctrnact-star-k8-75  k=8  3.4.6.12.12*  ★ CANDIDATE (not in Myers)  (72 cell polys, area check ✓)
  ctrnact-star-k8-76  k=8  3.4.6.12.12*  ★ CANDIDATE (not in Myers)  (63 cell polys, area check ✓)
  ctrnact-star-k8-77  k=8  3.4.6.12.12*  ★ CANDIDATE (not in Myers)  (108 cell polys, area check ✓)
  ctrnact-star-k8-78  k=8  3.4.6.12.12*  ★ CANDIDATE (not in Myers)  (72 cell polys, area check ✓)
  ctrnact-star-k8-79  k=8  3.4.6.12.12*  ★ CANDIDATE (not in Myers)  (72 cell polys, area check ✓)
  ctrnact-star-k8-80  k=8  3.4.6.12.12*  ★ CANDIDATE (not in Myers)  (120 cell polys, area check ✓)
  ctrnact-star-k8-81  k=8  3.4.6.12.12*  ★ CANDIDATE (not in Myers)  (120 cell polys, area check ✓)
  ctrnact-star-k8-82  k=8  3.4.6.12.12*  ★ CANDIDATE (not in Myers)  (84 cell polys, area check ✓)
  ctrnact-star-k8-83  k=8  3.4.6.12.12*  ★ CANDIDATE (not in Myers)  (84 cell polys, area check ✓)
  ctrnact-star-k8-84  k=8  3.4.6.12.12*  ★ CANDIDATE (not in Myers)  (36 cell polys, area check ✓)
  ctrnact-star-k8-85  k=8  3.4.6.12.12*  ★ CANDIDATE (not in Myers)  (156 cell polys, area check ✓)
  ctrnact-star-k8-86  k=8  3.4.6.12.12*  ★ CANDIDATE (not in Myers)  (156 cell polys, area check ✓)
  ctrnact-star-k8-87  k=8  3.4.6.12.12*  ★ CANDIDATE (not in Myers)  (144 cell polys, area check ✓)
  ctrnact-star-k8-88  k=8  3.4.6.12.12*  ★ CANDIDATE (not in Myers)  (144 cell polys, area check ✓)
  ctrnact-star-k8-89  k=8  3.4.6.12.12*  ★ CANDIDATE (not in Myers)  (108 cell polys, area check ✓)
  ctrnact-star-k8-90  k=8  3.4.6.12.12*  ★ CANDIDATE (not in Myers)  (108 cell polys, area check ✓)
  ctrnact-star-k8-91  k=8  3.4.6.12.12*  ★ CANDIDATE (not in Myers)  (96 cell polys, area check ✓)
  ctrnact-star-k8-92  k=8  3.4.6.12.12*  ★ CANDIDATE (not in Myers)  (69 cell polys, area check ✓)
  ctrnact-star-k8-93  k=8  3.4.6.12.12*  ★ CANDIDATE (not in Myers)  (90 cell polys, area check ✓)
  ctrnact-star-k8-94  k=8  3.4.6.12.12*  ★ CANDIDATE (not in Myers)  (84 cell polys, area check ✓)
  ctrnact-star-k8-95  k=8  3.4.6.12.12*  ★ CANDIDATE (not in Myers)  (114 cell polys, area check ✓)
  ctrnact-star-k8-96  k=8  3.4.6.12.12*  ★ CANDIDATE (not in Myers)  (36 cell polys, area check ✓)
  ctrnact-star-k8-97  k=8  3.4.6.12.12*  ★ CANDIDATE (not in Myers)  (114 cell polys, area check ✓)
  ctrnact-star-k8-98  k=8  3.4.6.12.12*  ★ CANDIDATE (not in Myers)  (42 cell polys, area check ✓)
  ctrnact-star-k8-99  k=8  3.4.6.12.12*  ★ CANDIDATE (not in Myers)  (47 cell polys, area check ✓)
  ctrnact-star-k8-100  k=8  3.4.6.12.12*  ★ CANDIDATE (not in Myers)  (129 cell polys, area check ✓)
  ctrnact-star-k8-101  k=8  3.4.6.12.12*  ★ CANDIDATE (not in Myers)  (114 cell polys, area check ✓)
  ctrnact-star-k8-102  k=8  3.4.6.12.12*  ★ CANDIDATE (not in Myers)  (96 cell polys, area check ✓)
  ctrnact-star-k8-103  k=8  3.4.6.12.12*  ★ CANDIDATE (not in Myers)  (72 cell polys, area check ✓)
  ctrnact-star-k8-104  k=8  3.4.6.12.12*  ★ CANDIDATE (not in Myers)  (144 cell polys, area check ✓)
  ctrnact-star-k8-105  k=8  3.4.6.12.12*  ★ CANDIDATE (not in Myers)  (126 cell polys, area check ✓)
  ctrnact-star-k8-106  k=8  3.4.6.12.12*  ★ CANDIDATE (not in Myers)  (90 cell polys, area check ✓)
  ctrnact-star-k8-107  k=8  3.4.6.12.12*  ★ CANDIDATE (not in Myers)  (96 cell polys, area check ✓)
  ctrnact-star-k8-108  k=8  3.4.6.12.12*  ★ CANDIDATE (not in Myers)  (36 cell polys, area check ✓)
  ctrnact-star-k8-109  k=8  3.4.6.12.12*  ★ CANDIDATE (not in Myers)  (120 cell polys, area check ✓)
  ctrnact-star-k8-110  k=8  3.4.6.12.12*  ★ CANDIDATE (not in Myers)  (120 cell polys, area check ✓)
  ctrnact-star-k8-111  k=8  3.4.6.12.12*  ★ CANDIDATE (not in Myers)  (60 cell polys, area check ✓)
  ctrnact-star-k8-112  k=8  3.4.6.12.12*  ★ CANDIDATE (not in Myers)  (75 cell polys, area check ✓)
  ctrnact-star-k8-113  k=8  3.4.6.12.12*  ★ CANDIDATE (not in Myers)  (60 cell polys, area check ✓)
  ctrnact-star-k8-114  k=8  3.4.6.12.12*  ★ CANDIDATE (not in Myers)  (75 cell polys, area check ✓)
  ctrnact-star-k8-115  k=8  3.4.6.12.12*  ★ CANDIDATE (not in Myers)  (63 cell polys, area check ✓)
  ctrnact-star-k8-116  k=8  3.3*.4.6  ★ CANDIDATE (not in Myers)  (45 cell polys, area check ✓)
  ctrnact-star-k8-117  k=8  3.3*.4.6  ★ CANDIDATE (not in Myers)  (57 cell polys, area check ✓)
  ctrnact-star-k8-118  k=8  3.3*.4.6  ★ CANDIDATE (not in Myers)  (48 cell polys, area check ✓)
  ctrnact-star-k8-119  k=8  3.3*.4.6  ★ CANDIDATE (not in Myers)  (63 cell polys, area check ✓)
  ctrnact-star-k8-120  k=8  3.3*.4.6  ★ CANDIDATE (not in Myers)  (48 cell polys, area check ✓)
  ctrnact-star-k8-121  k=8  3.3*.4.6  ★ CANDIDATE (not in Myers)  (45 cell polys, area check ✓)
  ctrnact-star-k8-122  k=8  3.3*.4.6  ★ CANDIDATE (not in Myers)  (45 cell polys, area check ✓)
  ctrnact-star-k8-123  k=8  3.3*.4.6  ★ CANDIDATE (not in Myers)  (14 cell polys, area check ✓)
  ctrnact-star-k8-124  k=8  3.3*.4.6  ★ CANDIDATE (not in Myers)  (13 cell polys, area check ✓)
  ctrnact-star-k8-125  k=8  3.3*.4.6  ★ CANDIDATE (not in Myers)  (30 cell polys, area check ✓)
  ctrnact-star-k8-126  k=8  3.3*.4.6  ★ CANDIDATE (not in Myers)  (54 cell polys, area check ✓)
  ctrnact-star-k8-127  k=8  3.3*.4.6  ★ CANDIDATE (not in Myers)  (15 cell polys, area check ✓)
  ctrnact-star-k8-128  k=8  3.3*.4.6  ★ CANDIDATE (not in Myers)  (30 cell polys, area check ✓)
  ctrnact-star-k8-129  k=8  3.3*.4.6  ★ CANDIDATE (not in Myers)  (30 cell polys, area check ✓)
  ctrnact-star-k8-130  k=8  3.3*.4.6  ★ CANDIDATE (not in Myers)  (39 cell polys, area check ✓)
  ctrnact-star-k8-131  k=8  3.3*.4.6  ★ CANDIDATE (not in Myers)  (32 cell polys, area check ✓)
  ctrnact-star-k8-132  k=8  3.3*.4.6  ★ CANDIDATE (not in Myers)  (16 cell polys, area check ✓)
  ctrnact-star-k8-133  k=8  3.3*.4.6  ★ CANDIDATE (not in Myers)  (27 cell polys, area check ✓)
  ctrnact-star-k8-134  k=8  3.3*.4.6  ★ CANDIDATE (not in Myers)  (16 cell polys, area check ✓)
  ctrnact-star-k8-135  k=8  3.3*.4.6  ★ CANDIDATE (not in Myers)  (32 cell polys, area check ✓)
  ctrnact-star-k8-136  k=8  3.3*.4.6  ★ CANDIDATE (not in Myers)  (54 cell polys, area check ✓)
  ctrnact-star-k8-137  k=8  3.3*.4.6  ★ CANDIDATE (not in Myers)  (30 cell polys, area check ✓)
  ctrnact-star-k8-138  k=8  3.3*.4.6  ★ CANDIDATE (not in Myers)  (15 cell polys, area check ✓)
  ctrnact-star-k8-139  k=8  3.3*.4.6  ★ CANDIDATE (not in Myers)  (16 cell polys, area check ✓)
  ctrnact-star-k8-140  k=8  3.3*.4.6  ★ CANDIDATE (not in Myers)  (32 cell polys, area check ✓)
  ctrnact-star-k8-141  k=8  3.3*.4.6  ★ CANDIDATE (not in Myers)  (32 cell polys, area check ✓)
  ctrnact-star-k8-142  k=8  3.3*.4.6  ★ CANDIDATE (not in Myers)  (16 cell polys, area check ✓)
  ctrnact-star-k8-143  k=8  3.3*.4.6  ★ CANDIDATE (not in Myers)  (45 cell polys, area check ✓)
  ctrnact-star-k8-144  k=8  3.3*.4.6  ★ CANDIDATE (not in Myers)  (45 cell polys, area check ✓)
  ctrnact-star-k8-145  k=8  3.3*.4.6  ★ CANDIDATE (not in Myers)  (57 cell polys, area check ✓)
  ctrnact-star-k8-146  k=8  3.3*.4.6  ★ CANDIDATE (not in Myers)  (30 cell polys, area check ✓)
  ctrnact-star-k8-147  k=8  3.3*.4.6  ★ CANDIDATE (not in Myers)  (57 cell polys, area check ✓)
  ctrnact-star-k8-148  k=8  3.3*.4.6  ★ CANDIDATE (not in Myers)  (45 cell polys, area check ✓)
  ctrnact-star-k8-149  k=8  3.3*.4.6  ★ CANDIDATE (not in Myers)  (45 cell polys, area check ✓)
  ctrnact-star-k8-150  k=8  3.3*.4.6  ★ CANDIDATE (not in Myers)  (45 cell polys, area check ✓)
  ctrnact-star-k8-151  k=8  3.3*.4.6  ★ CANDIDATE (not in Myers)  (39 cell polys, area check ✓)
  ctrnact-star-k8-152  k=8  3.3*.4.6  ★ CANDIDATE (not in Myers)  (23 cell polys, area check ✓)
  ctrnact-star-k8-153  k=8  3.3*.4.6  ★ CANDIDATE (not in Myers)  (30 cell polys, area check ✓)
  ctrnact-star-k8-154  k=8  3.3*.4.6  ★ CANDIDATE (not in Myers)  (15 cell polys, area check ✓)
  ctrnact-star-k8-155  k=8  3.3*.4.6  ★ CANDIDATE (not in Myers)  (57 cell polys, area check ✓)
  ctrnact-star-k8-156  k=8  3.3*.4.6  ★ CANDIDATE (not in Myers)  (63 cell polys, area check ✓)
  ctrnact-star-k8-157  k=8  3.3*.4.6  ★ CANDIDATE (not in Myers)  (48 cell polys, area check ✓)
  ctrnact-star-k8-158  k=8  3.3*.4.6  ★ CANDIDATE (not in Myers)  (57 cell polys, area check ✓)
  ctrnact-star-k8-159  k=8  3.3*.4.6  ★ CANDIDATE (not in Myers)  (27 cell polys, area check ✓)
  ctrnact-star-k8-160  k=8  3.3*.4.6  ★ CANDIDATE (not in Myers)  (48 cell polys, area check ✓)
  ctrnact-star-k8-161  k=8  3.3*.4.6  ★ CANDIDATE (not in Myers)  (60 cell polys, area check ✓)
  ctrnact-star-k8-162  k=8  3.3*.4.6  ★ CANDIDATE (not in Myers)  (57 cell polys, area check ✓)
  ctrnact-star-k8-163  k=8  3.3*.4.6  ★ CANDIDATE (not in Myers)  (57 cell polys, area check ✓)
  ctrnact-star-k8-164  k=8  3.3*.4.6  ★ CANDIDATE (not in Myers)  (45 cell polys, area check ✓)
  ctrnact-star-k8-165  k=8  3.3*.4.6  ★ CANDIDATE (not in Myers)  (57 cell polys, area check ✓)
  ctrnact-star-k8-166  k=8  3.3*.4.6  ★ CANDIDATE (not in Myers)  (63 cell polys, area check ✓)
  ctrnact-star-k8-167  k=8  3.3*.4.6  ★ CANDIDATE (not in Myers)  (60 cell polys, area check ✓)
  ctrnact-star-k8-168  k=8  3.3*.4.6  ★ CANDIDATE (not in Myers)  (60 cell polys, area check ✓)
  ctrnact-star-k8-169  k=8  3.3*.4.6  ★ CANDIDATE (not in Myers)  (57 cell polys, area check ✓)
  ctrnact-star-k8-170  k=8  3.3*.4.4*.6  ★ CANDIDATE (not in Myers)  (27 cell polys, area check ✓)
  ctrnact-star-k8-171  k=8  3.3*.4.4*.6  ★ CANDIDATE (not in Myers)  (23 cell polys, area check ✓)
  ctrnact-star-k8-172  k=8  3.3*.4.4*.6  ★ CANDIDATE (not in Myers)  (54 cell polys, area check ✓)
  ctrnact-star-k8-173  k=8  3.3*.4.4*.6  ★ CANDIDATE (not in Myers)  (27 cell polys, area check ✓)
  ctrnact-star-k8-174  k=8  3.3*.4.4*.6  ★ CANDIDATE (not in Myers)  (58 cell polys, area check ✓)
  ctrnact-star-k8-175  k=8  3.3*.4.4*.6  ★ CANDIDATE (not in Myers)  (58 cell polys, area check ✓)
  ctrnact-star-k8-176  k=8  3.3*.4.4*.6  ★ CANDIDATE (not in Myers)  (14 cell polys, area check ✓)
  ctrnact-star-k8-177  k=8  3.3*.4.4*.6  ★ CANDIDATE (not in Myers)  (28 cell polys, area check ✓)
  ctrnact-star-k8-178  k=8  3.3*.4.4*.6  ★ CANDIDATE (not in Myers)  (14 cell polys, area check ✓)
  ctrnact-star-k8-179  k=8  3.3*.4.4*.6  ★ CANDIDATE (not in Myers)  (25 cell polys, area check ✓)
  ctrnact-star-k8-180  k=8  3.3*.4.4*.6  ★ CANDIDATE (not in Myers)  (42 cell polys, area check ✓)
  ctrnact-star-k8-181  k=8  3.3*.4.4*.6  ★ CANDIDATE (not in Myers)  (25 cell polys, area check ✓)
  ctrnact-star-k8-182  k=8  3.3*.4.4*.6  ★ CANDIDATE (not in Myers)  (18 cell polys, area check ✓)
  ctrnact-star-k8-183  k=8  3.3*.4.4*.6  ★ CANDIDATE (not in Myers)  (17 cell polys, area check ✓)
  ctrnact-star-k8-184  k=8  3.3*.4.4*.6  ★ CANDIDATE (not in Myers)  (16 cell polys, area check ✓)
  ctrnact-star-k8-185  k=8  3.3*.4.4*.6  ★ CANDIDATE (not in Myers)  (13 cell polys, area check ✓)
  ctrnact-star-k8-186  k=8  3.3*.4.4*.6  ★ CANDIDATE (not in Myers)  (22 cell polys, area check ✓)
  ctrnact-star-k8-187  k=8  3.3*.4.4*.6  ★ CANDIDATE (not in Myers)  (13 cell polys, area check ✓)
  ctrnact-star-k8-188  k=8  3.3*.4.4*.6  ★ CANDIDATE (not in Myers)  (26 cell polys, area check ✓)
  ctrnact-star-k8-189  k=8  3.3*.4.4*.6  ★ CANDIDATE (not in Myers)  (28 cell polys, area check ✓)
  ctrnact-star-k8-190  k=8  3.3*.4.4*.6  ★ CANDIDATE (not in Myers)  (14 cell polys, area check ✓)
  ctrnact-star-k8-191  k=8  3.3*.4.4*.6  ★ CANDIDATE (not in Myers)  (28 cell polys, area check ✓)
  ctrnact-star-k8-192  k=8  3.3*.4.4*.6  ★ CANDIDATE (not in Myers)  (26 cell polys, area check ✓)
  ctrnact-star-k8-193  k=8  3.3*.4.4*.6  ★ CANDIDATE (not in Myers)  (12 cell polys, area check ✓)
  ctrnact-star-k8-194  k=8  3.3*.4.4*.6  ★ CANDIDATE (not in Myers)  (25 cell polys, area check ✓)
  ctrnact-star-k8-195  k=8  3.3*.4.4*.6  ★ CANDIDATE (not in Myers)  (53 cell polys, area check ✓)
  ctrnact-star-k8-196  k=8  3.3*.4.4*.6  ★ CANDIDATE (not in Myers)  (36 cell polys, area check ✓)
  ctrnact-star-k8-197  k=8  3.3*.4.4*.6  ★ CANDIDATE (not in Myers)  (26 cell polys, area check ✓)
  ctrnact-star-k8-198  k=8  3.3*.4.4*.6  ★ CANDIDATE (not in Myers)  (42 cell polys, area check ✓)
  ctrnact-star-k8-199  k=8  3.3*.4.4*.6  ★ CANDIDATE (not in Myers)  (16 cell polys, area check ✓)
  ctrnact-star-k8-200  k=8  3.3*.4.4*.6  ★ CANDIDATE (not in Myers)  (19 cell polys, area check ✓)
  ctrnact-star-k8-201  k=8  3.3*.4.4*.6  ★ CANDIDATE (not in Myers)  (12 cell polys, area check ✓)
  ctrnact-star-k8-202  k=8  3.3*.4.4*.6.6*  ★ CANDIDATE (not in Myers)  (40 cell polys, area check ✓)
  ctrnact-star-k8-203  k=8  3.3*.4.4*.6.12*  ★ CANDIDATE (not in Myers)  (32 cell polys, area check ✓)
  ctrnact-star-k8-204  k=8  3.3*.4.4*.6.12*  ★ CANDIDATE (not in Myers)  (78 cell polys, area check ✓)
  ctrnact-star-k8-205  k=8  3.3*.4.4*.6.12*  ★ CANDIDATE (not in Myers)  (33 cell polys, area check ✓)
  ctrnact-star-k8-206  k=8  3.3*.4.4*.6.12*  ★ CANDIDATE (not in Myers)  (60 cell polys, area check ✓)
  ctrnact-star-k8-207  k=8  3.3*.4.4*.6.6*  ★ CANDIDATE (not in Myers)  (34 cell polys, area check ✓)
  ctrnact-star-k8-208  k=8  3.3*.4.6.6*  ★ CANDIDATE (not in Myers)  (45 cell polys, area check ✓)
  ctrnact-star-k8-209  k=8  3.3*.4.6.6*  ★ CANDIDATE (not in Myers)  (57 cell polys, area check ✓)
  ctrnact-star-k8-210  k=8  3.3*.4.6.6*  ★ CANDIDATE (not in Myers)  (57 cell polys, area check ✓)
  ctrnact-star-k8-211  k=8  3.3*.4.6.6*  ★ CANDIDATE (not in Myers)  (57 cell polys, area check ✓)
  ctrnact-star-k8-212  k=8  3.3*.4.6.6*  ★ CANDIDATE (not in Myers)  (57 cell polys, area check ✓)
  ctrnact-star-k8-213  k=8  3.3*.4.6.6*  ★ CANDIDATE (not in Myers)  (45 cell polys, area check ✓)
  ctrnact-star-k8-214  k=8  3.3*.4.6.6*  ★ CANDIDATE (not in Myers)  (39 cell polys, area check ✓)
  ctrnact-star-k8-215  k=8  3.3*.4.6.6*  ★ CANDIDATE (not in Myers)  (30 cell polys, area check ✓)
  ctrnact-star-k8-216  k=8  3.3*.4.6.6*  ★ CANDIDATE (not in Myers)  (42 cell polys, area check ✓)
  ctrnact-star-k8-217  k=8  3.3*.4.6.6*  ★ CANDIDATE (not in Myers)  (54 cell polys, area check ✓)
  ctrnact-star-k8-218  k=8  3.3*.4.6.12*  ★ CANDIDATE (not in Myers)  (36 cell polys, area check ✓)
  ctrnact-star-k8-219  k=8  3.3*.4.6.12*  ★ CANDIDATE (not in Myers)  (38 cell polys, area check ✓)
  ctrnact-star-k8-220  k=8  3.3*.4.6.12*  ★ CANDIDATE (not in Myers)  (36 cell polys, area check ✓)
  ctrnact-star-k8-221  k=8  3.3*.4.6.12*  ★ CANDIDATE (not in Myers)  (90 cell polys, area check ✓)
  ctrnact-star-k8-222  k=8  3.3*.4.6.12*  ★ CANDIDATE (not in Myers)  (45 cell polys, area check ✓)
  ctrnact-star-k8-223  k=8  3.3*.4.6.12*  ★ CANDIDATE (not in Myers)  (45 cell polys, area check ✓)
  ctrnact-star-k8-224  k=8  3.3*.4.6.12*  ★ CANDIDATE (not in Myers)  (57 cell polys, area check ✓)
  ctrnact-star-k8-225  k=8  3.3*.4.6.6*  ★ CANDIDATE (not in Myers)  (45 cell polys, area check ✓)
  ctrnact-star-k8-226  k=8  3.3*.4.6.6*  ★ CANDIDATE (not in Myers)  (39 cell polys, area check ✓)
  ctrnact-star-k8-227  k=8  3.3*.4.6.6*  ★ CANDIDATE (not in Myers)  (45 cell polys, area check ✓)
  ctrnact-star-k8-228  k=8  3.3*.4.6.6*  ★ CANDIDATE (not in Myers)  (45 cell polys, area check ✓)
  ctrnact-star-k8-229  k=8  3.3*.4.6.6*  ★ CANDIDATE (not in Myers)  (45 cell polys, area check ✓)
  ctrnact-star-k8-230  k=8  3.4.4*.6  ★ CANDIDATE (not in Myers)  (56 cell polys, area check ✓)
  ctrnact-star-k8-231  k=8  3.4.4*.6  ★ CANDIDATE (not in Myers)  (46 cell polys, area check ✓)
  ctrnact-star-k8-232  k=8  3.4.4*.6  ★ CANDIDATE (not in Myers)  (37 cell polys, area check ✓)
  ctrnact-star-k8-233  k=8  3.4.4*.6  ★ CANDIDATE (not in Myers)  (50 cell polys, area check ✓)
  ctrnact-star-k8-234  k=8  3.4.4*.6  ★ CANDIDATE (not in Myers)  (30 cell polys, area check ✓)
  ctrnact-star-k8-235  k=8  3.4.4*.6  ★ CANDIDATE (not in Myers)  (29 cell polys, area check ✓)
  ctrnact-star-k8-236  k=8  3.4.4*.6  ★ CANDIDATE (not in Myers)  (30 cell polys, area check ✓)
  ctrnact-star-k8-237  k=8  3.4.4*.6  ★ CANDIDATE (not in Myers)  (29 cell polys, area check ✓)
  ctrnact-star-k8-238  k=8  3.4.4*.6  ★ CANDIDATE (not in Myers)  (28 cell polys, area check ✓)
  ctrnact-star-k8-239  k=8  3.4.4*.6  ★ CANDIDATE (not in Myers)  (28 cell polys, area check ✓)
  ctrnact-star-k8-240  k=8  3.4.4*.6  ★ CANDIDATE (not in Myers)  (28 cell polys, area check ✓)
  ctrnact-star-k8-241  k=8  3.4.4*.6  ★ CANDIDATE (not in Myers)  (30 cell polys, area check ✓)
  ctrnact-star-k8-242  k=8  3.4.4*.6  ★ CANDIDATE (not in Myers)  (32 cell polys, area check ✓)
  ctrnact-star-k8-243  k=8  3.4.4*.6  ★ CANDIDATE (not in Myers)  (31 cell polys, area check ✓)
  ctrnact-star-k8-244  k=8  3.4.4*.6  ★ CANDIDATE (not in Myers)  (30 cell polys, area check ✓)
  ctrnact-star-k8-245  k=8  3.4.4*.6  ★ CANDIDATE (not in Myers)  (34 cell polys, area check ✓)
  ctrnact-star-k8-246  k=8  3.4.4*.6  ★ CANDIDATE (not in Myers)  (28 cell polys, area check ✓)
  ctrnact-star-k8-247  k=8  3.4.4*.6  ★ CANDIDATE (not in Myers)  (28 cell polys, area check ✓)
  ctrnact-star-k8-248  k=8  3.4.4*.6  ★ CANDIDATE (not in Myers)  (30 cell polys, area check ✓)
  ctrnact-star-k8-249  k=8  3.4.4*.6  ★ CANDIDATE (not in Myers)  (32 cell polys, area check ✓)
  ctrnact-star-k8-250  k=8  3.4.4*.6  ★ CANDIDATE (not in Myers)  (31 cell polys, area check ✓)
  ctrnact-star-k8-251  k=8  3.4.4*.6  ★ CANDIDATE (not in Myers)  (30 cell polys, area check ✓)
  ctrnact-star-k8-252  k=8  3.4.4*.6  ★ CANDIDATE (not in Myers)  (28 cell polys, area check ✓)
  ctrnact-star-k8-253  k=8  3.4.4*.6  ★ CANDIDATE (not in Myers)  (24 cell polys, area check ✓)
  ctrnact-star-k8-254  k=8  3.4.4*.6  ★ CANDIDATE (not in Myers)  (25 cell polys, area check ✓)
  ctrnact-star-k8-255  k=8  3.4.4*.6  ★ CANDIDATE (not in Myers)  (26 cell polys, area check ✓)
  ctrnact-star-k8-256  k=8  3.4.4*.6  ★ CANDIDATE (not in Myers)  (25 cell polys, area check ✓)
  ctrnact-star-k8-257  k=8  3.4.4*.6  ★ CANDIDATE (not in Myers)  (30 cell polys, area check ✓)
  ctrnact-star-k8-258  k=8  3.4.4*.6  ★ CANDIDATE (not in Myers)  (30 cell polys, area check ✓)
  ctrnact-star-k8-259  k=8  3.4.4*.6  ★ CANDIDATE (not in Myers)  (28 cell polys, area check ✓)
  ctrnact-star-k8-260  k=8  3.4.4*.6  ★ CANDIDATE (not in Myers)  (30 cell polys, area check ✓)
  ctrnact-star-k8-261  k=8  3.4.4*.6  ★ CANDIDATE (not in Myers)  (26 cell polys, area check ✓)
  ctrnact-star-k8-262  k=8  3.4.4*.6  ★ CANDIDATE (not in Myers)  (28 cell polys, area check ✓)
  ctrnact-star-k8-263  k=8  3.4.4*.6  ★ CANDIDATE (not in Myers)  (28 cell polys, area check ✓)
  ctrnact-star-k8-264  k=8  3.4.4*.6  ★ CANDIDATE (not in Myers)  (27 cell polys, area check ✓)
  ctrnact-star-k8-265  k=8  3.4.4*.6  ★ CANDIDATE (not in Myers)  (30 cell polys, area check ✓)
  ctrnact-star-k8-266  k=8  3.4.4*.6  ★ CANDIDATE (not in Myers)  (30 cell polys, area check ✓)
  ctrnact-star-k8-267  k=8  3.4.4*.6  ★ CANDIDATE (not in Myers)  (32 cell polys, area check ✓)
  ctrnact-star-k8-268  k=8  3.4.4*.6  ★ CANDIDATE (not in Myers)  (34 cell polys, area check ✓)
  ctrnact-star-k8-269  k=8  3.4.4*.6  ★ CANDIDATE (not in Myers)  (33 cell polys, area check ✓)
  ctrnact-star-k8-270  k=8  3.4.4*.6  ★ CANDIDATE (not in Myers)  (32 cell polys, area check ✓)
  ctrnact-star-k8-271  k=8  3.4.4*.6  ★ CANDIDATE (not in Myers)  (30 cell polys, area check ✓)
  ctrnact-star-k8-272  k=8  3.4.4*.6  ★ CANDIDATE (not in Myers)  (26 cell polys, area check ✓)
  ctrnact-star-k8-273  k=8  3.4.4*.6  ★ CANDIDATE (not in Myers)  (27 cell polys, area check ✓)
  ctrnact-star-k8-274  k=8  3.4.4*.6  ★ CANDIDATE (not in Myers)  (32 cell polys, area check ✓)
  ctrnact-star-k8-275  k=8  3.4.4*.6  ★ CANDIDATE (not in Myers)  (31 cell polys, area check ✓)
  ctrnact-star-k8-276  k=8  3.4.4*.6  ★ CANDIDATE (not in Myers)  (31 cell polys, area check ✓)
  ctrnact-star-k8-277  k=8  3.4.4*.6  ★ CANDIDATE (not in Myers)  (32 cell polys, area check ✓)
  ctrnact-star-k8-278  k=8  3.4.4*.6  ★ CANDIDATE (not in Myers)  (30 cell polys, area check ✓)
  ctrnact-star-k8-279  k=8  3.4.4*.6  ★ CANDIDATE (not in Myers)  (26 cell polys, area check ✓)
  ctrnact-star-k8-280  k=8  3.4.4*.6  ★ CANDIDATE (not in Myers)  (25 cell polys, area check ✓)
  ctrnact-star-k8-281  k=8  3.4.4*.6  ★ CANDIDATE (not in Myers)  (30 cell polys, area check ✓)
  ctrnact-star-k8-282  k=8  3.4.4*.6  ★ CANDIDATE (not in Myers)  (30 cell polys, area check ✓)
  ctrnact-star-k8-283  k=8  3.4.4*.6  ★ CANDIDATE (not in Myers)  (30 cell polys, area check ✓)
  ctrnact-star-k8-284  k=8  3.4.4*.6  ★ CANDIDATE (not in Myers)  (26 cell polys, area check ✓)
  ctrnact-star-k8-285  k=8  3.4.4*.6  ★ CANDIDATE (not in Myers)  (28 cell polys, area check ✓)
  ctrnact-star-k8-286  k=8  3.4.4*.6  ★ CANDIDATE (not in Myers)  (28 cell polys, area check ✓)
  ctrnact-star-k8-287  k=8  3.4.4*.6  ★ CANDIDATE (not in Myers)  (27 cell polys, area check ✓)
  ctrnact-star-k8-288  k=8  3.4.4*.6  ★ CANDIDATE (not in Myers)  (30 cell polys, area check ✓)
  ctrnact-star-k8-289  k=8  3.4.4*.6  ★ CANDIDATE (not in Myers)  (30 cell polys, area check ✓)
  ctrnact-star-k8-290  k=8  3.4.4*.6  ★ CANDIDATE (not in Myers)  (32 cell polys, area check ✓)
  ctrnact-star-k8-291  k=8  3.4.4*.6  ★ CANDIDATE (not in Myers)  (34 cell polys, area check ✓)
  ctrnact-star-k8-292  k=8  3.4.4*.6  ★ CANDIDATE (not in Myers)  (33 cell polys, area check ✓)
  ctrnact-star-k8-293  k=8  3.4.4*.6  ★ CANDIDATE (not in Myers)  (32 cell polys, area check ✓)
  ctrnact-star-k8-294  k=8  3.4.4*.6  ★ CANDIDATE (not in Myers)  (30 cell polys, area check ✓)
  ctrnact-star-k8-295  k=8  3.4.4*.6  ★ CANDIDATE (not in Myers)  (26 cell polys, area check ✓)
  ctrnact-star-k8-296  k=8  3.4.4*.6  ★ CANDIDATE (not in Myers)  (27 cell polys, area check ✓)
  ctrnact-star-k8-297  k=8  3.4.4*.6  ★ CANDIDATE (not in Myers)  (28 cell polys, area check ✓)
  ctrnact-star-k8-298  k=8  3.4.4*.6  ★ CANDIDATE (not in Myers)  (26 cell polys, area check ✓)
  ctrnact-star-k8-299  k=8  3.4.4*.6  ★ CANDIDATE (not in Myers)  (26 cell polys, area check ✓)
  ctrnact-star-k8-300  k=8  3.4.4*.6  ★ CANDIDATE (not in Myers)  (25 cell polys, area check ✓)
  ctrnact-star-k8-301  k=8  3.4.4*.6  ★ CANDIDATE (not in Myers)  (26 cell polys, area check ✓)
  ctrnact-star-k8-302  k=8  3.4.4*.6  ★ CANDIDATE (not in Myers)  (26 cell polys, area check ✓)
  ctrnact-star-k8-303  k=8  3.4.4*.6  ★ CANDIDATE (not in Myers)  (30 cell polys, area check ✓)
  ctrnact-star-k8-304  k=8  3.4.4*.6  ★ CANDIDATE (not in Myers)  (26 cell polys, area check ✓)
  ctrnact-star-k8-305  k=8  3.4.4*.6  ★ CANDIDATE (not in Myers)  (28 cell polys, area check ✓)
  ctrnact-star-k8-306  k=8  3.4.4*.6  ★ CANDIDATE (not in Myers)  (30 cell polys, area check ✓)
  ctrnact-star-k8-307  k=8  3.4.4*.6  ★ CANDIDATE (not in Myers)  (30 cell polys, area check ✓)
  ctrnact-star-k8-308  k=8  3.4.4*.6  ★ CANDIDATE (not in Myers)  (29 cell polys, area check ✓)
  ctrnact-star-k8-309  k=8  3.4.4*.6  ★ CANDIDATE (not in Myers)  (30 cell polys, area check ✓)
  ctrnact-star-k8-310  k=8  3.4.4*.6  ★ CANDIDATE (not in Myers)  (30 cell polys, area check ✓)
  ctrnact-star-k8-311  k=8  3.4.4*.6  ★ CANDIDATE (not in Myers)  (28 cell polys, area check ✓)
  ctrnact-star-k8-312  k=8  3.4.4*.6  ★ CANDIDATE (not in Myers)  (30 cell polys, area check ✓)
  ctrnact-star-k8-313  k=8  3.4.4*.6  ★ CANDIDATE (not in Myers)  (29 cell polys, area check ✓)
  ctrnact-star-k8-314  k=8  3.4.4*.6  ★ CANDIDATE (not in Myers)  (28 cell polys, area check ✓)
  ctrnact-star-k8-315  k=8  3.4.4*.6  ★ CANDIDATE (not in Myers)  (28 cell polys, area check ✓)
  ctrnact-star-k8-316  k=8  3.4.4*.6  ★ CANDIDATE (not in Myers)  (27 cell polys, area check ✓)
  ctrnact-star-k8-317  k=8  3.4.4*.6  ★ CANDIDATE (not in Myers)  (32 cell polys, area check ✓)
  ctrnact-star-k8-318  k=8  3.4.4*.6  ★ CANDIDATE (not in Myers)  (32 cell polys, area check ✓)
  ctrnact-star-k8-319  k=8  3.4.4*.6  ★ CANDIDATE (not in Myers)  (34 cell polys, area check ✓)
  ctrnact-star-k8-320  k=8  3.4.4*.6  ★ CANDIDATE (not in Myers)  (30 cell polys, area check ✓)
  ctrnact-star-k8-321  k=8  3.4.4*.6  ★ CANDIDATE (not in Myers)  (28 cell polys, area check ✓)
  ctrnact-star-k8-322  k=8  3.4.4*.6  ★ CANDIDATE (not in Myers)  (30 cell polys, area check ✓)
  ctrnact-star-k8-323  k=8  3.4.4*.6  ★ CANDIDATE (not in Myers)  (29 cell polys, area check ✓)
  ctrnact-star-k8-324  k=8  3.4.4*.6  ★ CANDIDATE (not in Myers)  (28 cell polys, area check ✓)
  ctrnact-star-k8-325  k=8  3.4.4*.6  ★ CANDIDATE (not in Myers)  (28 cell polys, area check ✓)
  ctrnact-star-k8-326  k=8  3.4.4*.6  ★ CANDIDATE (not in Myers)  (27 cell polys, area check ✓)
  ctrnact-star-k8-327  k=8  3.4.4*.6  ★ CANDIDATE (not in Myers)  (32 cell polys, area check ✓)
  ctrnact-star-k8-328  k=8  3.4.4*.6  ★ CANDIDATE (not in Myers)  (32 cell polys, area check ✓)
  ctrnact-star-k8-329  k=8  3.4.4*.6  ★ CANDIDATE (not in Myers)  (26 cell polys, area check ✓)
  ctrnact-star-k8-330  k=8  3.4.4*.6  ★ CANDIDATE (not in Myers)  (25 cell polys, area check ✓)
  ctrnact-star-k8-331  k=8  3.4.4*.6  ★ CANDIDATE (not in Myers)  (26 cell polys, area check ✓)
  ctrnact-star-k8-332  k=8  3.4.4*.6  ★ CANDIDATE (not in Myers)  (25 cell polys, area check ✓)
  ctrnact-star-k8-333  k=8  3.4.4*.6  ★ CANDIDATE (not in Myers)  (24 cell polys, area check ✓)
  ctrnact-star-k8-334  k=8  3.4.4*.6  ★ CANDIDATE (not in Myers)  (30 cell polys, area check ✓)
  ctrnact-star-k8-335  k=8  3.4.4*.6  ★ CANDIDATE (not in Myers)  (29 cell polys, area check ✓)
  ctrnact-star-k8-336  k=8  3.4.4*.6  ★ CANDIDATE (not in Myers)  (29 cell polys, area check ✓)
  ctrnact-star-k8-337  k=8  3.4.4*.6  ★ CANDIDATE (not in Myers)  (29 cell polys, area check ✓)
  ctrnact-star-k8-338  k=8  3.4.4*.6  ★ CANDIDATE (not in Myers)  (34 cell polys, area check ✓)
  ctrnact-star-k8-339  k=8  3.4.4*.6  ★ CANDIDATE (not in Myers)  (34 cell polys, area check ✓)
  ctrnact-star-k8-340  k=8  3.4.4*.6  ★ CANDIDATE (not in Myers)  (34 cell polys, area check ✓)
  ctrnact-star-k8-341  k=8  3.4.4*.6  ★ CANDIDATE (not in Myers)  (24 cell polys, area check ✓)
  ctrnact-star-k8-342  k=8  3.4.4*.6  ★ CANDIDATE (not in Myers)  (26 cell polys, area check ✓)
  ctrnact-star-k8-343  k=8  3.4.4*.6  ★ CANDIDATE (not in Myers)  (26 cell polys, area check ✓)
  ctrnact-star-k8-344  k=8  3.4.4*.6  ★ CANDIDATE (not in Myers)  (25 cell polys, area check ✓)
  ctrnact-star-k8-345  k=8  3.4.4*.6  ★ CANDIDATE (not in Myers)  (28 cell polys, area check ✓)
  ctrnact-star-k8-346  k=8  3.4.4*.6  ★ CANDIDATE (not in Myers)  (28 cell polys, area check ✓)
  ctrnact-star-k8-347  k=8  3.4.4*.6  ★ CANDIDATE (not in Myers)  (30 cell polys, area check ✓)
  ctrnact-star-k8-348  k=8  3.4.4*.6  ★ CANDIDATE (not in Myers)  (32 cell polys, area check ✓)
  ctrnact-star-k8-349  k=8  3.4.4*.6  ★ CANDIDATE (not in Myers)  (31 cell polys, area check ✓)
  ctrnact-star-k8-350  k=8  3.4.4*.6  ★ CANDIDATE (not in Myers)  (30 cell polys, area check ✓)
  ctrnact-star-k8-351  k=8  3.4.4*.6  ★ CANDIDATE (not in Myers)  (24 cell polys, area check ✓)
  ctrnact-star-k8-352  k=8  3.4.4*.6  ★ CANDIDATE (not in Myers)  (54 cell polys, area check ✓)
  ctrnact-star-k8-353  k=8  3.4.4*.6  ★ CANDIDATE (not in Myers)  (25 cell polys, area check ✓)
  ctrnact-star-k8-354  k=8  3.4.4*.6  ★ CANDIDATE (not in Myers)  (27 cell polys, area check ✓)
  ctrnact-star-k8-355  k=8  3.4.4*.6  ★ CANDIDATE (not in Myers)  (23 cell polys, area check ✓)
  ctrnact-star-k8-356  k=8  3.4.4*.6  ★ CANDIDATE (not in Myers)  (28 cell polys, area check ✓)
  ctrnact-star-k8-357  k=8  3.4.4*.6  ★ CANDIDATE (not in Myers)  (28 cell polys, area check ✓)
  ctrnact-star-k8-358  k=8  3.4.4*.6  ★ CANDIDATE (not in Myers)  (27 cell polys, area check ✓)
  ctrnact-star-k8-359  k=8  3.4.4*.6  ★ CANDIDATE (not in Myers)  (26 cell polys, area check ✓)
  ctrnact-star-k8-360  k=8  3.4.4*.6  ★ CANDIDATE (not in Myers)  (26 cell polys, area check ✓)
  ctrnact-star-k8-361  k=8  3.4.4*.6  ★ CANDIDATE (not in Myers)  (26 cell polys, area check ✓)
  ctrnact-star-k8-362  k=8  3.4.4*.6  ★ CANDIDATE (not in Myers)  (30 cell polys, area check ✓)
  ctrnact-star-k8-363  k=8  3.4.4*.6  ★ CANDIDATE (not in Myers)  (29 cell polys, area check ✓)
  ctrnact-star-k8-364  k=8  3.4.4*.6  ★ CANDIDATE (not in Myers)  (28 cell polys, area check ✓)
  ctrnact-star-k8-365  k=8  3.4.4*.6  ★ CANDIDATE (not in Myers)  (32 cell polys, area check ✓)
  ctrnact-star-k8-366  k=8  3.4.4*.6  ★ CANDIDATE (not in Myers)  (24 cell polys, area check ✓)
  ctrnact-star-k8-367  k=8  3.4.4*.6  ★ CANDIDATE (not in Myers)  (31 cell polys, area check ✓)
  ctrnact-star-k8-368  k=8  3.4.4*.6  ★ CANDIDATE (not in Myers)  (32 cell polys, area check ✓)
  ctrnact-star-k8-369  k=8  3.4.4*.6  ★ CANDIDATE (not in Myers)  (31 cell polys, area check ✓)
  ctrnact-star-k8-370  k=8  3.4.4*.6  ★ CANDIDATE (not in Myers)  (30 cell polys, area check ✓)
  ctrnact-star-k8-371  k=8  3.4.4*.6  ★ CANDIDATE (not in Myers)  (25 cell polys, area check ✓)
  ctrnact-star-k8-372  k=8  3.4.4*.6  ★ CANDIDATE (not in Myers)  (30 cell polys, area check ✓)
  ctrnact-star-k8-373  k=8  3.4.4*.6  ★ CANDIDATE (not in Myers)  (29 cell polys, area check ✓)
  ctrnact-star-k8-374  k=8  3.4.4*.6  ★ CANDIDATE (not in Myers)  (34 cell polys, area check ✓)
  ctrnact-star-k8-375  k=8  3.4.4*.6  ★ CANDIDATE (not in Myers)  (34 cell polys, area check ✓)
  ctrnact-star-k8-376  k=8  3.4.4*.6  ★ CANDIDATE (not in Myers)  (33 cell polys, area check ✓)
  ctrnact-star-k8-377  k=8  3.4.4*.6  ★ CANDIDATE (not in Myers)  (28 cell polys, area check ✓)
  ctrnact-star-k8-378  k=8  3.4.4*.6  ★ CANDIDATE (not in Myers)  (27 cell polys, area check ✓)
  ctrnact-star-k8-379  k=8  3.4.4*.6  ★ CANDIDATE (not in Myers)  (28 cell polys, area check ✓)
  ctrnact-star-k8-380  k=8  3.4.4*.6  ★ CANDIDATE (not in Myers)  (27 cell polys, area check ✓)
  ctrnact-star-k8-381  k=8  3.4.4*.6  ★ CANDIDATE (not in Myers)  (26 cell polys, area check ✓)
  ctrnact-star-k8-382  k=8  3.4.4*.6  ★ CANDIDATE (not in Myers)  (36 cell polys, area check ✓)
  ctrnact-star-k8-383  k=8  3.4.4*.6  ★ CANDIDATE (not in Myers)  (32 cell polys, area check ✓)
  ctrnact-star-k8-384  k=8  3.4.4*.6  ★ CANDIDATE (not in Myers)  (29 cell polys, area check ✓)
  ctrnact-star-k8-385  k=8  3.4.4*.6  ★ CANDIDATE (not in Myers)  (29 cell polys, area check ✓)
  ctrnact-star-k8-386  k=8  3.4.4*.6  ★ CANDIDATE (not in Myers)  (21 cell polys, area check ✓)
  ctrnact-star-k8-387  k=8  3.4.4*.6  ★ CANDIDATE (not in Myers)  (30 cell polys, area check ✓)
  ctrnact-star-k8-388  k=8  3.4.4*.6  ★ CANDIDATE (not in Myers)  (32 cell polys, area check ✓)
  ctrnact-star-k8-389  k=8  3.4.4*.6  ★ CANDIDATE (not in Myers)  (32 cell polys, area check ✓)
  ctrnact-star-k8-390  k=8  3.4.4*.6  ★ CANDIDATE (not in Myers)  (31 cell polys, area check ✓)
  ctrnact-star-k8-391  k=8  3.4.4*.6  ★ CANDIDATE (not in Myers)  (31 cell polys, area check ✓)
  ctrnact-star-k8-392  k=8  3.4.4*.6  ★ CANDIDATE (not in Myers)  (32 cell polys, area check ✓)
  ctrnact-star-k8-393  k=8  3.4.4*.6  ★ CANDIDATE (not in Myers)  (32 cell polys, area check ✓)
  ctrnact-star-k8-394  k=8  3.4.4*.6  ★ CANDIDATE (not in Myers)  (27 cell polys, area check ✓)
  ctrnact-star-k8-395  k=8  3.4.4*.6  ★ CANDIDATE (not in Myers)  (28 cell polys, area check ✓)
  ctrnact-star-k8-396  k=8  3.4.4*.6  ★ CANDIDATE (not in Myers)  (27 cell polys, area check ✓)
  ctrnact-star-k8-397  k=8  3.4.4*.6  ★ CANDIDATE (not in Myers)  (26 cell polys, area check ✓)
  ctrnact-star-k8-398  k=8  3.4.4*.6  ★ CANDIDATE (not in Myers)  (14 cell polys, area check ✓)
  ctrnact-star-k8-399  k=8  3.4.4*.6  ★ CANDIDATE (not in Myers)  (27 cell polys, area check ✓)
  ctrnact-star-k8-400  k=8  3.4.4*.6  ★ CANDIDATE (not in Myers)  (26 cell polys, area check ✓)
  ctrnact-star-k8-401  k=8  3.4.4*.6  ★ CANDIDATE (not in Myers)  (25 cell polys, area check ✓)
  ctrnact-star-k8-402  k=8  3.4.4*.6  ★ CANDIDATE (not in Myers)  (26 cell polys, area check ✓)
  ctrnact-star-k8-403  k=8  3.4.4*.6  ★ CANDIDATE (not in Myers)  (26 cell polys, area check ✓)
  ctrnact-star-k8-404  k=8  3.4.4*.6  ★ CANDIDATE (not in Myers)  (25 cell polys, area check ✓)
  ctrnact-star-k8-405  k=8  3.4.4*.6  ★ CANDIDATE (not in Myers)  (27 cell polys, area check ✓)
  ctrnact-star-k8-406  k=8  3.4.4*.6  ★ CANDIDATE (not in Myers)  (26 cell polys, area check ✓)
  ctrnact-star-k8-407  k=8  3.4.4*.6  ★ CANDIDATE (not in Myers)  (26 cell polys, area check ✓)
  ctrnact-star-k8-408  k=8  3.4.4*.6  ★ CANDIDATE (not in Myers)  (25 cell polys, area check ✓)
  ctrnact-star-k8-409  k=8  3.4.4*.6  ★ CANDIDATE (not in Myers)  (26 cell polys, area check ✓)
  ctrnact-star-k8-410  k=8  3.4.4*.6  ★ CANDIDATE (not in Myers)  (72 cell polys, area check ✓)
  ctrnact-star-k8-411  k=8  3.4.4*.6  ★ CANDIDATE (not in Myers)  (26 cell polys, area check ✓)
  ctrnact-star-k8-412  k=8  3.4.4*.6  ★ CANDIDATE (not in Myers)  (26 cell polys, area check ✓)
  ctrnact-star-k8-413  k=8  3.4.4*.6  ★ CANDIDATE (not in Myers)  (30 cell polys, area check ✓)
  ctrnact-star-k8-414  k=8  3.4.4*.6  ★ CANDIDATE (not in Myers)  (29 cell polys, area check ✓)
  ctrnact-star-k8-415  k=8  3.4.4*.6  ★ CANDIDATE (not in Myers)  (28 cell polys, area check ✓)
  ctrnact-star-k8-416  k=8  3.4.4*.6  ★ CANDIDATE (not in Myers)  (32 cell polys, area check ✓)
  ctrnact-star-k8-417  k=8  3.4.4*.6  ★ CANDIDATE (not in Myers)  (26 cell polys, area check ✓)
  ctrnact-star-k8-418  k=8  3.4.4*.6  ★ CANDIDATE (not in Myers)  (26 cell polys, area check ✓)
  ctrnact-star-k8-419  k=8  3.4.4*.6  ★ CANDIDATE (not in Myers)  (30 cell polys, area check ✓)
  ctrnact-star-k8-420  k=8  3.4.4*.6  ★ CANDIDATE (not in Myers)  (29 cell polys, area check ✓)
  ctrnact-star-k8-421  k=8  3.4.4*.6  ★ CANDIDATE (not in Myers)  (28 cell polys, area check ✓)
  ctrnact-star-k8-422  k=8  3.4.4*.6  ★ CANDIDATE (not in Myers)  (22 cell polys, area check ✓)
  ctrnact-star-k8-423  k=8  3.4.4*.6  ★ CANDIDATE (not in Myers)  (23 cell polys, area check ✓)
  ctrnact-star-k8-424  k=8  3.4.4*.6  ★ CANDIDATE (not in Myers)  (25 cell polys, area check ✓)
  ctrnact-star-k8-425  k=8  3.4.4*.6  ★ CANDIDATE (not in Myers)  (26 cell polys, area check ✓)
  ctrnact-star-k8-426  k=8  3.4.4*.6  ★ CANDIDATE (not in Myers)  (25 cell polys, area check ✓)
  ctrnact-star-k8-427  k=8  3.4.4*.6  ★ CANDIDATE (not in Myers)  (24 cell polys, area check ✓)
  ctrnact-star-k8-428  k=8  3.4.4*.6  ★ CANDIDATE (not in Myers)  (25 cell polys, area check ✓)
  ctrnact-star-k8-429  k=8  3.4.4*.6  ★ CANDIDATE (not in Myers)  (26 cell polys, area check ✓)
  ctrnact-star-k8-430  k=8  3.4.4*.6  ★ CANDIDATE (not in Myers)  (25 cell polys, area check ✓)
  ctrnact-star-k8-431  k=8  3.4.4*.6  ★ CANDIDATE (not in Myers)  (24 cell polys, area check ✓)
  ctrnact-star-k8-432  k=8  3.4.4*.6  ★ CANDIDATE (not in Myers)  (26 cell polys, area check ✓)
  ctrnact-star-k8-433  k=8  3.4.4*.6  ★ CANDIDATE (not in Myers)  (15 cell polys, area check ✓)
  ctrnact-star-k8-434  k=8  3.4.4*.6  ★ CANDIDATE (not in Myers)  (25 cell polys, area check ✓)
  ctrnact-star-k8-435  k=8  3.4.4*.6  ★ CANDIDATE (not in Myers)  (15 cell polys, area check ✓)
  ctrnact-star-k8-436  k=8  3.4.4*.6  ★ CANDIDATE (not in Myers)  (24 cell polys, area check ✓)
  ctrnact-star-k8-437  k=8  3.4.4*.6  ★ CANDIDATE (not in Myers)  (27 cell polys, area check ✓)
  ctrnact-star-k8-438  k=8  3.4.4*.6  ★ CANDIDATE (not in Myers)  (69 cell polys, area check ✓)
  ctrnact-star-k8-439  k=8  3.4.4*.6  ★ CANDIDATE (not in Myers)  (31 cell polys, area check ✓)
  ctrnact-star-k8-440  k=8  3.4.4*.6  ★ CANDIDATE (not in Myers)  (29 cell polys, area check ✓)
  ctrnact-star-k8-441  k=8  3.4.4*.6  ★ CANDIDATE (not in Myers)  (28 cell polys, area check ✓)
  ctrnact-star-k8-442  k=8  3.4.4*.6  ★ CANDIDATE (not in Myers)  (27 cell polys, area check ✓)
  ctrnact-star-k8-443  k=8  3.4.4*.6  ★ CANDIDATE (not in Myers)  (31 cell polys, area check ✓)
  ctrnact-star-k8-444  k=8  3.4.4*.6  ★ CANDIDATE (not in Myers)  (25 cell polys, area check ✓)
  ctrnact-star-k8-445  k=8  3.4.4*.6  ★ CANDIDATE (not in Myers)  (25 cell polys, area check ✓)
  ctrnact-star-k8-446  k=8  3.4.4*.6  ★ CANDIDATE (not in Myers)  (29 cell polys, area check ✓)
  ctrnact-star-k8-447  k=8  3.4.4*.6  ★ CANDIDATE (not in Myers)  (28 cell polys, area check ✓)
  ctrnact-star-k8-448  k=8  3.4.4*.6  ★ CANDIDATE (not in Myers)  (27 cell polys, area check ✓)
  ctrnact-star-k8-449  k=8  3.4.4*.6  ★ CANDIDATE (not in Myers)  (21 cell polys, area check ✓)
  ctrnact-star-k8-450  k=8  3.4.4*.6  ★ CANDIDATE (not in Myers)  (22 cell polys, area check ✓)
  ctrnact-star-k8-451  k=8  3.4.4*.6  ★ CANDIDATE (not in Myers)  (27 cell polys, area check ✓)
  ctrnact-star-k8-452  k=8  3.4.4*.6  ★ CANDIDATE (not in Myers)  (25 cell polys, area check ✓)
  ctrnact-star-k8-453  k=8  3.4.4*.6  ★ CANDIDATE (not in Myers)  (69 cell polys, area check ✓)
  ctrnact-star-k8-454  k=8  3.4.4*.6  ★ CANDIDATE (not in Myers)  (28 cell polys, area check ✓)
  ctrnact-star-k8-455  k=8  3.4.4*.6  ★ CANDIDATE (not in Myers)  (28 cell polys, area check ✓)
  ctrnact-star-k8-456  k=8  3.4.4*.6  ★ CANDIDATE (not in Myers)  (28 cell polys, area check ✓)
  ctrnact-star-k8-457  k=8  3.4.4*.6  ★ CANDIDATE (not in Myers)  (27 cell polys, area check ✓)
  ctrnact-star-k8-458  k=8  3.4.4*.6  ★ CANDIDATE (not in Myers)  (28 cell polys, area check ✓)
  ctrnact-star-k8-459  k=8  3.4.4*.6  ★ CANDIDATE (not in Myers)  (28 cell polys, area check ✓)
  ctrnact-star-k8-460  k=8  3.4.4*.6  ★ CANDIDATE (not in Myers)  (24 cell polys, area check ✓)
  ctrnact-star-k8-461  k=8  3.4.4*.6  ★ CANDIDATE (not in Myers)  (23 cell polys, area check ✓)
  ctrnact-star-k8-462  k=8  3.4.4*.6  ★ CANDIDATE (not in Myers)  (14 cell polys, area check ✓)
  ctrnact-star-k8-463  k=8  3.4.4*.6  ★ CANDIDATE (not in Myers)  (28 cell polys, area check ✓)
  ctrnact-star-k8-464  k=8  3.4.4*.6  ★ CANDIDATE (not in Myers)  (28 cell polys, area check ✓)
  ctrnact-star-k8-465  k=8  3.4.4*.6  ★ CANDIDATE (not in Myers)  (30 cell polys, area check ✓)
  ctrnact-star-k8-466  k=8  3.4.4*.6  ★ CANDIDATE (not in Myers)  (29 cell polys, area check ✓)
  ctrnact-star-k8-467  k=8  3.4.4*.6  ★ CANDIDATE (not in Myers)  (28 cell polys, area check ✓)
  ctrnact-star-k8-468  k=8  3.4.4*.6  ★ CANDIDATE (not in Myers)  (15 cell polys, area check ✓)
  ctrnact-star-k8-469  k=8  3.4.4*.6  ★ CANDIDATE (not in Myers)  (27 cell polys, area check ✓)
  ctrnact-star-k8-470  k=8  3.4.4*.6  ★ CANDIDATE (not in Myers)  (28 cell polys, area check ✓)
  ctrnact-star-k8-471  k=8  3.4.4*.6  ★ CANDIDATE (not in Myers)  (28 cell polys, area check ✓)
  ctrnact-star-k8-472  k=8  3.4.4*.6  ★ CANDIDATE (not in Myers)  (28 cell polys, area check ✓)
  ctrnact-star-k8-473  k=8  3.4.4*.6  ★ CANDIDATE (not in Myers)  (29 cell polys, area check ✓)
  ctrnact-star-k8-474  k=8  3.4.4*.6  ★ CANDIDATE (not in Myers)  (28 cell polys, area check ✓)
  ctrnact-star-k8-475  k=8  3.4.4*.6  ★ CANDIDATE (not in Myers)  (27 cell polys, area check ✓)
  ctrnact-star-k8-476  k=8  3.4.4*.6  ★ CANDIDATE (not in Myers)  (28 cell polys, area check ✓)
  ctrnact-star-k8-477  k=8  3.4.4*.6  ★ CANDIDATE (not in Myers)  (26 cell polys, area check ✓)
  ctrnact-star-k8-478  k=8  3.4.4*.6  ★ CANDIDATE (not in Myers)  (28 cell polys, area check ✓)
  ctrnact-star-k8-479  k=8  3.4.4*.6  ★ CANDIDATE (not in Myers)  (27 cell polys, area check ✓)
  ctrnact-star-k8-480  k=8  3.4.4*.6  ★ CANDIDATE (not in Myers)  (26 cell polys, area check ✓)
  ctrnact-star-k8-481  k=8  3.4.4*.6  ★ CANDIDATE (not in Myers)  (13 cell polys, area check ✓)
  ctrnact-star-k8-482  k=8  3.4.4*.6  ★ CANDIDATE (not in Myers)  (27 cell polys, area check ✓)
  ctrnact-star-k8-483  k=8  3.4.4*.6  ★ CANDIDATE (not in Myers)  (27 cell polys, area check ✓)
  ctrnact-star-k8-484  k=8  3.4.4*.6  ★ CANDIDATE (not in Myers)  (32 cell polys, area check ✓)
  ctrnact-star-k8-485  k=8  3.4.4*.6  ★ CANDIDATE (not in Myers)  (31 cell polys, area check ✓)
  ctrnact-star-k8-486  k=8  3.4.4*.6  ★ CANDIDATE (not in Myers)  (30 cell polys, area check ✓)
  ctrnact-star-k8-487  k=8  3.4.4*.6  ★ CANDIDATE (not in Myers)  (26 cell polys, area check ✓)
  ctrnact-star-k8-488  k=8  3.4.4*.6  ★ CANDIDATE (not in Myers)  (84 cell polys, area check ✓)
  ctrnact-star-k8-489  k=8  3.4.4*.6  ★ CANDIDATE (not in Myers)  (26 cell polys, area check ✓)
  ctrnact-star-k8-490  k=8  3.4.4*.6  ★ CANDIDATE (not in Myers)  (26 cell polys, area check ✓)
  ctrnact-star-k8-491  k=8  3.4.4*.6  ★ CANDIDATE (not in Myers)  (25 cell polys, area check ✓)
  ctrnact-star-k8-492  k=8  3.4.4*.6  ★ CANDIDATE (not in Myers)  (32 cell polys, area check ✓)
  ctrnact-star-k8-493  k=8  3.4.4*.6  ★ CANDIDATE (not in Myers)  (32 cell polys, area check ✓)
  ctrnact-star-k8-494  k=8  3.4.4*.6  ★ CANDIDATE (not in Myers)  (32 cell polys, area check ✓)
  ctrnact-star-k8-495  k=8  3.4.4*.6  ★ CANDIDATE (not in Myers)  (30 cell polys, area check ✓)
  ctrnact-star-k8-496  k=8  3.4.4*.6  ★ CANDIDATE (not in Myers)  (84 cell polys, area check ✓)
  ctrnact-star-k8-497  k=8  3.4.4*.6  ★ CANDIDATE (not in Myers)  (84 cell polys, area check ✓)
  ctrnact-star-k8-498  k=8  3.4.4*.6  ★ CANDIDATE (not in Myers)  (28 cell polys, area check ✓)
  ctrnact-star-k8-499  k=8  3.4.4*.6  ★ CANDIDATE (not in Myers)  (28 cell polys, area check ✓)
  ctrnact-star-k8-500  k=8  3.4.4*.6  ★ CANDIDATE (not in Myers)  (32 cell polys, area check ✓)
  ctrnact-star-k8-501  k=8  3.4.4*.6  ★ CANDIDATE (not in Myers)  (31 cell polys, area check ✓)
  ctrnact-star-k8-502  k=8  3.4.4*.6  ★ CANDIDATE (not in Myers)  (30 cell polys, area check ✓)
  ctrnact-star-k8-503  k=8  3.4.4*.6  ★ CANDIDATE (not in Myers)  (24 cell polys, area check ✓)
  ctrnact-star-k8-504  k=8  3.4.4*.6  ★ CANDIDATE (not in Myers)  (25 cell polys, area check ✓)
  ctrnact-star-k8-505  k=8  3.4.4*.6  ★ CANDIDATE (not in Myers)  (94 cell polys, area check ✓)
  ctrnact-star-k8-506  k=8  3.4.4*.6  ★ CANDIDATE (not in Myers)  (76 cell polys, area check ✓)
  ctrnact-star-k8-507  k=8  3.4.4*.6  ★ CANDIDATE (not in Myers)  (81 cell polys, area check ✓)
  ctrnact-star-k8-508  k=8  3.4.4*.6  ★ CANDIDATE (not in Myers)  (89 cell polys, area check ✓)
  ctrnact-star-k8-509  k=8  3.4.4*.6  ★ CANDIDATE (not in Myers)  (32 cell polys, area check ✓)
  ctrnact-star-k8-510  k=8  3.4.4*.6  ★ CANDIDATE (not in Myers)  (41 cell polys, area check ✓)
  ctrnact-star-k8-511  k=8  3.4.4*.6  ★ CANDIDATE (not in Myers)  (70 cell polys, area check ✓)
  ctrnact-star-k8-512  k=8  3.4.4*.6  ★ CANDIDATE (not in Myers)  (70 cell polys, area check ✓)
  ctrnact-star-k8-513  k=8  3.4.4*.6  ★ CANDIDATE (not in Myers)  (28 cell polys, area check ✓)
  ctrnact-star-k8-514  k=8  3.4.4*.6  ★ CANDIDATE (not in Myers)  (66 cell polys, area check ✓)
  ctrnact-star-k8-515  k=8  3.4.4*.6  ★ CANDIDATE (not in Myers)  (29 cell polys, area check ✓)
  ctrnact-star-k8-516  k=8  3.4.4*.6  ★ CANDIDATE (not in Myers)  (33 cell polys, area check ✓)
  ctrnact-star-k8-517  k=8  3.4.4*.6  ★ CANDIDATE (not in Myers)  (27 cell polys, area check ✓)
  ctrnact-star-k8-518  k=8  3.4.4*.6  ★ CANDIDATE (not in Myers)  (26 cell polys, area check ✓)
  ctrnact-star-k8-519  k=8  3.4.4*.6  ★ CANDIDATE (not in Myers)  (25 cell polys, area check ✓)
  ctrnact-star-k8-520  k=8  3.4.4*.6  ★ CANDIDATE (not in Myers)  (24 cell polys, area check ✓)
  ctrnact-star-k8-521  k=8  3.4.4*.6  ★ CANDIDATE (not in Myers)  (29 cell polys, area check ✓)
  ctrnact-star-k8-522  k=8  3.4.4*.6  ★ CANDIDATE (not in Myers)  (29 cell polys, area check ✓)
  ctrnact-star-k8-523  k=8  3.4.4*.6  ★ CANDIDATE (not in Myers)  (27 cell polys, area check ✓)
  ctrnact-star-k8-524  k=8  3.4.4*.6  ★ CANDIDATE (not in Myers)  (30 cell polys, area check ✓)
  ctrnact-star-k8-525  k=8  3.4.4*.6  ★ CANDIDATE (not in Myers)  (30 cell polys, area check ✓)
  ctrnact-star-k8-526  k=8  3.4.4*.6  ★ CANDIDATE (not in Myers)  (34 cell polys, area check ✓)
  ctrnact-star-k8-527  k=8  3.4.4*.6  ★ CANDIDATE (not in Myers)  (33 cell polys, area check ✓)
  ctrnact-star-k8-528  k=8  3.4.4*.6  ★ CANDIDATE (not in Myers)  (32 cell polys, area check ✓)
  ctrnact-star-k8-529  k=8  3.4.4*.6  ★ CANDIDATE (not in Myers)  (29 cell polys, area check ✓)
  ctrnact-star-k8-530  k=8  3.4.4*.6  ★ CANDIDATE (not in Myers)  (29 cell polys, area check ✓)
  ctrnact-star-k8-531  k=8  3.4.4*.6  ★ CANDIDATE (not in Myers)  (28 cell polys, area check ✓)
  ctrnact-star-k8-532  k=8  3.4.4*.6  ★ CANDIDATE (not in Myers)  (34 cell polys, area check ✓)
  ctrnact-star-k8-533  k=8  3.4.4*.6  ★ CANDIDATE (not in Myers)  (33 cell polys, area check ✓)
  ctrnact-star-k8-534  k=8  3.4.4*.6  ★ CANDIDATE (not in Myers)  (32 cell polys, area check ✓)
  ctrnact-star-k8-535  k=8  3.4.4*.6  ★ CANDIDATE (not in Myers)  (30 cell polys, area check ✓)
  ctrnact-star-k8-536  k=8  3.4.4*.6  ★ CANDIDATE (not in Myers)  (29 cell polys, area check ✓)
  ctrnact-star-k8-537  k=8  3.4.4*.6  ★ CANDIDATE (not in Myers)  (30 cell polys, area check ✓)
  ctrnact-star-k8-538  k=8  3.4.4*.6  ★ CANDIDATE (not in Myers)  (15 cell polys, area check ✓)
  ctrnact-star-k8-539  k=8  3.4.4*.6  ★ CANDIDATE (not in Myers)  (30 cell polys, area check ✓)
  ctrnact-star-k8-540  k=8  3.4.4*.6  ★ CANDIDATE (not in Myers)  (26 cell polys, area check ✓)
  ctrnact-star-k8-541  k=8  3.4.4*.6  ★ CANDIDATE (not in Myers)  (28 cell polys, area check ✓)
  ctrnact-star-k8-542  k=8  3.4.4*.6  ★ CANDIDATE (not in Myers)  (27 cell polys, area check ✓)
  ctrnact-star-k8-543  k=8  3.4.4*.6  ★ CANDIDATE (not in Myers)  (28 cell polys, area check ✓)
  ctrnact-star-k8-544  k=8  3.4.4*.6  ★ CANDIDATE (not in Myers)  (28 cell polys, area check ✓)
  ctrnact-star-k8-545  k=8  3.4.4*.6  ★ CANDIDATE (not in Myers)  (27 cell polys, area check ✓)
  ctrnact-star-k8-546  k=8  3.4.4*.6  ★ CANDIDATE (not in Myers)  (84 cell polys, area check ✓)
  ctrnact-star-k8-547  k=8  3.4.4*.6  ★ CANDIDATE (not in Myers)  (26 cell polys, area check ✓)
  ctrnact-star-k8-548  k=8  3.4.4*.6  ★ CANDIDATE (not in Myers)  (26 cell polys, area check ✓)
  ctrnact-star-k8-549  k=8  3.4.4*.6  ★ CANDIDATE (not in Myers)  (30 cell polys, area check ✓)
  ctrnact-star-k8-550  k=8  3.4.4*.6  ★ CANDIDATE (not in Myers)  (29 cell polys, area check ✓)
  ctrnact-star-k8-551  k=8  3.4.4*.6  ★ CANDIDATE (not in Myers)  (33 cell polys, area check ✓)
  ctrnact-star-k8-552  k=8  3.4.4*.6  ★ CANDIDATE (not in Myers)  (33 cell polys, area check ✓)
  ctrnact-star-k8-553  k=8  3.4.4*.6  ★ CANDIDATE (not in Myers)  (89 cell polys, area check ✓)
  ctrnact-star-k8-554  k=8  3.4.4*.6  ★ CANDIDATE (not in Myers)  (89 cell polys, area check ✓)
  ctrnact-star-k8-555  k=8  3.4.4*.6  ★ CANDIDATE (not in Myers)  (38 cell polys, area check ✓)
  ctrnact-star-k8-556  k=8  3.4.4*.6  ★ CANDIDATE (not in Myers)  (77 cell polys, area check ✓)
  ctrnact-star-k8-557  k=8  3.4.4*.6  ★ CANDIDATE (not in Myers)  (31 cell polys, area check ✓)
  ctrnact-star-k8-558  k=8  3.4.4*.6  ★ CANDIDATE (not in Myers)  (32 cell polys, area check ✓)
  ctrnact-star-k8-559  k=8  3.4.4*.6  ★ CANDIDATE (not in Myers)  (31 cell polys, area check ✓)
  ctrnact-star-k8-560  k=8  3.4.4*.6  ★ CANDIDATE (not in Myers)  (37 cell polys, area check ✓)
  ctrnact-star-k8-561  k=8  3.4.4*.6  ★ CANDIDATE (not in Myers)  (37 cell polys, area check ✓)
  ctrnact-star-k8-562  k=8  3.4.4*.6  ★ CANDIDATE (not in Myers)  (31 cell polys, area check ✓)
  ctrnact-star-k8-563  k=8  3.4.4*.6  ★ CANDIDATE (not in Myers)  (29 cell polys, area check ✓)
  ctrnact-star-k8-564  k=8  3.4.4*.6  ★ CANDIDATE (not in Myers)  (33 cell polys, area check ✓)
  ctrnact-star-k8-565  k=8  3.4.4*.6  ★ CANDIDATE (not in Myers)  (30 cell polys, area check ✓)
  ctrnact-star-k8-566  k=8  3.4.4*.6  ★ CANDIDATE (not in Myers)  (29 cell polys, area check ✓)
  ctrnact-star-k8-567  k=8  3.4.4*.6  ★ CANDIDATE (not in Myers)  (28 cell polys, area check ✓)
  ctrnact-star-k8-568  k=8  3.4.4*.6  ★ CANDIDATE (not in Myers)  (34 cell polys, area check ✓)
  ctrnact-star-k8-569  k=8  3.4.4*.6  ★ CANDIDATE (not in Myers)  (34 cell polys, area check ✓)
  ctrnact-star-k8-570  k=8  3.4.4*.6  ★ CANDIDATE (not in Myers)  (36 cell polys, area check ✓)
  ctrnact-star-k8-571  k=8  3.4.4*.6  ★ CANDIDATE (not in Myers)  (114 cell polys, area check ✓)
  ctrnact-star-k8-572  k=8  3.4.4*.6  ★ CANDIDATE (not in Myers)  (114 cell polys, area check ✓)
  ctrnact-star-k8-573  k=8  3.4.4*.6  ★ CANDIDATE (not in Myers)  (28 cell polys, area check ✓)
  ctrnact-star-k8-574  k=8  3.4.4*.6  ★ CANDIDATE (not in Myers)  (26 cell polys, area check ✓)
  ctrnact-star-k8-575  k=8  3.4.4*.6  ★ CANDIDATE (not in Myers)  (28 cell polys, area check ✓)
  ctrnact-star-k8-576  k=8  3.4.4*.6  ★ CANDIDATE (not in Myers)  (51 cell polys, area check ✓)
  ctrnact-star-k8-577  k=8  3.4.4*.6  ★ CANDIDATE (not in Myers)  (24 cell polys, area check ✓)
  ctrnact-star-k8-578  k=8  3.4.4*.6  ★ CANDIDATE (not in Myers)  (24 cell polys, area check ✓)
  ctrnact-star-k8-579  k=8  3.4.4*.6  ★ CANDIDATE (not in Myers)  (28 cell polys, area check ✓)
  ctrnact-star-k8-580  k=8  3.4.4*.6  ★ CANDIDATE (not in Myers)  (27 cell polys, area check ✓)
  ctrnact-star-k8-581  k=8  3.4.4*.6  ★ CANDIDATE (not in Myers)  (29 cell polys, area check ✓)
  ctrnact-star-k8-582  k=8  3.4.4*.6  ★ CANDIDATE (not in Myers)  (29 cell polys, area check ✓)
  ctrnact-star-k8-583  k=8  3.4.4*.6  ★ CANDIDATE (not in Myers)  (34 cell polys, area check ✓)
  ctrnact-star-k8-584  k=8  3.4.4*.6  ★ CANDIDATE (not in Myers)  (34 cell polys, area check ✓)
  ctrnact-star-k8-585  k=8  3.4.4*.6  ★ CANDIDATE (not in Myers)  (26 cell polys, area check ✓)
  ctrnact-star-k8-586  k=8  3.4.4*.6  ★ CANDIDATE (not in Myers)  (27 cell polys, area check ✓)
  ctrnact-star-k8-587  k=8  3.4.4*.6  ★ CANDIDATE (not in Myers)  (28 cell polys, area check ✓)
  ctrnact-star-k8-588  k=8  3.4.4*.6  ★ CANDIDATE (not in Myers)  (71 cell polys, area check ✓)
  ctrnact-star-k8-589  k=8  3.4.4*.6  ★ CANDIDATE (not in Myers)  (96 cell polys, area check ✓)
  ctrnact-star-k8-590  k=8  3.4.4*.6  ★ CANDIDATE (not in Myers)  (51 cell polys, area check ✓)
  ctrnact-star-k8-591  k=8  3.4.4*.6  ★ CANDIDATE (not in Myers)  (52 cell polys, area check ✓)
  ctrnact-star-k8-592  k=8  3.4.4*.6  ★ CANDIDATE (not in Myers)  (60 cell polys, area check ✓)
  ctrnact-star-k8-593  k=8  3.4.4*.6  ★ CANDIDATE (not in Myers)  (57 cell polys, area check ✓)
  ctrnact-star-k8-594  k=8  3.4.4*.6  ★ CANDIDATE (not in Myers)  (54 cell polys, area check ✓)
  ctrnact-star-k8-595  k=8  3.4.4*.6  ★ CANDIDATE (not in Myers)  (26 cell polys, area check ✓)
  ctrnact-star-k8-596  k=8  3.4.4*.6  ★ CANDIDATE (not in Myers)  (16 cell polys, area check ✓)
  ctrnact-star-k8-597  k=8  3.4.4*.6  ★ CANDIDATE (not in Myers)  (37 cell polys, area check ✓)
  ctrnact-star-k8-598  k=8  3.4.4*.6  ★ CANDIDATE (not in Myers)  (15 cell polys, area check ✓)
  ctrnact-star-k8-599  k=8  3.4.4*.6  ★ CANDIDATE (not in Myers)  (36 cell polys, area check ✓)
  ctrnact-star-k8-600  k=8  3.4.4*.6  ★ CANDIDATE (not in Myers)  (32 cell polys, area check ✓)
  ctrnact-star-k8-601  k=8  3.4.4*.6  ★ CANDIDATE (not in Myers)  (40 cell polys, area check ✓)
  ctrnact-star-k8-602  k=8  3.4.4*.6  ★ CANDIDATE (not in Myers)  (34 cell polys, area check ✓)
  ctrnact-star-k8-603  k=8  3.4.4*.6  ★ CANDIDATE (not in Myers)  (24 cell polys, area check ✓)
  ctrnact-star-k8-604  k=8  3.4.4*.6  ★ CANDIDATE (not in Myers)  (31 cell polys, area check ✓)
  ctrnact-star-k8-605  k=8  3.4.4*.6  ★ CANDIDATE (not in Myers)  (36 cell polys, area check ✓)
  ctrnact-star-k8-606  k=8  3.4.4*.6  ★ CANDIDATE (not in Myers)  (34 cell polys, area check ✓)
  ctrnact-star-k8-607  k=8  3.4.4*.6  ★ CANDIDATE (not in Myers)  (30 cell polys, area check ✓)
  ctrnact-star-k8-608  k=8  3.4.4*.6  ★ CANDIDATE (not in Myers)  (34 cell polys, area check ✓)
  ctrnact-star-k8-609  k=8  3.4.4*.6  ★ CANDIDATE (not in Myers)  (34 cell polys, area check ✓)
  ctrnact-star-k8-610  k=8  3.4.4*.6  ★ CANDIDATE (not in Myers)  (36 cell polys, area check ✓)
  ctrnact-star-k8-611  k=8  3.4.4*.6  ★ CANDIDATE (not in Myers)  (34 cell polys, area check ✓)
  ctrnact-star-k8-612  k=8  3.4.4*.6  ★ CANDIDATE (not in Myers)  (36 cell polys, area check ✓)
  ctrnact-star-k8-613  k=8  3.4.4*.6  ★ CANDIDATE (not in Myers)  (36 cell polys, area check ✓)
  ctrnact-star-k8-614  k=8  3.4.4*.6  ★ CANDIDATE (not in Myers)  (34 cell polys, area check ✓)
  ctrnact-star-k8-615  k=8  3.4.4*.6  ★ CANDIDATE (not in Myers)  (17 cell polys, area check ✓)
  ctrnact-star-k8-616  k=8  3.4.4*.6  ★ CANDIDATE (not in Myers)  (40 cell polys, area check ✓)
  ctrnact-star-k8-617  k=8  3.4.4*.6  ★ CANDIDATE (not in Myers)  (17 cell polys, area check ✓)
  ctrnact-star-k8-618  k=8  3.4.4*.6  ★ CANDIDATE (not in Myers)  (26 cell polys, area check ✓)
  ctrnact-star-k8-619  k=8  3.4.4*.6  ★ CANDIDATE (not in Myers)  (25 cell polys, area check ✓)
  ctrnact-star-k8-620  k=8  3.4.4*.6  ★ CANDIDATE (not in Myers)  (32 cell polys, area check ✓)
  ctrnact-star-k8-621  k=8  3.4.4*.6  ★ CANDIDATE (not in Myers)  (26 cell polys, area check ✓)
  ctrnact-star-k8-622  k=8  3.4.4*.6  ★ CANDIDATE (not in Myers)  (30 cell polys, area check ✓)
  ctrnact-star-k8-623  k=8  3.4.4*.6  ★ CANDIDATE (not in Myers)  (29 cell polys, area check ✓)
  ctrnact-star-k8-624  k=8  3.4.4*.6  ★ CANDIDATE (not in Myers)  (25 cell polys, area check ✓)
  ctrnact-star-k8-625  k=8  3.4.4*.6  ★ CANDIDATE (not in Myers)  (15 cell polys, area check ✓)
  ctrnact-star-k8-626  k=8  3.4.4*.6  ★ CANDIDATE (not in Myers)  (26 cell polys, area check ✓)
  ctrnact-star-k8-627  k=8  3.4.4*.6  ★ CANDIDATE (not in Myers)  (25 cell polys, area check ✓)
  ctrnact-star-k8-628  k=8  3.4.4*.6  ★ CANDIDATE (not in Myers)  (22 cell polys, area check ✓)
  ctrnact-star-k8-629  k=8  3.4.4*.6  ★ CANDIDATE (not in Myers)  (23 cell polys, area check ✓)
  ctrnact-star-k8-630  k=8  3.4.4*.6  ★ CANDIDATE (not in Myers)  (62 cell polys, area check ✓)
  ctrnact-star-k8-631  k=8  3.4.4*.6  ★ CANDIDATE (not in Myers)  (16 cell polys, area check ✓)
  ctrnact-star-k8-632  k=8  3.4.4*.6  ★ CANDIDATE (not in Myers)  (20 cell polys, area check ✓)
  ctrnact-star-k8-633  k=8  3.4.4*.6  ★ CANDIDATE (not in Myers)  (20 cell polys, area check ✓)
  ctrnact-star-k8-634  k=8  3.4.4*.6  ★ CANDIDATE (not in Myers)  (33 cell polys, area check ✓)
  ctrnact-star-k8-635  k=8  3.4.4*.6  ★ CANDIDATE (not in Myers)  (42 cell polys, area check ✓)
  ctrnact-star-k8-636  k=8  3.4.4*.6  ★ CANDIDATE (not in Myers)  (42 cell polys, area check ✓)
  ctrnact-star-k8-637  k=8  3.4.4*.6  ★ CANDIDATE (not in Myers)  (30 cell polys, area check ✓)
  ctrnact-star-k8-638  k=8  3.4.4*.6  ★ CANDIDATE (not in Myers)  (29 cell polys, area check ✓)
  ctrnact-star-k8-639  k=8  3.4.4*.6  ★ CANDIDATE (not in Myers)  (28 cell polys, area check ✓)
  ctrnact-star-k8-640  k=8  3.4.4*.6  ★ CANDIDATE (not in Myers)  (21 cell polys, area check ✓)
  ctrnact-star-k8-641  k=8  3.4.4*.6  ★ CANDIDATE (not in Myers)  (22 cell polys, area check ✓)
  ctrnact-star-k8-642  k=8  3.4.4*.6  ★ CANDIDATE (not in Myers)  (62 cell polys, area check ✓)
  ctrnact-star-k8-643  k=8  3.4.4*.6  ★ CANDIDATE (not in Myers)  (21 cell polys, area check ✓)
  ctrnact-star-k8-644  k=8  3.4.4*.6  ★ CANDIDATE (not in Myers)  (36 cell polys, area check ✓)
  ctrnact-star-k8-645  k=8  3.4.4*.6  ★ CANDIDATE (not in Myers)  (27 cell polys, area check ✓)
  ctrnact-star-k8-646  k=8  3.4.4*.6  ★ CANDIDATE (not in Myers)  (28 cell polys, area check ✓)
  ctrnact-star-k8-647  k=8  3.4.4*.6  ★ CANDIDATE (not in Myers)  (24 cell polys, area check ✓)
  ctrnact-star-k8-648  k=8  3.4.4*.6  ★ CANDIDATE (not in Myers)  (23 cell polys, area check ✓)
  ctrnact-star-k8-649  k=8  3.4.4*.6  ★ CANDIDATE (not in Myers)  (34 cell polys, area check ✓)
  ctrnact-star-k8-650  k=8  3.4.4*.6  ★ CANDIDATE (not in Myers)  (28 cell polys, area check ✓)
  ctrnact-star-k8-651  k=8  3.4.4*.6  ★ CANDIDATE (not in Myers)  (28 cell polys, area check ✓)
  ctrnact-star-k8-652  k=8  3.4.4*.6  ★ CANDIDATE (not in Myers)  (38 cell polys, area check ✓)
  ctrnact-star-k8-653  k=8  3.4.4*.6  ★ CANDIDATE (not in Myers)  (36 cell polys, area check ✓)
  ctrnact-star-k8-654  k=8  3.4.4*.6  ★ CANDIDATE (not in Myers)  (26 cell polys, area check ✓)
  ctrnact-star-k8-655  k=8  3.4.4*.6  ★ CANDIDATE (not in Myers)  (29 cell polys, area check ✓)
  ctrnact-star-k8-656  k=8  3.4.4*.6  ★ CANDIDATE (not in Myers)  (27 cell polys, area check ✓)
  ctrnact-star-k8-657  k=8  3.4.4*.6  ★ CANDIDATE (not in Myers)  (25 cell polys, area check ✓)
  ctrnact-star-k8-658  k=8  3.4.4*.6  ★ CANDIDATE (not in Myers)  (72 cell polys, area check ✓)
  ctrnact-star-k8-659  k=8  3.4.4*.6  ★ CANDIDATE (not in Myers)  (25 cell polys, area check ✓)
  ctrnact-star-k8-660  k=8  3.4.4*.6  ★ CANDIDATE (not in Myers)  (24 cell polys, area check ✓)
  ctrnact-star-k8-661  k=8  3.4.4*.6  ★ CANDIDATE (not in Myers)  (28 cell polys, area check ✓)
  ctrnact-star-k8-662  k=8  3.4.4*.6  ★ CANDIDATE (not in Myers)  (26 cell polys, area check ✓)
  ctrnact-star-k8-663  k=8  3.4.4*.6  ★ CANDIDATE (not in Myers)  (27 cell polys, area check ✓)
  ctrnact-star-k8-664  k=8  3.4.4*.6  ★ CANDIDATE (not in Myers)  (29 cell polys, area check ✓)
  ctrnact-star-k8-665  k=8  3.4.4*.6  ★ CANDIDATE (not in Myers)  (28 cell polys, area check ✓)
  ctrnact-star-k8-666  k=8  3.4.4*.6  ★ CANDIDATE (not in Myers)  (20 cell polys, area check ✓)
  ctrnact-star-k8-667  k=8  3.4.4*.6  ★ CANDIDATE (not in Myers)  (46 cell polys, area check ✓)
  ctrnact-star-k8-668  k=8  3.4.4*.6  ★ CANDIDATE (not in Myers)  (70 cell polys, area check ✓)
  ctrnact-star-k8-669  k=8  3.4.4*.6  ★ CANDIDATE (not in Myers)  (60 cell polys, area check ✓)
  ctrnact-star-k8-670  k=8  3.4.4*.6  ★ CANDIDATE (not in Myers)  (32 cell polys, area check ✓)
  ctrnact-star-k8-671  k=8  3.4.4*.6  ★ CANDIDATE (not in Myers)  (20 cell polys, area check ✓)
  ctrnact-star-k8-672  k=8  3.4.4*.6  ★ CANDIDATE (not in Myers)  (26 cell polys, area check ✓)
  ctrnact-star-k8-673  k=8  3.4.4*.6  ★ CANDIDATE (not in Myers)  (13 cell polys, area check ✓)
  ctrnact-star-k8-674  k=8  3.4.4*.6  ★ CANDIDATE (not in Myers)  (28 cell polys, area check ✓)
  ctrnact-star-k8-675  k=8  3.4.4*.6  ★ CANDIDATE (not in Myers)  (14 cell polys, area check ✓)
  ctrnact-star-k8-676  k=8  3.4.4*.6  ★ CANDIDATE (not in Myers)  (24 cell polys, area check ✓)
  ctrnact-star-k8-677  k=8  3.4.4*.6  ★ CANDIDATE (not in Myers)  (52 cell polys, area check ✓)
  ctrnact-star-k8-678  k=8  3.4.4*.6  ★ CANDIDATE (not in Myers)  (27 cell polys, area check ✓)
  ctrnact-star-k8-679  k=8  3.4.4*.6  ★ CANDIDATE (not in Myers)  (25 cell polys, area check ✓)
  ctrnact-star-k8-680  k=8  3.4.4*.6  ★ CANDIDATE (not in Myers)  (25 cell polys, area check ✓)
  ctrnact-star-k8-681  k=8  3.4.4*.6  ★ CANDIDATE (not in Myers)  (24 cell polys, area check ✓)
  ctrnact-star-k8-682  k=8  3.4.4*.6  ★ CANDIDATE (not in Myers)  (27 cell polys, area check ✓)
  ctrnact-star-k8-683  k=8  3.4.4*.6  ★ CANDIDATE (not in Myers)  (28 cell polys, area check ✓)
  ctrnact-star-k8-684  k=8  3.4.4*.6  ★ CANDIDATE (not in Myers)  (32 cell polys, area check ✓)
  ctrnact-star-k8-685  k=8  3.4.4*.6  ★ CANDIDATE (not in Myers)  (21 cell polys, area check ✓)
  ctrnact-star-k8-686  k=8  3.4.4*.6  ★ CANDIDATE (not in Myers)  (24 cell polys, area check ✓)
  ctrnact-star-k8-687  k=8  3.4.4*.6  ★ CANDIDATE (not in Myers)  (36 cell polys, area check ✓)
  ctrnact-star-k8-688  k=8  3.4.4*.6  ★ CANDIDATE (not in Myers)  (22 cell polys, area check ✓)
  ctrnact-star-k8-689  k=8  3.4.4*.6  ★ CANDIDATE (not in Myers)  (25 cell polys, area check ✓)
  ctrnact-star-k8-690  k=8  3.4.4*.6  ★ CANDIDATE (not in Myers)  (24 cell polys, area check ✓)
  ctrnact-star-k8-691  k=8  3.4.4*.6  ★ CANDIDATE (not in Myers)  (26 cell polys, area check ✓)
  ctrnact-star-k8-692  k=8  3.4.4*.6  ★ CANDIDATE (not in Myers)  (27 cell polys, area check ✓)
  ctrnact-star-k8-693  k=8  3.4.4*.6  ★ CANDIDATE (not in Myers)  (28 cell polys, area check ✓)
  ctrnact-star-k8-694  k=8  3.4.4*.6  ★ CANDIDATE (not in Myers)  (16 cell polys, area check ✓)
  ctrnact-star-k8-695  k=8  3.4.4*.6  ★ CANDIDATE (not in Myers)  (16 cell polys, area check ✓)
  ctrnact-star-k8-696  k=8  3.4.4*.6  ★ CANDIDATE (not in Myers)  (16 cell polys, area check ✓)
  ctrnact-star-k8-697  k=8  3.4.4*.6  ★ CANDIDATE (not in Myers)  (32 cell polys, area check ✓)
  ctrnact-star-k8-698  k=8  3.4.4*.6  ★ CANDIDATE (not in Myers)  (16 cell polys, area check ✓)
  ctrnact-star-k8-699  k=8  3.4.4*.6  ★ CANDIDATE (not in Myers)  (12 cell polys, area check ✓)
  ctrnact-star-k8-700  k=8  3.4.4*.6  ★ CANDIDATE (not in Myers)  (14 cell polys, area check ✓)
  ctrnact-star-k8-701  k=8  3.4.4*.6  ★ CANDIDATE (not in Myers)  (16 cell polys, area check ✓)
  ctrnact-star-k8-702  k=8  3.4.4*.6  ★ CANDIDATE (not in Myers)  (32 cell polys, area check ✓)
  ctrnact-star-k8-703  k=8  3.4.4*.6  ★ CANDIDATE (not in Myers)  (15 cell polys, area check ✓)
  ctrnact-star-k8-704  k=8  3.4.4*.6  ★ CANDIDATE (not in Myers)  (30 cell polys, area check ✓)
  ctrnact-star-k8-705  k=8  3.4.4*.6  ★ CANDIDATE (not in Myers)  (14 cell polys, area check ✓)
  ctrnact-star-k8-706  k=8  3.4.4*.6  ★ CANDIDATE (not in Myers)  (10 cell polys, area check ✓)
  ctrnact-star-k8-707  k=8  3.4.4*.6  ★ CANDIDATE (not in Myers)  (12 cell polys, area check ✓)
  ctrnact-star-k8-708  k=8  3.4.4*.6  ★ CANDIDATE (not in Myers)  (24 cell polys, area check ✓)
  ctrnact-star-k8-709  k=8  3.4.4*.6  ★ CANDIDATE (not in Myers)  (12 cell polys, area check ✓)
  ctrnact-star-k8-710  k=8  3.4.4*.6  ★ CANDIDATE (not in Myers)  (13 cell polys, area check ✓)
  ctrnact-star-k8-711  k=8  3.4.4*.6  ★ CANDIDATE (not in Myers)  (26 cell polys, area check ✓)
  ctrnact-star-k8-712  k=8  3.4.4*.6  ★ CANDIDATE (not in Myers)  (14 cell polys, area check ✓)
  ctrnact-star-k8-713  k=8  3.4.4*.6  ★ CANDIDATE (not in Myers)  (28 cell polys, area check ✓)
  ctrnact-star-k8-714  k=8  3.4.4*.6  ★ CANDIDATE (not in Myers)  (48 cell polys, area check ✓)
  ctrnact-star-k8-715  k=8  3.4.4*.6  ★ CANDIDATE (not in Myers)  (50 cell polys, area check ✓)
  ctrnact-star-k8-716  k=8  3.4.4*.6  ★ CANDIDATE (not in Myers)  (28 cell polys, area check ✓)
  ctrnact-star-k8-717  k=8  3.4.4*.6  ★ CANDIDATE (not in Myers)  (32 cell polys, area check ✓)
  ctrnact-star-k8-718  k=8  3.4.4*.6  ★ CANDIDATE (not in Myers)  (16 cell polys, area check ✓)
  ctrnact-star-k8-719  k=8  3.4.4*.6  ★ CANDIDATE (not in Myers)  (36 cell polys, area check ✓)
  ctrnact-star-k8-720  k=8  3.4.4*.6  ★ CANDIDATE (not in Myers)  (21 cell polys, area check ✓)
  ctrnact-star-k8-721  k=8  3.4.4*.6  ★ CANDIDATE (not in Myers)  (18 cell polys, area check ✓)
  ctrnact-star-k8-722  k=8  3.4.4*.6  ★ CANDIDATE (not in Myers)  (34 cell polys, area check ✓)
  ctrnact-star-k8-723  k=8  3.4.4*.6  ★ CANDIDATE (not in Myers)  (34 cell polys, area check ✓)
  ctrnact-star-k8-724  k=8  3.4.4*.6  ★ CANDIDATE (not in Myers)  (32 cell polys, area check ✓)
  ctrnact-star-k8-725  k=8  3.4.4*.6  ★ CANDIDATE (not in Myers)  (22 cell polys, area check ✓)
  ctrnact-star-k8-726  k=8  3.4.4*.6  ★ CANDIDATE (not in Myers)  (16 cell polys, area check ✓)
  ctrnact-star-k8-727  k=8  3.4.4*.6.6*  ★ CANDIDATE (not in Myers)  (64 cell polys, area check ✓)
  ctrnact-star-k8-728  k=8  3.4.4*.6.12*  ★ CANDIDATE (not in Myers)  (84 cell polys, area check ✓)
  ctrnact-star-k8-729  k=8  3.4.4*.6.6*  ★ CANDIDATE (not in Myers)  (18 cell polys, area check ✓)
  ctrnact-star-k8-730  k=8  3.4.4*.6.6*  ★ CANDIDATE (not in Myers)  (57 cell polys, area check ✓)
  ctrnact-star-k8-731  k=8  3.4.4*.6.6*  ★ CANDIDATE (not in Myers)  (28 cell polys, area check ✓)
  ctrnact-star-k8-732  k=8  3.4.4*.6.6*  ★ CANDIDATE (not in Myers)  (27 cell polys, area check ✓)
  ctrnact-star-k8-733  k=8  3.4.4*.6.6*  ★ CANDIDATE (not in Myers)  (21 cell polys, area check ✓)
  ctrnact-star-k8-734  k=8  3.4.4*.6.6*  ★ CANDIDATE (not in Myers)  (22 cell polys, area check ✓)
  ctrnact-star-k8-735  k=8  3.4.4*.6.6*  ★ CANDIDATE (not in Myers)  (66 cell polys, area check ✓)
  ctrnact-star-k8-736  k=8  3.4.4*.6.6*  ★ CANDIDATE (not in Myers)  (63 cell polys, area check ✓)
  ctrnact-star-k8-737  k=8  3.4.4*.6.6*  ★ CANDIDATE (not in Myers)  (63 cell polys, area check ✓)
  ctrnact-star-k8-738  k=8  3.4.4*.6.6*  ★ CANDIDATE (not in Myers)  (88 cell polys, area check ✓)
  ctrnact-star-k8-739  k=8  3.4.4*.6.6*  ★ CANDIDATE (not in Myers)  (93 cell polys, area check ✓)
  ctrnact-star-k8-740  k=8  3.4.4*.6.6*  ★ CANDIDATE (not in Myers)  (93 cell polys, area check ✓)
  ctrnact-star-k8-741  k=8  3.4.4*.6.6*  ★ CANDIDATE (not in Myers)  (51 cell polys, area check ✓)
  ctrnact-star-k8-742  k=8  3.4.4*.6.6*  ★ CANDIDATE (not in Myers)  (90 cell polys, area check ✓)
  ctrnact-star-k8-743  k=8  3.4.4*.6.6*  ★ CANDIDATE (not in Myers)  (24 cell polys, area check ✓)
  ctrnact-star-k8-744  k=8  3.4.4*.6.6*  ★ CANDIDATE (not in Myers)  (66 cell polys, area check ✓)
  ctrnact-star-k8-745  k=8  3.4.4*.6.6*.12*  ★ CANDIDATE (not in Myers)  (108 cell polys, area check ✓)
  ctrnact-star-k8-746  k=8  3.4.4*.6.6*.12*  ★ CANDIDATE (not in Myers)  (63 cell polys, area check ✓)
  ctrnact-star-k8-747  k=8  3.4.4*.6.6*.12*  ★ CANDIDATE (not in Myers)  (72 cell polys, area check ✓)
  ctrnact-star-k8-748  k=8  3.4.4*.6.6*.12*  ★ CANDIDATE (not in Myers)  (81 cell polys, area check ✓)
  ctrnact-star-k8-749  k=8  3.4.4*.6.12*  ★ CANDIDATE (not in Myers)  (90 cell polys, area check ✓)
  ctrnact-star-k8-750  k=8  3.4.4*.6.12*  ★ CANDIDATE (not in Myers)  (94 cell polys, area check ✓)
  ctrnact-star-k8-751  k=8  3.4.4*.6.12*  ★ CANDIDATE (not in Myers)  (99 cell polys, area check ✓)
  ctrnact-star-k8-752  k=8  3.4.4*.6.12*  ★ CANDIDATE (not in Myers)  (40 cell polys, area check ✓)
  ctrnact-star-k8-753  k=8  3.4.4*.6.12*  ★ CANDIDATE (not in Myers)  (40 cell polys, area check ✓)
  ctrnact-star-k8-754  k=8  3.4.4*.6.12*  ★ CANDIDATE (not in Myers)  (40 cell polys, area check ✓)
  ctrnact-star-k8-755  k=8  3.4.4*.6.12*  ★ CANDIDATE (not in Myers)  (37 cell polys, area check ✓)
  ctrnact-star-k8-756  k=8  3.4.4*.6.12*  ★ CANDIDATE (not in Myers)  (37 cell polys, area check ✓)
  ctrnact-star-k8-757  k=8  3.4.4*.6.12*  ★ CANDIDATE (not in Myers)  (42 cell polys, area check ✓)
  ctrnact-star-k8-758  k=8  3.4.4*.6.12*  ★ CANDIDATE (not in Myers)  (32 cell polys, area check ✓)
  ctrnact-star-k8-759  k=8  3.4.4*.6.12*  ★ CANDIDATE (not in Myers)  (37 cell polys, area check ✓)
  ctrnact-star-k8-760  k=8  3.4.4*.6.12*  ★ CANDIDATE (not in Myers)  (37 cell polys, area check ✓)
  ctrnact-star-k8-761  k=8  3.4.4*.6.12*  ★ CANDIDATE (not in Myers)  (108 cell polys, area check ✓)
  ctrnact-star-k8-762  k=8  3.4.4*.6.12*  ★ CANDIDATE (not in Myers)  (90 cell polys, area check ✓)
  ctrnact-star-k8-763  k=8  3.4.4*.6.12*  ★ CANDIDATE (not in Myers)  (70 cell polys, area check ✓)
  ctrnact-star-k8-764  k=8  3.4.4*.6.12*  ★ CANDIDATE (not in Myers)  (90 cell polys, area check ✓)
  ctrnact-star-k8-765  k=8  3.4.4*.6.12*  ★ CANDIDATE (not in Myers)  (46 cell polys, area check ✓)
  ctrnact-star-k8-766  k=8  3.4.4*.6.12*  ★ CANDIDATE (not in Myers)  (89 cell polys, area check ✓)
  ctrnact-star-k8-767  k=8  3.4.4*.6.12*  ★ CANDIDATE (not in Myers)  (99 cell polys, area check ✓)
  ctrnact-star-k8-768  k=8  3.4.4*.6.12*  ★ CANDIDATE (not in Myers)  (114 cell polys, area check ✓)
  ctrnact-star-k8-769  k=8  3.4.4*.6.12*  ★ CANDIDATE (not in Myers)  (74 cell polys, area check ✓)
  ctrnact-star-k8-770  k=8  3.4.4*.6.12*  ★ CANDIDATE (not in Myers)  (39 cell polys, area check ✓)
  ctrnact-star-k8-771  k=8  3.4.4*.6.12*  ★ CANDIDATE (not in Myers)  (84 cell polys, area check ✓)
  ctrnact-star-k8-772  k=8  3.4.4*.6.12*  ★ CANDIDATE (not in Myers)  (96 cell polys, area check ✓)
  ctrnact-star-k8-773  k=8  3.4.4*.6.12*  ★ CANDIDATE (not in Myers)  (56 cell polys, area check ✓)
  ctrnact-star-k8-774  k=8  3.4.4*.6.6*  ★ CANDIDATE (not in Myers)  (51 cell polys, area check ✓)
  ctrnact-star-k8-775  k=8  3.4.4*.6.12*  ★ CANDIDATE (not in Myers)  (69 cell polys, area check ✓)
  ctrnact-star-k8-776  k=8  3.4.4*.6.12*  ★ CANDIDATE (not in Myers)  (75 cell polys, area check ✓)
  ctrnact-star-k8-777  k=8  3.4.4*.6.12*  ★ CANDIDATE (not in Myers)  (64 cell polys, area check ✓)
  ctrnact-star-k8-778  k=8  3.4.4*.6.12*  ★ CANDIDATE (not in Myers)  (90 cell polys, area check ✓)
  ctrnact-star-k8-779  k=8  3.4.4*.6.12*  ★ CANDIDATE (not in Myers)  (84 cell polys, area check ✓)
  ctrnact-star-k8-780  k=8  3.4.4*.6.12*  ★ CANDIDATE (not in Myers)  (46 cell polys, area check ✓)
  ctrnact-star-k8-781  k=8  3.4.4*.6.12*  ★ CANDIDATE (not in Myers)  (63 cell polys, area check ✓)
  ctrnact-star-k8-782  k=8  3.4.4*.6.12*  ★ CANDIDATE (not in Myers)  (81 cell polys, area check ✓)
  ctrnact-star-k8-783  k=8  3.4.4*.6.12*  ★ CANDIDATE (not in Myers)  (108 cell polys, area check ✓)
  ctrnact-star-k8-784  k=8  3.4.4*.6  ★ CANDIDATE (not in Myers)  (75 cell polys, area check ✓)
  ctrnact-star-k8-785  k=8  3.4.4*.6  ★ CANDIDATE (not in Myers)  (75 cell polys, area check ✓)
  ctrnact-star-k8-786  k=8  3.4.4*.6  ★ CANDIDATE (not in Myers)  (78 cell polys, area check ✓)
  ctrnact-star-k8-787  k=8  3.4.4*.6  ★ CANDIDATE (not in Myers)  (70 cell polys, area check ✓)
  ctrnact-star-k8-788  k=8  3.4.4*.6  ★ CANDIDATE (not in Myers)  (75 cell polys, area check ✓)
  ctrnact-star-k8-789  k=8  3.4.4*.6  ★ CANDIDATE (not in Myers)  (65 cell polys, area check ✓)
  ctrnact-star-k8-790  k=8  3.4.4*.6  ★ CANDIDATE (not in Myers)  (38 cell polys, area check ✓)
  ctrnact-star-k8-791  k=8  3.4.4*.6  ★ CANDIDATE (not in Myers)  (38 cell polys, area check ✓)
  ctrnact-star-k8-792  k=8  3.4.4*.6  ★ CANDIDATE (not in Myers)  (70 cell polys, area check ✓)
  ctrnact-star-k8-793  k=8  3.4.4*.6  ★ CANDIDATE (not in Myers)  (38 cell polys, area check ✓)
  ctrnact-star-k8-794  k=8  3.4.4*.6  ★ CANDIDATE (not in Myers)  (58 cell polys, area check ✓)
  ctrnact-star-k8-795  k=8  3.4.4*.6  ★ CANDIDATE (not in Myers)  (53 cell polys, area check ✓)
  ctrnact-star-k8-796  k=8  3.4.4*.6  ★ CANDIDATE (not in Myers)  (48 cell polys, area check ✓)
  ctrnact-star-k8-797  k=8  3.4.4*.6  ★ CANDIDATE (not in Myers)  (20 cell polys, area check ✓)
  ctrnact-star-k8-798  k=8  3.4.4*.6  ★ CANDIDATE (not in Myers)  (21 cell polys, area check ✓)
  ctrnact-star-k8-799  k=8  3.4.4*.6  ★ CANDIDATE (not in Myers)  (26 cell polys, area check ✓)
  ctrnact-star-k8-800  k=8  3.4.4*.6  ★ CANDIDATE (not in Myers)  (29 cell polys, area check ✓)
  ctrnact-star-k8-801  k=8  3.4.4*.6  ★ CANDIDATE (not in Myers)  (26 cell polys, area check ✓)
  ctrnact-star-k8-802  k=8  3.4.4*.6  ★ CANDIDATE (not in Myers)  (58 cell polys, area check ✓)
  ctrnact-star-k8-803  k=8  3.4.4*.6  ★ CANDIDATE (not in Myers)  (28 cell polys, area check ✓)
  ctrnact-star-k8-804  k=8  3.4.4*.6  ★ CANDIDATE (not in Myers)  (16 cell polys, area check ✓)
  ctrnact-star-k8-805  k=8  3.4.4*.6  ★ CANDIDATE (not in Myers)  (14 cell polys, area check ✓)
  ctrnact-star-k8-806  k=8  3.4.4*.6  ★ CANDIDATE (not in Myers)  (28 cell polys, area check ✓)
  ctrnact-star-k8-807  k=8  3.4.4*.6  ★ CANDIDATE (not in Myers)  (14 cell polys, area check ✓)
  ctrnact-star-k8-808  k=8  3.4.4*.6  ★ CANDIDATE (not in Myers)  (23 cell polys, area check ✓)
  ctrnact-star-k8-809  k=8  3.4.4*.6  ★ CANDIDATE (not in Myers)  (23 cell polys, area check ✓)
  ctrnact-star-k8-810  k=8  3.4.4*.6  ★ CANDIDATE (not in Myers)  (25 cell polys, area check ✓)
  ctrnact-star-k8-811  k=8  3.4.4*.6  ★ CANDIDATE (not in Myers)  (60 cell polys, area check ✓)
  ctrnact-star-k8-812  k=8  3.4.4*.6  ★ CANDIDATE (not in Myers)  (77 cell polys, area check ✓)
  ctrnact-star-k8-813  k=8  3.4.4*.6  ★ CANDIDATE (not in Myers)  (30 cell polys, area check ✓)
  ctrnact-star-k8-814  k=8  3.4.4*.6  ★ CANDIDATE (not in Myers)  (30 cell polys, area check ✓)
  ctrnact-star-k8-815  k=8  3.4.4*.6  ★ CANDIDATE (not in Myers)  (82 cell polys, area check ✓)
  ctrnact-star-k8-816  k=8  3.4.4*.6  ★ CANDIDATE (not in Myers)  (82 cell polys, area check ✓)
  ctrnact-star-k8-817  k=8  3.4.4*.6  ★ CANDIDATE (not in Myers)  (77 cell polys, area check ✓)
  ctrnact-star-k8-818  k=8  3.4.4*.6  ★ CANDIDATE (not in Myers)  (60 cell polys, area check ✓)
  ctrnact-star-k8-819  k=8  3.4.4*.6  ★ CANDIDATE (not in Myers)  (60 cell polys, area check ✓)
  ctrnact-star-k8-820  k=8  3.4.4*.6  ★ CANDIDATE (not in Myers)  (25 cell polys, area check ✓)
  ctrnact-star-k8-821  k=8  3.4.4*.6  ★ CANDIDATE (not in Myers)  (72 cell polys, area check ✓)
  ctrnact-star-k8-822  k=8  3.4.4*.6  ★ CANDIDATE (not in Myers)  (27 cell polys, area check ✓)
  ctrnact-star-k8-823  k=8  3.4.4*.6  ★ CANDIDATE (not in Myers)  (26 cell polys, area check ✓)
  ctrnact-star-k8-824  k=8  3.4.4*.6  ★ CANDIDATE (not in Myers)  (30 cell polys, area check ✓)
  ctrnact-star-k8-825  k=8  3.4.4*.6  ★ CANDIDATE (not in Myers)  (28 cell polys, area check ✓)
  ctrnact-star-k8-826  k=8  3.4.4*.6  ★ CANDIDATE (not in Myers)  (78 cell polys, area check ✓)
  ctrnact-star-k8-827  k=8  3.4.4*.6  ★ CANDIDATE (not in Myers)  (78 cell polys, area check ✓)
  ctrnact-star-k8-828  k=8  3.4.4*.6.6*  ★ CANDIDATE (not in Myers)  (66 cell polys, area check ✓)
  ctrnact-star-k8-829  k=8  3.4.4*.6.12*  ★ CANDIDATE (not in Myers)  (88 cell polys, area check ✓)
  ctrnact-star-k8-830  k=8  3.4.4*.6.12*  ★ CANDIDATE (not in Myers)  (93 cell polys, area check ✓)
  ctrnact-star-k8-831  k=8  3.4.4*.6.12*  ★ CANDIDATE (not in Myers)  (78 cell polys, area check ✓)
  ctrnact-star-k8-832  k=8  3.4.4*.6.12*  ★ CANDIDATE (not in Myers)  (102 cell polys, area check ✓)
  ctrnact-star-k8-833  k=8  3.4.4*.6.12*  ★ CANDIDATE (not in Myers)  (55 cell polys, area check ✓)
  ctrnact-star-k8-834  k=8  3.4.4*.6.12*  ★ CANDIDATE (not in Myers)  (88 cell polys, area check ✓)
  ctrnact-star-k8-835  k=8  3.4.4*.6.12*  ★ CANDIDATE (not in Myers)  (62 cell polys, area check ✓)
  ctrnact-star-k8-836  k=8  3.4.4*.6.12*  ★ CANDIDATE (not in Myers)  (64 cell polys, area check ✓)
  ctrnact-star-k8-837  k=8  3.4.4*.6.12*  ★ CANDIDATE (not in Myers)  (73 cell polys, area check ✓)
  ctrnact-star-k8-838  k=8  3.4.4*.6.12*  ★ CANDIDATE (not in Myers)  (83 cell polys, area check ✓)
  ctrnact-star-k8-839  k=8  3.4.4*.6.12*  ★ CANDIDATE (not in Myers)  (37 cell polys, area check ✓)
  ctrnact-star-k8-840  k=8  3.4.4*.6.12*  ★ CANDIDATE (not in Myers)  (38 cell polys, area check ✓)
  ctrnact-star-k8-841  k=8  3.4.4*.6.12*  ★ CANDIDATE (not in Myers)  (100 cell polys, area check ✓)
  ctrnact-star-k8-842  k=8  3.4.4*.6.12*  ★ CANDIDATE (not in Myers)  (76 cell polys, area check ✓)
  ctrnact-star-k8-843  k=8  3.4.4*.6.12*  ★ CANDIDATE (not in Myers)  (43 cell polys, area check ✓)
  ctrnact-star-k8-844  k=8  3.4.4*.6.12*  ★ CANDIDATE (not in Myers)  (40 cell polys, area check ✓)
  ctrnact-star-k8-845  k=8  3.4.4*.6.12*  ★ CANDIDATE (not in Myers)  (88 cell polys, area check ✓)
  ctrnact-star-k8-846  k=8  3.4.4*.6.12*  ★ CANDIDATE (not in Myers)  (93 cell polys, area check ✓)
  ctrnact-star-k8-847  k=8  3.4.4*.6.12*  ★ CANDIDATE (not in Myers)  (34 cell polys, area check ✓)
  ctrnact-star-k8-848  k=8  3.4.4*.6.12*  ★ CANDIDATE (not in Myers)  (34 cell polys, area check ✓)
  ctrnact-star-k8-849  k=8  3.4.4*.6.12*  ★ CANDIDATE (not in Myers)  (34 cell polys, area check ✓)
  ctrnact-star-k8-850  k=8  3.4.4*.6.12*  ★ CANDIDATE (not in Myers)  (26 cell polys, area check ✓)
  ctrnact-star-k8-851  k=8  3.4.4*.6.12*  ★ CANDIDATE (not in Myers)  (66 cell polys, area check ✓)
  ctrnact-star-k8-852  k=8  3.4.6.6*  ★ CANDIDATE (not in Myers)  (54 cell polys, area check ✓)
  ctrnact-star-k8-853  k=8  3.4.6.6*  ★ CANDIDATE (not in Myers)  (20 cell polys, area check ✓)
  ctrnact-star-k8-854  k=8  3.4.6.6*  ★ CANDIDATE (not in Myers)  (96 cell polys, area check ✓)
  ctrnact-star-k8-855  k=8  3.4.6.6*  ★ CANDIDATE (not in Myers)  (76 cell polys, area check ✓)
  ctrnact-star-k8-856  k=8  3.4.6.6*  ★ CANDIDATE (not in Myers)  (78 cell polys, area check ✓)
  ctrnact-star-k8-857  k=8  3.4.6.6*  ★ CANDIDATE (not in Myers)  (84 cell polys, area check ✓)
  ctrnact-star-k8-858  k=8  3.4.6.6*  ★ CANDIDATE (not in Myers)  (87 cell polys, area check ✓)
  ctrnact-star-k8-859  k=8  3.4.6.6*  ★ CANDIDATE (not in Myers)  (99 cell polys, area check ✓)
  ctrnact-star-k8-860  k=8  3.4.6.6*  ★ CANDIDATE (not in Myers)  (87 cell polys, area check ✓)
  ctrnact-star-k8-861  k=8  3.4.6.6*  ★ CANDIDATE (not in Myers)  (81 cell polys, area check ✓)
  ctrnact-star-k8-862  k=8  3.4.6.6*  ★ CANDIDATE (not in Myers)  (81 cell polys, area check ✓)
  ctrnact-star-k8-863  k=8  3.4.6.6*  ★ CANDIDATE (not in Myers)  (66 cell polys, area check ✓)
  ctrnact-star-k8-864  k=8  3.4.6.6*  ★ CANDIDATE (not in Myers)  (96 cell polys, area check ✓)
  ctrnact-star-k8-865  k=8  3.4.6.6*  ★ CANDIDATE (not in Myers)  (28 cell polys, area check ✓)
  ctrnact-star-k8-866  k=8  3.4.6.6*  ★ CANDIDATE (not in Myers)  (28 cell polys, area check ✓)
  ctrnact-star-k8-867  k=8  3.4.6.6*  ★ CANDIDATE (not in Myers)  (28 cell polys, area check ✓)
  ctrnact-star-k8-868  k=8  3.4.6.6*  ★ CANDIDATE (not in Myers)  (26 cell polys, area check ✓)
  ctrnact-star-k8-869  k=8  3.4.6.6*  ★ CANDIDATE (not in Myers)  (26 cell polys, area check ✓)
  ctrnact-star-k8-870  k=8  3.4.6.6*  ★ CANDIDATE (not in Myers)  (26 cell polys, area check ✓)
  ctrnact-star-k8-871  k=8  3.4.6.6*  ★ CANDIDATE (not in Myers)  (32 cell polys, area check ✓)
  ctrnact-star-k8-872  k=8  3.4.6.6*  ★ CANDIDATE (not in Myers)  (32 cell polys, area check ✓)
  ctrnact-star-k8-873  k=8  3.4.6.6*  ★ CANDIDATE (not in Myers)  (27 cell polys, area check ✓)
  ctrnact-star-k8-874  k=8  3.4.6.6*  ★ CANDIDATE (not in Myers)  (27 cell polys, area check ✓)
  ctrnact-star-k8-875  k=8  3.4.6.6*  ★ CANDIDATE (not in Myers)  (32 cell polys, area check ✓)
  ctrnact-star-k8-876  k=8  3.4.6.6*  ★ CANDIDATE (not in Myers)  (30 cell polys, area check ✓)
  ctrnact-star-k8-877  k=8  3.4.6.6*  ★ CANDIDATE (not in Myers)  (34 cell polys, area check ✓)
  ctrnact-star-k8-878  k=8  3.4.6.6*  ★ CANDIDATE (not in Myers)  (34 cell polys, area check ✓)
  ctrnact-star-k8-879  k=8  3.4.6.6*  ★ CANDIDATE (not in Myers)  (24 cell polys, area check ✓)
  ctrnact-star-k8-880  k=8  3.4.6.6*  ★ CANDIDATE (not in Myers)  (28 cell polys, area check ✓)
  ctrnact-star-k8-881  k=8  3.4.6.6*  ★ CANDIDATE (not in Myers)  (28 cell polys, area check ✓)
  ctrnact-star-k8-882  k=8  3.4.6.6*  ★ CANDIDATE (not in Myers)  (40 cell polys, area check ✓)
  ctrnact-star-k8-883  k=8  3.4.6.6*  ★ CANDIDATE (not in Myers)  (32 cell polys, area check ✓)
  ctrnact-star-k8-884  k=8  3.4.6.6*  ★ CANDIDATE (not in Myers)  (33 cell polys, area check ✓)
  ctrnact-star-k8-885  k=8  3.4.6.6*  ★ CANDIDATE (not in Myers)  (33 cell polys, area check ✓)
  ctrnact-star-k8-886  k=8  3.4.6.6*  ★ CANDIDATE (not in Myers)  (40 cell polys, area check ✓)
  ctrnact-star-k8-887  k=8  3.4.6.6*  ★ CANDIDATE (not in Myers)  (78 cell polys, area check ✓)
  ctrnact-star-k8-888  k=8  3.4.6.6*  ★ CANDIDATE (not in Myers)  (78 cell polys, area check ✓)
  ctrnact-star-k8-889  k=8  3.4.6.6*  ★ CANDIDATE (not in Myers)  (22 cell polys, area check ✓)
  ctrnact-star-k8-890  k=8  3.4.6.6*  ★ CANDIDATE (not in Myers)  (26 cell polys, area check ✓)
  ctrnact-star-k8-891  k=8  3.4.6.6*  ★ CANDIDATE (not in Myers)  (24 cell polys, area check ✓)
  ctrnact-star-k8-892  k=8  3.4.6.6*  ★ CANDIDATE (not in Myers)  (26 cell polys, area check ✓)
  ctrnact-star-k8-893  k=8  3.4.6.6*  ★ CANDIDATE (not in Myers)  (25 cell polys, area check ✓)
  ctrnact-star-k8-894  k=8  3.4.6.6*  ★ CANDIDATE (not in Myers)  (22 cell polys, area check ✓)
  ctrnact-star-k8-895  k=8  3.4.6.6*  ★ CANDIDATE (not in Myers)  (26 cell polys, area check ✓)
  ctrnact-star-k8-896  k=8  3.4.6.6*  ★ CANDIDATE (not in Myers)  (32 cell polys, area check ✓)
  ctrnact-star-k8-897  k=8  3.4.6.6*  ★ CANDIDATE (not in Myers)  (32 cell polys, area check ✓)
  ctrnact-star-k8-898  k=8  3.4.6.6*  ★ CANDIDATE (not in Myers)  (26 cell polys, area check ✓)
  ctrnact-star-k8-899  k=8  3.4.6.6*  ★ CANDIDATE (not in Myers)  (26 cell polys, area check ✓)
  ctrnact-star-k8-900  k=8  3.4.6.6*  ★ CANDIDATE (not in Myers)  (16 cell polys, area check ✓)
  ctrnact-star-k8-901  k=8  3.4.6.6*  ★ CANDIDATE (not in Myers)  (18 cell polys, area check ✓)
  ctrnact-star-k8-902  k=8  3.4.6.6*  ★ CANDIDATE (not in Myers)  (36 cell polys, area check ✓)
  ctrnact-star-k8-903  k=8  3.4.6.6*  ★ CANDIDATE (not in Myers)  (18 cell polys, area check ✓)
  ctrnact-star-k8-904  k=8  3.4.6.6*  ★ CANDIDATE (not in Myers)  (18 cell polys, area check ✓)
  ctrnact-star-k8-905  k=8  3.4.6.6*  ★ CANDIDATE (not in Myers)  (20 cell polys, area check ✓)
  ctrnact-star-k8-906  k=8  3.4.6.6*  ★ CANDIDATE (not in Myers)  (63 cell polys, area check ✓)
  ctrnact-star-k8-907  k=8  3.4.6.6*  ★ CANDIDATE (not in Myers)  (78 cell polys, area check ✓)
  ctrnact-star-k8-908  k=8  3.4.6.6*  ★ CANDIDATE (not in Myers)  (84 cell polys, area check ✓)
  ctrnact-star-k8-909  k=8  3.4.6.6*  ★ CANDIDATE (not in Myers)  (90 cell polys, area check ✓)
  ctrnact-star-k8-910  k=8  3.4.6.6*  ★ CANDIDATE (not in Myers)  (90 cell polys, area check ✓)
  ctrnact-star-k8-911  k=8  3.4.6.6*  ★ CANDIDATE (not in Myers)  (31 cell polys, area check ✓)
  ctrnact-star-k8-912  k=8  3.4.6.6*  ★ CANDIDATE (not in Myers)  (31 cell polys, area check ✓)
  ctrnact-star-k8-913  k=8  3.4.6.6*  ★ CANDIDATE (not in Myers)  (84 cell polys, area check ✓)
  ctrnact-star-k8-914  k=8  3.4.6.6*  ★ CANDIDATE (not in Myers)  (27 cell polys, area check ✓)
  ctrnact-star-k8-915  k=8  3.4.6.6*  ★ CANDIDATE (not in Myers)  (26 cell polys, area check ✓)
  ctrnact-star-k8-916  k=8  3.4.6.6*  ★ CANDIDATE (not in Myers)  (30 cell polys, area check ✓)
  ctrnact-star-k8-917  k=8  3.4.6.6*.12*  ★ CANDIDATE (not in Myers)  (96 cell polys, area check ✓)
  ctrnact-star-k8-918  k=8  3.4.6.6*.12*  ★ CANDIDATE (not in Myers)  (108 cell polys, area check ✓)
  ctrnact-star-k8-919  k=8  3.4.6.12*  ★ CANDIDATE (not in Myers)  (82 cell polys, area check ✓)
  ctrnact-star-k8-920  k=8  3.4.6.12*  ★ CANDIDATE (not in Myers)  (97 cell polys, area check ✓)
  ctrnact-star-k8-921  k=8  3.4.6.12*  ★ CANDIDATE (not in Myers)  (87 cell polys, area check ✓)
  ctrnact-star-k8-922  k=8  3.4.6.12*  ★ CANDIDATE (not in Myers)  (126 cell polys, area check ✓)
  ctrnact-star-k8-923  k=8  3.4.6.12*  ★ CANDIDATE (not in Myers)  (90 cell polys, area check ✓)
  ctrnact-star-k8-924  k=8  3.4.6.12*  ★ CANDIDATE (not in Myers)  (99 cell polys, area check ✓)
  ctrnact-star-k8-925  k=8  3.4.6.12*  ★ CANDIDATE (not in Myers)  (97 cell polys, area check ✓)
  ctrnact-star-k8-926  k=8  3.4.6.12*  ★ CANDIDATE (not in Myers)  (114 cell polys, area check ✓)
  ctrnact-star-k8-927  k=8  3.4.6.12*  ★ CANDIDATE (not in Myers)  (93 cell polys, area check ✓)
  ctrnact-star-k8-928  k=8  3.4.6.12*  ★ CANDIDATE (not in Myers)  (100 cell polys, area check ✓)
  ctrnact-star-k8-929  k=8  3.4.6.12*  ★ CANDIDATE (not in Myers)  (120 cell polys, area check ✓)
  ctrnact-star-k8-930  k=8  3.4.6.12*  ★ CANDIDATE (not in Myers)  (138 cell polys, area check ✓)
  ctrnact-star-k8-931  k=8  3.4.6.12*  ★ CANDIDATE (not in Myers)  (105 cell polys, area check ✓)
  ctrnact-star-k8-932  k=8  3.4.6.12*  ★ CANDIDATE (not in Myers)  (115 cell polys, area check ✓)
  ctrnact-star-k8-933  k=8  3.4.6.12*  ★ CANDIDATE (not in Myers)  (120 cell polys, area check ✓)
  ctrnact-star-k8-934  k=8  3.4.6.12*  ★ CANDIDATE (not in Myers)  (123 cell polys, area check ✓)
  ctrnact-star-k8-935  k=8  3.4.6.12*  ★ CANDIDATE (not in Myers)  (141 cell polys, area check ✓)
  ctrnact-star-k8-936  k=8  3.4.6.12*  ★ CANDIDATE (not in Myers)  (42 cell polys, area check ✓)
  ctrnact-star-k8-937  k=8  3.4.6.12*  ★ CANDIDATE (not in Myers)  (34 cell polys, area check ✓)
  ctrnact-star-k8-938  k=8  3.4.6.12*  ★ CANDIDATE (not in Myers)  (34 cell polys, area check ✓)
  ctrnact-star-k8-939  k=8  3.4.6.12*  ★ CANDIDATE (not in Myers)  (96 cell polys, area check ✓)
  ctrnact-star-k8-940  k=8  3.4.6.12*  ★ CANDIDATE (not in Myers)  (96 cell polys, area check ✓)
  ctrnact-star-k8-941  k=8  3.4.6.12*  ★ CANDIDATE (not in Myers)  (36 cell polys, area check ✓)
  ctrnact-star-k8-942  k=8  3.4.6.12*  ★ CANDIDATE (not in Myers)  (36 cell polys, area check ✓)
  ctrnact-star-k8-943  k=8  3.4.6.12*  ★ CANDIDATE (not in Myers)  (34 cell polys, area check ✓)
  ctrnact-star-k8-944  k=8  3.4.6.12*  ★ CANDIDATE (not in Myers)  (135 cell polys, area check ✓)
  ctrnact-star-k8-945  k=8  3.4.6.12*  ★ CANDIDATE (not in Myers)  (135 cell polys, area check ✓)
  ctrnact-star-k8-946  k=8  3.4.6.12*  ★ CANDIDATE (not in Myers)  (107 cell polys, area check ✓)
  ctrnact-star-k8-947  k=8  3.4.6.12*  ★ CANDIDATE (not in Myers)  (79 cell polys, area check ✓)
  ctrnact-star-k8-948  k=8  3.4.6.12*  ★ CANDIDATE (not in Myers)  (42 cell polys, area check ✓)
  ctrnact-star-k8-949  k=8  3.4.6.12*  ★ CANDIDATE (not in Myers)  (45 cell polys, area check ✓)
  ctrnact-star-k8-950  k=8  3.4.6.12*  ★ CANDIDATE (not in Myers)  (102 cell polys, area check ✓)
  ctrnact-star-k8-951  k=8  3.4.6.12*  ★ CANDIDATE (not in Myers)  (44 cell polys, area check ✓)
  ctrnact-star-k8-952  k=8  3.4.6.12*  ★ CANDIDATE (not in Myers)  (44 cell polys, area check ✓)
  ctrnact-star-k8-953  k=8  3.4.6.12*  ★ CANDIDATE (not in Myers)  (107 cell polys, area check ✓)
  ctrnact-star-k8-954  k=8  3.4.6.12*  ★ CANDIDATE (not in Myers)  (107 cell polys, area check ✓)
  ctrnact-star-k8-955  k=8  3.4.6.12*  ★ CANDIDATE (not in Myers)  (44 cell polys, area check ✓)
  ctrnact-star-k8-956  k=8  3.4.6.12*  ★ CANDIDATE (not in Myers)  (108 cell polys, area check ✓)
  ctrnact-star-k8-957  k=8  3.4.6.12*  ★ CANDIDATE (not in Myers)  (92 cell polys, area check ✓)
  ctrnact-star-k8-958  k=8  3.4.6.12*  ★ CANDIDATE (not in Myers)  (92 cell polys, area check ✓)
  ctrnact-star-k8-959  k=8  3.4.6.12*  ★ CANDIDATE (not in Myers)  (36 cell polys, area check ✓)
  ctrnact-star-k8-960  k=8  3.4.6.12*  ★ CANDIDATE (not in Myers)  (39 cell polys, area check ✓)
  ctrnact-star-k8-961  k=8  3.4.6.12*  ★ CANDIDATE (not in Myers)  (46 cell polys, area check ✓)
  ctrnact-star-k8-962  k=8  3.4.6.12*  ★ CANDIDATE (not in Myers)  (98 cell polys, area check ✓)
  ctrnact-star-k8-963  k=8  3.4.6.12*  ★ CANDIDATE (not in Myers)  (51 cell polys, area check ✓)
  ctrnact-star-k8-964  k=8  3.4.6.12*  ★ CANDIDATE (not in Myers)  (126 cell polys, area check ✓)
  ctrnact-star-k8-965  k=8  3.4.6.12*  ★ CANDIDATE (not in Myers)  (180 cell polys, area check ✓)
  ctrnact-star-k8-966  k=8  3.4.6.12*  ★ CANDIDATE (not in Myers)  (50 cell polys, area check ✓)
  ctrnact-star-k8-967  k=8  3.4.6.12*  ★ CANDIDATE (not in Myers)  (87 cell polys, area check ✓)
  ctrnact-star-k8-968  k=8  3.4.6.12*  ★ CANDIDATE (not in Myers)  (87 cell polys, area check ✓)
  ctrnact-star-k8-969  k=8  3.4.6.12*  ★ CANDIDATE (not in Myers)  (48 cell polys, area check ✓)
  ctrnact-star-k8-970  k=8  3.4.6.12*  ★ CANDIDATE (not in Myers)  (105 cell polys, area check ✓)
  ctrnact-star-k8-971  k=8  3.4.6.12*  ★ CANDIDATE (not in Myers)  (45 cell polys, area check ✓)
  ctrnact-star-k8-972  k=8  3.4.6.12*  ★ CANDIDATE (not in Myers)  (39 cell polys, area check ✓)
  ctrnact-star-k8-973  k=8  3.4.6.12*  ★ CANDIDATE (not in Myers)  (105 cell polys, area check ✓)
  ctrnact-star-k8-974  k=8  3.4.6.12*  ★ CANDIDATE (not in Myers)  (102 cell polys, area check ✓)
  ctrnact-star-k8-975  k=8  3.4.6.12*  ★ CANDIDATE (not in Myers)  (112 cell polys, area check ✓)
  ctrnact-star-k8-976  k=8  3.4.6.12*  ★ CANDIDATE (not in Myers)  (135 cell polys, area check ✓)
  ctrnact-star-k8-977  k=8  3.4.6.12*  ★ CANDIDATE (not in Myers)  (180 cell polys, area check ✓)
  ctrnact-star-k8-978  k=8  3.4.6.12*  ★ CANDIDATE (not in Myers)  (48 cell polys, area check ✓)
  ctrnact-star-k8-979  k=8  3.4.6.12*  ★ CANDIDATE (not in Myers)  (87 cell polys, area check ✓)
  ctrnact-star-k8-980  k=8  3.4.6.12*  ★ CANDIDATE (not in Myers)  (87 cell polys, area check ✓)
  ctrnact-star-k8-981  k=8  3.4.6.12*  ★ CANDIDATE (not in Myers)  (180 cell polys, area check ✓)
  ctrnact-star-k8-982  k=8  3.4.6.12*  ★ CANDIDATE (not in Myers)  (110 cell polys, area check ✓)
  ctrnact-star-k8-983  k=8  3.4.6.12*  ★ CANDIDATE (not in Myers)  (110 cell polys, area check ✓)
  ctrnact-star-k8-984  k=8  3.4.6.12*  ★ CANDIDATE (not in Myers)  (61 cell polys, area check ✓)
  ctrnact-star-k8-985  k=8  3.4.6.12*  ★ CANDIDATE (not in Myers)  (60 cell polys, area check ✓)
  ctrnact-star-k8-986  k=8  3.4.6.12*  ★ CANDIDATE (not in Myers)  (42 cell polys, area check ✓)
  ctrnact-star-k8-987  k=8  3.4.6.12*  ★ CANDIDATE (not in Myers)  (112 cell polys, area check ✓)
  ctrnact-star-k8-988  k=8  3.4.6.12*  ★ CANDIDATE (not in Myers)  (102 cell polys, area check ✓)
  ctrnact-star-k8-989  k=8  3.4.6.12*  ★ CANDIDATE (not in Myers)  (117 cell polys, area check ✓)
  ctrnact-star-k8-990  k=8  3.4.6.12*  ★ CANDIDATE (not in Myers)  (42 cell polys, area check ✓)
  ctrnact-star-k8-991  k=8  3.4.6.12*  ★ CANDIDATE (not in Myers)  (135 cell polys, area check ✓)
  ctrnact-star-k8-992  k=8  3.4.6.12*  ★ CANDIDATE (not in Myers)  (135 cell polys, area check ✓)
  ctrnact-star-k8-993  k=8  3.4.6.12*  ★ CANDIDATE (not in Myers)  (112 cell polys, area check ✓)
  ctrnact-star-k8-994  k=8  3.4.6.12*  ★ CANDIDATE (not in Myers)  (114 cell polys, area check ✓)
  ctrnact-star-k8-995  k=8  3.4.6.12*  ★ CANDIDATE (not in Myers)  (117 cell polys, area check ✓)
  ctrnact-star-k8-996  k=8  3.4.6.12*  ★ CANDIDATE (not in Myers)  (120 cell polys, area check ✓)
  ctrnact-star-k8-997  k=8  3.4.6.12*  ★ CANDIDATE (not in Myers)  (123 cell polys, area check ✓)
  ctrnact-star-k8-998  k=8  3.4.6.12*  ★ CANDIDATE (not in Myers)  (135 cell polys, area check ✓)
  ctrnact-star-k8-999  k=8  3.4.6.12*  ★ CANDIDATE (not in Myers)  (45 cell polys, area check ✓)
  ctrnact-star-k8-1000  k=8  3.4.6.12*  ★ CANDIDATE (not in Myers)  (74 cell polys, area check ✓)
  ctrnact-star-k8-1001  k=8  3.4.6.12*  ★ CANDIDATE (not in Myers)  (117 cell polys, area check ✓)
  ctrnact-star-k8-1002  k=8  3.4.6.12*  ★ CANDIDATE (not in Myers)  (117 cell polys, area check ✓)
  ctrnact-star-k8-1003  k=8  3.4.6.12*  ★ CANDIDATE (not in Myers)  (135 cell polys, area check ✓)
  ctrnact-star-k8-1004  k=8  3.4.6.12*  ★ CANDIDATE (not in Myers)  (69 cell polys, area check ✓)
  ctrnact-star-k8-1005  k=8  3.4.6.12*  ★ CANDIDATE (not in Myers)  (105 cell polys, area check ✓)
  ctrnact-star-k8-1006  k=8  3.4.6.12*  ★ CANDIDATE (not in Myers)  (61 cell polys, area check ✓)
  ctrnact-star-k8-1007  k=8  3.4.6.12*  ★ CANDIDATE (not in Myers)  (105 cell polys, area check ✓)
  ctrnact-star-k8-1008  k=8  3.4.6.12*  ★ CANDIDATE (not in Myers)  (108 cell polys, area check ✓)
  ctrnact-star-k8-1009  k=8  3.4.6.12*  ★ CANDIDATE (not in Myers)  (84 cell polys, area check ✓)
  ctrnact-star-k8-1010  k=8  3.4.6.12*  ★ CANDIDATE (not in Myers)  (84 cell polys, area check ✓)
  ctrnact-star-k8-1011  k=8  3.4.6.12*  ★ CANDIDATE (not in Myers)  (48 cell polys, area check ✓)
  ctrnact-star-k8-1012  k=8  3.4.6.12*  ★ CANDIDATE (not in Myers)  (48 cell polys, area check ✓)
  ctrnact-star-k8-1013  k=8  3.4.6.12*  ★ CANDIDATE (not in Myers)  (36 cell polys, area check ✓)
  ctrnact-star-k8-1014  k=8  3.4.6.12*  ★ CANDIDATE (not in Myers)  (132 cell polys, area check ✓)
  ctrnact-star-k8-1015  k=8  3.4.6.12*  ★ CANDIDATE (not in Myers)  (108 cell polys, area check ✓)
  ctrnact-star-k8-1016  k=8  3.4.6.12*  ★ CANDIDATE (not in Myers)  (36 cell polys, area check ✓)
  ctrnact-star-k8-1017  k=8  3.4.6.12*  ★ CANDIDATE (not in Myers)  (87 cell polys, area check ✓)
  ctrnact-star-k8-1018  k=8  3.4.6.12*  ★ CANDIDATE (not in Myers)  (36 cell polys, area check ✓)
  ctrnact-star-k8-1019  k=8  3.4.6.12*  ★ CANDIDATE (not in Myers)  (132 cell polys, area check ✓)
  ctrnact-star-k8-1020  k=8  3.4.6.12*  ★ CANDIDATE (not in Myers)  (108 cell polys, area check ✓)
  ctrnact-star-k8-1021  k=8  3.4.6.12*  ★ CANDIDATE (not in Myers)  (132 cell polys, area check ✓)
  ctrnact-star-k8-1022  k=8  3.4.6.12*  ★ CANDIDATE (not in Myers)  (108 cell polys, area check ✓)
  ctrnact-star-k8-1023  k=8  3.4.6.12*  ★ CANDIDATE (not in Myers)  (156 cell polys, area check ✓)
  ctrnact-star-k8-1024  k=8  3.4.6.12*  ★ CANDIDATE (not in Myers)  (111 cell polys, area check ✓)
  ctrnact-star-k8-1025  k=8  3.4.6.12*  ★ CANDIDATE (not in Myers)  (96 cell polys, area check ✓)
  ctrnact-star-k8-1026  k=8  3.4.6.12*  ★ CANDIDATE (not in Myers)  (72 cell polys, area check ✓)
  ctrnact-star-k8-1027  k=8  3.4.6.12*  ★ CANDIDATE (not in Myers)  (99 cell polys, area check ✓)
  ctrnact-star-k8-1028  k=8  3.4.6.12*  ★ CANDIDATE (not in Myers)  (75 cell polys, area check ✓)
  ctrnact-star-k8-1029  k=8  3.4.6.6*  ★ CANDIDATE (not in Myers)  (14 cell polys, area check ✓)
  ctrnact-star-k8-1030  k=8  3.4.6.6*  ★ CANDIDATE (not in Myers)  (48 cell polys, area check ✓)
  ctrnact-star-k8-1031  k=8  3.4.6.12*  ★ CANDIDATE (not in Myers)  (73 cell polys, area check ✓)
  ctrnact-star-k8-1032  k=8  3.4.6.12*  ★ CANDIDATE (not in Myers)  (88 cell polys, area check ✓)
  ctrnact-star-k8-1033  k=8  3.4.6.12*  ★ CANDIDATE (not in Myers)  (93 cell polys, area check ✓)
  ctrnact-star-k8-1034  k=8  3.4.6.12*  ★ CANDIDATE (not in Myers)  (72 cell polys, area check ✓)
  ctrnact-star-k8-1035  k=8  3.4.6.12*  ★ CANDIDATE (not in Myers)  (84 cell polys, area check ✓)
  ctrnact-star-k8-1036  k=8  3.4.6.12*  ★ CANDIDATE (not in Myers)  (78 cell polys, area check ✓)
  ctrnact-star-k8-1037  k=8  3.4.6.12*  ★ CANDIDATE (not in Myers)  (81 cell polys, area check ✓)
  ctrnact-star-k8-1038  k=8  3.4.6.12*  ★ CANDIDATE (not in Myers)  (76 cell polys, area check ✓)
  ctrnact-star-k8-1039  k=8  3.4.6.12*  ★ CANDIDATE (not in Myers)  (78 cell polys, area check ✓)
  ctrnact-star-k8-1040  k=8  3.4.6.12*  ★ CANDIDATE (not in Myers)  (24 cell polys, area check ✓)
  ctrnact-star-k8-1041  k=8  3.4.6.12*  ★ CANDIDATE (not in Myers)  (48 cell polys, area check ✓)
  ctrnact-star-k8-1042  k=8  3.4.6.12*  ★ CANDIDATE (not in Myers)  (63 cell polys, area check ✓)
  ctrnact-star-k8-1043  k=8  3.4.6.12*  ★ CANDIDATE (not in Myers)  (63 cell polys, area check ✓)
  ctrnact-star-k8-1044  k=8  3.4.6.12*  ★ CANDIDATE (not in Myers)  (78 cell polys, area check ✓)
  ctrnact-star-k8-1045  k=8  3.4.6.12*  ★ CANDIDATE (not in Myers)  (44 cell polys, area check ✓)
  ctrnact-star-k8-1046  k=8  3.4.6.12*  ★ CANDIDATE (not in Myers)  (66 cell polys, area check ✓)
  ctrnact-star-k8-1047  k=8  3.4.4*.8.8*  ★ CANDIDATE (not in Myers)  (96 cell polys, area check ✓)
  ctrnact-star-k8-1048  k=8  3.4.4*.8.8*  ★ CANDIDATE (not in Myers)  (112 cell polys, area check ✓)
  ctrnact-star-k8-1049  k=8  3.4.4*.8.8*  ★ CANDIDATE (not in Myers)  (56 cell polys, area check ✓)
  ctrnact-star-k8-1050  k=8  3.4.4*.8.8*  ★ CANDIDATE (not in Myers)  (30 cell polys, area check ✓)
  ctrnact-star-k8-1051  k=8  3.4.4*.8.8*  ★ CANDIDATE (not in Myers)  (30 cell polys, area check ✓)
  ctrnact-star-k8-1052  k=8  3.4.4*.8.8*  ★ CANDIDATE (not in Myers)  (34 cell polys, area check ✓)
  ctrnact-star-k8-1053  k=8  3.4.4*.8.8*  ★ CANDIDATE (not in Myers)  (26 cell polys, area check ✓)
  ctrnact-star-k8-1054  k=8  3.4.4*.8.8*  ★ CANDIDATE (not in Myers)  (22 cell polys, area check ✓)
  ctrnact-star-k8-1055  k=8  3.4.4*.8.8*  ★ CANDIDATE (not in Myers)  (38 cell polys, area check ✓)
  ctrnact-star-k8-1056  k=8  3.4.4*.8.8*  ★ CANDIDATE (not in Myers)  (104 cell polys, area check ✓)
  ctrnact-star-k8-1057  k=8  3.4.4*.8.8*  ★ CANDIDATE (not in Myers)  (120 cell polys, area check ✓)
  ctrnact-star-k8-1058  k=8  3.4.4*.8.8*  ★ CANDIDATE (not in Myers)  (120 cell polys, area check ✓)
  ctrnact-star-k8-1059  k=8  3.4.4*.8.8*  ★ CANDIDATE (not in Myers)  (136 cell polys, area check ✓)
  ctrnact-star-k8-1060  k=8  3.4.4*.8.8*  ★ CANDIDATE (not in Myers)  (88 cell polys, area check ✓)
  ctrnact-star-k8-1061  k=8  3.4.4*.8.8*  ★ CANDIDATE (not in Myers)  (56 cell polys, area check ✓)
  ctrnact-star-k8-1062  k=8  3.4.4*.8.8*  ★ CANDIDATE (not in Myers)  (56 cell polys, area check ✓)
  ctrnact-star-k8-1063  k=8  3.4.4*.8.8*  ★ CANDIDATE (not in Myers)  (104 cell polys, area check ✓)
  ctrnact-star-k8-1064  k=8  3.4.4*.8.8*  ★ CANDIDATE (not in Myers)  (128 cell polys, area check ✓)
  ctrnact-star-k8-1065  k=8  3.4.4*.8.8*  ★ CANDIDATE (not in Myers)  (44 cell polys, area check ✓)
  ctrnact-star-k8-1066  k=8  3.4.4*.8.8*  ★ CANDIDATE (not in Myers)  (52 cell polys, area check ✓)
  ctrnact-star-k8-1067  k=8  3.4.4*.8.8*  ★ CANDIDATE (not in Myers)  (56 cell polys, area check ✓)
  ctrnact-star-k8-1068  k=8  3.4.4*.8.8*  ★ CANDIDATE (not in Myers)  (60 cell polys, area check ✓)
  ctrnact-star-k8-1069  k=8  3.4.4*.8.8*  ★ CANDIDATE (not in Myers)  (52 cell polys, area check ✓)
  ctrnact-star-k8-1070  k=8  3.4.4*.8.8*  ★ CANDIDATE (not in Myers)  (52 cell polys, area check ✓)
  ctrnact-star-k8-1071  k=8  3.4.4*.8.8*  ★ CANDIDATE (not in Myers)  (56 cell polys, area check ✓)
  ctrnact-star-k8-1072  k=8  3.4.4*.8.8*  ★ CANDIDATE (not in Myers)  (60 cell polys, area check ✓)
  ctrnact-star-k8-1073  k=8  3.4.4*.8.8*  ★ CANDIDATE (not in Myers)  (64 cell polys, area check ✓)
  ctrnact-star-k8-1074  k=8  3.4.4*.8.8*  ★ CANDIDATE (not in Myers)  (60 cell polys, area check ✓)
  ctrnact-star-k8-1075  k=8  3.4.4*.8.8*  ★ CANDIDATE (not in Myers)  (64 cell polys, area check ✓)
  ctrnact-star-k8-1076  k=8  3.4.4*.8.8*  ★ CANDIDATE (not in Myers)  (68 cell polys, area check ✓)
  ctrnact-star-k8-1077  k=8  3.4.4*.8.8*  ★ CANDIDATE (not in Myers)  (44 cell polys, area check ✓)
  ctrnact-star-k8-1078  k=8  3.4.4*.8.8*  ★ CANDIDATE (not in Myers)  (60 cell polys, area check ✓)
  ctrnact-star-k8-1079  k=8  3.4.4*.8.8*  ★ CANDIDATE (not in Myers)  (60 cell polys, area check ✓)
  ctrnact-star-k8-1080  k=8  3.4.4*.8.8*  ★ CANDIDATE (not in Myers)  (120 cell polys, area check ✓)
  ctrnact-star-k8-1081  k=8  3.4.4*.8.8*  ★ CANDIDATE (not in Myers)  (48 cell polys, area check ✓)
  ctrnact-star-k8-1082  k=8  3.4.4*.8.8*  ★ CANDIDATE (not in Myers)  (56 cell polys, area check ✓)
  ctrnact-star-k8-1083  k=8  3.4.4*.8.8*  ★ CANDIDATE (not in Myers)  (56 cell polys, area check ✓)
  ctrnact-star-k8-1084  k=8  3.4.4*.8.8*  ★ CANDIDATE (not in Myers)  (44 cell polys, area check ✓)
  ctrnact-star-k8-1085  k=8  3.4.4*.8.8*  ★ CANDIDATE (not in Myers)  (48 cell polys, area check ✓)
  ctrnact-star-k8-1086  k=8  3.4.4*.8.8*  ★ CANDIDATE (not in Myers)  (40 cell polys, area check ✓)
  ctrnact-star-k8-1087  k=8  3.4.4*.8.8*  ★ CANDIDATE (not in Myers)  (36 cell polys, area check ✓)
  ctrnact-star-k8-1088  k=8  3.4.4*.8.8*  ★ CANDIDATE (not in Myers)  (52 cell polys, area check ✓)
  ctrnact-star-k8-1089  k=8  3.4.4*.8.8*  ★ CANDIDATE (not in Myers)  (56 cell polys, area check ✓)
  ctrnact-star-k8-1090  k=8  3.4.4*.8.8*  ★ CANDIDATE (not in Myers)  (60 cell polys, area check ✓)
  ctrnact-star-k8-1091  k=8  3.4.4*.8.8*  ★ CANDIDATE (not in Myers)  (60 cell polys, area check ✓)
  ctrnact-star-k8-1092  k=8  3.4.4*.8.8*  ★ CANDIDATE (not in Myers)  (56 cell polys, area check ✓)
  ctrnact-star-k8-1093  k=8  3.4.4*.8.8*  ★ CANDIDATE (not in Myers)  (64 cell polys, area check ✓)
  ctrnact-star-k8-1094  k=8  3.4.4*.8.8*  ★ CANDIDATE (not in Myers)  (64 cell polys, area check ✓)
  ctrnact-star-k8-1095  k=8  3.4.4*.8.8*  ★ CANDIDATE (not in Myers)  (64 cell polys, area check ✓)
  ctrnact-star-k8-1096  k=8  3.4.4*.8.8*  ★ CANDIDATE (not in Myers)  (128 cell polys, area check ✓)
  ctrnact-star-k8-1097  k=8  3.4.8.8*  ★ CANDIDATE (not in Myers)  (40 cell polys, area check ✓)
  ctrnact-star-k8-1098  k=8  3.4.8.8*  ★ CANDIDATE (not in Myers)  (72 cell polys, area check ✓)
  ctrnact-star-k8-1099  k=8  3.4.8.8*  ★ CANDIDATE (not in Myers)  (80 cell polys, area check ✓)
  ctrnact-star-k8-1100  k=8  3.4.8.8*  ★ CANDIDATE (not in Myers)  (56 cell polys, area check ✓)
  ctrnact-star-k8-1101  k=8  3.4.8.8*  ★ CANDIDATE (not in Myers)  (88 cell polys, area check ✓)
  ctrnact-star-k8-1102  k=8  3.4.8.8*  ★ CANDIDATE (not in Myers)  (96 cell polys, area check ✓)
  ctrnact-star-k8-1103  k=8  3.4.8.8*  ★ CANDIDATE (not in Myers)  (72 cell polys, area check ✓)
  ctrnact-star-k8-1104  k=8  3.4.8.8*  ★ CANDIDATE (not in Myers)  (104 cell polys, area check ✓)
  ctrnact-star-k8-1105  k=8  3.4.8.8*  ★ CANDIDATE (not in Myers)  (112 cell polys, area check ✓)
  ctrnact-star-k8-1106  k=8  3.4.8.8*  ★ CANDIDATE (not in Myers)  (88 cell polys, area check ✓)
  ctrnact-star-k8-1107  k=8  3.4.8.8*  ★ CANDIDATE (not in Myers)  (120 cell polys, area check ✓)
  ctrnact-star-k8-1108  k=8  3.4.8.8*  ★ CANDIDATE (not in Myers)  (128 cell polys, area check ✓)
  ctrnact-star-k8-1109  k=8  3.4.8.8*  ★ CANDIDATE (not in Myers)  (64 cell polys, area check ✓)
  ctrnact-star-k8-1110  k=8  3.4.8.8*  ★ CANDIDATE (not in Myers)  (104 cell polys, area check ✓)
  ctrnact-star-k8-1111  k=8  3.4.8.8*  ★ CANDIDATE (not in Myers)  (80 cell polys, area check ✓)
  ctrnact-star-k8-1112  k=8  3.4.8.8*  ★ CANDIDATE (not in Myers)  (120 cell polys, area check ✓)
  ctrnact-star-k8-1113  k=8  3.4.8.8*  ★ CANDIDATE (not in Myers)  (32 cell polys, area check ✓)
  ctrnact-star-k8-1114  k=8  3.4.8.8*  ★ CANDIDATE (not in Myers)  (64 cell polys, area check ✓)
  ctrnact-star-k8-1115  k=8  3.4.8.8*  ★ CANDIDATE (not in Myers)  (24 cell polys, area check ✓)
  ctrnact-star-k8-1116  k=8  3.4.8.8*  ★ CANDIDATE (not in Myers)  (24 cell polys, area check ✓)
  ctrnact-star-k8-1117  k=8  3.4.8.8*  ★ CANDIDATE (not in Myers)  (40 cell polys, area check ✓)
  ctrnact-star-k8-1118  k=8  3.4.8.8*  ★ CANDIDATE (not in Myers)  (40 cell polys, area check ✓)
  ctrnact-star-k8-1119  k=8  3.4.8.8*  ★ CANDIDATE (not in Myers)  (32 cell polys, area check ✓)
  ctrnact-star-k8-1120  k=8  3.4.8.8*  ★ CANDIDATE (not in Myers)  (40 cell polys, area check ✓)
  ctrnact-star-k8-1121  k=8  3.4.8.8*  ★ CANDIDATE (not in Myers)  (40 cell polys, area check ✓)
  ctrnact-star-k8-1122  k=8  3.4.8.8*  ★ CANDIDATE (not in Myers)  (72 cell polys, area check ✓)
  ctrnact-star-k8-1123  k=8  3.4.8.8*  ★ CANDIDATE (not in Myers)  (40 cell polys, area check ✓)
  ctrnact-star-k8-1124  k=8  3.4.8.8*  ★ CANDIDATE (not in Myers)  (40 cell polys, area check ✓)
  ctrnact-star-k8-1125  k=8  3.4.8.8*  ★ CANDIDATE (not in Myers)  (40 cell polys, area check ✓)
  ctrnact-star-k8-1126  k=8  3.4.8.8*  ★ CANDIDATE (not in Myers)  (48 cell polys, area check ✓)
  ctrnact-star-k8-1127  k=8  3.4.8.8*  ★ CANDIDATE (not in Myers)  (48 cell polys, area check ✓)
  ctrnact-star-k8-1128  k=8  3.4.8.8*  ★ CANDIDATE (not in Myers)  (48 cell polys, area check ✓)
  ctrnact-star-k8-1129  k=8  3.4.8.8*  ★ CANDIDATE (not in Myers)  (48 cell polys, area check ✓)
  ctrnact-star-k8-1130  k=8  3.4.8.8*  ★ CANDIDATE (not in Myers)  (48 cell polys, area check ✓)
  ctrnact-star-k8-1131  k=8  3.4.8.8*  ★ CANDIDATE (not in Myers)  (56 cell polys, area check ✓)
  ctrnact-star-k8-1132  k=8  3.4.8.8*  ★ CANDIDATE (not in Myers)  (56 cell polys, area check ✓)
  ctrnact-star-k8-1133  k=8  3.4.8.8*  ★ CANDIDATE (not in Myers)  (18 cell polys, area check ✓)
  ctrnact-star-k8-1134  k=8  3.4.8.8*  ★ CANDIDATE (not in Myers)  (34 cell polys, area check ✓)
  ctrnact-star-k8-1135  k=8  3.4.8.8*  ★ CANDIDATE (not in Myers)  (26 cell polys, area check ✓)
  ctrnact-star-k8-1136  k=8  3.4.8.8*  ★ CANDIDATE (not in Myers)  (26 cell polys, area check ✓)
  ctrnact-star-k8-1137  k=8  3.4.8.8*  ★ CANDIDATE (not in Myers)  (34 cell polys, area check ✓)
  ctrnact-star-k8-1138  k=8  3.4.8.8*  ★ CANDIDATE (not in Myers)  (42 cell polys, area check ✓)
  ctrnact-star-k8-1139  k=8  3.4.8.8*  ★ CANDIDATE (not in Myers)  (96 cell polys, area check ✓)
  ctrnact-star-k8-1140  k=8  3.4.8.8*  ★ CANDIDATE (not in Myers)  (112 cell polys, area check ✓)
  ctrnact-star-k8-1141  k=8  3.4.8.8*  ★ CANDIDATE (not in Myers)  (136 cell polys, area check ✓)
  ctrnact-star-k8-1142  k=8  3.4.8.8*  ★ CANDIDATE (not in Myers)  (152 cell polys, area check ✓)
  ctrnact-star-k8-1143  k=8  3.4.8.8*  ★ CANDIDATE (not in Myers)  (88 cell polys, area check ✓)
  ctrnact-star-k8-1144  k=8  3.4.8.8*  ★ CANDIDATE (not in Myers)  (56 cell polys, area check ✓)
  ctrnact-star-k8-1145  k=8  3.4.8.8*  ★ CANDIDATE (not in Myers)  (56 cell polys, area check ✓)
  ctrnact-star-k8-1146  k=8  3.4.8.8*  ★ CANDIDATE (not in Myers)  (56 cell polys, area check ✓)
  ctrnact-star-k8-1147  k=8  3.4.8.8*  ★ CANDIDATE (not in Myers)  (56 cell polys, area check ✓)
  ctrnact-star-k8-1148  k=8  3.4.8.8*  ★ CANDIDATE (not in Myers)  (104 cell polys, area check ✓)
  ctrnact-star-k8-1149  k=8  3.4.8.8*  ★ CANDIDATE (not in Myers)  (56 cell polys, area check ✓)
  ctrnact-star-k8-1150  k=8  3.4.8.8*  ★ CANDIDATE (not in Myers)  (72 cell polys, area check ✓)
  ctrnact-star-k8-1151  k=8  3.4.8.8*  ★ CANDIDATE (not in Myers)  (72 cell polys, area check ✓)
  ctrnact-star-k8-1152  k=8  3.4.8.8*  ★ CANDIDATE (not in Myers)  (120 cell polys, area check ✓)
  ctrnact-star-k8-1153  k=8  3.4.8.8*  ★ CANDIDATE (not in Myers)  (64 cell polys, area check ✓)
  ctrnact-star-k8-1154  k=8  3.4.8.8*  ★ CANDIDATE (not in Myers)  (24 cell polys, area check ✓)
  ctrnact-star-k8-1155  k=8  3.4.8.8*  ★ CANDIDATE (not in Myers)  (40 cell polys, area check ✓)
  ctrnact-star-k8-1156  k=8  3.4.8.8*  ★ CANDIDATE (not in Myers)  (48 cell polys, area check ✓)
  ctrnact-star-k8-1157  k=8  3.4.8.8*  ★ CANDIDATE (not in Myers)  (40 cell polys, area check ✓)
  ctrnact-star-k8-1158  k=8  3.4.8.8*  ★ CANDIDATE (not in Myers)  (56 cell polys, area check ✓)
  ctrnact-star-k8-1159  k=8  3.4.8.8*  ★ CANDIDATE (not in Myers)  (64 cell polys, area check ✓)
  ctrnact-star-k8-1160  k=8  3.4.8.8*  ★ CANDIDATE (not in Myers)  (32 cell polys, area check ✓)
  ctrnact-star-k8-1161  k=8  3.4.8.8*  ★ CANDIDATE (not in Myers)  (56 cell polys, area check ✓)
  ctrnact-star-k8-1162  k=8  3.4.8.8*  ★ CANDIDATE (not in Myers)  (32 cell polys, area check ✓)
  ctrnact-star-k8-1163  k=8  3.4.8.8*  ★ CANDIDATE (not in Myers)  (64 cell polys, area check ✓)
  ctrnact-star-k8-1164  k=8  3.4.8.8*  ★ CANDIDATE (not in Myers)  (48 cell polys, area check ✓)
  ctrnact-star-k8-1165  k=8  3.4.8.8*  ★ CANDIDATE (not in Myers)  (72 cell polys, area check ✓)
  ctrnact-star-k8-1166  k=8  3.4.8.8*  ★ CANDIDATE (not in Myers)  (48 cell polys, area check ✓)
  ctrnact-star-k8-1167  k=8  3.4.8.8*  ★ CANDIDATE (not in Myers)  (48 cell polys, area check ✓)
  ctrnact-star-k8-1168  k=8  3.4.8.8*  ★ CANDIDATE (not in Myers)  (128 cell polys, area check ✓)
  ctrnact-star-k8-1169  k=8  3.4.8.8*  ★ CANDIDATE (not in Myers)  (64 cell polys, area check ✓)
  ctrnact-star-k8-1170  k=8  3.4.8.8*  ★ CANDIDATE (not in Myers)  (24 cell polys, area check ✓)
  ctrnact-star-k8-1171  k=8  3.4.8.8*  ★ CANDIDATE (not in Myers)  (40 cell polys, area check ✓)
  ctrnact-star-k8-1172  k=8  3.4.8.8*  ★ CANDIDATE (not in Myers)  (32 cell polys, area check ✓)
  ctrnact-star-k8-1173  k=8  3.4.8.8*  ★ CANDIDATE (not in Myers)  (48 cell polys, area check ✓)
  ctrnact-star-k8-1174  k=8  3.4.8.8*  ★ CANDIDATE (not in Myers)  (64 cell polys, area check ✓)
  ctrnact-star-k8-1175  k=8  3.4.8.8*  ★ CANDIDATE (not in Myers)  (32 cell polys, area check ✓)
  ctrnact-star-k8-1176  k=8  3.4.8.8*  ★ CANDIDATE (not in Myers)  (56 cell polys, area check ✓)
  ctrnact-star-k8-1177  k=8  3.4.8.8*  ★ CANDIDATE (not in Myers)  (48 cell polys, area check ✓)
  ctrnact-star-k8-1178  k=8  3.4.8.8*  ★ CANDIDATE (not in Myers)  (40 cell polys, area check ✓)
  ctrnact-star-k8-1179  k=8  3.4.8.8*  ★ CANDIDATE (not in Myers)  (48 cell polys, area check ✓)
  ctrnact-star-k8-1180  k=8  3.4.8.8*  ★ CANDIDATE (not in Myers)  (64 cell polys, area check ✓)
  ctrnact-star-k8-1181  k=8  3.4.8.8*  ★ CANDIDATE (not in Myers)  (56 cell polys, area check ✓)
  ctrnact-star-k8-1182  k=8  3.4.8.8*  ★ CANDIDATE (not in Myers)  (72 cell polys, area check ✓)
  ctrnact-star-k8-1183  k=8  3.4.8.8*  ★ CANDIDATE (not in Myers)  (28 cell polys, area check ✓)
  ctrnact-star-k8-1184  k=8  3.4.8.8*  ★ CANDIDATE (not in Myers)  (28 cell polys, area check ✓)
  ctrnact-star-k8-1185  k=8  3.4.8.8*  ★ CANDIDATE (not in Myers)  (28 cell polys, area check ✓)
  ctrnact-star-k8-1186  k=8  3.4.8.8*  ★ CANDIDATE (not in Myers)  (14 cell polys, area check ✓)
  ctrnact-star-k8-1187  k=8  3.3*.4.12  ★ CANDIDATE (not in Myers)  (22 cell polys, area check ✓)
  ctrnact-star-k8-1188  k=8  3.3*.4.12  ★ CANDIDATE (not in Myers)  (23 cell polys, area check ✓)
  ctrnact-star-k8-1189  k=8  3.3*.4.12  ★ CANDIDATE (not in Myers)  (26 cell polys, area check ✓)
  ctrnact-star-k8-1190  k=8  3.3*.4.12  ★ CANDIDATE (not in Myers)  (43 cell polys, area check ✓)
  ctrnact-star-k8-1191  k=8  3.3*.4.12  ★ CANDIDATE (not in Myers)  (24 cell polys, area check ✓)
  ctrnact-star-k8-1192  k=8  3.3*.4.12  ★ CANDIDATE (not in Myers)  (54 cell polys, area check ✓)
  ctrnact-star-k8-1193  k=8  3.3*.4.12  ★ CANDIDATE (not in Myers)  (36 cell polys, area check ✓)
  ctrnact-star-k8-1194  k=8  3.3*.4.12  ★ CANDIDATE (not in Myers)  (46 cell polys, area check ✓)
  ctrnact-star-k8-1195  k=8  3.3*.4.12  ★ CANDIDATE (not in Myers)  (46 cell polys, area check ✓)
  ctrnact-star-k8-1196  k=8  3.3*.4.12  ★ CANDIDATE (not in Myers)  (15 cell polys, area check ✓)
  ctrnact-star-k8-1197  k=8  3.3*.4.12  ★ CANDIDATE (not in Myers)  (44 cell polys, area check ✓)
  ctrnact-star-k8-1198  k=8  3.3*.4.12  ★ CANDIDATE (not in Myers)  (15 cell polys, area check ✓)
  ctrnact-star-k8-1199  k=8  3.3*.4.12  ★ CANDIDATE (not in Myers)  (30 cell polys, area check ✓)
  ctrnact-star-k8-1200  k=8  3.3*.4.12  ★ CANDIDATE (not in Myers)  (32 cell polys, area check ✓)
  ctrnact-star-k8-1201  k=8  3.3*.4.12  ★ CANDIDATE (not in Myers)  (17 cell polys, area check ✓)
  ctrnact-star-k8-1202  k=8  3.3*.4.12  ★ CANDIDATE (not in Myers)  (30 cell polys, area check ✓)
  ctrnact-star-k8-1203  k=8  3.3*.4.12  ★ CANDIDATE (not in Myers)  (30 cell polys, area check ✓)
  ctrnact-star-k8-1204  k=8  3.3*.4.12  ★ CANDIDATE (not in Myers)  (34 cell polys, area check ✓)
  ctrnact-star-k8-1205  k=8  3.3*.4.12  ★ CANDIDATE (not in Myers)  (18 cell polys, area check ✓)
  ctrnact-star-k8-1206  k=8  3.3*.4.12  ★ CANDIDATE (not in Myers)  (27 cell polys, area check ✓)
  ctrnact-star-k8-1207  k=8  3.3*.4.12  ★ CANDIDATE (not in Myers)  (30 cell polys, area check ✓)
  ctrnact-star-k8-1208  k=8  3.3*.4.12  ★ CANDIDATE (not in Myers)  (34 cell polys, area check ✓)
  ctrnact-star-k8-1209  k=8  3.3*.4.12  ★ CANDIDATE (not in Myers)  (29 cell polys, area check ✓)
  ctrnact-star-k8-1210  k=8  3.3*.4.12  ★ CANDIDATE (not in Myers)  (31 cell polys, area check ✓)
  ctrnact-star-k8-1211  k=8  3.3*.4.12  ★ CANDIDATE (not in Myers)  (36 cell polys, area check ✓)
  ctrnact-star-k8-1212  k=8  3.3*.4.12  ★ CANDIDATE (not in Myers)  (17 cell polys, area check ✓)
  ctrnact-star-k8-1213  k=8  3.3*.4.12  ★ CANDIDATE (not in Myers)  (15 cell polys, area check ✓)
  ctrnact-star-k8-1214  k=8  3.3*.4.12  ★ CANDIDATE (not in Myers)  (30 cell polys, area check ✓)
  ctrnact-star-k8-1215  k=8  3.3*.4.12  ★ CANDIDATE (not in Myers)  (63 cell polys, area check ✓)
  ctrnact-star-k8-1216  k=8  3.3*.4.12  ★ CANDIDATE (not in Myers)  (57 cell polys, area check ✓)
  ctrnact-star-k8-1217  k=8  3.3*.4.12  ★ CANDIDATE (not in Myers)  (63 cell polys, area check ✓)
  ctrnact-star-k8-1218  k=8  3.3*.4.12  ★ CANDIDATE (not in Myers)  (75 cell polys, area check ✓)
  ctrnact-star-k8-1219  k=8  3.3*.4.12  ★ CANDIDATE (not in Myers)  (75 cell polys, area check ✓)
  ctrnact-star-k8-1220  k=8  3.3*.4.12  ★ CANDIDATE (not in Myers)  (43 cell polys, area check ✓)
  ctrnact-star-k8-1221  k=8  3.3*.4.12  ★ CANDIDATE (not in Myers)  (63 cell polys, area check ✓)
  ctrnact-star-k8-1222  k=8  3.3*.4.4*.12  ★ CANDIDATE (not in Myers)  (23 cell polys, area check ✓)
  ctrnact-star-k8-1223  k=8  3.3*.4.4*.12  ★ CANDIDATE (not in Myers)  (23 cell polys, area check ✓)
  ctrnact-star-k8-1224  k=8  3.3*.4.4*.12  ★ CANDIDATE (not in Myers)  (25 cell polys, area check ✓)
  ctrnact-star-k8-1225  k=8  3.3*.4.4*.12  ★ CANDIDATE (not in Myers)  (30 cell polys, area check ✓)
  ctrnact-star-k8-1226  k=8  3.3*.4.4*.12  ★ CANDIDATE (not in Myers)  (28 cell polys, area check ✓)
  ctrnact-star-k8-1227  k=8  3.3*.4.4*.12  ★ CANDIDATE (not in Myers)  (50 cell polys, area check ✓)
  ctrnact-star-k8-1228  k=8  3.3*.4.4*.12  ★ CANDIDATE (not in Myers)  (24 cell polys, area check ✓)
  ctrnact-star-k8-1229  k=8  3.3*.4.4*.6*.12  ★ CANDIDATE (not in Myers)  (84 cell polys, area check ✓)
  ctrnact-star-k8-1230  k=8  3.3*.4.4*.6*.12  ★ CANDIDATE (not in Myers)  (54 cell polys, area check ✓)
  ctrnact-star-k8-1231  k=8  3.3*.4.4*.6*.12  ★ CANDIDATE (not in Myers)  (78 cell polys, area check ✓)
  ctrnact-star-k8-1232  k=8  3.3*.4.4*.12  ★ CANDIDATE (not in Myers)  (24 cell polys, area check ✓)
  ctrnact-star-k8-1233  k=8  3.3*.4.4*.12  ★ CANDIDATE (not in Myers)  (20 cell polys, area check ✓)
  ctrnact-star-k8-1234  k=8  3.3*.4.4*.12  ★ CANDIDATE (not in Myers)  (20 cell polys, area check ✓)
  ctrnact-star-k8-1235  k=8  3.3*.4.4*.12  ★ CANDIDATE (not in Myers)  (24 cell polys, area check ✓)
  ctrnact-star-k8-1236  k=8  3.3*.4.4*.12  ★ CANDIDATE (not in Myers)  (41 cell polys, area check ✓)
  ctrnact-star-k8-1237  k=8  3.3*.4.4*.12  ★ CANDIDATE (not in Myers)  (42 cell polys, area check ✓)
  ctrnact-star-k8-1238  k=8  3.3*.4.4*.12  ★ CANDIDATE (not in Myers)  (28 cell polys, area check ✓)
  ctrnact-star-k8-1239  k=8  3.3*.4.4*.12  ★ CANDIDATE (not in Myers)  (14 cell polys, area check ✓)
  ctrnact-star-k8-1240  k=8  3.3*.4.4*.12  ★ CANDIDATE (not in Myers)  (31 cell polys, area check ✓)
  ctrnact-star-k8-1241  k=8  3.3*.4.4*.12  ★ CANDIDATE (not in Myers)  (36 cell polys, area check ✓)
  ctrnact-star-k8-1242  k=8  3.3*.4.4*.12  ★ CANDIDATE (not in Myers)  (48 cell polys, area check ✓)
  ctrnact-star-k8-1243  k=8  3.3*.4.4*.12  ★ CANDIDATE (not in Myers)  (48 cell polys, area check ✓)
  ctrnact-star-k8-1244  k=8  3.3*.4.4*.12.12*  ★ CANDIDATE (not in Myers)  (28 cell polys, area check ✓)
  ctrnact-star-k8-1245  k=8  3.3*.4.6*.12  ★ CANDIDATE (not in Myers)  (57 cell polys, area check ✓)
  ctrnact-star-k8-1246  k=8  3.3*.4.12.12*  ★ CANDIDATE (not in Myers)  (66 cell polys, area check ✓)
  ctrnact-star-k8-1247  k=8  3.3*.4.12.12*  ★ CANDIDATE (not in Myers)  (58 cell polys, area check ✓)
  ctrnact-star-k8-1248  k=8  3.3*.4.12.12*  ★ CANDIDATE (not in Myers)  (29 cell polys, area check ✓)
  ctrnact-star-k8-1249  k=8  3.3*.4.6*.12  ★ CANDIDATE (not in Myers)  (51 cell polys, area check ✓)
  ctrnact-star-k8-1250  k=8  3.3*.4.12.12*  ★ CANDIDATE (not in Myers)  (36 cell polys, area check ✓)
  ctrnact-star-k8-1251  k=8  3.3*.4.12.12*  ★ CANDIDATE (not in Myers)  (36 cell polys, area check ✓)
  ctrnact-star-k8-1252  k=8  3.4.4*.12  ★ CANDIDATE (not in Myers)  (54 cell polys, area check ✓)
  ctrnact-star-k8-1253  k=8  3.4.4*.12.12*  ★ CANDIDATE (not in Myers)  (44 cell polys, area check ✓)
  ctrnact-star-k8-1254  k=8  3.4.4*.6*.12  ★ CANDIDATE (not in Myers)  (66 cell polys, area check ✓)
  ctrnact-star-k8-1255  k=8  3.4.4*.12  ★ CANDIDATE (not in Myers)  (34 cell polys, area check ✓)
  ctrnact-star-k8-1256  k=8  3.4.4*.12  ★ CANDIDATE (not in Myers)  (18 cell polys, area check ✓)
  ctrnact-star-k8-1257  k=8  3.4.4*.12  ★ CANDIDATE (not in Myers)  (18 cell polys, area check ✓)
  ctrnact-star-k8-1258  k=8  3.4.4*.12  ★ CANDIDATE (not in Myers)  (16 cell polys, area check ✓)
  ctrnact-star-k8-1259  k=8  3.4.4*.12  ★ CANDIDATE (not in Myers)  (20 cell polys, area check ✓)
  ctrnact-star-k8-1260  k=8  3.4.4*.12  ★ CANDIDATE (not in Myers)  (26 cell polys, area check ✓)
  ctrnact-star-k8-1261  k=8  3.4.4*.12  ★ CANDIDATE (not in Myers)  (29 cell polys, area check ✓)
  ctrnact-star-k8-1262  k=8  3.4.4*.12  ★ CANDIDATE (not in Myers)  (19 cell polys, area check ✓)
  ctrnact-star-k8-1263  k=8  3.4.4*.12  ★ CANDIDATE (not in Myers)  (12 cell polys, area check ✓)
  ctrnact-star-k8-1264  k=8  3.4.4*.12  ★ CANDIDATE (not in Myers)  (15 cell polys, area check ✓)
  ctrnact-star-k8-1265  k=8  3.4.4*.12  ★ CANDIDATE (not in Myers)  (17 cell polys, area check ✓)
  ctrnact-star-k8-1266  k=8  3.4.4*.12  ★ CANDIDATE (not in Myers)  (12 cell polys, area check ✓)
  ctrnact-star-k8-1267  k=8  3.4.4*.12  ★ CANDIDATE (not in Myers)  (16 cell polys, area check ✓)
  ctrnact-star-k8-1268  k=8  3.4.4*.12  ★ CANDIDATE (not in Myers)  (22 cell polys, area check ✓)
  ctrnact-star-k8-1269  k=8  3.4.4*.12  ★ CANDIDATE (not in Myers)  (25 cell polys, area check ✓)
  ctrnact-star-k8-1270  k=8  3.4.4*.12  ★ CANDIDATE (not in Myers)  (13 cell polys, area check ✓)
  ctrnact-star-k8-1271  k=8  3.4.4*.12  ★ CANDIDATE (not in Myers)  (16 cell polys, area check ✓)
  ctrnact-star-k8-1272  k=8  3.4.4*.12  ★ CANDIDATE (not in Myers)  (16 cell polys, area check ✓)
  ctrnact-star-k8-1273  k=8  3.4.4*.12  ★ CANDIDATE (not in Myers)  (18 cell polys, area check ✓)
  ctrnact-star-k8-1274  k=8  3.4.4*.12  ★ CANDIDATE (not in Myers)  (29 cell polys, area check ✓)
  ctrnact-star-k8-1275  k=8  3.4.4*.12  ★ CANDIDATE (not in Myers)  (27 cell polys, area check ✓)
  ctrnact-star-k8-1276  k=8  3.4.4*.12  ★ CANDIDATE (not in Myers)  (25 cell polys, area check ✓)
  ctrnact-star-k8-1277  k=8  3.4.4*.12  ★ CANDIDATE (not in Myers)  (25 cell polys, area check ✓)
  ctrnact-star-k8-1278  k=8  3.4.4*.12  ★ CANDIDATE (not in Myers)  (25 cell polys, area check ✓)
  ctrnact-star-k8-1279  k=8  3.4.4*.12  ★ CANDIDATE (not in Myers)  (50 cell polys, area check ✓)
  ctrnact-star-k8-1280  k=8  3.4.4*.12  ★ CANDIDATE (not in Myers)  (30 cell polys, area check ✓)
  ctrnact-star-k8-1281  k=8  3.4.4*.12  ★ CANDIDATE (not in Myers)  (31 cell polys, area check ✓)
  ctrnact-star-k8-1282  k=8  3.4.4*.12  ★ CANDIDATE (not in Myers)  (32 cell polys, area check ✓)
  ctrnact-star-k8-1283  k=8  3.4.4*.12  ★ CANDIDATE (not in Myers)  (26 cell polys, area check ✓)
  ctrnact-star-k8-1284  k=8  3.4.4*.12  ★ CANDIDATE (not in Myers)  (30 cell polys, area check ✓)
  ctrnact-star-k8-1285  k=8  3.4.4*.12  ★ CANDIDATE (not in Myers)  (38 cell polys, area check ✓)
  ctrnact-star-k8-1286  k=8  3.4.4*.12.12*  ★ CANDIDATE (not in Myers)  (30 cell polys, area check ✓)
  ctrnact-star-k8-1287  k=8  3.4.4*.12.12*  ★ CANDIDATE (not in Myers)  (109 cell polys, area check ✓)
  ctrnact-star-k8-1288  k=8  3.4.4*.12.12*  ★ CANDIDATE (not in Myers)  (109 cell polys, area check ✓)
  ctrnact-star-k8-1289  k=8  3.4.4*.12.12*  ★ CANDIDATE (not in Myers)  (109 cell polys, area check ✓)
  ctrnact-star-k8-1290  k=8  3.4.4*.12.12*  ★ CANDIDATE (not in Myers)  (80 cell polys, area check ✓)
  ctrnact-star-k8-1291  k=8  3.4.4*.12.12*  ★ CANDIDATE (not in Myers)  (56 cell polys, area check ✓)
  ctrnact-star-k8-1292  k=8  3.4.4*.12.12*  ★ CANDIDATE (not in Myers)  (68 cell polys, area check ✓)
  ctrnact-star-k8-1293  k=8  3.4.4*.12.12*  ★ CANDIDATE (not in Myers)  (28 cell polys, area check ✓)
  ctrnact-star-k8-1294  k=8  3.4.4*.12.12*  ★ CANDIDATE (not in Myers)  (37 cell polys, area check ✓)
  ctrnact-star-k8-1295  k=8  3.4.4*.12.12*  ★ CANDIDATE (not in Myers)  (38 cell polys, area check ✓)
  ctrnact-star-k8-1296  k=8  3.4.4*.12.12*  ★ CANDIDATE (not in Myers)  (40 cell polys, area check ✓)
  ctrnact-star-k8-1297  k=8  3.4.4*.12.12*  ★ CANDIDATE (not in Myers)  (38 cell polys, area check ✓)
  ctrnact-star-k8-1298  k=8  3.4.4*.12.12*  ★ CANDIDATE (not in Myers)  (44 cell polys, area check ✓)
  ctrnact-star-k8-1299  k=8  3.4.4*.12.12*  ★ CANDIDATE (not in Myers)  (34 cell polys, area check ✓)
  ctrnact-star-k8-1300  k=8  3.4.4*.12.12*  ★ CANDIDATE (not in Myers)  (92 cell polys, area check ✓)
  ctrnact-star-k8-1301  k=8  3.4.4*.12.12*  ★ CANDIDATE (not in Myers)  (40 cell polys, area check ✓)
  ctrnact-star-k8-1302  k=8  3.4.4*.12.12*  ★ CANDIDATE (not in Myers)  (28 cell polys, area check ✓)
  ctrnact-star-k8-1303  k=8  3.4.4*.12.12*  ★ CANDIDATE (not in Myers)  (31 cell polys, area check ✓)
  ctrnact-star-k8-1304  k=8  3.4.4*.12.12*  ★ CANDIDATE (not in Myers)  (40 cell polys, area check ✓)
  ctrnact-star-k8-1305  k=8  3.4.4*.12.12*  ★ CANDIDATE (not in Myers)  (43 cell polys, area check ✓)
  ctrnact-star-k8-1306  k=8  3.4.4*.12.12*  ★ CANDIDATE (not in Myers)  (36 cell polys, area check ✓)
  ctrnact-star-k8-1307  k=8  3.4.4*.12.12*  ★ CANDIDATE (not in Myers)  (32 cell polys, area check ✓)
  ctrnact-star-k8-1308  k=8  3.4.4*.12.12*  ★ CANDIDATE (not in Myers)  (43 cell polys, area check ✓)
  ctrnact-star-k8-1309  k=8  3.4.4*.12.12*  ★ CANDIDATE (not in Myers)  (40 cell polys, area check ✓)
  ctrnact-star-k8-1310  k=8  3.4.4*.12.12*  ★ CANDIDATE (not in Myers)  (40 cell polys, area check ✓)
  ctrnact-star-k8-1311  k=8  3.4.4*.12.12*  ★ CANDIDATE (not in Myers)  (28 cell polys, area check ✓)
  ctrnact-star-k8-1312  k=8  3.4.4*.12.12*  ★ CANDIDATE (not in Myers)  (31 cell polys, area check ✓)
  ctrnact-star-k8-1313  k=8  3.4.4*.12.12*  ★ CANDIDATE (not in Myers)  (26 cell polys, area check ✓)
  ctrnact-star-k8-1314  k=8  3.4.4*.12.12*  ★ CANDIDATE (not in Myers)  (36 cell polys, area check ✓)
  ctrnact-star-k8-1315  k=8  3.4.4*.12.12*  ★ CANDIDATE (not in Myers)  (26 cell polys, area check ✓)
  ctrnact-star-k8-1316  k=8  3.4.4*.12.12*  ★ CANDIDATE (not in Myers)  (40 cell polys, area check ✓)
  ctrnact-star-k8-1317  k=8  3.4.4*.12.12*  ★ CANDIDATE (not in Myers)  (28 cell polys, area check ✓)
  ctrnact-star-k8-1318  k=8  3.4.4*.12.12*  ★ CANDIDATE (not in Myers)  (28 cell polys, area check ✓)
  ctrnact-star-k8-1319  k=8  3.4.4*.12.12*  ★ CANDIDATE (not in Myers)  (56 cell polys, area check ✓)
  ctrnact-star-k8-1320  k=8  3.4.4*.12.12*  ★ CANDIDATE (not in Myers)  (24 cell polys, area check ✓)
  ctrnact-star-k8-1321  k=8  3.4.4*.12.12*  ★ CANDIDATE (not in Myers)  (36 cell polys, area check ✓)
  ctrnact-star-k8-1322  k=8  3.4.4*.12.12*  ★ CANDIDATE (not in Myers)  (36 cell polys, area check ✓)
  ctrnact-star-k8-1323  k=8  3.4.4*.12.12*  ★ CANDIDATE (not in Myers)  (35 cell polys, area check ✓)
  ctrnact-star-k8-1324  k=8  3.4.4*.12.12*  ★ CANDIDATE (not in Myers)  (26 cell polys, area check ✓)
  ctrnact-star-k8-1325  k=8  3.4.4*.12.12*  ★ CANDIDATE (not in Myers)  (54 cell polys, area check ✓)
  ctrnact-star-k8-1326  k=8  3.4.4*.12.12*  ★ CANDIDATE (not in Myers)  (40 cell polys, area check ✓)
  ctrnact-star-k8-1327  k=8  3.4.4*.12.12*  ★ CANDIDATE (not in Myers)  (32 cell polys, area check ✓)
  ctrnact-star-k8-1328  k=8  3.4.4*.12.12*  ★ CANDIDATE (not in Myers)  (80 cell polys, area check ✓)
  ctrnact-star-k8-1329  k=8  3.4.4*.12.12*  ★ CANDIDATE (not in Myers)  (92 cell polys, area check ✓)
  ctrnact-star-k8-1330  k=8  3.4.4*.12.12*  ★ CANDIDATE (not in Myers)  (52 cell polys, area check ✓)
  ctrnact-star-k8-1331  k=8  3.4.6*.12.12*  ★ CANDIDATE (not in Myers)  (60 cell polys, area check ✓)
  ctrnact-star-k8-1332  k=8  3.4.6*.12.12*  ★ CANDIDATE (not in Myers)  (84 cell polys, area check ✓)
  ctrnact-star-k8-1333  k=8  3.4.6*.12.12*  ★ CANDIDATE (not in Myers)  (96 cell polys, area check ✓)
  ctrnact-star-k8-1334  k=8  3.4.6*.12.12*  ★ CANDIDATE (not in Myers)  (87 cell polys, area check ✓)
  ctrnact-star-k8-1335  k=8  3.4.6*.12.12*  ★ CANDIDATE (not in Myers)  (60 cell polys, area check ✓)
  ctrnact-star-k8-1336  k=8  3.4.6*.12.12*  ★ CANDIDATE (not in Myers)  (75 cell polys, area check ✓)
  ctrnact-star-k8-1337  k=8  3.4.6*.12  ★ CANDIDATE (not in Myers)  (70 cell polys, area check ✓)
  ctrnact-star-k8-1338  k=8  3.4.12.12*  ★ CANDIDATE (not in Myers)  (133 cell polys, area check ✓)
  ctrnact-star-k8-1339  k=8  3.4.12.12*  ★ CANDIDATE (not in Myers)  (133 cell polys, area check ✓)
  ctrnact-star-k8-1340  k=8  3.4.12.12*  ★ CANDIDATE (not in Myers)  (73 cell polys, area check ✓)
  ctrnact-star-k8-1341  k=8  3.4.12.12*  ★ CANDIDATE (not in Myers)  (73 cell polys, area check ✓)
  ctrnact-star-k8-1342  k=8  3.4.12.12*  ★ CANDIDATE (not in Myers)  (30 cell polys, area check ✓)
  ctrnact-star-k8-1343  k=8  3.4.12.12*  ★ CANDIDATE (not in Myers)  (33 cell polys, area check ✓)
  ctrnact-star-k8-1344  k=8  3.4.12.12*  ★ CANDIDATE (not in Myers)  (42 cell polys, area check ✓)
  ctrnact-star-k8-1345  k=8  3.4.12.12*  ★ CANDIDATE (not in Myers)  (45 cell polys, area check ✓)
  ctrnact-star-k8-1346  k=8  3.4.12.12*  ★ CANDIDATE (not in Myers)  (36 cell polys, area check ✓)
  ctrnact-star-k8-1347  k=8  3.4.12.12*  ★ CANDIDATE (not in Myers)  (39 cell polys, area check ✓)
  ctrnact-star-k8-1348  k=8  3.4.12.12*  ★ CANDIDATE (not in Myers)  (48 cell polys, area check ✓)
  ctrnact-star-k8-1349  k=8  3.4.12.12*  ★ CANDIDATE (not in Myers)  (51 cell polys, area check ✓)
  ctrnact-star-k8-1350  k=8  3.4.12.12*  ★ CANDIDATE (not in Myers)  (60 cell polys, area check ✓)
  ctrnact-star-k8-1351  k=8  3.4.12.12*  ★ CANDIDATE (not in Myers)  (46 cell polys, area check ✓)
  ctrnact-star-k8-1352  k=8  3.4.12.12*  ★ CANDIDATE (not in Myers)  (30 cell polys, area check ✓)
  ctrnact-star-k8-1353  k=8  3.4.12.12*  ★ CANDIDATE (not in Myers)  (33 cell polys, area check ✓)
  ctrnact-star-k8-1354  k=8  3.4.12.12*  ★ CANDIDATE (not in Myers)  (42 cell polys, area check ✓)
  ctrnact-star-k8-1355  k=8  3.4.12.12*  ★ CANDIDATE (not in Myers)  (45 cell polys, area check ✓)
  ctrnact-star-k8-1356  k=8  3.4.12.12*  ★ CANDIDATE (not in Myers)  (68 cell polys, area check ✓)
  ctrnact-star-k8-1357  k=8  3.4.12.12*  ★ CANDIDATE (not in Myers)  (68 cell polys, area check ✓)
  ctrnact-star-k8-1358  k=8  3.4.12.12*  ★ CANDIDATE (not in Myers)  (42 cell polys, area check ✓)
  ctrnact-star-k8-1359  k=8  3.4.12.12*  ★ CANDIDATE (not in Myers)  (116 cell polys, area check ✓)
  ctrnact-star-k8-1360  k=8  3.4.12.12*  ★ CANDIDATE (not in Myers)  (70 cell polys, area check ✓)
  ctrnact-star-k8-1361  k=8  3.4.12.12*  ★ CANDIDATE (not in Myers)  (44 cell polys, area check ✓)
  ctrnact-star-k8-1362  k=8  3.4.12.12*  ★ CANDIDATE (not in Myers)  (33 cell polys, area check ✓)
  ctrnact-star-k8-1363  k=8  3.4.12.12*  ★ CANDIDATE (not in Myers)  (45 cell polys, area check ✓)
  ctrnact-star-k8-1364  k=8  3.4.12.12*  ★ CANDIDATE (not in Myers)  (116 cell polys, area check ✓)
  ctrnact-star-k8-1365  k=8  3.4.12.12*  ★ CANDIDATE (not in Myers)  (70 cell polys, area check ✓)
  ctrnact-star-k8-1366  k=8  3.4.12.12*  ★ CANDIDATE (not in Myers)  (42 cell polys, area check ✓)
  ctrnact-star-k8-1367  k=8  3.4.12.12*  ★ CANDIDATE (not in Myers)  (42 cell polys, area check ✓)
  ctrnact-star-k8-1368  k=8  3.4.12.12*  ★ CANDIDATE (not in Myers)  (30 cell polys, area check ✓)
  ctrnact-star-k8-1369  k=8  3.4.12.12*  ★ CANDIDATE (not in Myers)  (48 cell polys, area check ✓)
  ctrnact-star-k8-1370  k=8  3.4.12.12*  ★ CANDIDATE (not in Myers)  (84 cell polys, area check ✓)
  ctrnact-star-k8-1371  k=8  3.4.6*.12.12*  ★ CANDIDATE (not in Myers)  (48 cell polys, area check ✓)
  ctrnact-star-k8-1372  k=8  3.4.6*.12.12*  ★ CANDIDATE (not in Myers)  (51 cell polys, area check ✓)
  ctrnact-star-k8-1373  k=8  3.4.12.12*  ★ CANDIDATE (not in Myers)  (56 cell polys, area check ✓)
  ctrnact-star-k8-1374  k=8  3.4.12.12*  ★ CANDIDATE (not in Myers)  (44 cell polys, area check ✓)
  ctrnact-star-k8-1375  k=8  3.4.12.12*  ★ CANDIDATE (not in Myers)  (81 cell polys, area check ✓)
  ctrnact-star-k8-1376  k=8  3.3*.4  ★ CANDIDATE (not in Myers)  (15 cell polys, area check ✓)
  ctrnact-star-k8-1377  k=8  3.3*.4  ★ CANDIDATE (not in Myers)  (68 cell polys, area check ✓)
  ctrnact-star-k8-1378  k=8  3.3*.4  ★ CANDIDATE (not in Myers)  (30 cell polys, area check ✓)
  ctrnact-star-k8-1379  k=8  3.3*.4  ★ CANDIDATE (not in Myers)  (68 cell polys, area check ✓)
  ctrnact-star-k8-1380  k=8  3.3*.4  ★ CANDIDATE (not in Myers)  (18 cell polys, area check ✓)
  ctrnact-star-k8-1381  k=8  3.3*.4  ★ CANDIDATE (not in Myers)  (36 cell polys, area check ✓)
  ctrnact-star-k8-1382  k=8  3.3*.4  ★ CANDIDATE (not in Myers)  (30 cell polys, area check ✓)
  ctrnact-star-k8-1383  k=8  3.3*.4  ★ CANDIDATE (not in Myers)  (64 cell polys, area check ✓)
  ctrnact-star-k8-1384  k=8  3.3*.4  ★ CANDIDATE (not in Myers)  (28 cell polys, area check ✓)
  ctrnact-star-k8-1385  k=8  3.3*.4  ★ CANDIDATE (not in Myers)  (16 cell polys, area check ✓)
  ctrnact-star-k8-1386  k=8  3.3*.4  ★ CANDIDATE (not in Myers)  (25 cell polys, area check ✓)
  ctrnact-star-k8-1387  k=8  3.3*.4  ★ CANDIDATE (not in Myers)  (28 cell polys, area check ✓)
  ctrnact-star-k8-1388  k=8  3.3*.4  ★ CANDIDATE (not in Myers)  (20 cell polys, area check ✓)
  ctrnact-star-k8-1389  k=8  3.3*.4  ★ CANDIDATE (not in Myers)  (40 cell polys, area check ✓)
  ctrnact-star-k8-1390  k=8  3.3*.4  ★ CANDIDATE (not in Myers)  (38 cell polys, area check ✓)
  ctrnact-star-k8-1391  k=8  3.3*.4  ★ CANDIDATE (not in Myers)  (19 cell polys, area check ✓)
  ctrnact-star-k8-1392  k=8  3.3*.4  ★ CANDIDATE (not in Myers)  (47 cell polys, area check ✓)
  ctrnact-star-k8-1393  k=8  3.3*.4  ★ CANDIDATE (not in Myers)  (44 cell polys, area check ✓)
  ctrnact-star-k8-1394  k=8  3.3*.4  ★ CANDIDATE (not in Myers)  (47 cell polys, area check ✓)
  ctrnact-star-k8-1395  k=8  3.3*.4  ★ CANDIDATE (not in Myers)  (47 cell polys, area check ✓)
  ctrnact-star-k8-1396  k=8  3.3*.4  ★ CANDIDATE (not in Myers)  (16 cell polys, area check ✓)
  ctrnact-star-k8-1397  k=8  3.3*.4  ★ CANDIDATE (not in Myers)  (33 cell polys, area check ✓)
  ctrnact-star-k8-1398  k=8  3.3*.4  ★ CANDIDATE (not in Myers)  (33 cell polys, area check ✓)
  ctrnact-star-k8-1399  k=8  3.3*.4  ★ CANDIDATE (not in Myers)  (32 cell polys, area check ✓)
  ctrnact-star-k8-1400  k=8  3.3*.4  ★ CANDIDATE (not in Myers)  (19 cell polys, area check ✓)
  ctrnact-star-k8-1401  k=8  3.3*.4  ★ CANDIDATE (not in Myers)  (20 cell polys, area check ✓)
  ctrnact-star-k8-1402  k=8  3.3*.4  ★ CANDIDATE (not in Myers)  (19 cell polys, area check ✓)
  ctrnact-star-k8-1403  k=8  3.3*.4  ★ CANDIDATE (not in Myers)  (40 cell polys, area check ✓)
  ctrnact-star-k8-1404  k=8  3.3*.4  ★ CANDIDATE (not in Myers)  (20 cell polys, area check ✓)
  ctrnact-star-k8-1405  k=8  3.3*.4  ★ CANDIDATE (not in Myers)  (30 cell polys, area check ✓)
  ctrnact-star-k8-1406  k=8  3.3*.4  ★ CANDIDATE (not in Myers)  (16 cell polys, area check ✓)
  ctrnact-star-k8-1407  k=8  3.3*.4  ★ CANDIDATE (not in Myers)  (33 cell polys, area check ✓)
  ctrnact-star-k8-1408  k=8  3.3*.4  ★ CANDIDATE (not in Myers)  (33 cell polys, area check ✓)
  ctrnact-star-k8-1409  k=8  3.3*.4  ★ CANDIDATE (not in Myers)  (28 cell polys, area check ✓)
  ctrnact-star-k8-1410  k=8  3.3*.4  ★ CANDIDATE (not in Myers)  (14 cell polys, area check ✓)
  ctrnact-star-k8-1411  k=8  3.3*.4  ★ CANDIDATE (not in Myers)  (30 cell polys, area check ✓)
  ctrnact-star-k8-1412  k=8  3.3*.4  ★ CANDIDATE (not in Myers)  (15 cell polys, area check ✓)
  ctrnact-star-k8-1413  k=8  3.3*.4  ★ CANDIDATE (not in Myers)  (15 cell polys, area check ✓)
  ctrnact-star-k8-1414  k=8  3.3*.4  ★ CANDIDATE (not in Myers)  (30 cell polys, area check ✓)
  ctrnact-star-k8-1415  k=8  3.3*.4  ★ CANDIDATE (not in Myers)  (15 cell polys, area check ✓)
  ctrnact-star-k8-1416  k=8  3.3*.4  ★ CANDIDATE (not in Myers)  (30 cell polys, area check ✓)
  ctrnact-star-k8-1417  k=8  3.3*.4  ★ CANDIDATE (not in Myers)  (15 cell polys, area check ✓)
  ctrnact-star-k8-1418  k=8  3.3*.4  ★ CANDIDATE (not in Myers)  (28 cell polys, area check ✓)
  ctrnact-star-k8-1419  k=8  3.3*.4  ★ CANDIDATE (not in Myers)  (14 cell polys, area check ✓)
  ctrnact-star-k8-1420  k=8  3.3*.4  ★ CANDIDATE (not in Myers)  (30 cell polys, area check ✓)
  ctrnact-star-k8-1421  k=8  3.3*.4  ★ CANDIDATE (not in Myers)  (28 cell polys, area check ✓)
  ctrnact-star-k8-1422  k=8  3.3*.4  ★ CANDIDATE (not in Myers)  (14 cell polys, area check ✓)
  ctrnact-star-k8-1423  k=8  3.3*.4  ★ CANDIDATE (not in Myers)  (15 cell polys, area check ✓)
  ctrnact-star-k8-1424  k=8  3.3*.4  ★ CANDIDATE (not in Myers)  (30 cell polys, area check ✓)
  ctrnact-star-k8-1425  k=8  3.3*.4  ★ CANDIDATE (not in Myers)  (16 cell polys, area check ✓)
  ctrnact-star-k8-1426  k=8  3.3*.4  ★ CANDIDATE (not in Myers)  (32 cell polys, area check ✓)
  ctrnact-star-k8-1427  k=8  3.3*.4  ★ CANDIDATE (not in Myers)  (32 cell polys, area check ✓)
  ctrnact-star-k8-1428  k=8  3.3*.4  ★ CANDIDATE (not in Myers)  (16 cell polys, area check ✓)
  ctrnact-star-k8-1429  k=8  3.3*.4  ★ CANDIDATE (not in Myers)  (32 cell polys, area check ✓)
  ctrnact-star-k8-1430  k=8  3.3*.4  ★ CANDIDATE (not in Myers)  (16 cell polys, area check ✓)
  ctrnact-star-k8-1431  k=8  3.3*.4  ★ CANDIDATE (not in Myers)  (32 cell polys, area check ✓)
  ctrnact-star-k8-1432  k=8  3.3*.4  ★ CANDIDATE (not in Myers)  (15 cell polys, area check ✓)
  ctrnact-star-k8-1433  k=8  3.3*.4  ★ CANDIDATE (not in Myers)  (30 cell polys, area check ✓)
  ctrnact-star-k8-1434  k=8  3.3*.4  ★ CANDIDATE (not in Myers)  (32 cell polys, area check ✓)
  ctrnact-star-k8-1435  k=8  3.3*.4  ★ CANDIDATE (not in Myers)  (15 cell polys, area check ✓)
  ctrnact-star-k8-1436  k=8  3.3*.4  ★ CANDIDATE (not in Myers)  (30 cell polys, area check ✓)
  ctrnact-star-k8-1437  k=8  3.3*.4  ★ CANDIDATE (not in Myers)  (30 cell polys, area check ✓)
  ctrnact-star-k8-1438  k=8  3.3*.4  ★ CANDIDATE (not in Myers)  (15 cell polys, area check ✓)
  ctrnact-star-k8-1439  k=8  3.3*.4  ★ CANDIDATE (not in Myers)  (32 cell polys, area check ✓)
  ctrnact-star-k8-1440  k=8  3.3*.4  ★ CANDIDATE (not in Myers)  (16 cell polys, area check ✓)
  ctrnact-star-k8-1441  k=8  3.3*.4  ★ CANDIDATE (not in Myers)  (16 cell polys, area check ✓)
  ctrnact-star-k8-1442  k=8  3.3*.4  ★ CANDIDATE (not in Myers)  (32 cell polys, area check ✓)
  ctrnact-star-k8-1443  k=8  3.3*.4  ★ CANDIDATE (not in Myers)  (16 cell polys, area check ✓)
  ctrnact-star-k8-1444  k=8  3.3*.4  ★ CANDIDATE (not in Myers)  (32 cell polys, area check ✓)
  ctrnact-star-k8-1445  k=8  3.3*.4  ★ CANDIDATE (not in Myers)  (30 cell polys, area check ✓)
  ctrnact-star-k8-1446  k=8  3.3*.4  ★ CANDIDATE (not in Myers)  (15 cell polys, area check ✓)
  ctrnact-star-k8-1447  k=8  3.3*.4  ★ CANDIDATE (not in Myers)  (30 cell polys, area check ✓)
  ctrnact-star-k8-1448  k=8  3.3*.4  ★ CANDIDATE (not in Myers)  (15 cell polys, area check ✓)
  ctrnact-star-k8-1449  k=8  3.3*.4  ★ CANDIDATE (not in Myers)  (14 cell polys, area check ✓)
  ctrnact-star-k8-1450  k=8  3.3*.4  ★ CANDIDATE (not in Myers)  (28 cell polys, area check ✓)
  ctrnact-star-k8-1451  k=8  3.3*.4  ★ CANDIDATE (not in Myers)  (15 cell polys, area check ✓)
  ctrnact-star-k8-1452  k=8  3.3*.4  ★ CANDIDATE (not in Myers)  (30 cell polys, area check ✓)
  ctrnact-star-k8-1453  k=8  3.3*.4  ★ CANDIDATE (not in Myers)  (28 cell polys, area check ✓)
  ctrnact-star-k8-1454  k=8  3.3*.4  ★ CANDIDATE (not in Myers)  (28 cell polys, area check ✓)
  ctrnact-star-k8-1455  k=8  3.3*.4  ★ CANDIDATE (not in Myers)  (30 cell polys, area check ✓)
  ctrnact-star-k8-1456  k=8  3.3*.4  ★ CANDIDATE (not in Myers)  (15 cell polys, area check ✓)
  ctrnact-star-k8-1457  k=8  3.3*.4  ★ CANDIDATE (not in Myers)  (30 cell polys, area check ✓)
  ctrnact-star-k8-1458  k=8  3.3*.4  ★ CANDIDATE (not in Myers)  (15 cell polys, area check ✓)
  ctrnact-star-k8-1459  k=8  3.3*.4  ★ CANDIDATE (not in Myers)  (28 cell polys, area check ✓)
  ctrnact-star-k8-1460  k=8  3.3*.4  ★ CANDIDATE (not in Myers)  (14 cell polys, area check ✓)
  ctrnact-star-k8-1461  k=8  3.3*.4  ★ CANDIDATE (not in Myers)  (30 cell polys, area check ✓)
  ctrnact-star-k8-1462  k=8  3.3*.4  ★ CANDIDATE (not in Myers)  (15 cell polys, area check ✓)
  ctrnact-star-k8-1463  k=8  3.3*.4  ★ CANDIDATE (not in Myers)  (14 cell polys, area check ✓)
  ctrnact-star-k8-1464  k=8  3.3*.4  ★ CANDIDATE (not in Myers)  (14 cell polys, area check ✓)
  ctrnact-star-k8-1465  k=8  3.3*.4  ★ CANDIDATE (not in Myers)  (15 cell polys, area check ✓)
  ctrnact-star-k8-1466  k=8  3.3*.4  ★ CANDIDATE (not in Myers)  (30 cell polys, area check ✓)
  ctrnact-star-k8-1467  k=8  3.3*.4  ★ CANDIDATE (not in Myers)  (15 cell polys, area check ✓)
  ctrnact-star-k8-1468  k=8  3.3*.4  ★ CANDIDATE (not in Myers)  (30 cell polys, area check ✓)
  ctrnact-star-k8-1469  k=8  3.3*.4  ★ CANDIDATE (not in Myers)  (15 cell polys, area check ✓)
  ctrnact-star-k8-1470  k=8  3.3*.4  ★ CANDIDATE (not in Myers)  (30 cell polys, area check ✓)
  ctrnact-star-k8-1471  k=8  3.3*.4  ★ CANDIDATE (not in Myers)  (16 cell polys, area check ✓)
  ctrnact-star-k8-1472  k=8  3.3*.4  ★ CANDIDATE (not in Myers)  (32 cell polys, area check ✓)
  ctrnact-star-k8-1473  k=8  3.3*.4  ★ CANDIDATE (not in Myers)  (30 cell polys, area check ✓)
  ctrnact-star-k8-1474  k=8  3.3*.4  ★ CANDIDATE (not in Myers)  (30 cell polys, area check ✓)
  ctrnact-star-k8-1475  k=8  3.3*.4  ★ CANDIDATE (not in Myers)  (32 cell polys, area check ✓)
  ctrnact-star-k8-1476  k=8  3.3*.4  ★ CANDIDATE (not in Myers)  (16 cell polys, area check ✓)
  ctrnact-star-k8-1477  k=8  3.3*.4  ★ CANDIDATE (not in Myers)  (32 cell polys, area check ✓)
  ctrnact-star-k8-1478  k=8  3.3*.4  ★ CANDIDATE (not in Myers)  (16 cell polys, area check ✓)
  ctrnact-star-k8-1479  k=8  3.3*.4  ★ CANDIDATE (not in Myers)  (30 cell polys, area check ✓)
  ctrnact-star-k8-1480  k=8  3.3*.4  ★ CANDIDATE (not in Myers)  (15 cell polys, area check ✓)
  ctrnact-star-k8-1481  k=8  3.3*.4  ★ CANDIDATE (not in Myers)  (32 cell polys, area check ✓)
  ctrnact-star-k8-1482  k=8  3.3*.4  ★ CANDIDATE (not in Myers)  (16 cell polys, area check ✓)
  ctrnact-star-k8-1483  k=8  3.3*.4  ★ CANDIDATE (not in Myers)  (15 cell polys, area check ✓)
  ctrnact-star-k8-1484  k=8  3.3*.4  ★ CANDIDATE (not in Myers)  (15 cell polys, area check ✓)
  ctrnact-star-k8-1485  k=8  3.3*.4  ★ CANDIDATE (not in Myers)  (16 cell polys, area check ✓)
  ctrnact-star-k8-1486  k=8  3.3*.4  ★ CANDIDATE (not in Myers)  (32 cell polys, area check ✓)
  ctrnact-star-k8-1487  k=8  3.3*.4  ★ CANDIDATE (not in Myers)  (16 cell polys, area check ✓)
  ctrnact-star-k8-1488  k=8  3.3*.4  ★ CANDIDATE (not in Myers)  (32 cell polys, area check ✓)
  ctrnact-star-k8-1489  k=8  3.3*.4  ★ CANDIDATE (not in Myers)  (28 cell polys, area check ✓)
  ctrnact-star-k8-1490  k=8  3.3*.4  ★ CANDIDATE (not in Myers)  (28 cell polys, area check ✓)
  ctrnact-star-k8-1491  k=8  3.3*.4  ★ CANDIDATE (not in Myers)  (14 cell polys, area check ✓)
  ctrnact-star-k8-1492  k=8  3.3*.4  ★ CANDIDATE (not in Myers)  (14 cell polys, area check ✓)
  ctrnact-star-k8-1493  k=8  3.3*.4  ★ CANDIDATE (not in Myers)  (30 cell polys, area check ✓)
  ctrnact-star-k8-1494  k=8  3.3*.4  ★ CANDIDATE (not in Myers)  (30 cell polys, area check ✓)
  ctrnact-star-k8-1495  k=8  3.3*.4  ★ CANDIDATE (not in Myers)  (15 cell polys, area check ✓)
  ctrnact-star-k8-1496  k=8  3.3*.4  ★ CANDIDATE (not in Myers)  (15 cell polys, area check ✓)
  ctrnact-star-k8-1497  k=8  3.3*.4  ★ CANDIDATE (not in Myers)  (14 cell polys, area check ✓)
  ctrnact-star-k8-1498  k=8  3.3*.4  ★ CANDIDATE (not in Myers)  (28 cell polys, area check ✓)
  ctrnact-star-k8-1499  k=8  3.3*.4  ★ CANDIDATE (not in Myers)  (28 cell polys, area check ✓)
  ctrnact-star-k8-1500  k=8  3.3*.4  ★ CANDIDATE (not in Myers)  (14 cell polys, area check ✓)
  ctrnact-star-k8-1501  k=8  3.3*.4  ★ CANDIDATE (not in Myers)  (15 cell polys, area check ✓)
  ctrnact-star-k8-1502  k=8  3.3*.4  ★ CANDIDATE (not in Myers)  (30 cell polys, area check ✓)
  ctrnact-star-k8-1503  k=8  3.3*.4  ★ CANDIDATE (not in Myers)  (30 cell polys, area check ✓)
  ctrnact-star-k8-1504  k=8  3.3*.4  ★ CANDIDATE (not in Myers)  (15 cell polys, area check ✓)
  ctrnact-star-k8-1505  k=8  3.3*.4  ★ CANDIDATE (not in Myers)  (30 cell polys, area check ✓)
  ctrnact-star-k8-1506  k=8  3.3*.4  ★ CANDIDATE (not in Myers)  (15 cell polys, area check ✓)
  ctrnact-star-k8-1507  k=8  3.3*.4  ★ CANDIDATE (not in Myers)  (15 cell polys, area check ✓)
  ctrnact-star-k8-1508  k=8  3.3*.4  ★ CANDIDATE (not in Myers)  (30 cell polys, area check ✓)
  ctrnact-star-k8-1509  k=8  3.3*.4  ★ CANDIDATE (not in Myers)  (32 cell polys, area check ✓)
  ctrnact-star-k8-1510  k=8  3.3*.4  ★ CANDIDATE (not in Myers)  (16 cell polys, area check ✓)
  ctrnact-star-k8-1511  k=8  3.3*.4  ★ CANDIDATE (not in Myers)  (16 cell polys, area check ✓)
  ctrnact-star-k8-1512  k=8  3.3*.4  ★ CANDIDATE (not in Myers)  (32 cell polys, area check ✓)
  ctrnact-star-k8-1513  k=8  3.3*.4  ★ CANDIDATE (not in Myers)  (32 cell polys, area check ✓)
  ctrnact-star-k8-1514  k=8  3.3*.4  ★ CANDIDATE (not in Myers)  (32 cell polys, area check ✓)
  ctrnact-star-k8-1515  k=8  3.3*.4  ★ CANDIDATE (not in Myers)  (56 cell polys, area check ✓)
  ctrnact-star-k8-1516  k=8  3.3*.4  ★ CANDIDATE (not in Myers)  (47 cell polys, area check ✓)
  ctrnact-star-k8-1517  k=8  3.3*.4  ★ CANDIDATE (not in Myers)  (20 cell polys, area check ✓)
  ctrnact-star-k8-1518  k=8  3.3*.4  ★ CANDIDATE (not in Myers)  (18 cell polys, area check ✓)
  ctrnact-star-k8-1519  k=8  3.3*.4  ★ CANDIDATE (not in Myers)  (20 cell polys, area check ✓)
  ctrnact-star-k8-1520  k=8  3.3*.4  ★ CANDIDATE (not in Myers)  (20 cell polys, area check ✓)
  ctrnact-star-k8-1521  k=8  3.3*.4  ★ CANDIDATE (not in Myers)  (40 cell polys, area check ✓)
  ctrnact-star-k8-1522  k=8  3.3*.4  ★ CANDIDATE (not in Myers)  (20 cell polys, area check ✓)
  ctrnact-star-k8-1523  k=8  3.3*.4  ★ CANDIDATE (not in Myers)  (20 cell polys, area check ✓)
  ctrnact-star-k8-1524  k=8  3.3*.4  ★ CANDIDATE (not in Myers)  (18 cell polys, area check ✓)
  ctrnact-star-k8-1525  k=8  3.3*.4  ★ CANDIDATE (not in Myers)  (19 cell polys, area check ✓)
  ctrnact-star-k8-1526  k=8  3.3*.4  ★ CANDIDATE (not in Myers)  (50 cell polys, area check ✓)
  ctrnact-star-k8-1527  k=8  3.3*.4  ★ CANDIDATE (not in Myers)  (38 cell polys, area check ✓)
  ctrnact-star-k8-1528  k=8  3.3*.4  ★ CANDIDATE (not in Myers)  (38 cell polys, area check ✓)
  ctrnact-star-k8-1529  k=8  3.3*.4  ★ CANDIDATE (not in Myers)  (18 cell polys, area check ✓)
  ctrnact-star-k8-1530  k=8  3.3*.4  ★ CANDIDATE (not in Myers)  (36 cell polys, area check ✓)
  ctrnact-star-k8-1531  k=8  3.3*.4  ★ CANDIDATE (not in Myers)  (20 cell polys, area check ✓)
  ctrnact-star-k8-1532  k=8  3.3*.4  ★ CANDIDATE (not in Myers)  (20 cell polys, area check ✓)
  ctrnact-star-k8-1533  k=8  3.3*.4  ★ CANDIDATE (not in Myers)  (20 cell polys, area check ✓)
  ctrnact-star-k8-1534  k=8  3.3*.4  ★ CANDIDATE (not in Myers)  (20 cell polys, area check ✓)
  ctrnact-star-k8-1535  k=8  3.3*.4  ★ CANDIDATE (not in Myers)  (40 cell polys, area check ✓)
  ctrnact-star-k8-1536  k=8  3.3*.4  ★ CANDIDATE (not in Myers)  (20 cell polys, area check ✓)
  ctrnact-star-k8-1537  k=8  3.3*.4  ★ CANDIDATE (not in Myers)  (20 cell polys, area check ✓)
  ctrnact-star-k8-1538  k=8  3.3*.4  ★ CANDIDATE (not in Myers)  (40 cell polys, area check ✓)
  ctrnact-star-k8-1539  k=8  3.3*.4  ★ CANDIDATE (not in Myers)  (20 cell polys, area check ✓)
  ctrnact-star-k8-1540  k=8  3.3*.4  ★ CANDIDATE (not in Myers)  (40 cell polys, area check ✓)
  ctrnact-star-k8-1541  k=8  3.3*.4  ★ CANDIDATE (not in Myers)  (36 cell polys, area check ✓)
  ctrnact-star-k8-1542  k=8  3.3*.4  ★ CANDIDATE (not in Myers)  (40 cell polys, area check ✓)
  ctrnact-star-k8-1543  k=8  3.3*.4  ★ CANDIDATE (not in Myers)  (20 cell polys, area check ✓)
  ctrnact-star-k8-1544  k=8  3.3*.4  ★ CANDIDATE (not in Myers)  (20 cell polys, area check ✓)
  ctrnact-star-k8-1545  k=8  3.3*.4  ★ CANDIDATE (not in Myers)  (40 cell polys, area check ✓)
  ctrnact-star-k8-1546  k=8  3.3*.4  ★ CANDIDATE (not in Myers)  (20 cell polys, area check ✓)
  ctrnact-star-k8-1547  k=8  3.3*.4  ★ CANDIDATE (not in Myers)  (10 cell polys, area check ✓)
  ctrnact-star-k8-1548  k=8  3.3*.4  ★ CANDIDATE (not in Myers)  (20 cell polys, area check ✓)
  ctrnact-star-k8-1549  k=8  3.3*.4  ★ CANDIDATE (not in Myers)  (20 cell polys, area check ✓)
  ctrnact-star-k8-1550  k=8  3.3*.4  ★ CANDIDATE (not in Myers)  (40 cell polys, area check ✓)
  ctrnact-star-k8-1551  k=8  3.3*.4  ★ CANDIDATE (not in Myers)  (20 cell polys, area check ✓)
  ctrnact-star-k8-1552  k=8  3.3*.4  ★ CANDIDATE (not in Myers)  (40 cell polys, area check ✓)
  ctrnact-star-k8-1553  k=8  3.3*.4  ★ CANDIDATE (not in Myers)  (20 cell polys, area check ✓)
  ctrnact-star-k8-1554  k=8  3.3*.4  ★ CANDIDATE (not in Myers)  (20 cell polys, area check ✓)
  ctrnact-star-k8-1555  k=8  3.3*.4  ★ CANDIDATE (not in Myers)  (20 cell polys, area check ✓)
  ctrnact-star-k8-1556  k=8  3.3*.4  ★ CANDIDATE (not in Myers)  (40 cell polys, area check ✓)
  ctrnact-star-k8-1557  k=8  3.3*.4  ★ CANDIDATE (not in Myers)  (20 cell polys, area check ✓)
  ctrnact-star-k8-1558  k=8  3.3*.4  ★ CANDIDATE (not in Myers)  (20 cell polys, area check ✓)
  ctrnact-star-k8-1559  k=8  3.3*.4  ★ CANDIDATE (not in Myers)  (40 cell polys, area check ✓)
  ctrnact-star-k8-1560  k=8  3.3*.4  ★ CANDIDATE (not in Myers)  (20 cell polys, area check ✓)
  ctrnact-star-k8-1561  k=8  3.3*.4  ★ CANDIDATE (not in Myers)  (10 cell polys, area check ✓)
  ctrnact-star-k8-1562  k=8  3.3*.4  ★ CANDIDATE (not in Myers)  (40 cell polys, area check ✓)
  ctrnact-star-k8-1563  k=8  3.3*.4  ★ CANDIDATE (not in Myers)  (20 cell polys, area check ✓)
  ctrnact-star-k8-1564  k=8  3.3*.4  ★ CANDIDATE (not in Myers)  (20 cell polys, area check ✓)
  ctrnact-star-k8-1565  k=8  3.3*.4  ★ CANDIDATE (not in Myers)  (62 cell polys, area check ✓)
  ctrnact-star-k8-1566  k=8  3.3*.4  ★ CANDIDATE (not in Myers)  (20 cell polys, area check ✓)
  ctrnact-star-k8-1567  k=8  3.3*.4  ★ CANDIDATE (not in Myers)  (62 cell polys, area check ✓)
  ctrnact-star-k8-1568  k=8  3.3*.4  ★ CANDIDATE (not in Myers)  (40 cell polys, area check ✓)
  ctrnact-star-k8-1569  k=8  3.3*.4  ★ CANDIDATE (not in Myers)  (20 cell polys, area check ✓)
  ctrnact-star-k8-1570  k=8  3.3*.4  ★ CANDIDATE (not in Myers)  (56 cell polys, area check ✓)
  ctrnact-star-k8-1571  k=8  3.3*.4  ★ CANDIDATE (not in Myers)  (19 cell polys, area check ✓)
  ctrnact-star-k8-1572  k=8  3.3*.4  ★ CANDIDATE (not in Myers)  (40 cell polys, area check ✓)
  ctrnact-star-k8-1573  k=8  3.3*.4  ★ CANDIDATE (not in Myers)  (20 cell polys, area check ✓)
  ctrnact-star-k8-1574  k=8  3.3*.4  ★ CANDIDATE (not in Myers)  (20 cell polys, area check ✓)
  ctrnact-star-k8-1575  k=8  3.3*.4  ★ CANDIDATE (not in Myers)  (40 cell polys, area check ✓)
  ctrnact-star-k8-1576  k=8  3.3*.4  ★ CANDIDATE (not in Myers)  (36 cell polys, area check ✓)
  ctrnact-star-k8-1577  k=8  3.3*.4  ★ CANDIDATE (not in Myers)  (62 cell polys, area check ✓)
  ctrnact-star-k8-1578  k=8  3.3*.4  ★ CANDIDATE (not in Myers)  (20 cell polys, area check ✓)
  ctrnact-star-k8-1579  k=8  3.3*.4  ★ CANDIDATE (not in Myers)  (40 cell polys, area check ✓)
  ctrnact-star-k8-1580  k=8  3.3*.4  ★ CANDIDATE (not in Myers)  (20 cell polys, area check ✓)
  ctrnact-star-k8-1581  k=8  3.3*.4  ★ CANDIDATE (not in Myers)  (20 cell polys, area check ✓)
  ctrnact-star-k8-1582  k=8  3.3*.4  ★ CANDIDATE (not in Myers)  (20 cell polys, area check ✓)
  ctrnact-star-k8-1583  k=8  3.3*.4  ★ CANDIDATE (not in Myers)  (20 cell polys, area check ✓)
  ctrnact-star-k8-1584  k=8  3.3*.4  ★ CANDIDATE (not in Myers)  (20 cell polys, area check ✓)
  ctrnact-star-k8-1585  k=8  3.3*.4  ★ CANDIDATE (not in Myers)  (10 cell polys, area check ✓)
  ctrnact-star-k8-1586  k=8  3.3*.4  ★ CANDIDATE (not in Myers)  (50 cell polys, area check ✓)
  ctrnact-star-k8-1587  k=8  3.3*.4  ★ CANDIDATE (not in Myers)  (18 cell polys, area check ✓)
  ctrnact-star-k8-1588  k=8  3.3*.4  ★ CANDIDATE (not in Myers)  (50 cell polys, area check ✓)
  ctrnact-star-k8-1589  k=8  3.3*.4  ★ CANDIDATE (not in Myers)  (16 cell polys, area check ✓)
  ctrnact-star-k8-1590  k=8  3.3*.4  ★ CANDIDATE (not in Myers)  (17 cell polys, area check ✓)
  ctrnact-star-k8-1591  k=8  3.3*.4  ★ CANDIDATE (not in Myers)  (17 cell polys, area check ✓)
  ctrnact-star-k8-1592  k=8  3.3*.4  ★ CANDIDATE (not in Myers)  (18 cell polys, area check ✓)
  ctrnact-star-k8-1593  k=8  3.3*.4  ★ CANDIDATE (not in Myers)  (18 cell polys, area check ✓)
  ctrnact-star-k8-1594  k=8  3.3*.4  ★ CANDIDATE (not in Myers)  (56 cell polys, area check ✓)
  ctrnact-star-k8-1595  k=8  3.3*.4  ★ CANDIDATE (not in Myers)  (51 cell polys, area check ✓)
  ctrnact-star-k8-1596  k=8  3.3*.4  ★ CANDIDATE (not in Myers)  (21 cell polys, area check ✓)
  ctrnact-star-k8-1597  k=8  3.3*.4  ★ CANDIDATE (not in Myers)  (20 cell polys, area check ✓)
  ctrnact-star-k8-1598  k=8  3.3*.4  ★ CANDIDATE (not in Myers)  (44 cell polys, area check ✓)
  ctrnact-star-k8-1599  k=8  3.3*.4  ★ CANDIDATE (not in Myers)  (20 cell polys, area check ✓)
  ctrnact-star-k8-1600  k=8  3.3*.4  ★ CANDIDATE (not in Myers)  (20 cell polys, area check ✓)
  ctrnact-star-k8-1601  k=8  3.3*.4  ★ CANDIDATE (not in Myers)  (63 cell polys, area check ✓)
  ctrnact-star-k8-1602  k=8  3.3*.4  ★ CANDIDATE (not in Myers)  (71 cell polys, area check ✓)
  ctrnact-star-k8-1603  k=8  3.3*.4  ★ CANDIDATE (not in Myers)  (22 cell polys, area check ✓)
  ctrnact-star-k8-1604  k=8  3.3*.4  ★ CANDIDATE (not in Myers)  (42 cell polys, area check ✓)
  ctrnact-star-k8-1605  k=8  3.3*.4  ★ CANDIDATE (not in Myers)  (21 cell polys, area check ✓)
  ctrnact-star-k8-1606  k=8  3.3*.4  ★ CANDIDATE (not in Myers)  (40 cell polys, area check ✓)
  ctrnact-star-k8-1607  k=8  3.3*.4  ★ CANDIDATE (not in Myers)  (20 cell polys, area check ✓)
  ctrnact-star-k8-1608  k=8  3.3*.4  ★ CANDIDATE (not in Myers)  (20 cell polys, area check ✓)
  ctrnact-star-k8-1609  k=8  3.3*.4  ★ CANDIDATE (not in Myers)  (40 cell polys, area check ✓)
  ctrnact-star-k8-1610  k=8  3.3*.4  ★ CANDIDATE (not in Myers)  (44 cell polys, area check ✓)
  ctrnact-star-k8-1611  k=8  3.3*.4  ★ CANDIDATE (not in Myers)  (17 cell polys, area check ✓)
  ctrnact-star-k8-1612  k=8  3.3*.4  ★ CANDIDATE (not in Myers)  (50 cell polys, area check ✓)
  ctrnact-star-k8-1613  k=8  3.3*.4  ★ CANDIDATE (not in Myers)  (44 cell polys, area check ✓)
  ctrnact-star-k8-1614  k=8  3.3*.4  ★ CANDIDATE (not in Myers)  (17 cell polys, area check ✓)
  ctrnact-star-k8-1615  k=8  3.3*.4  ★ CANDIDATE (not in Myers)  (17 cell polys, area check ✓)
  ctrnact-star-k8-1616  k=8  3.3*.4  ★ CANDIDATE (not in Myers)  (47 cell polys, area check ✓)
  ctrnact-star-k8-1617  k=8  3.3*.4  ★ CANDIDATE (not in Myers)  (30 cell polys, area check ✓)
  ctrnact-star-k8-1618  k=8  3.3*.4  ★ CANDIDATE (not in Myers)  (15 cell polys, area check ✓)
  ctrnact-star-k8-1619  k=8  3.3*.4  ★ CANDIDATE (not in Myers)  (30 cell polys, area check ✓)
  ctrnact-star-k8-1620  k=8  3.3*.4  ★ CANDIDATE (not in Myers)  (15 cell polys, area check ✓)
  ctrnact-star-k8-1621  k=8  3.3*.4  ★ CANDIDATE (not in Myers)  (28 cell polys, area check ✓)
  ctrnact-star-k8-1622  k=8  3.3*.4  ★ CANDIDATE (not in Myers)  (28 cell polys, area check ✓)
  ctrnact-star-k8-1623  k=8  3.3*.4  ★ CANDIDATE (not in Myers)  (14 cell polys, area check ✓)
  ctrnact-star-k8-1624  k=8  3.3*.4  ★ CANDIDATE (not in Myers)  (14 cell polys, area check ✓)
  ctrnact-star-k8-1625  k=8  3.3*.4  ★ CANDIDATE (not in Myers)  (15 cell polys, area check ✓)
  ctrnact-star-k8-1626  k=8  3.3*.4  ★ CANDIDATE (not in Myers)  (30 cell polys, area check ✓)
  ctrnact-star-k8-1627  k=8  3.3*.4  ★ CANDIDATE (not in Myers)  (15 cell polys, area check ✓)
  ctrnact-star-k8-1628  k=8  3.3*.4  ★ CANDIDATE (not in Myers)  (30 cell polys, area check ✓)
  ctrnact-star-k8-1629  k=8  3.3*.4  ★ CANDIDATE (not in Myers)  (14 cell polys, area check ✓)
  ctrnact-star-k8-1630  k=8  3.3*.4  ★ CANDIDATE (not in Myers)  (14 cell polys, area check ✓)
  ctrnact-star-k8-1631  k=8  3.3*.4.4*  ★ CANDIDATE (not in Myers)  (14 cell polys, area check ✓)
  ctrnact-star-k8-1632  k=8  3.3*.4.4*  ★ CANDIDATE (not in Myers)  (54 cell polys, area check ✓)
  ctrnact-star-k8-1633  k=8  3.3*.4.4*  ★ CANDIDATE (not in Myers)  (46 cell polys, area check ✓)
  ctrnact-star-k8-1634  k=8  3.3*.4.4*  ★ CANDIDATE (not in Myers)  (24 cell polys, area check ✓)
  ctrnact-star-k8-1635  k=8  3.3*.4.4*  ★ CANDIDATE (not in Myers)  (13 cell polys, area check ✓)
  ctrnact-star-k8-1636  k=8  3.3*.4.4*  ★ CANDIDATE (not in Myers)  (33 cell polys, area check ✓)
  ctrnact-star-k8-1637  k=8  3.3*.4.4*  ★ CANDIDATE (not in Myers)  (18 cell polys, area check ✓)
  ctrnact-star-k8-1638  k=8  3.3*.4.4*  ★ CANDIDATE (not in Myers)  (33 cell polys, area check ✓)
  ctrnact-star-k8-1639  k=8  3.3*.4.4*  ★ CANDIDATE (not in Myers)  (48 cell polys, area check ✓)
  ctrnact-star-k8-1640  k=8  3.3*.4.4*  ★ CANDIDATE (not in Myers)  (19 cell polys, area check ✓)
  ctrnact-star-k8-1641  k=8  3.3*.4.4*  ★ CANDIDATE (not in Myers)  (18 cell polys, area check ✓)
  ctrnact-star-k8-1642  k=8  3.3*.4.4*  ★ CANDIDATE (not in Myers)  (41 cell polys, area check ✓)
  ctrnact-star-k8-1643  k=8  3.3*.4.4*  ★ CANDIDATE (not in Myers)  (30 cell polys, area check ✓)
  ctrnact-star-k8-1644  k=8  3.3*.4.4*  ★ CANDIDATE (not in Myers)  (46 cell polys, area check ✓)
  ctrnact-star-k8-1645  k=8  3.3*.4.4*  ★ CANDIDATE (not in Myers)  (40 cell polys, area check ✓)
  ctrnact-star-k8-1646  k=8  3.3*.4.4*  ★ CANDIDATE (not in Myers)  (26 cell polys, area check ✓)
  ctrnact-star-k8-1647  k=8  3.3*.4.4*.6*  ★ CANDIDATE (not in Myers)  (44 cell polys, area check ✓)
  ctrnact-star-k8-1648  k=8  3.3*.4.4*.6*.12*  ★ CANDIDATE (not in Myers)  (26 cell polys, area check ✓)
  ctrnact-star-k8-1649  k=8  3.3*.4.4*.6*.12*  ★ CANDIDATE (not in Myers)  (66 cell polys, area check ✓)
  ctrnact-star-k8-1650  k=8  3.3*.4.4*.12*  ★ CANDIDATE (not in Myers)  (62 cell polys, area check ✓)
  ctrnact-star-k8-1651  k=8  3.3*.4.4*.12*  ★ CANDIDATE (not in Myers)  (62 cell polys, area check ✓)
  ctrnact-star-k8-1652  k=8  3.3*.4.4*  ★ CANDIDATE (not in Myers)  (32 cell polys, area check ✓)
  ctrnact-star-k8-1653  k=8  3.3*.4.4*  ★ CANDIDATE (not in Myers)  (32 cell polys, area check ✓)
  ctrnact-star-k8-1654  k=8  3.3*.4.4*  ★ CANDIDATE (not in Myers)  (29 cell polys, area check ✓)
  ctrnact-star-k8-1655  k=8  3.3*.4.4*  ★ CANDIDATE (not in Myers)  (24 cell polys, area check ✓)
  ctrnact-star-k8-1656  k=8  3.3*.4.4*  ★ CANDIDATE (not in Myers)  (12 cell polys, area check ✓)
  ctrnact-star-k8-1657  k=8  3.3*.4.4*  ★ CANDIDATE (not in Myers)  (12 cell polys, area check ✓)
  ctrnact-star-k8-1658  k=8  3.3*.4.4*  ★ CANDIDATE (not in Myers)  (24 cell polys, area check ✓)
  ctrnact-star-k8-1659  k=8  3.3*.4.4*  ★ CANDIDATE (not in Myers)  (24 cell polys, area check ✓)
  ctrnact-star-k8-1660  k=8  3.3*.4.4*  ★ CANDIDATE (not in Myers)  (12 cell polys, area check ✓)
  ctrnact-star-k8-1661  k=8  3.3*.4.4*  ★ CANDIDATE (not in Myers)  (12 cell polys, area check ✓)
  ctrnact-star-k8-1662  k=8  3.3*.4.4*  ★ CANDIDATE (not in Myers)  (12 cell polys, area check ✓)
  ctrnact-star-k8-1663  k=8  3.3*.4.4*  ★ CANDIDATE (not in Myers)  (12 cell polys, area check ✓)
  ctrnact-star-k8-1664  k=8  3.3*.4.4*  ★ CANDIDATE (not in Myers)  (16 cell polys, area check ✓)
  ctrnact-star-k8-1665  k=8  3.3*.4.4*  ★ CANDIDATE (not in Myers)  (16 cell polys, area check ✓)
  ctrnact-star-k8-1666  k=8  3.3*.4.4*  ★ CANDIDATE (not in Myers)  (12 cell polys, area check ✓)
  ctrnact-star-k8-1667  k=8  3.3*.4.4*  ★ CANDIDATE (not in Myers)  (16 cell polys, area check ✓)
  ctrnact-star-k8-1668  k=8  3.3*.4.4*  ★ CANDIDATE (not in Myers)  (16 cell polys, area check ✓)
  ctrnact-star-k8-1669  k=8  3.3*.4.4*  ★ CANDIDATE (not in Myers)  (12 cell polys, area check ✓)
  ctrnact-star-k8-1670  k=8  3.3*.4.4*  ★ CANDIDATE (not in Myers)  (24 cell polys, area check ✓)
  ctrnact-star-k8-1671  k=8  3.3*.4.4*  ★ CANDIDATE (not in Myers)  (12 cell polys, area check ✓)
  ctrnact-star-k8-1672  k=8  3.3*.4.4*  ★ CANDIDATE (not in Myers)  (12 cell polys, area check ✓)
  ctrnact-star-k8-1673  k=8  3.3*.4.4*  ★ CANDIDATE (not in Myers)  (12 cell polys, area check ✓)
  ctrnact-star-k8-1674  k=8  3.3*.4.4*  ★ CANDIDATE (not in Myers)  (6 cell polys, area check ✓)
  ctrnact-star-k8-1675  k=8  3.3*.4.4*  ★ CANDIDATE (not in Myers)  (16 cell polys, area check ✓)
  ctrnact-star-k8-1676  k=8  3.3*.4.4*  ★ CANDIDATE (not in Myers)  (16 cell polys, area check ✓)
  ctrnact-star-k8-1677  k=8  3.3*.4.4*  ★ CANDIDATE (not in Myers)  (16 cell polys, area check ✓)
  ctrnact-star-k8-1678  k=8  3.3*.4.4*  ★ CANDIDATE (not in Myers)  (24 cell polys, area check ✓)
  ctrnact-star-k8-1679  k=8  3.3*.4.4*  ★ CANDIDATE (not in Myers)  (16 cell polys, area check ✓)
  ctrnact-star-k8-1680  k=8  3.3*.4.4*  ★ CANDIDATE (not in Myers)  (15 cell polys, area check ✓)
  ctrnact-star-k8-1681  k=8  3.3*.4.4*  ★ CANDIDATE (not in Myers)  (34 cell polys, area check ✓)
  ctrnact-star-k8-1682  k=8  3.3*.4.4*  ★ CANDIDATE (not in Myers)  (34 cell polys, area check ✓)
  ctrnact-star-k8-1683  k=8  3.3*.4.4*  ★ CANDIDATE (not in Myers)  (38 cell polys, area check ✓)
  ctrnact-star-k8-1684  k=8  3.3*.4.4*  ★ CANDIDATE (not in Myers)  (12 cell polys, area check ✓)
  ctrnact-star-k8-1685  k=8  3.3*.4.4*  ★ CANDIDATE (not in Myers)  (16 cell polys, area check ✓)
  ctrnact-star-k8-1686  k=8  3.3*.4.4*  ★ CANDIDATE (not in Myers)  (16 cell polys, area check ✓)
  ctrnact-star-k8-1687  k=8  3.3*.4.4*  ★ CANDIDATE (not in Myers)  (29 cell polys, area check ✓)
  ctrnact-star-k8-1688  k=8  3.3*.4.4*  ★ CANDIDATE (not in Myers)  (16 cell polys, area check ✓)
  ctrnact-star-k8-1689  k=8  3.3*.4.4*  ★ CANDIDATE (not in Myers)  (16 cell polys, area check ✓)
  ctrnact-star-k8-1690  k=8  3.3*.4.4*  ★ CANDIDATE (not in Myers)  (16 cell polys, area check ✓)
  ctrnact-star-k8-1691  k=8  3.3*.4.4*.12*  ★ CANDIDATE (not in Myers)  (38 cell polys, area check ✓)
  ctrnact-star-k8-1692  k=8  3.3*.4.6*  ★ CANDIDATE (not in Myers)  (26 cell polys, area check ✓)
  ctrnact-star-k8-1693  k=8  3.3*.4.6*  ★ CANDIDATE (not in Myers)  (22 cell polys, area check ✓)
  ctrnact-star-k8-1694  k=8  3.3*.4.6*  ★ CANDIDATE (not in Myers)  (24 cell polys, area check ✓)
  ctrnact-star-k8-1695  k=8  3.3*.4.6*  ★ CANDIDATE (not in Myers)  (28 cell polys, area check ✓)
  ctrnact-star-k8-1696  k=8  3.3*.4.6*  ★ CANDIDATE (not in Myers)  (25 cell polys, area check ✓)
  ctrnact-star-k8-1697  k=8  3.3*.4.6*  ★ CANDIDATE (not in Myers)  (30 cell polys, area check ✓)
  ctrnact-star-k8-1698  k=8  3.3*.4.6*  ★ CANDIDATE (not in Myers)  (32 cell polys, area check ✓)
  ctrnact-star-k8-1699  k=8  3.3*.4.6*  ★ CANDIDATE (not in Myers)  (16 cell polys, area check ✓)
  ctrnact-star-k8-1700  k=8  3.3*.4.6*  ★ CANDIDATE (not in Myers)  (24 cell polys, area check ✓)
  ctrnact-star-k8-1701  k=8  3.3*.4.6*  ★ CANDIDATE (not in Myers)  (26 cell polys, area check ✓)
  ctrnact-star-k8-1702  k=8  3.3*.4.6*  ★ CANDIDATE (not in Myers)  (24 cell polys, area check ✓)
  ctrnact-star-k8-1703  k=8  3.3*.4.6*  ★ CANDIDATE (not in Myers)  (26 cell polys, area check ✓)
  ctrnact-star-k8-1704  k=8  3.3*.4.6*  ★ CANDIDATE (not in Myers)  (26 cell polys, area check ✓)
  ctrnact-star-k8-1705  k=8  3.3*.4.6*  ★ CANDIDATE (not in Myers)  (26 cell polys, area check ✓)
  ctrnact-star-k8-1706  k=8  3.3*.4.6*  ★ CANDIDATE (not in Myers)  (30 cell polys, area check ✓)
  ctrnact-star-k8-1707  k=8  3.3*.4.6*  ★ CANDIDATE (not in Myers)  (15 cell polys, area check ✓)
  ctrnact-star-k8-1708  k=8  3.3*.4.6*  ★ CANDIDATE (not in Myers)  (16 cell polys, area check ✓)
  ctrnact-star-k8-1709  k=8  3.3*.4.6*  ★ CANDIDATE (not in Myers)  (22 cell polys, area check ✓)
  ctrnact-star-k8-1710  k=8  3.3*.4.6*  ★ CANDIDATE (not in Myers)  (44 cell polys, area check ✓)
  ctrnact-star-k8-1711  k=8  3.3*.4.6*  ★ CANDIDATE (not in Myers)  (44 cell polys, area check ✓)
  ctrnact-star-k8-1712  k=8  3.3*.4.6*  ★ CANDIDATE (not in Myers)  (22 cell polys, area check ✓)
  ctrnact-star-k8-1713  k=8  3.3*.4.6*  ★ CANDIDATE (not in Myers)  (16 cell polys, area check ✓)
  ctrnact-star-k8-1714  k=8  3.3*.4.6*  ★ CANDIDATE (not in Myers)  (32 cell polys, area check ✓)
  ctrnact-star-k8-1715  k=8  3.3*.4.6*  ★ CANDIDATE (not in Myers)  (30 cell polys, area check ✓)
  ctrnact-star-k8-1716  k=8  3.3*.4.6*  ★ CANDIDATE (not in Myers)  (22 cell polys, area check ✓)
  ctrnact-star-k8-1717  k=8  3.3*.4.6*  ★ CANDIDATE (not in Myers)  (11 cell polys, area check ✓)
  ctrnact-star-k8-1718  k=8  3.3*.4.6*  ★ CANDIDATE (not in Myers)  (28 cell polys, area check ✓)
  ctrnact-star-k8-1719  k=8  3.3*.4.6*  ★ CANDIDATE (not in Myers)  (17 cell polys, area check ✓)
  ctrnact-star-k8-1720  k=8  3.3*.4.6*  ★ CANDIDATE (not in Myers)  (45 cell polys, area check ✓)
  ctrnact-star-k8-1721  k=8  3.3*.4.6*  ★ CANDIDATE (not in Myers)  (29 cell polys, area check ✓)
  ctrnact-star-k8-1722  k=8  3.3*.4.6*  ★ CANDIDATE (not in Myers)  (30 cell polys, area check ✓)
  ctrnact-star-k8-1723  k=8  3.3*.4.6*  ★ CANDIDATE (not in Myers)  (19 cell polys, area check ✓)
  ctrnact-star-k8-1724  k=8  3.3*.4.6*  ★ CANDIDATE (not in Myers)  (19 cell polys, area check ✓)
  ctrnact-star-k8-1725  k=8  3.3*.4.6*  ★ CANDIDATE (not in Myers)  (21 cell polys, area check ✓)
  ctrnact-star-k8-1726  k=8  3.3*.4.6*  ★ CANDIDATE (not in Myers)  (42 cell polys, area check ✓)
  ctrnact-star-k8-1727  k=8  3.3*.4.6*  ★ CANDIDATE (not in Myers)  (57 cell polys, area check ✓)
  ctrnact-star-k8-1728  k=8  3.3*.4.6*  ★ CANDIDATE (not in Myers)  (57 cell polys, area check ✓)
  ctrnact-star-k8-1729  k=8  3.3*.4.6*  ★ CANDIDATE (not in Myers)  (54 cell polys, area check ✓)
  ctrnact-star-k8-1730  k=8  3.3*.4.6*  ★ CANDIDATE (not in Myers)  (20 cell polys, area check ✓)
  ctrnact-star-k8-1731  k=8  3.3*.4.6*  ★ CANDIDATE (not in Myers)  (63 cell polys, area check ✓)
  ctrnact-star-k8-1732  k=8  3.3*.4.6*  ★ CANDIDATE (not in Myers)  (45 cell polys, area check ✓)
  ctrnact-star-k8-1733  k=8  3.3*.4.6*  ★ CANDIDATE (not in Myers)  (51 cell polys, area check ✓)
  ctrnact-star-k8-1734  k=8  3.3*.4.6*.12*  ★ CANDIDATE (not in Myers)  (69 cell polys, area check ✓)
  ctrnact-star-k8-1735  k=8  3.3*.4.6*  ★ CANDIDATE (not in Myers)  (22 cell polys, area check ✓)
  ctrnact-star-k8-1736  k=8  3.3*.4.6*  ★ CANDIDATE (not in Myers)  (22 cell polys, area check ✓)
  ctrnact-star-k8-1737  k=8  3.3*.4.6*  ★ CANDIDATE (not in Myers)  (22 cell polys, area check ✓)
  ctrnact-star-k8-1738  k=8  3.3*.4.6*  ★ CANDIDATE (not in Myers)  (24 cell polys, area check ✓)
  ctrnact-star-k8-1739  k=8  3.3*.4.6*  ★ CANDIDATE (not in Myers)  (24 cell polys, area check ✓)
  ctrnact-star-k8-1740  k=8  3.3*.4.6*  ★ CANDIDATE (not in Myers)  (39 cell polys, area check ✓)
  ctrnact-star-k8-1741  k=8  3.3*.4.6*  ★ CANDIDATE (not in Myers)  (57 cell polys, area check ✓)
  ctrnact-star-k8-1742  k=8  3.3*.4.6*  ★ CANDIDATE (not in Myers)  (42 cell polys, area check ✓)
  ctrnact-star-k8-1743  k=8  3.3*.4.6*  ★ CANDIDATE (not in Myers)  (54 cell polys, area check ✓)
  ctrnact-star-k8-1744  k=8  3.3*.4.6*.12*  ★ CANDIDATE (not in Myers)  (48 cell polys, area check ✓)
  ctrnact-star-k8-1745  k=8  3.3*.4.6*  ★ CANDIDATE (not in Myers)  (51 cell polys, area check ✓)
  ctrnact-star-k8-1746  k=8  3.3*.4.6*  ★ CANDIDATE (not in Myers)  (51 cell polys, area check ✓)
  ctrnact-star-k8-1747  k=8  3.3*.4.6*  ★ CANDIDATE (not in Myers)  (57 cell polys, area check ✓)
  ctrnact-star-k8-1748  k=8  3.3*.4.6*  ★ CANDIDATE (not in Myers)  (57 cell polys, area check ✓)
  ctrnact-star-k8-1749  k=8  3.3*.4.6*  ★ CANDIDATE (not in Myers)  (42 cell polys, area check ✓)
  ctrnact-star-k8-1750  k=8  3.3*.4.6*  ★ CANDIDATE (not in Myers)  (39 cell polys, area check ✓)
  ctrnact-star-k8-1751  k=8  3.3*.4.12*  ★ CANDIDATE (not in Myers)  (87 cell polys, area check ✓)
  ctrnact-star-k8-1752  k=8  3.3*.4.12*  ★ CANDIDATE (not in Myers)  (55 cell polys, area check ✓)
  ctrnact-star-k8-1753  k=8  3.3*.4.12*  ★ CANDIDATE (not in Myers)  (59 cell polys, area check ✓)
  ctrnact-star-k8-1754  k=8  3.3*.4.12*  ★ CANDIDATE (not in Myers)  (34 cell polys, area check ✓)
  ctrnact-star-k8-1755  k=8  3.3*.4.12*  ★ CANDIDATE (not in Myers)  (87 cell polys, area check ✓)
  ctrnact-star-k8-1756  k=8  3.3*.4.12*  ★ CANDIDATE (not in Myers)  (46 cell polys, area check ✓)
  ctrnact-star-k8-1757  k=8  3.3*.4.12*  ★ CANDIDATE (not in Myers)  (58 cell polys, area check ✓)
  ctrnact-star-k8-1758  k=8  3.3*.4.12*  ★ CANDIDATE (not in Myers)  (78 cell polys, area check ✓)
  ctrnact-star-k8-1759  k=8  3.3*.4.12*  ★ CANDIDATE (not in Myers)  (51 cell polys, area check ✓)
  ctrnact-star-k8-1760  k=8  3.3*.4.12*  ★ CANDIDATE (not in Myers)  (55 cell polys, area check ✓)
  ctrnact-star-k8-1761  k=8  3.3*.4.12*  ★ CANDIDATE (not in Myers)  (65 cell polys, area check ✓)
  ctrnact-star-k8-1762  k=8  3.3*.4.12*  ★ CANDIDATE (not in Myers)  (55 cell polys, area check ✓)
  ctrnact-star-k8-1763  k=8  3.3*.4.12*  ★ CANDIDATE (not in Myers)  (75 cell polys, area check ✓)
  ctrnact-star-k8-1764  k=8  3.3*.4.12*  ★ CANDIDATE (not in Myers)  (42 cell polys, area check ✓)
  ctrnact-star-k8-1765  k=8  3.3*.4.6*  ★ CANDIDATE (not in Myers)  (51 cell polys, area check ✓)
  ctrnact-star-k8-1766  k=8  3.3*.4.6*  ★ CANDIDATE (not in Myers)  (51 cell polys, area check ✓)
  ctrnact-star-k8-1767  k=8  3.3*.4.6*  ★ CANDIDATE (not in Myers)  (48 cell polys, area check ✓)
  ctrnact-star-k8-1768  k=8  3.3*.4.6*  ★ CANDIDATE (not in Myers)  (24 cell polys, area check ✓)
  ctrnact-star-k8-1769  k=8  3.3*.4.6*  ★ CANDIDATE (not in Myers)  (14 cell polys, area check ✓)
  ctrnact-star-k8-1770  k=8  3.3*.4.6*  ★ CANDIDATE (not in Myers)  (13 cell polys, area check ✓)
  ctrnact-star-k8-1771  k=8  3.3*.4.6*  ★ CANDIDATE (not in Myers)  (13 cell polys, area check ✓)
  ctrnact-star-k8-1772  k=8  3.3*.4.6*.12*  ★ CANDIDATE (not in Myers)  (63 cell polys, area check ✓)
  ctrnact-star-k8-1773  k=8  3.3*.4.6*.12*  ★ CANDIDATE (not in Myers)  (42 cell polys, area check ✓)
  ctrnact-star-k8-1774  k=8  3.3*.4.12*  ★ CANDIDATE (not in Myers)  (51 cell polys, area check ✓)
  ctrnact-star-k8-1775  k=8  3.3*.4.12*  ★ CANDIDATE (not in Myers)  (51 cell polys, area check ✓)
  ctrnact-star-k8-1776  k=8  3.3*.4.12*  ★ CANDIDATE (not in Myers)  (45 cell polys, area check ✓)
  ctrnact-star-k8-1777  k=8  3.3*.4.12*  ★ CANDIDATE (not in Myers)  (69 cell polys, area check ✓)
  ctrnact-star-k8-1778  k=8  3.3*.4.12*  ★ CANDIDATE (not in Myers)  (57 cell polys, area check ✓)
  ctrnact-star-k8-1779  k=8  3.3*.4.12*  ★ CANDIDATE (not in Myers)  (42 cell polys, area check ✓)
  ctrnact-star-k8-1780  k=8  3.3*.4.12*  ★ CANDIDATE (not in Myers)  (42 cell polys, area check ✓)
  ctrnact-star-k8-1781  k=8  3.3*.4.12*  ★ CANDIDATE (not in Myers)  (72 cell polys, area check ✓)
  ctrnact-star-k8-1782  k=8  3.4.4*  ★ CANDIDATE (not in Myers)  (29 cell polys, area check ✓)
  ctrnact-star-k8-1783  k=8  3.4.4*  ★ CANDIDATE (not in Myers)  (29 cell polys, area check ✓)
  ctrnact-star-k8-1784  k=8  3.4.4*  ★ CANDIDATE (not in Myers)  (28 cell polys, area check ✓)
  ctrnact-star-k8-1785  k=8  3.4.4*  ★ CANDIDATE (not in Myers)  (77 cell polys, area check ✓)
  ctrnact-star-k8-1786  k=8  3.4.4*  ★ CANDIDATE (not in Myers)  (30 cell polys, area check ✓)
  ctrnact-star-k8-1787  k=8  3.4.4*  ★ CANDIDATE (not in Myers)  (28 cell polys, area check ✓)
  ctrnact-star-k8-1788  k=8  3.4.4*  ★ CANDIDATE (not in Myers)  (27 cell polys, area check ✓)
  ctrnact-star-k8-1789  k=8  3.4.4*  ★ CANDIDATE (not in Myers)  (26 cell polys, area check ✓)
  ctrnact-star-k8-1790  k=8  3.4.4*  ★ CANDIDATE (not in Myers)  (33 cell polys, area check ✓)
  ctrnact-star-k8-1791  k=8  3.4.4*  ★ CANDIDATE (not in Myers)  (28 cell polys, area check ✓)
  ctrnact-star-k8-1792  k=8  3.4.4*  ★ CANDIDATE (not in Myers)  (42 cell polys, area check ✓)
  ctrnact-star-k8-1793  k=8  3.4.4*  ★ CANDIDATE (not in Myers)  (9 cell polys, area check ✓)
  ctrnact-star-k8-1794  k=8  3.4.4*  ★ CANDIDATE (not in Myers)  (11 cell polys, area check ✓)
  ctrnact-star-k8-1795  k=8  3.4.4*  ★ CANDIDATE (not in Myers)  (10 cell polys, area check ✓)
  ctrnact-star-k8-1796  k=8  3.4.4*  ★ CANDIDATE (not in Myers)  (20 cell polys, area check ✓)
  ctrnact-star-k8-1797  k=8  3.4.4*  ★ CANDIDATE (not in Myers)  (40 cell polys, area check ✓)
  ctrnact-star-k8-1798  k=8  3.4.4*  ★ CANDIDATE (not in Myers)  (48 cell polys, area check ✓)
  ctrnact-star-k8-1799  k=8  3.4.4*  ★ CANDIDATE (not in Myers)  (22 cell polys, area check ✓)
  ctrnact-star-k8-1800  k=8  3.4.4*  ★ CANDIDATE (not in Myers)  (46 cell polys, area check ✓)
  ctrnact-star-k8-1801  k=8  3.4.4*  ★ CANDIDATE (not in Myers)  (37 cell polys, area check ✓)
  ctrnact-star-k8-1802  k=8  3.4.4*  ★ CANDIDATE (not in Myers)  (20 cell polys, area check ✓)
  ctrnact-star-k8-1803  k=8  3.4.4*  ★ CANDIDATE (not in Myers)  (21 cell polys, area check ✓)
  ctrnact-star-k8-1804  k=8  3.4.4*  ★ CANDIDATE (not in Myers)  (22 cell polys, area check ✓)
  ctrnact-star-k8-1805  k=8  3.4.4*  ★ CANDIDATE (not in Myers)  (40 cell polys, area check ✓)
  ctrnact-star-k8-1806  k=8  3.4.4*  ★ CANDIDATE (not in Myers)  (36 cell polys, area check ✓)
  ctrnact-star-k8-1807  k=8  3.4.4*  ★ CANDIDATE (not in Myers)  (42 cell polys, area check ✓)
  ctrnact-star-k8-1808  k=8  3.4.4*  ★ CANDIDATE (not in Myers)  (44 cell polys, area check ✓)
  ctrnact-star-k8-1809  k=8  3.4.4*  ★ CANDIDATE (not in Myers)  (30 cell polys, area check ✓)
  ctrnact-star-k8-1810  k=8  3.4.4*  ★ CANDIDATE (not in Myers)  (40 cell polys, area check ✓)
  ctrnact-star-k8-1811  k=8  3.4.4*  ★ CANDIDATE (not in Myers)  (32 cell polys, area check ✓)
  ctrnact-star-k8-1812  k=8  3.4.4*  ★ CANDIDATE (not in Myers)  (32 cell polys, area check ✓)
  ctrnact-star-k8-1813  k=8  3.4.4*  ★ CANDIDATE (not in Myers)  (28 cell polys, area check ✓)
  ctrnact-star-k8-1814  k=8  3.4.4*  ★ CANDIDATE (not in Myers)  (25 cell polys, area check ✓)
  ctrnact-star-k8-1815  k=8  3.4.4*  ★ CANDIDATE (not in Myers)  (26 cell polys, area check ✓)
  ctrnact-star-k8-1816  k=8  3.4.4*  ★ CANDIDATE (not in Myers)  (32 cell polys, area check ✓)
  ctrnact-star-k8-1817  k=8  3.4.4*  ★ CANDIDATE (not in Myers)  (13 cell polys, area check ✓)
  ctrnact-star-k8-1818  k=8  3.4.4*  ★ CANDIDATE (not in Myers)  (24 cell polys, area check ✓)
  ctrnact-star-k8-1819  k=8  3.4.4*  ★ CANDIDATE (not in Myers)  (25 cell polys, area check ✓)
  ctrnact-star-k8-1820  k=8  3.4.4*  ★ CANDIDATE (not in Myers)  (28 cell polys, area check ✓)
  ctrnact-star-k8-1821  k=8  3.4.4*  ★ CANDIDATE (not in Myers)  (16 cell polys, area check ✓)
  ctrnact-star-k8-1822  k=8  3.4.4*  ★ CANDIDATE (not in Myers)  (36 cell polys, area check ✓)
  ctrnact-star-k8-1823  k=8  3.4.4*.6*  ★ CANDIDATE (not in Myers)  (28 cell polys, area check ✓)
  ctrnact-star-k8-1824  k=8  3.4.4*.12*  ★ CANDIDATE (not in Myers)  (50 cell polys, area check ✓)
  ctrnact-star-k8-1825  k=8  3.4.4*.6*  ★ CANDIDATE (not in Myers)  (38 cell polys, area check ✓)
  ctrnact-star-k8-1826  k=8  3.4.4*.6*  ★ CANDIDATE (not in Myers)  (42 cell polys, area check ✓)
  ctrnact-star-k8-1827  k=8  3.4.4*.6*  ★ CANDIDATE (not in Myers)  (32 cell polys, area check ✓)
  ctrnact-star-k8-1828  k=8  3.4.4*.6*  ★ CANDIDATE (not in Myers)  (19 cell polys, area check ✓)
  ctrnact-star-k8-1829  k=8  3.4.4*.6*  ★ CANDIDATE (not in Myers)  (22 cell polys, area check ✓)
  ctrnact-star-k8-1830  k=8  3.4.4*.6*  ★ CANDIDATE (not in Myers)  (42 cell polys, area check ✓)
  ctrnact-star-k8-1831  k=8  3.4.4*.6*  ★ CANDIDATE (not in Myers)  (21 cell polys, area check ✓)
  ctrnact-star-k8-1832  k=8  3.4.4*.6*  ★ CANDIDATE (not in Myers)  (21 cell polys, area check ✓)
  ctrnact-star-k8-1833  k=8  3.4.4*.6*  ★ CANDIDATE (not in Myers)  (42 cell polys, area check ✓)
  ctrnact-star-k8-1834  k=8  3.4.4*.6*  ★ CANDIDATE (not in Myers)  (18 cell polys, area check ✓)
  ctrnact-star-k8-1835  k=8  3.4.4*.6*  ★ CANDIDATE (not in Myers)  (36 cell polys, area check ✓)
  ctrnact-star-k8-1836  k=8  3.4.4*.6*  ★ CANDIDATE (not in Myers)  (36 cell polys, area check ✓)
  ctrnact-star-k8-1837  k=8  3.4.4*.6*  ★ CANDIDATE (not in Myers)  (18 cell polys, area check ✓)
  ctrnact-star-k8-1838  k=8  3.4.4*.6*  ★ CANDIDATE (not in Myers)  (22 cell polys, area check ✓)
  ctrnact-star-k8-1839  k=8  3.4.4*.6*  ★ CANDIDATE (not in Myers)  (30 cell polys, area check ✓)
  ctrnact-star-k8-1840  k=8  3.4.4*.6*  ★ CANDIDATE (not in Myers)  (32 cell polys, area check ✓)
  ctrnact-star-k8-1841  k=8  3.4.4*.6*  ★ CANDIDATE (not in Myers)  (26 cell polys, area check ✓)
  ctrnact-star-k8-1842  k=8  3.4.4*.6*  ★ CANDIDATE (not in Myers)  (30 cell polys, area check ✓)
  ctrnact-star-k8-1843  k=8  3.4.4*.6*  ★ CANDIDATE (not in Myers)  (26 cell polys, area check ✓)
  ctrnact-star-k8-1844  k=8  3.4.4*.6*.12*  ★ CANDIDATE (not in Myers)  (59 cell polys, area check ✓)
  ctrnact-star-k8-1845  k=8  3.4.4*.6*.12*  ★ CANDIDATE (not in Myers)  (52 cell polys, area check ✓)
  ctrnact-star-k8-1846  k=8  3.4.4*.6*.12*  ★ CANDIDATE (not in Myers)  (47 cell polys, area check ✓)
  ctrnact-star-k8-1847  k=8  3.4.4*.6*.12*  ★ CANDIDATE (not in Myers)  (40 cell polys, area check ✓)
  ctrnact-star-k8-1848  k=8  3.4.4*.6*  ★ CANDIDATE (not in Myers)  (21 cell polys, area check ✓)
  ctrnact-star-k8-1849  k=8  3.4.4*.6*  ★ CANDIDATE (not in Myers)  (34 cell polys, area check ✓)
  ctrnact-star-k8-1850  k=8  3.4.4*.6*.12*  ★ CANDIDATE (not in Myers)  (78 cell polys, area check ✓)
  ctrnact-star-k8-1851  k=8  3.4.4*.12*  ★ CANDIDATE (not in Myers)  (66 cell polys, area check ✓)
  ctrnact-star-k8-1852  k=8  3.4.4*.6*  ★ CANDIDATE (not in Myers)  (16 cell polys, area check ✓)
  ctrnact-star-k8-1853  k=8  3.4.4*.6*.12*  ★ CANDIDATE (not in Myers)  (47 cell polys, area check ✓)
  ctrnact-star-k8-1854  k=8  3.4.4*.12*  ★ CANDIDATE (not in Myers)  (76 cell polys, area check ✓)
  ctrnact-star-k8-1855  k=8  3.4.4*  ★ CANDIDATE (not in Myers)  (56 cell polys, area check ✓)
  ctrnact-star-k8-1856  k=8  3.4.4*  ★ CANDIDATE (not in Myers)  (56 cell polys, area check ✓)
  ctrnact-star-k8-1857  k=8  3.4.4*  ★ CANDIDATE (not in Myers)  (24 cell polys, area check ✓)
  ctrnact-star-k8-1858  k=8  3.4.4*  ★ CANDIDATE (not in Myers)  (54 cell polys, area check ✓)
  ctrnact-star-k8-1859  k=8  3.4.4*  ★ CANDIDATE (not in Myers)  (46 cell polys, area check ✓)
  ctrnact-star-k8-1860  k=8  3.4.4*  ★ CANDIDATE (not in Myers)  (23 cell polys, area check ✓)
  ctrnact-star-k8-1861  k=8  3.4.4*  ★ CANDIDATE (not in Myers)  (28 cell polys, area check ✓)
  ctrnact-star-k8-1862  k=8  3.4.4*  ★ CANDIDATE (not in Myers)  (30 cell polys, area check ✓)
  ctrnact-star-k8-1863  k=8  3.4.4*  ★ CANDIDATE (not in Myers)  (15 cell polys, area check ✓)
  ctrnact-star-k8-1864  k=8  3.4.4*  ★ CANDIDATE (not in Myers)  (22 cell polys, area check ✓)
  ctrnact-star-k8-1865  k=8  3.4.4*  ★ CANDIDATE (not in Myers)  (54 cell polys, area check ✓)
  ctrnact-star-k8-1866  k=8  3.4.4*  ★ CANDIDATE (not in Myers)  (32 cell polys, area check ✓)
  ctrnact-star-k8-1867  k=8  3.4.4*  ★ CANDIDATE (not in Myers)  (36 cell polys, area check ✓)
  ctrnact-star-k8-1868  k=8  3.4.4*  ★ CANDIDATE (not in Myers)  (30 cell polys, area check ✓)
  ctrnact-star-k8-1869  k=8  3.4.4*  ★ CANDIDATE (not in Myers)  (38 cell polys, area check ✓)
  ctrnact-star-k8-1870  k=8  3.4.4*  ★ CANDIDATE (not in Myers)  (28 cell polys, area check ✓)
  ctrnact-star-k8-1871  k=8  3.4.4*  ★ CANDIDATE (not in Myers)  (36 cell polys, area check ✓)
  ctrnact-star-k8-1872  k=8  3.4.4*  ★ CANDIDATE (not in Myers)  (36 cell polys, area check ✓)
  ctrnact-star-k8-1873  k=8  3.4.4*  ★ CANDIDATE (not in Myers)  (29 cell polys, area check ✓)
  ctrnact-star-k8-1874  k=8  3.4.4*  ★ CANDIDATE (not in Myers)  (28 cell polys, area check ✓)
  ctrnact-star-k8-1875  k=8  3.4.4*  ★ CANDIDATE (not in Myers)  (25 cell polys, area check ✓)
  ctrnact-star-k8-1876  k=8  3.4.4*  ★ CANDIDATE (not in Myers)  (26 cell polys, area check ✓)
  ctrnact-star-k8-1877  k=8  3.4.4*  ★ CANDIDATE (not in Myers)  (25 cell polys, area check ✓)
  ctrnact-star-k8-1878  k=8  3.4.4*  ★ CANDIDATE (not in Myers)  (26 cell polys, area check ✓)
  ctrnact-star-k8-1879  k=8  3.4.4*  ★ CANDIDATE (not in Myers)  (29 cell polys, area check ✓)
  ctrnact-star-k8-1880  k=8  3.4.4*  ★ CANDIDATE (not in Myers)  (32 cell polys, area check ✓)
  ctrnact-star-k8-1881  k=8  3.4.4*  ★ CANDIDATE (not in Myers)  (30 cell polys, area check ✓)
  ctrnact-star-k8-1882  k=8  3.4.4*  ★ CANDIDATE (not in Myers)  (33 cell polys, area check ✓)
  ctrnact-star-k8-1883  k=8  3.4.4*  ★ CANDIDATE (not in Myers)  (70 cell polys, area check ✓)
  ctrnact-star-k8-1884  k=8  3.4.4*  ★ CANDIDATE (not in Myers)  (36 cell polys, area check ✓)
  ctrnact-star-k8-1885  k=8  3.4.4*  ★ CANDIDATE (not in Myers)  (48 cell polys, area check ✓)
  ctrnact-star-k8-1886  k=8  3.4.4*  ★ CANDIDATE (not in Myers)  (16 cell polys, area check ✓)
  ctrnact-star-k8-1887  k=8  3.4.4*  ★ CANDIDATE (not in Myers)  (62 cell polys, area check ✓)
  ctrnact-star-k8-1888  k=8  3.4.4*  ★ CANDIDATE (not in Myers)  (21 cell polys, area check ✓)
  ctrnact-star-k8-1889  k=8  3.4.4*  ★ CANDIDATE (not in Myers)  (30 cell polys, area check ✓)
  ctrnact-star-k8-1890  k=8  3.4.4*  ★ CANDIDATE (not in Myers)  (15 cell polys, area check ✓)
  ctrnact-star-k8-1891  k=8  3.4.4*  ★ CANDIDATE (not in Myers)  (26 cell polys, area check ✓)
  ctrnact-star-k8-1892  k=8  3.4.4*  ★ CANDIDATE (not in Myers)  (15 cell polys, area check ✓)
  ctrnact-star-k8-1893  k=8  3.4.4*  ★ CANDIDATE (not in Myers)  (30 cell polys, area check ✓)
  ctrnact-star-k8-1894  k=8  3.4.4*  ★ CANDIDATE (not in Myers)  (25 cell polys, area check ✓)
  ctrnact-star-k8-1895  k=8  3.4.4*  ★ CANDIDATE (not in Myers)  (30 cell polys, area check ✓)
  ctrnact-star-k8-1896  k=8  3.4.4*  ★ CANDIDATE (not in Myers)  (24 cell polys, area check ✓)
  ctrnact-star-k8-1897  k=8  3.4.4*  ★ CANDIDATE (not in Myers)  (25 cell polys, area check ✓)
  ctrnact-star-k8-1898  k=8  3.4.4*  ★ CANDIDATE (not in Myers)  (33 cell polys, area check ✓)
  ctrnact-star-k8-1899  k=8  3.4.4*  ★ CANDIDATE (not in Myers)  (32 cell polys, area check ✓)
  ctrnact-star-k8-1900  k=8  3.4.4*  ★ CANDIDATE (not in Myers)  (44 cell polys, area check ✓)
  ctrnact-star-k8-1901  k=8  3.4.4*  ★ CANDIDATE (not in Myers)  (42 cell polys, area check ✓)
  ctrnact-star-k8-1902  k=8  3.4.4*  ★ CANDIDATE (not in Myers)  (78 cell polys, area check ✓)
  ctrnact-star-k8-1903  k=8  3.4.4*  ★ CANDIDATE (not in Myers)  (16 cell polys, area check ✓)
  ctrnact-star-k8-1904  k=8  3.4.4*  ★ CANDIDATE (not in Myers)  (12 cell polys, area check ✓)
  ctrnact-star-k8-1905  k=8  3.4.4*  ★ CANDIDATE (not in Myers)  (16 cell polys, area check ✓)
  ctrnact-star-k8-1906  k=8  3.4.4*  ★ CANDIDATE (not in Myers)  (32 cell polys, area check ✓)
  ctrnact-star-k8-1907  k=8  3.4.4*  ★ CANDIDATE (not in Myers)  (16 cell polys, area check ✓)
  ctrnact-star-k8-1908  k=8  3.4.4*  ★ CANDIDATE (not in Myers)  (20 cell polys, area check ✓)
  ctrnact-star-k8-1909  k=8  3.4.4*  ★ CANDIDATE (not in Myers)  (20 cell polys, area check ✓)
  ctrnact-star-k8-1910  k=8  3.4.4*  ★ CANDIDATE (not in Myers)  (32 cell polys, area check ✓)
  ctrnact-star-k8-1911  k=8  3.4.4*  ★ CANDIDATE (not in Myers)  (16 cell polys, area check ✓)
  ctrnact-star-k8-1912  k=8  3.4.4*  ★ CANDIDATE (not in Myers)  (16 cell polys, area check ✓)
  ctrnact-star-k8-1913  k=8  3.4.4*  ★ CANDIDATE (not in Myers)  (20 cell polys, area check ✓)
  ctrnact-star-k8-1914  k=8  3.4.4*  ★ CANDIDATE (not in Myers)  (20 cell polys, area check ✓)
  ctrnact-star-k8-1915  k=8  3.4.4*  ★ CANDIDATE (not in Myers)  (16 cell polys, area check ✓)
  ctrnact-star-k8-1916  k=8  3.4.4*  ★ CANDIDATE (not in Myers)  (16 cell polys, area check ✓)
  ctrnact-star-k8-1917  k=8  3.4.4*  ★ CANDIDATE (not in Myers)  (16 cell polys, area check ✓)
  ctrnact-star-k8-1918  k=8  3.4.4*  ★ CANDIDATE (not in Myers)  (32 cell polys, area check ✓)
  ctrnact-star-k8-1919  k=8  3.4.4*  ★ CANDIDATE (not in Myers)  (16 cell polys, area check ✓)
  ctrnact-star-k8-1920  k=8  3.4.4*  ★ CANDIDATE (not in Myers)  (20 cell polys, area check ✓)
  ctrnact-star-k8-1921  k=8  3.4.4*  ★ CANDIDATE (not in Myers)  (36 cell polys, area check ✓)
  ctrnact-star-k8-1922  k=8  3.4.4*  ★ CANDIDATE (not in Myers)  (20 cell polys, area check ✓)
  ctrnact-star-k8-1923  k=8  3.4.4*  ★ CANDIDATE (not in Myers)  (40 cell polys, area check ✓)
  ctrnact-star-k8-1924  k=8  3.4.4*  ★ CANDIDATE (not in Myers)  (19 cell polys, area check ✓)
  ctrnact-star-k8-1925  k=8  3.4.4*  ★ CANDIDATE (not in Myers)  (38 cell polys, area check ✓)
  ctrnact-star-k8-1926  k=8  3.4.4*  ★ CANDIDATE (not in Myers)  (32 cell polys, area check ✓)
  ctrnact-star-k8-1927  k=8  3.4.4*  ★ CANDIDATE (not in Myers)  (20 cell polys, area check ✓)
  ctrnact-star-k8-1928  k=8  3.4.4*  ★ CANDIDATE (not in Myers)  (20 cell polys, area check ✓)
  ctrnact-star-k8-1929  k=8  3.4.4*  ★ CANDIDATE (not in Myers)  (19 cell polys, area check ✓)
  ctrnact-star-k8-1930  k=8  3.4.4*  ★ CANDIDATE (not in Myers)  (28 cell polys, area check ✓)
  ctrnact-star-k8-1931  k=8  3.4.4*  ★ CANDIDATE (not in Myers)  (12 cell polys, area check ✓)
  ctrnact-star-k8-1932  k=8  3.4.4*  ★ CANDIDATE (not in Myers)  (16 cell polys, area check ✓)
  ctrnact-star-k8-1933  k=8  3.4.4*  ★ CANDIDATE (not in Myers)  (32 cell polys, area check ✓)
  ctrnact-star-k8-1934  k=8  3.4.4*  ★ CANDIDATE (not in Myers)  (16 cell polys, area check ✓)
  ctrnact-star-k8-1935  k=8  3.4.4*  ★ CANDIDATE (not in Myers)  (20 cell polys, area check ✓)
  ctrnact-star-k8-1936  k=8  3.4.4*  ★ CANDIDATE (not in Myers)  (20 cell polys, area check ✓)
  ctrnact-star-k8-1937  k=8  3.4.4*  ★ CANDIDATE (not in Myers)  (32 cell polys, area check ✓)
  ctrnact-star-k8-1938  k=8  3.4.4*  ★ CANDIDATE (not in Myers)  (16 cell polys, area check ✓)
  ctrnact-star-k8-1939  k=8  3.4.4*  ★ CANDIDATE (not in Myers)  (17 cell polys, area check ✓)
  ctrnact-star-k8-1940  k=8  3.4.4*  ★ CANDIDATE (not in Myers)  (16 cell polys, area check ✓)
  ctrnact-star-k8-1941  k=8  3.4.4*  ★ CANDIDATE (not in Myers)  (40 cell polys, area check ✓)
  ctrnact-star-k8-1942  k=8  3.4.4*  ★ CANDIDATE (not in Myers)  (20 cell polys, area check ✓)
  ctrnact-star-k8-1943  k=8  3.4.4*  ★ CANDIDATE (not in Myers)  (20 cell polys, area check ✓)
  ctrnact-star-k8-1944  k=8  3.4.4*  ★ CANDIDATE (not in Myers)  (35 cell polys, area check ✓)
  ctrnact-star-k8-1945  k=8  3.4.4*  ★ CANDIDATE (not in Myers)  (17 cell polys, area check ✓)
  ctrnact-star-k8-1946  k=8  3.4.4*  ★ CANDIDATE (not in Myers)  (22 cell polys, area check ✓)
  ctrnact-star-k8-1947  k=8  3.4.4*  ★ CANDIDATE (not in Myers)  (15 cell polys, area check ✓)
  ctrnact-star-k8-1948  k=8  3.4.4*  ★ CANDIDATE (not in Myers)  (30 cell polys, area check ✓)
  ctrnact-star-k8-1949  k=8  3.4.4*  ★ CANDIDATE (not in Myers)  (11 cell polys, area check ✓)
  ctrnact-star-k8-1950  k=8  3.4.4*  ★ CANDIDATE (not in Myers)  (26 cell polys, area check ✓)
  ctrnact-star-k8-1951  k=8  3.4.4*  ★ CANDIDATE (not in Myers)  (32 cell polys, area check ✓)
  ctrnact-star-k8-1952  k=8  3.4.4*  ★ CANDIDATE (not in Myers)  (24 cell polys, area check ✓)
  ctrnact-star-k8-1953  k=8  3.4.4*  ★ CANDIDATE (not in Myers)  (28 cell polys, area check ✓)
  ctrnact-star-k8-1954  k=8  3.4.4*  ★ CANDIDATE (not in Myers)  (12 cell polys, area check ✓)
  ctrnact-star-k8-1955  k=8  3.4.4*  ★ CANDIDATE (not in Myers)  (20 cell polys, area check ✓)
  ctrnact-star-k8-1956  k=8  3.4.4*  ★ CANDIDATE (not in Myers)  (28 cell polys, area check ✓)
  ctrnact-star-k8-1957  k=8  3.4.4*  ★ CANDIDATE (not in Myers)  (12 cell polys, area check ✓)
  ctrnact-star-k8-1958  k=8  3.4.4*  ★ CANDIDATE (not in Myers)  (12 cell polys, area check ✓)
  ctrnact-star-k8-1959  k=8  3.4.4*  ★ CANDIDATE (not in Myers)  (14 cell polys, area check ✓)
  ctrnact-star-k8-1960  k=8  3.4.4*  ★ CANDIDATE (not in Myers)  (12 cell polys, area check ✓)
  ctrnact-star-k8-1961  k=8  3.4.4*.6*  ★ CANDIDATE (not in Myers)  (64 cell polys, area check ✓)
  ctrnact-star-k8-1962  k=8  3.4.4*.6*  ★ CANDIDATE (not in Myers)  (54 cell polys, area check ✓)
  ctrnact-star-k8-1963  k=8  3.4.4*.6*.12*  ★ CANDIDATE (not in Myers)  (82 cell polys, area check ✓)
  ctrnact-star-k8-1964  k=8  3.4.4*.8*  ★ CANDIDATE (not in Myers)  (38 cell polys, area check ✓)
  ctrnact-star-k8-1965  k=8  3.4.4*.8*  ★ CANDIDATE (not in Myers)  (38 cell polys, area check ✓)
  ctrnact-star-k8-1966  k=8  3.4.4*.8*  ★ CANDIDATE (not in Myers)  (46 cell polys, area check ✓)
  ctrnact-star-k8-1967  k=8  3.4.4*.8*  ★ CANDIDATE (not in Myers)  (34 cell polys, area check ✓)
  ctrnact-star-k8-1968  k=8  3.4.4*.8*  ★ CANDIDATE (not in Myers)  (42 cell polys, area check ✓)
  ctrnact-star-k8-1969  k=8  3.4.4*.8*  ★ CANDIDATE (not in Myers)  (112 cell polys, area check ✓)
  ctrnact-star-k8-1970  k=8  3.4.4*.8*  ★ CANDIDATE (not in Myers)  (144 cell polys, area check ✓)
  ctrnact-star-k8-1971  k=8  3.4.4*.8*  ★ CANDIDATE (not in Myers)  (42 cell polys, area check ✓)
  ctrnact-star-k8-1972  k=8  3.4.4*.8*  ★ CANDIDATE (not in Myers)  (52 cell polys, area check ✓)
  ctrnact-star-k8-1973  k=8  3.4.4*.8*  ★ CANDIDATE (not in Myers)  (60 cell polys, area check ✓)
  ctrnact-star-k8-1974  k=8  3.4.4*.8*  ★ CANDIDATE (not in Myers)  (64 cell polys, area check ✓)
  ctrnact-star-k8-1975  k=8  3.4.4*.8*  ★ CANDIDATE (not in Myers)  (60 cell polys, area check ✓)
  ctrnact-star-k8-1976  k=8  3.4.4*.8*  ★ CANDIDATE (not in Myers)  (68 cell polys, area check ✓)
  ctrnact-star-k8-1977  k=8  3.4.4*.8*  ★ CANDIDATE (not in Myers)  (72 cell polys, area check ✓)
  ctrnact-star-k8-1978  k=8  3.4.4*.8*  ★ CANDIDATE (not in Myers)  (52 cell polys, area check ✓)
  ctrnact-star-k8-1979  k=8  3.4.4*.8*  ★ CANDIDATE (not in Myers)  (60 cell polys, area check ✓)
  ctrnact-star-k8-1980  k=8  3.4.4*.8*  ★ CANDIDATE (not in Myers)  (60 cell polys, area check ✓)
  ctrnact-star-k8-1981  k=8  3.4.4*.8*  ★ CANDIDATE (not in Myers)  (68 cell polys, area check ✓)
  ctrnact-star-k8-1982  k=8  3.4.4*.8*  ★ CANDIDATE (not in Myers)  (68 cell polys, area check ✓)
  ctrnact-star-k8-1983  k=8  3.4.4*.8*  ★ CANDIDATE (not in Myers)  (76 cell polys, area check ✓)
  ctrnact-star-k8-1984  k=8  3.4.4*.8*  ★ CANDIDATE (not in Myers)  (68 cell polys, area check ✓)
  ctrnact-star-k8-1985  k=8  3.4.4*.8*  ★ CANDIDATE (not in Myers)  (76 cell polys, area check ✓)
  ctrnact-star-k8-1986  k=8  3.4.4*.8*  ★ CANDIDATE (not in Myers)  (56 cell polys, area check ✓)
  ctrnact-star-k8-1987  k=8  3.4.4*.8*  ★ CANDIDATE (not in Myers)  (64 cell polys, area check ✓)
  ctrnact-star-k8-1988  k=8  3.4.4*.8*  ★ CANDIDATE (not in Myers)  (72 cell polys, area check ✓)
  ctrnact-star-k8-1989  k=8  3.4.4*.8*  ★ CANDIDATE (not in Myers)  (64 cell polys, area check ✓)
  ctrnact-star-k8-1990  k=8  3.4.4*.8*  ★ CANDIDATE (not in Myers)  (72 cell polys, area check ✓)
  ctrnact-star-k8-1991  k=8  3.4.4*.8*  ★ CANDIDATE (not in Myers)  (56 cell polys, area check ✓)
  ctrnact-star-k8-1992  k=8  3.4.4*.8*  ★ CANDIDATE (not in Myers)  (56 cell polys, area check ✓)
  ctrnact-star-k8-1993  k=8  3.4.4*.8*  ★ CANDIDATE (not in Myers)  (112 cell polys, area check ✓)
  ctrnact-star-k8-1994  k=8  3.4.4*.8*  ★ CANDIDATE (not in Myers)  (56 cell polys, area check ✓)
  ctrnact-star-k8-1995  k=8  3.4.4*.8*  ★ CANDIDATE (not in Myers)  (64 cell polys, area check ✓)
  ctrnact-star-k8-1996  k=8  3.4.4*.8*  ★ CANDIDATE (not in Myers)  (72 cell polys, area check ✓)
  ctrnact-star-k8-1997  k=8  3.4.4*.8*  ★ CANDIDATE (not in Myers)  (64 cell polys, area check ✓)
  ctrnact-star-k8-1998  k=8  3.4.4*.8*  ★ CANDIDATE (not in Myers)  (64 cell polys, area check ✓)
  ctrnact-star-k8-1999  k=8  3.4.4*.8*  ★ CANDIDATE (not in Myers)  (64 cell polys, area check ✓)
  ctrnact-star-k8-2000  k=8  3.4.4*.8*  ★ CANDIDATE (not in Myers)  (144 cell polys, area check ✓)
  ctrnact-star-k8-2001  k=8  3.4.4*.8*  ★ CANDIDATE (not in Myers)  (76 cell polys, area check ✓)
  ctrnact-star-k8-2002  k=8  3.4.4*.12*  ★ CANDIDATE (not in Myers)  (30 cell polys, area check ✓)
  ctrnact-star-k8-2003  k=8  3.4.4*.12*  ★ CANDIDATE (not in Myers)  (26 cell polys, area check ✓)
  ctrnact-star-k8-2004  k=8  3.4.4*.12*  ★ CANDIDATE (not in Myers)  (93 cell polys, area check ✓)
  ctrnact-star-k8-2005  k=8  3.4.4*.12*  ★ CANDIDATE (not in Myers)  (34 cell polys, area check ✓)
  ctrnact-star-k8-2006  k=8  3.4.4*.12*  ★ CANDIDATE (not in Myers)  (30 cell polys, area check ✓)
  ctrnact-star-k8-2007  k=8  3.4.4*.12*  ★ CANDIDATE (not in Myers)  (42 cell polys, area check ✓)
  ctrnact-star-k8-2008  k=8  3.4.4*.12*  ★ CANDIDATE (not in Myers)  (42 cell polys, area check ✓)
  ctrnact-star-k8-2009  k=8  3.4.4*.12*  ★ CANDIDATE (not in Myers)  (42 cell polys, area check ✓)
  ctrnact-star-k8-2010  k=8  3.4.4*.12*  ★ CANDIDATE (not in Myers)  (21 cell polys, area check ✓)
  ctrnact-star-k8-2011  k=8  3.4.4*.12*  ★ CANDIDATE (not in Myers)  (36 cell polys, area check ✓)
  ctrnact-star-k8-2012  k=8  3.4.4*.12*  ★ CANDIDATE (not in Myers)  (44 cell polys, area check ✓)
  ctrnact-star-k8-2013  k=8  3.4.4*.12*  ★ CANDIDATE (not in Myers)  (48 cell polys, area check ✓)
  ctrnact-star-k8-2014  k=8  3.4.4*.12*  ★ CANDIDATE (not in Myers)  (121 cell polys, area check ✓)
  ctrnact-star-k8-2015  k=8  3.4.4*.12*  ★ CANDIDATE (not in Myers)  (93 cell polys, area check ✓)
  ctrnact-star-k8-2016  k=8  3.4.4*.12*  ★ CANDIDATE (not in Myers)  (93 cell polys, area check ✓)
  ctrnact-star-k8-2017  k=8  3.4.4*.12*  ★ CANDIDATE (not in Myers)  (69 cell polys, area check ✓)
  ctrnact-star-k8-2018  k=8  3.4.4*.12*  ★ CANDIDATE (not in Myers)  (36 cell polys, area check ✓)
  ctrnact-star-k8-2019  k=8  3.4.4*.12*  ★ CANDIDATE (not in Myers)  (40 cell polys, area check ✓)
  ctrnact-star-k8-2020  k=8  3.4.4*.12*  ★ CANDIDATE (not in Myers)  (107 cell polys, area check ✓)
  ctrnact-star-k8-2021  k=8  3.4.4*.12*  ★ CANDIDATE (not in Myers)  (66 cell polys, area check ✓)
  ctrnact-star-k8-2022  k=8  3.4.4*.12*  ★ CANDIDATE (not in Myers)  (42 cell polys, area check ✓)
  ctrnact-star-k8-2023  k=8  3.4.4*.12*  ★ CANDIDATE (not in Myers)  (43 cell polys, area check ✓)
  ctrnact-star-k8-2024  k=8  3.4.4*.12*  ★ CANDIDATE (not in Myers)  (43 cell polys, area check ✓)
  ctrnact-star-k8-2025  k=8  3.4.4*.12*  ★ CANDIDATE (not in Myers)  (44 cell polys, area check ✓)
  ctrnact-star-k8-2026  k=8  3.4.4*.12*  ★ CANDIDATE (not in Myers)  (42 cell polys, area check ✓)
  ctrnact-star-k8-2027  k=8  3.4.4*.12*  ★ CANDIDATE (not in Myers)  (52 cell polys, area check ✓)
  ctrnact-star-k8-2028  k=8  3.4.4*.12*  ★ CANDIDATE (not in Myers)  (42 cell polys, area check ✓)
  ctrnact-star-k8-2029  k=8  3.4.4*.12*  ★ CANDIDATE (not in Myers)  (47 cell polys, area check ✓)
  ctrnact-star-k8-2030  k=8  3.4.4*.12*  ★ CANDIDATE (not in Myers)  (39 cell polys, area check ✓)
  ctrnact-star-k8-2031  k=8  3.4.4*.12*  ★ CANDIDATE (not in Myers)  (107 cell polys, area check ✓)
  ctrnact-star-k8-2032  k=8  3.4.4*.12*  ★ CANDIDATE (not in Myers)  (63 cell polys, area check ✓)
  ctrnact-star-k8-2033  k=8  3.4.4*.12*  ★ CANDIDATE (not in Myers)  (43 cell polys, area check ✓)
  ctrnact-star-k8-2034  k=8  3.4.4*.12*  ★ CANDIDATE (not in Myers)  (44 cell polys, area check ✓)
  ctrnact-star-k8-2035  k=8  3.4.4*.12*  ★ CANDIDATE (not in Myers)  (47 cell polys, area check ✓)
  ctrnact-star-k8-2036  k=8  3.4.4*.12*  ★ CANDIDATE (not in Myers)  (46 cell polys, area check ✓)
  ctrnact-star-k8-2037  k=8  3.4.4*.12*  ★ CANDIDATE (not in Myers)  (47 cell polys, area check ✓)
  ctrnact-star-k8-2038  k=8  3.4.4*.12*  ★ CANDIDATE (not in Myers)  (49 cell polys, area check ✓)
  ctrnact-star-k8-2039  k=8  3.4.4*.12*  ★ CANDIDATE (not in Myers)  (42 cell polys, area check ✓)
  ctrnact-star-k8-2040  k=8  3.4.4*.12*  ★ CANDIDATE (not in Myers)  (93 cell polys, area check ✓)
  ctrnact-star-k8-2041  k=8  3.4.4*.12*  ★ CANDIDATE (not in Myers)  (46 cell polys, area check ✓)
  ctrnact-star-k8-2042  k=8  3.4.4*.12*  ★ CANDIDATE (not in Myers)  (38 cell polys, area check ✓)
  ctrnact-star-k8-2043  k=8  3.4.4*.12*  ★ CANDIDATE (not in Myers)  (44 cell polys, area check ✓)
  ctrnact-star-k8-2044  k=8  3.4.4*.12*  ★ CANDIDATE (not in Myers)  (38 cell polys, area check ✓)
  ctrnact-star-k8-2045  k=8  3.4.4*.12*  ★ CANDIDATE (not in Myers)  (66 cell polys, area check ✓)
  ctrnact-star-k8-2046  k=8  3.4.4*.12*  ★ CANDIDATE (not in Myers)  (33 cell polys, area check ✓)
  ctrnact-star-k8-2047  k=8  3.4.4*.12*  ★ CANDIDATE (not in Myers)  (49 cell polys, area check ✓)
  ctrnact-star-k8-2048  k=8  3.4.4*.12*  ★ CANDIDATE (not in Myers)  (49 cell polys, area check ✓)
  ctrnact-star-k8-2049  k=8  3.4.4*.12*  ★ CANDIDATE (not in Myers)  (47 cell polys, area check ✓)
  ctrnact-star-k8-2050  k=8  3.4.4*.12*  ★ CANDIDATE (not in Myers)  (50 cell polys, area check ✓)
  ctrnact-star-k8-2051  k=8  3.4.4*.12*  ★ CANDIDATE (not in Myers)  (33 cell polys, area check ✓)
  ctrnact-star-k8-2052  k=8  3.4.4*.12*  ★ CANDIDATE (not in Myers)  (46 cell polys, area check ✓)
  ctrnact-star-k8-2053  k=8  3.4.4*.12*  ★ CANDIDATE (not in Myers)  (51 cell polys, area check ✓)
  ctrnact-star-k8-2054  k=8  3.4.4*.12*  ★ CANDIDATE (not in Myers)  (33 cell polys, area check ✓)
  ctrnact-star-k8-2055  k=8  3.4.4*.12*  ★ CANDIDATE (not in Myers)  (49 cell polys, area check ✓)
  ctrnact-star-k8-2056  k=8  3.4.4*.12*  ★ CANDIDATE (not in Myers)  (50 cell polys, area check ✓)
  ctrnact-star-k8-2057  k=8  3.4.4*.12*  ★ CANDIDATE (not in Myers)  (42 cell polys, area check ✓)
  ctrnact-star-k8-2058  k=8  3.4.4*.12*  ★ CANDIDATE (not in Myers)  (121 cell polys, area check ✓)
  ctrnact-star-k8-2059  k=8  3.4.4*.12*  ★ CANDIDATE (not in Myers)  (35 cell polys, area check ✓)
  ctrnact-star-k8-2060  k=8  3.4.4*.12*  ★ CANDIDATE (not in Myers)  (50 cell polys, area check ✓)
  ctrnact-star-k8-2061  k=8  3.4.4*.12*  ★ CANDIDATE (not in Myers)  (53 cell polys, area check ✓)
  ctrnact-star-k8-2062  k=8  3.4.4*.12*  ★ CANDIDATE (not in Myers)  (121 cell polys, area check ✓)
  ctrnact-star-k8-2063  k=8  3.4.4*.12*  ★ CANDIDATE (not in Myers)  (42 cell polys, area check ✓)
  ctrnact-star-k8-2064  k=8  3.4.4*.12*  ★ CANDIDATE (not in Myers)  (55 cell polys, area check ✓)
  ctrnact-star-k8-2065  k=8  3.4.4*.12*  ★ CANDIDATE (not in Myers)  (25 cell polys, area check ✓)
  ctrnact-star-k8-2066  k=8  3.4.4*.12*  ★ CANDIDATE (not in Myers)  (43 cell polys, area check ✓)
  ctrnact-star-k8-2067  k=8  3.4.4*.12*  ★ CANDIDATE (not in Myers)  (50 cell polys, area check ✓)
  ctrnact-star-k8-2068  k=8  3.4.4*.12*  ★ CANDIDATE (not in Myers)  (46 cell polys, area check ✓)
  ctrnact-star-k8-2069  k=8  3.4.4*.12*  ★ CANDIDATE (not in Myers)  (22 cell polys, area check ✓)
  ctrnact-star-k8-2070  k=8  3.4.4*.12*  ★ CANDIDATE (not in Myers)  (40 cell polys, area check ✓)
  ctrnact-star-k8-2071  k=8  3.4.4*.12*  ★ CANDIDATE (not in Myers)  (44 cell polys, area check ✓)
  ctrnact-star-k8-2072  k=8  3.4.4*.12*  ★ CANDIDATE (not in Myers)  (21 cell polys, area check ✓)
  ctrnact-star-k8-2073  k=8  3.4.4*.12*  ★ CANDIDATE (not in Myers)  (44 cell polys, area check ✓)
  ctrnact-star-k8-2074  k=8  3.4.4*.12*  ★ CANDIDATE (not in Myers)  (42 cell polys, area check ✓)
  ctrnact-star-k8-2075  k=8  3.4.4*.12*  ★ CANDIDATE (not in Myers)  (51 cell polys, area check ✓)
  ctrnact-star-k8-2076  k=8  3.4.4*.12*  ★ CANDIDATE (not in Myers)  (38 cell polys, area check ✓)
  ctrnact-star-k8-2077  k=8  3.4.4*.12*  ★ CANDIDATE (not in Myers)  (34 cell polys, area check ✓)
  ctrnact-star-k8-2078  k=8  3.4.4*.12*  ★ CANDIDATE (not in Myers)  (21 cell polys, area check ✓)
  ctrnact-star-k8-2079  k=8  3.4.4*.12*  ★ CANDIDATE (not in Myers)  (56 cell polys, area check ✓)
  ctrnact-star-k8-2080  k=8  3.4.4*.12*  ★ CANDIDATE (not in Myers)  (50 cell polys, area check ✓)
  ctrnact-star-k8-2081  k=8  3.4.4*.12*  ★ CANDIDATE (not in Myers)  (38 cell polys, area check ✓)
  ctrnact-star-k8-2082  k=8  3.4.4*.12*  ★ CANDIDATE (not in Myers)  (97 cell polys, area check ✓)
  ctrnact-star-k8-2083  k=8  3.4.4*.12*  ★ CANDIDATE (not in Myers)  (97 cell polys, area check ✓)
  ctrnact-star-k8-2084  k=8  3.4.4*.12*  ★ CANDIDATE (not in Myers)  (97 cell polys, area check ✓)
  ctrnact-star-k8-2085  k=8  3.4.4*.12*  ★ CANDIDATE (not in Myers)  (72 cell polys, area check ✓)
  ctrnact-star-k8-2086  k=8  3.4.6*  ★ CANDIDATE (not in Myers)  (69 cell polys, area check ✓)
  ctrnact-star-k8-2087  k=8  3.4.6*  ★ CANDIDATE (not in Myers)  (22 cell polys, area check ✓)
  ctrnact-star-k8-2088  k=8  3.4.6*  ★ CANDIDATE (not in Myers)  (21 cell polys, area check ✓)
  ctrnact-star-k8-2089  k=8  3.4.6*.12*  ★ CANDIDATE (not in Myers)  (108 cell polys, area check ✓)
  ctrnact-star-k8-2090  k=8  3.4.6*.12*  ★ CANDIDATE (not in Myers)  (111 cell polys, area check ✓)
  ctrnact-star-k8-2091  k=8  3.4.6*.12*  ★ CANDIDATE (not in Myers)  (72 cell polys, area check ✓)
  ctrnact-star-k8-2092  k=8  3.4.6*.12*  ★ CANDIDATE (not in Myers)  (99 cell polys, area check ✓)
  ctrnact-star-k8-2093  k=8  3.4.6*  ★ CANDIDATE (not in Myers)  (63 cell polys, area check ✓)
  ctrnact-star-k8-2094  k=8  3.4.6*  ★ CANDIDATE (not in Myers)  (57 cell polys, area check ✓)
  ctrnact-star-k8-2095  k=8  3.4.6*  ★ CANDIDATE (not in Myers)  (54 cell polys, area check ✓)
  ctrnact-star-k8-2096  k=8  3.4.6*  ★ CANDIDATE (not in Myers)  (66 cell polys, area check ✓)
  ctrnact-star-k8-2097  k=8  3.4.6*.12*  ★ CANDIDATE (not in Myers)  (72 cell polys, area check ✓)
  ctrnact-star-k8-2098  k=8  3.4.6*.12*  ★ CANDIDATE (not in Myers)  (96 cell polys, area check ✓)
  ctrnact-star-k8-2099  k=8  3.4.6*.12*  ★ CANDIDATE (not in Myers)  (69 cell polys, area check ✓)
  ctrnact-star-k8-2100  k=8  3.4.6*.12*  ★ CANDIDATE (not in Myers)  (57 cell polys, area check ✓)
  ctrnact-star-k8-2101  k=8  3.4.6*  ★ CANDIDATE (not in Myers)  (88 cell polys, area check ✓)
  ctrnact-star-k8-2102  k=8  3.4.6*  ★ CANDIDATE (not in Myers)  (85 cell polys, area check ✓)
  ctrnact-star-k8-2103  k=8  3.4.6*  ★ CANDIDATE (not in Myers)  (69 cell polys, area check ✓)
  ctrnact-star-k8-2104  k=8  3.4.6*  ★ CANDIDATE (not in Myers)  (69 cell polys, area check ✓)
  ctrnact-star-k8-2105  k=8  3.4.6*  ★ CANDIDATE (not in Myers)  (31 cell polys, area check ✓)
  ctrnact-star-k8-2106  k=8  3.4.6*  ★ CANDIDATE (not in Myers)  (85 cell polys, area check ✓)
  ctrnact-star-k8-2107  k=8  3.4.6*  ★ CANDIDATE (not in Myers)  (88 cell polys, area check ✓)
  ctrnact-star-k8-2108  k=8  3.4.6*  ★ CANDIDATE (not in Myers)  (99 cell polys, area check ✓)
  ctrnact-star-k8-2109  k=8  3.4.6*  ★ CANDIDATE (not in Myers)  (34 cell polys, area check ✓)
  ctrnact-star-k8-2110  k=8  3.4.6*  ★ CANDIDATE (not in Myers)  (32 cell polys, area check ✓)
  ctrnact-star-k8-2111  k=8  3.4.6*  ★ CANDIDATE (not in Myers)  (30 cell polys, area check ✓)
  ctrnact-star-k8-2112  k=8  3.4.6*  ★ CANDIDATE (not in Myers)  (30 cell polys, area check ✓)
  ctrnact-star-k8-2113  k=8  3.4.6*  ★ CANDIDATE (not in Myers)  (33 cell polys, area check ✓)
  ctrnact-star-k8-2114  k=8  3.4.6*  ★ CANDIDATE (not in Myers)  (74 cell polys, area check ✓)
  ctrnact-star-k8-2115  k=8  3.4.6*  ★ CANDIDATE (not in Myers)  (66 cell polys, area check ✓)
  ctrnact-star-k8-2116  k=8  3.4.6*.12*  ★ CANDIDATE (not in Myers)  (106 cell polys, area check ✓)
  ctrnact-star-k8-2117  k=8  3.4.8*  ★ CANDIDATE (not in Myers)  (84 cell polys, area check ✓)
  ctrnact-star-k8-2118  k=8  3.4.12*  ★ CANDIDATE (not in Myers)  (119 cell polys, area check ✓)
  ctrnact-star-k8-2119  k=8  3.4.12*  ★ CANDIDATE (not in Myers)  (140 cell polys, area check ✓)
  ctrnact-star-k8-2120  k=8  3.4.12*  ★ CANDIDATE (not in Myers)  (55 cell polys, area check ✓)
  ctrnact-star-k8-2121  k=8  3.4.12*  ★ CANDIDATE (not in Myers)  (99 cell polys, area check ✓)
  ctrnact-star-k8-2122  k=8  3.4.12*  ★ CANDIDATE (not in Myers)  (82 cell polys, area check ✓)
  ctrnact-star-k8-2123  k=8  3.4.12*  ★ CANDIDATE (not in Myers)  (41 cell polys, area check ✓)
  ctrnact-star-k8-2124  k=8  3.4.12*  ★ CANDIDATE (not in Myers)  (47 cell polys, area check ✓)
  ctrnact-star-k8-2125  k=8  3.4.12*  ★ CANDIDATE (not in Myers)  (51 cell polys, area check ✓)
  ctrnact-star-k8-2126  k=8  3.4.12*  ★ CANDIDATE (not in Myers)  (54 cell polys, area check ✓)
  ctrnact-star-k8-2127  k=8  3.4.12*  ★ CANDIDATE (not in Myers)  (50 cell polys, area check ✓)
  ctrnact-star-k8-2128  k=8  3.4.12*  ★ CANDIDATE (not in Myers)  (46 cell polys, area check ✓)
  ctrnact-star-k8-2129  k=8  3.4.12*  ★ CANDIDATE (not in Myers)  (55 cell polys, area check ✓)
  ctrnact-star-k8-2130  k=8  3.4.12*  ★ CANDIDATE (not in Myers)  (119 cell polys, area check ✓)
  ctrnact-star-k8-2131  k=8  3.4.12*  ★ CANDIDATE (not in Myers)  (140 cell polys, area check ✓)
  ctrnact-star-k8-2132  k=8  3.4.12*  ★ CANDIDATE (not in Myers)  (117 cell polys, area check ✓)
  ctrnact-star-k8-2133  k=8  3.4.12*  ★ CANDIDATE (not in Myers)  (117 cell polys, area check ✓)
  ctrnact-star-k8-2134  k=8  3.4.12*  ★ CANDIDATE (not in Myers)  (41 cell polys, area check ✓)
  ctrnact-star-k8-2135  k=8  3.4.12*  ★ CANDIDATE (not in Myers)  (48 cell polys, area check ✓)
  ctrnact-star-k8-2136  k=8  3.4.12*  ★ CANDIDATE (not in Myers)  (51 cell polys, area check ✓)
  ctrnact-star-k8-2137  k=8  3.4.12*  ★ CANDIDATE (not in Myers)  (57 cell polys, area check ✓)
  ctrnact-star-k8-2138  k=8  3.4.12*  ★ CANDIDATE (not in Myers)  (63 cell polys, area check ✓)
  ctrnact-star-k8-2139  k=8  3.4.12*  ★ CANDIDATE (not in Myers)  (51 cell polys, area check ✓)
  ctrnact-star-k8-2140  k=8  3.4.12*  ★ CANDIDATE (not in Myers)  (54 cell polys, area check ✓)
  ctrnact-star-k8-2141  k=8  3.4.12*  ★ CANDIDATE (not in Myers)  (51 cell polys, area check ✓)
  ctrnact-star-k8-2142  k=8  3.4.12*  ★ CANDIDATE (not in Myers)  (54 cell polys, area check ✓)
  ctrnact-star-k8-2143  k=8  3.4.12*  ★ CANDIDATE (not in Myers)  (48 cell polys, area check ✓)
  ctrnact-star-k8-2144  k=8  3.4.12*  ★ CANDIDATE (not in Myers)  (51 cell polys, area check ✓)
  ctrnact-star-k8-2145  k=8  3.4.12*  ★ CANDIDATE (not in Myers)  (117 cell polys, area check ✓)
  ctrnact-star-k8-2146  k=8  3.4.12*  ★ CANDIDATE (not in Myers)  (117 cell polys, area check ✓)
  ctrnact-star-k8-2147  k=8  3.4.12*  ★ CANDIDATE (not in Myers)  (123 cell polys, area check ✓)
  ctrnact-star-k8-2148  k=8  3.4.12*  ★ CANDIDATE (not in Myers)  (49 cell polys, area check ✓)
  ctrnact-star-k8-2149  k=8  3.4.12*  ★ CANDIDATE (not in Myers)  (57 cell polys, area check ✓)
  ctrnact-star-k8-2150  k=8  3.4.12*  ★ CANDIDATE (not in Myers)  (57 cell polys, area check ✓)
  ctrnact-star-k8-2151  k=8  3.4.12*  ★ CANDIDATE (not in Myers)  (145 cell polys, area check ✓)
  ctrnact-star-k8-2152  k=8  3.4.12*  ★ CANDIDATE (not in Myers)  (44 cell polys, area check ✓)
  ctrnact-star-k8-2153  k=8  3.4.12*  ★ CANDIDATE (not in Myers)  (43 cell polys, area check ✓)
  ctrnact-star-k8-2154  k=8  3.4.12*  ★ CANDIDATE (not in Myers)  (52 cell polys, area check ✓)
  ctrnact-star-k8-2155  k=8  3.4.12*  ★ CANDIDATE (not in Myers)  (145 cell polys, area check ✓)
  ctrnact-star-k8-2156  k=8  3.4.12*  ★ CANDIDATE (not in Myers)  (54 cell polys, area check ✓)
  ctrnact-star-k8-2157  k=8  3.4.12*  ★ CANDIDATE (not in Myers)  (92 cell polys, area check ✓)
  ctrnact-star-k8-2158  k=8  3.4.12*  ★ CANDIDATE (not in Myers)  (92 cell polys, area check ✓)
  ctrnact-star-k8-2159  k=8  3.4.12*  ★ CANDIDATE (not in Myers)  (121 cell polys, area check ✓)
  ctrnact-star-k8-2160  k=8  3.4.12*  ★ CANDIDATE (not in Myers)  (121 cell polys, area check ✓)
  ctrnact-star-k8-2161  k=8  3.4.12*  ★ CANDIDATE (not in Myers)  (102 cell polys, area check ✓)
  ctrnact-star-k8-2162  k=8  3.4.12*  ★ CANDIDATE (not in Myers)  (105 cell polys, area check ✓)
  ctrnact-star-k8-2163  k=8  3.4.6*  ★ CANDIDATE (not in Myers)  (51 cell polys, area check ✓)
  ctrnact-star-k8-2164  k=8  3.4.6*  ★ CANDIDATE (not in Myers)  (15 cell polys, area check ✓)
  ctrnact-star-k8-2165  k=8  3.4.6*  ★ CANDIDATE (not in Myers)  (10 cell polys, area check ✓)
  ctrnact-star-k8-2166  k=8  3.4.6*.12*  ★ CANDIDATE (not in Myers)  (60 cell polys, area check ✓)
  ctrnact-star-k8-2167  k=8  3.4.6*.12*  ★ CANDIDATE (not in Myers)  (75 cell polys, area check ✓)
  ctrnact-star-k8-2168  k=8  3.4.6*.12*  ★ CANDIDATE (not in Myers)  (33 cell polys, area check ✓)
  ctrnact-star-k8-2169  k=8  3.4.12*  ★ CANDIDATE (not in Myers)  (93 cell polys, area check ✓)
  ctrnact-star-k8-2170  k=8  3.4.12*  ★ CANDIDATE (not in Myers)  (69 cell polys, area check ✓)
  ctrnact-star-k8-2171  k=8  3.4.12*  ★ CANDIDATE (not in Myers)  (81 cell polys, area check ✓)
  ctrnact-star-k8-2172  k=8  3.4.12*  ★ CANDIDATE (not in Myers)  (81 cell polys, area check ✓)
  ctrnact-star-k8-2173  k=8  3.4.12*  ★ CANDIDATE (not in Myers)  (84 cell polys, area check ✓)
  ctrnact-star-k8-2182  k=8  3.3*.4*.6  ★ CANDIDATE (not in Myers)  (47 cell polys, area check ✓)
  ctrnact-star-k8-2183  k=8  3.4*.6  ★ CANDIDATE (not in Myers)  (57 cell polys, area check ✓)
  ctrnact-star-k8-2184  k=8  3.4*.6  ★ CANDIDATE (not in Myers)  (81 cell polys, area check ✓)
  ctrnact-star-k8-2185  k=8  3.4*.6  ★ CANDIDATE (not in Myers)  (57 cell polys, area check ✓)
  ctrnact-star-k8-2186  k=8  3.4*.6  ★ CANDIDATE (not in Myers)  (27 cell polys, area check ✓)
  ctrnact-star-k8-2187  k=8  3.4*.6  ★ CANDIDATE (not in Myers)  (28 cell polys, area check ✓)
  ctrnact-star-k8-2188  k=8  3.4*.6  ★ CANDIDATE (not in Myers)  (26 cell polys, area check ✓)
  ctrnact-star-k8-2189  k=8  3.4*.6  ★ CANDIDATE (not in Myers)  (10 cell polys, area check ✓)
  ctrnact-star-k8-2190  k=8  3.4*.6  ★ CANDIDATE (not in Myers)  (11 cell polys, area check ✓)
  ctrnact-star-k8-2191  k=8  3.4*.6  ★ CANDIDATE (not in Myers)  (13 cell polys, area check ✓)
  ctrnact-star-k8-2192  k=8  3.4*.6  ★ CANDIDATE (not in Myers)  (13 cell polys, area check ✓)
  ctrnact-star-k8-2193  k=8  3.4*.6  ★ CANDIDATE (not in Myers)  (16 cell polys, area check ✓)
  ctrnact-star-k8-2194  k=8  3.4*.6  ★ CANDIDATE (not in Myers)  (17 cell polys, area check ✓)
  ctrnact-star-k8-2195  k=8  3.4*.6  ★ CANDIDATE (not in Myers)  (19 cell polys, area check ✓)
  ctrnact-star-k8-2196  k=8  3.4*.6  ★ CANDIDATE (not in Myers)  (14 cell polys, area check ✓)
  ctrnact-star-k8-2197  k=8  3.4*.6  ★ CANDIDATE (not in Myers)  (17 cell polys, area check ✓)
  ctrnact-star-k8-2198  k=8  3.4*.6  ★ CANDIDATE (not in Myers)  (15 cell polys, area check ✓)
  ctrnact-star-k8-2199  k=8  3.4*.6  ★ CANDIDATE (not in Myers)  (13 cell polys, area check ✓)
  ctrnact-star-k8-2200  k=8  3.4*.6  ★ CANDIDATE (not in Myers)  (16 cell polys, area check ✓)
  ctrnact-star-k8-2201  k=8  3.4*.6  ★ CANDIDATE (not in Myers)  (17 cell polys, area check ✓)
  ctrnact-star-k8-2202  k=8  3.4*.6  ★ CANDIDATE (not in Myers)  (19 cell polys, area check ✓)
  ctrnact-star-k8-2203  k=8  3.4*.6  ★ CANDIDATE (not in Myers)  (17 cell polys, area check ✓)
  ctrnact-star-k8-2204  k=8  3.4*.6  ★ CANDIDATE (not in Myers)  (18 cell polys, area check ✓)
  ctrnact-star-k8-2205  k=8  3.4*.6  ★ CANDIDATE (not in Myers)  (16 cell polys, area check ✓)
  ctrnact-star-k8-2206  k=8  3.4*.6  ★ CANDIDATE (not in Myers)  (17 cell polys, area check ✓)
  ctrnact-star-k8-2207  k=8  3.4*.6  ★ CANDIDATE (not in Myers)  (19 cell polys, area check ✓)
  ctrnact-star-k8-2208  k=8  3.4*.6  ★ CANDIDATE (not in Myers)  (19 cell polys, area check ✓)
  ctrnact-star-k8-2209  k=8  3.4*.6  ★ CANDIDATE (not in Myers)  (22 cell polys, area check ✓)
  ctrnact-star-k8-2210  k=8  3.4*.6  ★ CANDIDATE (not in Myers)  (23 cell polys, area check ✓)
  ctrnact-star-k8-2211  k=8  3.4*.6  ★ CANDIDATE (not in Myers)  (25 cell polys, area check ✓)
  ctrnact-star-k8-2212  k=8  3.4*.6  ★ CANDIDATE (not in Myers)  (20 cell polys, area check ✓)
  ctrnact-star-k8-2213  k=8  3.4*.6  ★ CANDIDATE (not in Myers)  (19 cell polys, area check ✓)
  ctrnact-star-k8-2214  k=8  3.4*.6  ★ CANDIDATE (not in Myers)  (20 cell polys, area check ✓)
  ctrnact-star-k8-2215  k=8  3.4*.6  ★ CANDIDATE (not in Myers)  (17 cell polys, area check ✓)
  ctrnact-star-k8-2216  k=8  3.4*.6  ★ CANDIDATE (not in Myers)  (19 cell polys, area check ✓)
  ctrnact-star-k8-2217  k=8  3.4*.6  ★ CANDIDATE (not in Myers)  (17 cell polys, area check ✓)
  ctrnact-star-k8-2218  k=8  3.4*.6  ★ CANDIDATE (not in Myers)  (17 cell polys, area check ✓)
  ctrnact-star-k8-2219  k=8  3.4*.6  ★ CANDIDATE (not in Myers)  (18 cell polys, area check ✓)
  ctrnact-star-k8-2220  k=8  3.4*.6  ★ CANDIDATE (not in Myers)  (15 cell polys, area check ✓)
  ctrnact-star-k8-2221  k=8  3.4*.6  ★ CANDIDATE (not in Myers)  (18 cell polys, area check ✓)
  ctrnact-star-k8-2222  k=8  3.4*.6  ★ CANDIDATE (not in Myers)  (19 cell polys, area check ✓)
  ctrnact-star-k8-2223  k=8  3.4*.6  ★ CANDIDATE (not in Myers)  (21 cell polys, area check ✓)
  ctrnact-star-k8-2224  k=8  3.4*.6  ★ CANDIDATE (not in Myers)  (19 cell polys, area check ✓)
  ctrnact-star-k8-2225  k=8  3.4*.6  ★ CANDIDATE (not in Myers)  (17 cell polys, area check ✓)
  ctrnact-star-k8-2226  k=8  3.4*.6  ★ CANDIDATE (not in Myers)  (20 cell polys, area check ✓)
  ctrnact-star-k8-2227  k=8  3.4*.6  ★ CANDIDATE (not in Myers)  (21 cell polys, area check ✓)
  ctrnact-star-k8-2228  k=8  3.4*.6  ★ CANDIDATE (not in Myers)  (23 cell polys, area check ✓)
  ctrnact-star-k8-2229  k=8  3.4*.6  ★ CANDIDATE (not in Myers)  (18 cell polys, area check ✓)
  ctrnact-star-k8-2230  k=8  3.4*.6  ★ CANDIDATE (not in Myers)  (12 cell polys, area check ✓)
  ctrnact-star-k8-2231  k=8  3.4*.6  ★ CANDIDATE (not in Myers)  (15 cell polys, area check ✓)
  ctrnact-star-k8-2232  k=8  3.4*.6  ★ CANDIDATE (not in Myers)  (16 cell polys, area check ✓)
  ctrnact-star-k8-2233  k=8  3.4*.6  ★ CANDIDATE (not in Myers)  (18 cell polys, area check ✓)
  ctrnact-star-k8-2234  k=8  3.4*.6  ★ CANDIDATE (not in Myers)  (17 cell polys, area check ✓)
  ctrnact-star-k8-2235  k=8  3.4*.6  ★ CANDIDATE (not in Myers)  (15 cell polys, area check ✓)
  ctrnact-star-k8-2236  k=8  3.4*.6  ★ CANDIDATE (not in Myers)  (16 cell polys, area check ✓)
  ctrnact-star-k8-2237  k=8  3.4*.6  ★ CANDIDATE (not in Myers)  (18 cell polys, area check ✓)
  ctrnact-star-k8-2238  k=8  3.4*.6  ★ CANDIDATE (not in Myers)  (18 cell polys, area check ✓)
  ctrnact-star-k8-2239  k=8  3.4*.6  ★ CANDIDATE (not in Myers)  (21 cell polys, area check ✓)
  ctrnact-star-k8-2240  k=8  3.4*.6  ★ CANDIDATE (not in Myers)  (22 cell polys, area check ✓)
  ctrnact-star-k8-2241  k=8  3.4*.6  ★ CANDIDATE (not in Myers)  (24 cell polys, area check ✓)
  ctrnact-star-k8-2242  k=8  3.4*.6  ★ CANDIDATE (not in Myers)  (19 cell polys, area check ✓)
  ctrnact-star-k8-2243  k=8  3.4*.6  ★ CANDIDATE (not in Myers)  (18 cell polys, area check ✓)
  ctrnact-star-k8-2244  k=8  3.4*.6  ★ CANDIDATE (not in Myers)  (19 cell polys, area check ✓)
  ctrnact-star-k8-2245  k=8  3.4*.6  ★ CANDIDATE (not in Myers)  (17 cell polys, area check ✓)
  ctrnact-star-k8-2246  k=8  3.4*.6  ★ CANDIDATE (not in Myers)  (17 cell polys, area check ✓)
  ctrnact-star-k8-2247  k=8  3.4*.6  ★ CANDIDATE (not in Myers)  (18 cell polys, area check ✓)
  ctrnact-star-k8-2248  k=8  3.4*.6  ★ CANDIDATE (not in Myers)  (20 cell polys, area check ✓)
  ctrnact-star-k8-2249  k=8  3.4*.6  ★ CANDIDATE (not in Myers)  (19 cell polys, area check ✓)
  ctrnact-star-k8-2250  k=8  3.4*.6  ★ CANDIDATE (not in Myers)  (20 cell polys, area check ✓)
  ctrnact-star-k8-2251  k=8  3.4*.6  ★ CANDIDATE (not in Myers)  (22 cell polys, area check ✓)
  ctrnact-star-k8-2252  k=8  3.4*.6  ★ CANDIDATE (not in Myers)  (13 cell polys, area check ✓)
  ctrnact-star-k8-2253  k=8  3.4*.6  ★ CANDIDATE (not in Myers)  (16 cell polys, area check ✓)
  ctrnact-star-k8-2254  k=8  3.4*.6  ★ CANDIDATE (not in Myers)  (17 cell polys, area check ✓)
  ctrnact-star-k8-2255  k=8  3.4*.6  ★ CANDIDATE (not in Myers)  (19 cell polys, area check ✓)
  ctrnact-star-k8-2256  k=8  3.4*.6  ★ CANDIDATE (not in Myers)  (18 cell polys, area check ✓)
  ctrnact-star-k8-2257  k=8  3.4*.6  ★ CANDIDATE (not in Myers)  (15 cell polys, area check ✓)
  ctrnact-star-k8-2258  k=8  3.4*.6  ★ CANDIDATE (not in Myers)  (16 cell polys, area check ✓)
  ctrnact-star-k8-2259  k=8  3.4*.6  ★ CANDIDATE (not in Myers)  (18 cell polys, area check ✓)
  ctrnact-star-k8-2260  k=8  3.4*.6  ★ CANDIDATE (not in Myers)  (16 cell polys, area check ✓)
  ctrnact-star-k8-2261  k=8  3.4*.6  ★ CANDIDATE (not in Myers)  (16 cell polys, area check ✓)
  ctrnact-star-k8-2262  k=8  3.4*.6  ★ CANDIDATE (not in Myers)  (17 cell polys, area check ✓)
  ctrnact-star-k8-2263  k=8  3.4*.6  ★ CANDIDATE (not in Myers)  (19 cell polys, area check ✓)
  ctrnact-star-k8-2264  k=8  3.4*.6  ★ CANDIDATE (not in Myers)  (18 cell polys, area check ✓)
  ctrnact-star-k8-2265  k=8  3.4*.6  ★ CANDIDATE (not in Myers)  (9 cell polys, area check ✓)
  ctrnact-star-k8-2266  k=8  3.4*.6  ★ CANDIDATE (not in Myers)  (18 cell polys, area check ✓)
  ctrnact-star-k8-2267  k=8  3.4*.6  ★ CANDIDATE (not in Myers)  (19 cell polys, area check ✓)
  ctrnact-star-k8-2268  k=8  3.4*.6  ★ CANDIDATE (not in Myers)  (21 cell polys, area check ✓)
  ctrnact-star-k8-2269  k=8  3.4*.6  ★ CANDIDATE (not in Myers)  (16 cell polys, area check ✓)
  ctrnact-star-k8-2270  k=8  3.4*.6  ★ CANDIDATE (not in Myers)  (13 cell polys, area check ✓)
  ctrnact-star-k8-2271  k=8  3.4*.6  ★ CANDIDATE (not in Myers)  (16 cell polys, area check ✓)
  ctrnact-star-k8-2272  k=8  3.4*.6  ★ CANDIDATE (not in Myers)  (17 cell polys, area check ✓)
  ctrnact-star-k8-2273  k=8  3.4*.6  ★ CANDIDATE (not in Myers)  (19 cell polys, area check ✓)
  ctrnact-star-k8-2274  k=8  3.4*.6  ★ CANDIDATE (not in Myers)  (16 cell polys, area check ✓)
  ctrnact-star-k8-2275  k=8  3.4*.6  ★ CANDIDATE (not in Myers)  (17 cell polys, area check ✓)
  ctrnact-star-k8-2276  k=8  3.4*.6  ★ CANDIDATE (not in Myers)  (19 cell polys, area check ✓)
  ctrnact-star-k8-2277  k=8  3.4*.6  ★ CANDIDATE (not in Myers)  (19 cell polys, area check ✓)
  ctrnact-star-k8-2278  k=8  3.4*.6  ★ CANDIDATE (not in Myers)  (22 cell polys, area check ✓)
  ctrnact-star-k8-2279  k=8  3.4*.6  ★ CANDIDATE (not in Myers)  (23 cell polys, area check ✓)
  ctrnact-star-k8-2280  k=8  3.4*.6  ★ CANDIDATE (not in Myers)  (25 cell polys, area check ✓)
  ctrnact-star-k8-2281  k=8  3.4*.6  ★ CANDIDATE (not in Myers)  (20 cell polys, area check ✓)
  ctrnact-star-k8-2282  k=8  3.4*.6  ★ CANDIDATE (not in Myers)  (19 cell polys, area check ✓)
  ctrnact-star-k8-2283  k=8  3.4*.6  ★ CANDIDATE (not in Myers)  (20 cell polys, area check ✓)
  ctrnact-star-k8-2284  k=8  3.4*.6  ★ CANDIDATE (not in Myers)  (18 cell polys, area check ✓)
  ctrnact-star-k8-2285  k=8  3.4*.6  ★ CANDIDATE (not in Myers)  (19 cell polys, area check ✓)
  ctrnact-star-k8-2286  k=8  3.4*.6  ★ CANDIDATE (not in Myers)  (21 cell polys, area check ✓)
  ctrnact-star-k8-2287  k=8  3.4*.6  ★ CANDIDATE (not in Myers)  (20 cell polys, area check ✓)
  ctrnact-star-k8-2288  k=8  3.4*.6  ★ CANDIDATE (not in Myers)  (21 cell polys, area check ✓)
  ctrnact-star-k8-2289  k=8  3.4*.6  ★ CANDIDATE (not in Myers)  (23 cell polys, area check ✓)
  ctrnact-star-k8-2290  k=8  3.4*.6  ★ CANDIDATE (not in Myers)  (13 cell polys, area check ✓)
  ctrnact-star-k8-2291  k=8  3.4*.6  ★ CANDIDATE (not in Myers)  (14 cell polys, area check ✓)
  ctrnact-star-k8-2292  k=8  3.4*.6  ★ CANDIDATE (not in Myers)  (16 cell polys, area check ✓)
  ctrnact-star-k8-2293  k=8  3.4*.6  ★ CANDIDATE (not in Myers)  (16 cell polys, area check ✓)
  ctrnact-star-k8-2294  k=8  3.4*.6  ★ CANDIDATE (not in Myers)  (19 cell polys, area check ✓)
  ctrnact-star-k8-2295  k=8  3.4*.6  ★ CANDIDATE (not in Myers)  (20 cell polys, area check ✓)
  ctrnact-star-k8-2296  k=8  3.4*.6  ★ CANDIDATE (not in Myers)  (22 cell polys, area check ✓)
  ctrnact-star-k8-2297  k=8  3.4*.6  ★ CANDIDATE (not in Myers)  (17 cell polys, area check ✓)
  ctrnact-star-k8-2298  k=8  3.4*.6  ★ CANDIDATE (not in Myers)  (20 cell polys, area check ✓)
  ctrnact-star-k8-2299  k=8  3.4*.6  ★ CANDIDATE (not in Myers)  (18 cell polys, area check ✓)
  ctrnact-star-k8-2300  k=8  3.4*.6  ★ CANDIDATE (not in Myers)  (13 cell polys, area check ✓)
  ctrnact-star-k8-2301  k=8  3.4*.6  ★ CANDIDATE (not in Myers)  (14 cell polys, area check ✓)
  ctrnact-star-k8-2302  k=8  3.4*.6  ★ CANDIDATE (not in Myers)  (16 cell polys, area check ✓)
  ctrnact-star-k8-2303  k=8  3.4*.6  ★ CANDIDATE (not in Myers)  (8 cell polys, area check ✓)
  ctrnact-star-k8-2304  k=8  3.4*.6  ★ CANDIDATE (not in Myers)  (16 cell polys, area check ✓)
  ctrnact-star-k8-2305  k=8  3.4*.6  ★ CANDIDATE (not in Myers)  (17 cell polys, area check ✓)
  ctrnact-star-k8-2306  k=8  3.4*.6  ★ CANDIDATE (not in Myers)  (19 cell polys, area check ✓)
  ctrnact-star-k8-2307  k=8  3.4*.6  ★ CANDIDATE (not in Myers)  (17 cell polys, area check ✓)
  ctrnact-star-k8-2308  k=8  3.4*.6  ★ CANDIDATE (not in Myers)  (18 cell polys, area check ✓)
  ctrnact-star-k8-2309  k=8  3.4*.6  ★ CANDIDATE (not in Myers)  (20 cell polys, area check ✓)
  ctrnact-star-k8-2310  k=8  3.4*.6  ★ CANDIDATE (not in Myers)  (19 cell polys, area check ✓)
  ctrnact-star-k8-2311  k=8  3.4*.6  ★ CANDIDATE (not in Myers)  (20 cell polys, area check ✓)
  ctrnact-star-k8-2312  k=8  3.4*.6  ★ CANDIDATE (not in Myers)  (22 cell polys, area check ✓)
  ctrnact-star-k8-2313  k=8  3.4*.6  ★ CANDIDATE (not in Myers)  (10 cell polys, area check ✓)
  ctrnact-star-k8-2314  k=8  3.4*.6  ★ CANDIDATE (not in Myers)  (15 cell polys, area check ✓)
  ctrnact-star-k8-2315  k=8  3.4*.6  ★ CANDIDATE (not in Myers)  (18 cell polys, area check ✓)
  ctrnact-star-k8-2316  k=8  3.4*.6  ★ CANDIDATE (not in Myers)  (19 cell polys, area check ✓)
  ctrnact-star-k8-2317  k=8  3.4*.6  ★ CANDIDATE (not in Myers)  (21 cell polys, area check ✓)
  ctrnact-star-k8-2318  k=8  3.4*.6  ★ CANDIDATE (not in Myers)  (15 cell polys, area check ✓)
  ctrnact-star-k8-2319  k=8  3.4*.6  ★ CANDIDATE (not in Myers)  (16 cell polys, area check ✓)
  ctrnact-star-k8-2320  k=8  3.4*.6  ★ CANDIDATE (not in Myers)  (18 cell polys, area check ✓)
  ctrnact-star-k8-2321  k=8  3.4*.6  ★ CANDIDATE (not in Myers)  (15 cell polys, area check ✓)
  ctrnact-star-k8-2322  k=8  3.4*.6  ★ CANDIDATE (not in Myers)  (15 cell polys, area check ✓)
  ctrnact-star-k8-2323  k=8  3.4*.6  ★ CANDIDATE (not in Myers)  (16 cell polys, area check ✓)
  ctrnact-star-k8-2324  k=8  3.4*.6  ★ CANDIDATE (not in Myers)  (18 cell polys, area check ✓)
  ctrnact-star-k8-2325  k=8  3.4*.6  ★ CANDIDATE (not in Myers)  (9 cell polys, area check ✓)
  ctrnact-star-k8-2326  k=8  3.4*.6  ★ CANDIDATE (not in Myers)  (18 cell polys, area check ✓)
  ctrnact-star-k8-2327  k=8  3.4*.6  ★ CANDIDATE (not in Myers)  (19 cell polys, area check ✓)
  ctrnact-star-k8-2328  k=8  3.4*.6  ★ CANDIDATE (not in Myers)  (21 cell polys, area check ✓)
  ctrnact-star-k8-2329  k=8  3.4*.6  ★ CANDIDATE (not in Myers)  (15 cell polys, area check ✓)
  ctrnact-star-k8-2330  k=8  3.4*.6  ★ CANDIDATE (not in Myers)  (16 cell polys, area check ✓)
  ctrnact-star-k8-2331  k=8  3.4*.6  ★ CANDIDATE (not in Myers)  (18 cell polys, area check ✓)
  ctrnact-star-k8-2332  k=8  3.4*.6  ★ CANDIDATE (not in Myers)  (18 cell polys, area check ✓)
  ctrnact-star-k8-2333  k=8  3.4*.6  ★ CANDIDATE (not in Myers)  (21 cell polys, area check ✓)
  ctrnact-star-k8-2334  k=8  3.4*.6  ★ CANDIDATE (not in Myers)  (22 cell polys, area check ✓)
  ctrnact-star-k8-2335  k=8  3.4*.6  ★ CANDIDATE (not in Myers)  (24 cell polys, area check ✓)
  ctrnact-star-k8-2336  k=8  3.4*.6  ★ CANDIDATE (not in Myers)  (19 cell polys, area check ✓)
  ctrnact-star-k8-2337  k=8  3.4*.6  ★ CANDIDATE (not in Myers)  (20 cell polys, area check ✓)
  ctrnact-star-k8-2338  k=8  3.4*.6  ★ CANDIDATE (not in Myers)  (18 cell polys, area check ✓)
  ctrnact-star-k8-2339  k=8  3.4*.6  ★ CANDIDATE (not in Myers)  (19 cell polys, area check ✓)
  ctrnact-star-k8-2340  k=8  3.4*.6  ★ CANDIDATE (not in Myers)  (21 cell polys, area check ✓)
  ctrnact-star-k8-2341  k=8  3.4*.6  ★ CANDIDATE (not in Myers)  (18 cell polys, area check ✓)
  ctrnact-star-k8-2342  k=8  3.4*.6  ★ CANDIDATE (not in Myers)  (18 cell polys, area check ✓)
  ctrnact-star-k8-2343  k=8  3.4*.6  ★ CANDIDATE (not in Myers)  (9 cell polys, area check ✓)
  ctrnact-star-k8-2344  k=8  3.4*.6  ★ CANDIDATE (not in Myers)  (19 cell polys, area check ✓)
  ctrnact-star-k8-2345  k=8  3.4*.6  ★ CANDIDATE (not in Myers)  (21 cell polys, area check ✓)
  ctrnact-star-k8-2346  k=8  3.4*.6  ★ CANDIDATE (not in Myers)  (16 cell polys, area check ✓)
  ctrnact-star-k8-2347  k=8  3.4*.6  ★ CANDIDATE (not in Myers)  (19 cell polys, area check ✓)
  ctrnact-star-k8-2348  k=8  3.4*.6  ★ CANDIDATE (not in Myers)  (20 cell polys, area check ✓)
  ctrnact-star-k8-2349  k=8  3.4*.6  ★ CANDIDATE (not in Myers)  (22 cell polys, area check ✓)
  ctrnact-star-k8-2350  k=8  3.4*.6  ★ CANDIDATE (not in Myers)  (18 cell polys, area check ✓)
  ctrnact-star-k8-2351  k=8  3.4*.6  ★ CANDIDATE (not in Myers)  (21 cell polys, area check ✓)
  ctrnact-star-k8-2352  k=8  3.4*.6  ★ CANDIDATE (not in Myers)  (22 cell polys, area check ✓)
  ctrnact-star-k8-2353  k=8  3.4*.6  ★ CANDIDATE (not in Myers)  (24 cell polys, area check ✓)
  ctrnact-star-k8-2354  k=8  3.4*.6  ★ CANDIDATE (not in Myers)  (21 cell polys, area check ✓)
  ctrnact-star-k8-2355  k=8  3.4*.6  ★ CANDIDATE (not in Myers)  (21 cell polys, area check ✓)
  ctrnact-star-k8-2356  k=8  3.4*.6  ★ CANDIDATE (not in Myers)  (19 cell polys, area check ✓)
  ctrnact-star-k8-2357  k=8  3.4*.6  ★ CANDIDATE (not in Myers)  (20 cell polys, area check ✓)
  ctrnact-star-k8-2358  k=8  3.4*.6  ★ CANDIDATE (not in Myers)  (22 cell polys, area check ✓)
  ctrnact-star-k8-2359  k=8  3.4*.6  ★ CANDIDATE (not in Myers)  (21 cell polys, area check ✓)
  ctrnact-star-k8-2360  k=8  3.4*.6  ★ CANDIDATE (not in Myers)  (22 cell polys, area check ✓)
  ctrnact-star-k8-2361  k=8  3.4*.6  ★ CANDIDATE (not in Myers)  (24 cell polys, area check ✓)
  ctrnact-star-k8-2362  k=8  3.4*.6  ★ CANDIDATE (not in Myers)  (24 cell polys, area check ✓)
  ctrnact-star-k8-2363  k=8  3.4*.6  ★ CANDIDATE (not in Myers)  (12 cell polys, area check ✓)
  ctrnact-star-k8-2364  k=8  3.4*.6  ★ CANDIDATE (not in Myers)  (22 cell polys, area check ✓)
  ctrnact-star-k8-2365  k=8  3.4*.6  ★ CANDIDATE (not in Myers)  (24 cell polys, area check ✓)
  ctrnact-star-k8-2366  k=8  3.4*.6  ★ CANDIDATE (not in Myers)  (25 cell polys, area check ✓)
  ctrnact-star-k8-2367  k=8  3.4*.6  ★ CANDIDATE (not in Myers)  (27 cell polys, area check ✓)
  ctrnact-star-k8-2368  k=8  3.4*.6  ★ CANDIDATE (not in Myers)  (22 cell polys, area check ✓)
  ctrnact-star-k8-2369  k=8  3.4*.6  ★ CANDIDATE (not in Myers)  (19 cell polys, area check ✓)
  ctrnact-star-k8-2370  k=8  3.4*.6  ★ CANDIDATE (not in Myers)  (21 cell polys, area check ✓)
  ctrnact-star-k8-2371  k=8  3.4*.6  ★ CANDIDATE (not in Myers)  (13 cell polys, area check ✓)
  ctrnact-star-k8-2372  k=8  3.4*.6  ★ CANDIDATE (not in Myers)  (14 cell polys, area check ✓)
  ctrnact-star-k8-2373  k=8  3.4*.6  ★ CANDIDATE (not in Myers)  (16 cell polys, area check ✓)
  ctrnact-star-k8-2374  k=8  3.4*.6  ★ CANDIDATE (not in Myers)  (16 cell polys, area check ✓)
  ctrnact-star-k8-2375  k=8  3.4*.6  ★ CANDIDATE (not in Myers)  (19 cell polys, area check ✓)
  ctrnact-star-k8-2376  k=8  3.4*.6  ★ CANDIDATE (not in Myers)  (20 cell polys, area check ✓)
  ctrnact-star-k8-2377  k=8  3.4*.6  ★ CANDIDATE (not in Myers)  (22 cell polys, area check ✓)
  ctrnact-star-k8-2378  k=8  3.4*.6  ★ CANDIDATE (not in Myers)  (17 cell polys, area check ✓)
  ctrnact-star-k8-2379  k=8  3.4*.6  ★ CANDIDATE (not in Myers)  (16 cell polys, area check ✓)
  ctrnact-star-k8-2380  k=8  3.4*.6  ★ CANDIDATE (not in Myers)  (17 cell polys, area check ✓)
  ctrnact-star-k8-2381  k=8  3.4*.6  ★ CANDIDATE (not in Myers)  (19 cell polys, area check ✓)
  ctrnact-star-k8-2382  k=8  3.4*.6  ★ CANDIDATE (not in Myers)  (18 cell polys, area check ✓)
  ctrnact-star-k8-2383  k=8  3.4*.6  ★ CANDIDATE (not in Myers)  (19 cell polys, area check ✓)
  ctrnact-star-k8-2384  k=8  3.4*.6  ★ CANDIDATE (not in Myers)  (21 cell polys, area check ✓)
  ctrnact-star-k8-2385  k=8  3.4*.6  ★ CANDIDATE (not in Myers)  (19 cell polys, area check ✓)
  ctrnact-star-k8-2386  k=8  3.4*.6  ★ CANDIDATE (not in Myers)  (21 cell polys, area check ✓)
  ctrnact-star-k8-2387  k=8  3.4*.6  ★ CANDIDATE (not in Myers)  (52 cell polys, area check ✓)
  ctrnact-star-k8-2388  k=8  3.4*.6  ★ CANDIDATE (not in Myers)  (25 cell polys, area check ✓)
  ctrnact-star-k8-2389  k=8  3.4*.6  ★ CANDIDATE (not in Myers)  (28 cell polys, area check ✓)
  ctrnact-star-k8-2390  k=8  3.4*.6  ★ CANDIDATE (not in Myers)  (29 cell polys, area check ✓)
  ctrnact-star-k8-2391  k=8  3.4*.6  ★ CANDIDATE (not in Myers)  (27 cell polys, area check ✓)
  ctrnact-star-k8-2392  k=8  3.4*.6  ★ CANDIDATE (not in Myers)  (27 cell polys, area check ✓)
  ctrnact-star-k8-2393  k=8  3.4*.6  ★ CANDIDATE (not in Myers)  (29 cell polys, area check ✓)
  ctrnact-star-k8-2394  k=8  3.4*.6  ★ CANDIDATE (not in Myers)  (27 cell polys, area check ✓)
  ctrnact-star-k8-2395  k=8  3.4*.6  ★ CANDIDATE (not in Myers)  (32 cell polys, area check ✓)
  ctrnact-star-k8-2396  k=8  3.4*.6  ★ CANDIDATE (not in Myers)  (32 cell polys, area check ✓)
  ctrnact-star-k8-2397  k=8  3.4*.6  ★ CANDIDATE (not in Myers)  (34 cell polys, area check ✓)
  ctrnact-star-k8-2398  k=8  3.4*.6  ★ CANDIDATE (not in Myers)  (23 cell polys, area check ✓)
  ctrnact-star-k8-2399  k=8  3.4*.6  ★ CANDIDATE (not in Myers)  (23 cell polys, area check ✓)
  ctrnact-star-k8-2400  k=8  3.4*.6  ★ CANDIDATE (not in Myers)  (31 cell polys, area check ✓)
  ctrnact-star-k8-2401  k=8  3.4*.6  ★ CANDIDATE (not in Myers)  (22 cell polys, area check ✓)
  ctrnact-star-k8-2402  k=8  3.4*.6  ★ CANDIDATE (not in Myers)  (25 cell polys, area check ✓)
  ctrnact-star-k8-2403  k=8  3.4*.6  ★ CANDIDATE (not in Myers)  (30 cell polys, area check ✓)
  ctrnact-star-k8-2404  k=8  3.4*.6  ★ CANDIDATE (not in Myers)  (22 cell polys, area check ✓)
  ctrnact-star-k8-2405  k=8  3.4*.6  ★ CANDIDATE (not in Myers)  (22 cell polys, area check ✓)
  ctrnact-star-k8-2406  k=8  3.4*.6  ★ CANDIDATE (not in Myers)  (24 cell polys, area check ✓)
  ctrnact-star-k8-2407  k=8  3.4*.6  ★ CANDIDATE (not in Myers)  (30 cell polys, area check ✓)
  ctrnact-star-k8-2408  k=8  3.4*.6  ★ CANDIDATE (not in Myers)  (30 cell polys, area check ✓)
  ctrnact-star-k8-2409  k=8  3.4*.6  ★ CANDIDATE (not in Myers)  (32 cell polys, area check ✓)
  ctrnact-star-k8-2410  k=8  3.4*.6  ★ CANDIDATE (not in Myers)  (32 cell polys, area check ✓)
  ctrnact-star-k8-2411  k=8  3.4*.6  ★ CANDIDATE (not in Myers)  (26 cell polys, area check ✓)
  ctrnact-star-k8-2412  k=8  3.4*.6  ★ CANDIDATE (not in Myers)  (29 cell polys, area check ✓)
  ctrnact-star-k8-2413  k=8  3.4*.6  ★ CANDIDATE (not in Myers)  (68 cell polys, area check ✓)
  ctrnact-star-k8-2414  k=8  3.4*.6  ★ CANDIDATE (not in Myers)  (68 cell polys, area check ✓)
  ctrnact-star-k8-2415  k=8  3.4*.6  ★ CANDIDATE (not in Myers)  (93 cell polys, area check ✓)
  ctrnact-star-k8-2416  k=8  3.4*.6  ★ CANDIDATE (not in Myers)  (47 cell polys, area check ✓)
  ctrnact-star-k8-2417  k=8  3.4*.6  ★ CANDIDATE (not in Myers)  (63 cell polys, area check ✓)
  ctrnact-star-k8-2418  k=8  3.4*.6  ★ CANDIDATE (not in Myers)  (38 cell polys, area check ✓)
  ctrnact-star-k8-2419  k=8  3.4*.6  ★ CANDIDATE (not in Myers)  (17 cell polys, area check ✓)
  ctrnact-star-k8-2420  k=8  3.4*.6  ★ CANDIDATE (not in Myers)  (20 cell polys, area check ✓)
  ctrnact-star-k8-2421  k=8  3.4*.6  ★ CANDIDATE (not in Myers)  (34 cell polys, area check ✓)
  ctrnact-star-k8-2422  k=8  3.4*.6  ★ CANDIDATE (not in Myers)  (17 cell polys, area check ✓)
  ctrnact-star-k8-2423  k=8  3.4*.6  ★ CANDIDATE (not in Myers)  (58 cell polys, area check ✓)
  ctrnact-star-k8-2424  k=8  3.4*.6  ★ CANDIDATE (not in Myers)  (20 cell polys, area check ✓)
  ctrnact-star-k8-2425  k=8  3.4*.6  ★ CANDIDATE (not in Myers)  (40 cell polys, area check ✓)
  ctrnact-star-k8-2426  k=8  3.4*.6  ★ CANDIDATE (not in Myers)  (20 cell polys, area check ✓)
  ctrnact-star-k8-2427  k=8  3.4*.6  ★ CANDIDATE (not in Myers)  (17 cell polys, area check ✓)
  ctrnact-star-k8-2428  k=8  3.4*.6  ★ CANDIDATE (not in Myers)  (34 cell polys, area check ✓)
  ctrnact-star-k8-2429  k=8  3.4*.6  ★ CANDIDATE (not in Myers)  (15 cell polys, area check ✓)
  ctrnact-star-k8-2430  k=8  3.4*.6  ★ CANDIDATE (not in Myers)  (18 cell polys, area check ✓)
  ctrnact-star-k8-2431  k=8  3.4*.6  ★ CANDIDATE (not in Myers)  (12 cell polys, area check ✓)
  ctrnact-star-k8-2432  k=8  3.4*.6  ★ CANDIDATE (not in Myers)  (13 cell polys, area check ✓)
  ctrnact-star-k8-2433  k=8  3.4*.6  ★ CANDIDATE (not in Myers)  (15 cell polys, area check ✓)
  ctrnact-star-k8-2434  k=8  3.4*.6  ★ CANDIDATE (not in Myers)  (15 cell polys, area check ✓)
  ctrnact-star-k8-2435  k=8  3.4*.6  ★ CANDIDATE (not in Myers)  (18 cell polys, area check ✓)
  ctrnact-star-k8-2436  k=8  3.4*.6  ★ CANDIDATE (not in Myers)  (19 cell polys, area check ✓)
  ctrnact-star-k8-2437  k=8  3.4*.6  ★ CANDIDATE (not in Myers)  (21 cell polys, area check ✓)
  ctrnact-star-k8-2438  k=8  3.4*.6  ★ CANDIDATE (not in Myers)  (62 cell polys, area check ✓)
  ctrnact-star-k8-2439  k=8  3.4*.6  ★ CANDIDATE (not in Myers)  (24 cell polys, area check ✓)
  ctrnact-star-k8-2440  k=8  3.4*.6  ★ CANDIDATE (not in Myers)  (14 cell polys, area check ✓)
  ctrnact-star-k8-2441  k=8  3.4*.6  ★ CANDIDATE (not in Myers)  (17 cell polys, area check ✓)
  ctrnact-star-k8-2442  k=8  3.4*.6  ★ CANDIDATE (not in Myers)  (18 cell polys, area check ✓)
  ctrnact-star-k8-2443  k=8  3.4*.6  ★ CANDIDATE (not in Myers)  (20 cell polys, area check ✓)
  ctrnact-star-k8-2444  k=8  3.4*.6  ★ CANDIDATE (not in Myers)  (17 cell polys, area check ✓)
  ctrnact-star-k8-2445  k=8  3.4*.6  ★ CANDIDATE (not in Myers)  (17 cell polys, area check ✓)
  ctrnact-star-k8-2446  k=8  3.4*.6  ★ CANDIDATE (not in Myers)  (17 cell polys, area check ✓)
  ctrnact-star-k8-2447  k=8  3.4*.6  ★ CANDIDATE (not in Myers)  (18 cell polys, area check ✓)
  ctrnact-star-k8-2448  k=8  3.4*.6  ★ CANDIDATE (not in Myers)  (20 cell polys, area check ✓)
  ctrnact-star-k8-2449  k=8  3.4*.6  ★ CANDIDATE (not in Myers)  (20 cell polys, area check ✓)
  ctrnact-star-k8-2450  k=8  3.4*.6  ★ CANDIDATE (not in Myers)  (10 cell polys, area check ✓)
  ctrnact-star-k8-2451  k=8  3.4*.6  ★ CANDIDATE (not in Myers)  (18 cell polys, area check ✓)
  ctrnact-star-k8-2452  k=8  3.4*.6  ★ CANDIDATE (not in Myers)  (20 cell polys, area check ✓)
  ctrnact-star-k8-2453  k=8  3.4*.6  ★ CANDIDATE (not in Myers)  (21 cell polys, area check ✓)
  ctrnact-star-k8-2454  k=8  3.4*.6  ★ CANDIDATE (not in Myers)  (23 cell polys, area check ✓)
  ctrnact-star-k8-2455  k=8  3.4*.6  ★ CANDIDATE (not in Myers)  (15 cell polys, area check ✓)
  ctrnact-star-k8-2456  k=8  3.4*.6  ★ CANDIDATE (not in Myers)  (16 cell polys, area check ✓)
  ctrnact-star-k8-2457  k=8  3.4*.6  ★ CANDIDATE (not in Myers)  (18 cell polys, area check ✓)
  ctrnact-star-k8-2458  k=8  3.4*.6  ★ CANDIDATE (not in Myers)  (18 cell polys, area check ✓)
  ctrnact-star-k8-2459  k=8  3.4*.6  ★ CANDIDATE (not in Myers)  (67 cell polys, area check ✓)
  ctrnact-star-k8-2460  k=8  3.4*.6  ★ CANDIDATE (not in Myers)  (67 cell polys, area check ✓)
  ctrnact-star-k8-2461  k=8  3.4*.6  ★ CANDIDATE (not in Myers)  (15 cell polys, area check ✓)
  ctrnact-star-k8-2462  k=8  3.4*.6  ★ CANDIDATE (not in Myers)  (18 cell polys, area check ✓)
  ctrnact-star-k8-2463  k=8  3.4*.6  ★ CANDIDATE (not in Myers)  (19 cell polys, area check ✓)
  ctrnact-star-k8-2464  k=8  3.4*.6  ★ CANDIDATE (not in Myers)  (21 cell polys, area check ✓)
  ctrnact-star-k8-2465  k=8  3.4*.6  ★ CANDIDATE (not in Myers)  (18 cell polys, area check ✓)
  ctrnact-star-k8-2466  k=8  3.4*.6  ★ CANDIDATE (not in Myers)  (19 cell polys, area check ✓)
  ctrnact-star-k8-2467  k=8  3.4*.6  ★ CANDIDATE (not in Myers)  (21 cell polys, area check ✓)
  ctrnact-star-k8-2468  k=8  3.4*.6  ★ CANDIDATE (not in Myers)  (21 cell polys, area check ✓)
  ctrnact-star-k8-2469  k=8  3.4*.6  ★ CANDIDATE (not in Myers)  (24 cell polys, area check ✓)
  ctrnact-star-k8-2470  k=8  3.4*.6  ★ CANDIDATE (not in Myers)  (20 cell polys, area check ✓)
  ctrnact-star-k8-2471  k=8  3.4*.6  ★ CANDIDATE (not in Myers)  (23 cell polys, area check ✓)
  ctrnact-star-k8-2472  k=8  3.4*.6  ★ CANDIDATE (not in Myers)  (17 cell polys, area check ✓)
  ctrnact-star-k8-2473  k=8  3.4*.6  ★ CANDIDATE (not in Myers)  (18 cell polys, area check ✓)
  ctrnact-star-k8-2474  k=8  3.4*.6  ★ CANDIDATE (not in Myers)  (20 cell polys, area check ✓)
  ctrnact-star-k8-2475  k=8  3.4*.6  ★ CANDIDATE (not in Myers)  (21 cell polys, area check ✓)
  ctrnact-star-k8-2476  k=8  3.4*.6  ★ CANDIDATE (not in Myers)  (23 cell polys, area check ✓)
  ctrnact-star-k8-2477  k=8  3.4*.6  ★ CANDIDATE (not in Myers)  (18 cell polys, area check ✓)
  ctrnact-star-k8-2478  k=8  3.4*.6  ★ CANDIDATE (not in Myers)  (20 cell polys, area check ✓)
  ctrnact-star-k8-2479  k=8  3.4*.6  ★ CANDIDATE (not in Myers)  (21 cell polys, area check ✓)
  ctrnact-star-k8-2480  k=8  3.4*.6  ★ CANDIDATE (not in Myers)  (23 cell polys, area check ✓)
  ctrnact-star-k8-2481  k=8  3.4*.6  ★ CANDIDATE (not in Myers)  (29 cell polys, area check ✓)
  ctrnact-star-k8-2482  k=8  3.4*.6  ★ CANDIDATE (not in Myers)  (27 cell polys, area check ✓)
  ctrnact-star-k8-2483  k=8  3.4*.6  ★ CANDIDATE (not in Myers)  (32 cell polys, area check ✓)
  ctrnact-star-k8-2484  k=8  3.4*.6  ★ CANDIDATE (not in Myers)  (23 cell polys, area check ✓)
  ctrnact-star-k8-2485  k=8  3.4*.6.6*.12*  ★ CANDIDATE (not in Myers)  (84 cell polys, area check ✓)
  ctrnact-star-k8-2486  k=8  3.4*.6.12*  ★ CANDIDATE (not in Myers)  (90 cell polys, area check ✓)
  ctrnact-star-k8-2487  k=8  3.4*.6.12*  ★ CANDIDATE (not in Myers)  (75 cell polys, area check ✓)
  ctrnact-star-k8-2488  k=8  3.4*.6.6*  ★ CANDIDATE (not in Myers)  (75 cell polys, area check ✓)
  ctrnact-star-k8-2489  k=8  3.4*.6.6*  ★ CANDIDATE (not in Myers)  (46 cell polys, area check ✓)
  ctrnact-star-k8-2490  k=8  3.4*.6.6*  ★ CANDIDATE (not in Myers)  (22 cell polys, area check ✓)
  ctrnact-star-k8-2491  k=8  3.4*.6.6*  ★ CANDIDATE (not in Myers)  (25 cell polys, area check ✓)
  ctrnact-star-k8-2492  k=8  3.4*.6.6*  ★ CANDIDATE (not in Myers)  (25 cell polys, area check ✓)
  ctrnact-star-k8-2493  k=8  3.4*.6.6*  ★ CANDIDATE (not in Myers)  (25 cell polys, area check ✓)
  ctrnact-star-k8-2494  k=8  3.4*.6.6*  ★ CANDIDATE (not in Myers)  (24 cell polys, area check ✓)
  ctrnact-star-k8-2495  k=8  3.4*.6.6*  ★ CANDIDATE (not in Myers)  (27 cell polys, area check ✓)
  ctrnact-star-k8-2496  k=8  3.4*.6.6*  ★ CANDIDATE (not in Myers)  (27 cell polys, area check ✓)
  ctrnact-star-k8-2497  k=8  3.4*.6.6*  ★ CANDIDATE (not in Myers)  (27 cell polys, area check ✓)
  ctrnact-star-k8-2498  k=8  3.4*.6.6*  ★ CANDIDATE (not in Myers)  (27 cell polys, area check ✓)
  ctrnact-star-k8-2499  k=8  3.4*.6.6*  ★ CANDIDATE (not in Myers)  (24 cell polys, area check ✓)
  ctrnact-star-k8-2500  k=8  3.4*.6.6*  ★ CANDIDATE (not in Myers)  (24 cell polys, area check ✓)
  ctrnact-star-k8-2501  k=8  3.4*.6.6*  ★ CANDIDATE (not in Myers)  (25 cell polys, area check ✓)
  ctrnact-star-k8-2502  k=8  3.4*.6.6*  ★ CANDIDATE (not in Myers)  (22 cell polys, area check ✓)
  ctrnact-star-k8-2503  k=8  3.4*.6.6*  ★ CANDIDATE (not in Myers)  (25 cell polys, area check ✓)
  ctrnact-star-k8-2504  k=8  3.4*.6.6*  ★ CANDIDATE (not in Myers)  (25 cell polys, area check ✓)
  ctrnact-star-k8-2505  k=8  3.4*.6.6*  ★ CANDIDATE (not in Myers)  (24 cell polys, area check ✓)
  ctrnact-star-k8-2506  k=8  3.4*.6.6*  ★ CANDIDATE (not in Myers)  (29 cell polys, area check ✓)
  ctrnact-star-k8-2507  k=8  3.4*.6.6*  ★ CANDIDATE (not in Myers)  (87 cell polys, area check ✓)
  ctrnact-star-k8-2508  k=8  3.4*.6.6*  ★ CANDIDATE (not in Myers)  (66 cell polys, area check ✓)
  ctrnact-star-k8-2509  k=8  3.4*.6.6*  ★ CANDIDATE (not in Myers)  (66 cell polys, area check ✓)
  ctrnact-star-k8-2510  k=8  3.4*.6.6*  ★ CANDIDATE (not in Myers)  (60 cell polys, area check ✓)
  ctrnact-star-k8-2511  k=8  3.4*.6.6*  ★ CANDIDATE (not in Myers)  (19 cell polys, area check ✓)
  ctrnact-star-k8-2512  k=8  3.4*.6.6*  ★ CANDIDATE (not in Myers)  (19 cell polys, area check ✓)
  ctrnact-star-k8-2513  k=8  3.4*.6.6*  ★ CANDIDATE (not in Myers)  (18 cell polys, area check ✓)
  ctrnact-star-k8-2514  k=8  3.4*.6.6*  ★ CANDIDATE (not in Myers)  (22 cell polys, area check ✓)
  ctrnact-star-k8-2515  k=8  3.4*.6.6*  ★ CANDIDATE (not in Myers)  (22 cell polys, area check ✓)
  ctrnact-star-k8-2516  k=8  3.4*.6.6*  ★ CANDIDATE (not in Myers)  (24 cell polys, area check ✓)
  ctrnact-star-k8-2517  k=8  3.4*.6.6*  ★ CANDIDATE (not in Myers)  (24 cell polys, area check ✓)
  ctrnact-star-k8-2518  k=8  3.4*.6.6*  ★ CANDIDATE (not in Myers)  (24 cell polys, area check ✓)
  ctrnact-star-k8-2519  k=8  3.4*.6.6*  ★ CANDIDATE (not in Myers)  (57 cell polys, area check ✓)
  ctrnact-star-k8-2520  k=8  3.4*.6.6*  ★ CANDIDATE (not in Myers)  (17 cell polys, area check ✓)
  ctrnact-star-k8-2521  k=8  3.4*.6.6*  ★ CANDIDATE (not in Myers)  (60 cell polys, area check ✓)
  ctrnact-star-k8-2522  k=8  3.4*.6.6*  ★ CANDIDATE (not in Myers)  (29 cell polys, area check ✓)
  ctrnact-star-k8-2523  k=8  3.4*.6.6*  ★ CANDIDATE (not in Myers)  (54 cell polys, area check ✓)
  ctrnact-star-k8-2524  k=8  3.4*.6.6*  ★ CANDIDATE (not in Myers)  (67 cell polys, area check ✓)
  ctrnact-star-k8-2525  k=8  3.4*.6.6*  ★ CANDIDATE (not in Myers)  (21 cell polys, area check ✓)
  ctrnact-star-k8-2526  k=8  3.4*.6.6*  ★ CANDIDATE (not in Myers)  (27 cell polys, area check ✓)
  ctrnact-star-k8-2527  k=8  3.4*.6.6*  ★ CANDIDATE (not in Myers)  (24 cell polys, area check ✓)
  ctrnact-star-k8-2528  k=8  3.4*.6.6*  ★ CANDIDATE (not in Myers)  (18 cell polys, area check ✓)
  ctrnact-star-k8-2529  k=8  3.4*.6.6*  ★ CANDIDATE (not in Myers)  (21 cell polys, area check ✓)
  ctrnact-star-k8-2530  k=8  3.4*.6.6*  ★ CANDIDATE (not in Myers)  (21 cell polys, area check ✓)
  ctrnact-star-k8-2531  k=8  3.4*.6.6*.12*  ★ CANDIDATE (not in Myers)  (60 cell polys, area check ✓)
  ctrnact-star-k8-2532  k=8  3.4*.6.6*.12*  ★ CANDIDATE (not in Myers)  (81 cell polys, area check ✓)
  ctrnact-star-k8-2533  k=8  3.4*.6.6*.12*  ★ CANDIDATE (not in Myers)  (69 cell polys, area check ✓)
  ctrnact-star-k8-2534  k=8  3.4*.6.6*.12*  ★ CANDIDATE (not in Myers)  (54 cell polys, area check ✓)
  ctrnact-star-k8-2535  k=8  3.4*.6.6*.12*  ★ CANDIDATE (not in Myers)  (84 cell polys, area check ✓)
  ctrnact-star-k8-2536  k=8  3.4*.6.12*  ★ CANDIDATE (not in Myers)  (78 cell polys, area check ✓)
  ctrnact-star-k8-2537  k=8  3.4*.6.12*  ★ CANDIDATE (not in Myers)  (59 cell polys, area check ✓)
  ctrnact-star-k8-2538  k=8  3.4*.6.12*  ★ CANDIDATE (not in Myers)  (19 cell polys, area check ✓)
  ctrnact-star-k8-2539  k=8  3.4*.6.12*  ★ CANDIDATE (not in Myers)  (93 cell polys, area check ✓)
  ctrnact-star-k8-2540  k=8  3.4*.6.12*  ★ CANDIDATE (not in Myers)  (20 cell polys, area check ✓)
  ctrnact-star-k8-2541  k=8  3.4*.6.12*  ★ CANDIDATE (not in Myers)  (40 cell polys, area check ✓)
  ctrnact-star-k8-2542  k=8  3.4*.6.12*  ★ CANDIDATE (not in Myers)  (90 cell polys, area check ✓)
  ctrnact-star-k8-2543  k=8  3.4*.6.12*  ★ CANDIDATE (not in Myers)  (30 cell polys, area check ✓)
  ctrnact-star-k8-2544  k=8  3.4*.6.12*  ★ CANDIDATE (not in Myers)  (60 cell polys, area check ✓)
  ctrnact-star-k8-2545  k=8  3.4*.6.12*  ★ CANDIDATE (not in Myers)  (49 cell polys, area check ✓)
  ctrnact-star-k8-2546  k=8  3.4*.6.12*  ★ CANDIDATE (not in Myers)  (49 cell polys, area check ✓)
  ctrnact-star-k8-2547  k=8  3.4*.6.12*  ★ CANDIDATE (not in Myers)  (20 cell polys, area check ✓)
  ctrnact-star-k8-2548  k=8  3.4*.6.12*  ★ CANDIDATE (not in Myers)  (67 cell polys, area check ✓)
  ctrnact-star-k8-2549  k=8  3.4*.6.12*  ★ CANDIDATE (not in Myers)  (67 cell polys, area check ✓)
  ctrnact-star-k8-2550  k=8  3.4*.6.12*  ★ CANDIDATE (not in Myers)  (87 cell polys, area check ✓)
  ctrnact-star-k8-2551  k=8  3.4*.6.12*  ★ CANDIDATE (not in Myers)  (25 cell polys, area check ✓)
  ctrnact-star-k8-2552  k=8  3.4*.6.12*  ★ CANDIDATE (not in Myers)  (30 cell polys, area check ✓)
  ctrnact-star-k8-2553  k=8  3.4*.6.12*  ★ CANDIDATE (not in Myers)  (39 cell polys, area check ✓)
  ctrnact-star-k8-2554  k=8  3.6.6*  ★ CANDIDATE (not in Myers)  (69 cell polys, area check ✓)
  ctrnact-star-k8-2555  k=8  3.6.6*  ★ CANDIDATE (not in Myers)  (72 cell polys, area check ✓)
  ctrnact-star-k8-2556  k=8  3.6.6*  ★ CANDIDATE (not in Myers)  (78 cell polys, area check ✓)
  ctrnact-star-k8-2557  k=8  3.6.6*  ★ CANDIDATE (not in Myers)  (84 cell polys, area check ✓)
  ctrnact-star-k8-2558  k=8  3.6.6*  ★ CANDIDATE (not in Myers)  (79 cell polys, area check ✓)
  ctrnact-star-k8-2559  k=8  3.6.6*  ★ CANDIDATE (not in Myers)  (91 cell polys, area check ✓)
  ctrnact-star-k8-2560  k=8  3.6.6*  ★ CANDIDATE (not in Myers)  (49 cell polys, area check ✓)
  ctrnact-star-k8-2561  k=8  3.6.6*  ★ CANDIDATE (not in Myers)  (54 cell polys, area check ✓)
  ctrnact-star-k8-2562  k=8  3.6.6*  ★ CANDIDATE (not in Myers)  (61 cell polys, area check ✓)
  ctrnact-star-k8-2563  k=8  3.6.6*  ★ CANDIDATE (not in Myers)  (69 cell polys, area check ✓)
  ctrnact-star-k8-2564  k=8  3.6.6*  ★ CANDIDATE (not in Myers)  (76 cell polys, area check ✓)
  ctrnact-star-k8-2565  k=8  3.6.6*  ★ CANDIDATE (not in Myers)  (69 cell polys, area check ✓)
  ctrnact-star-k8-2566  k=8  3.6.6*  ★ CANDIDATE (not in Myers)  (76 cell polys, area check ✓)
  ctrnact-star-k8-2567  k=8  3.6.6*  ★ CANDIDATE (not in Myers)  (64 cell polys, area check ✓)
  ctrnact-star-k8-2568  k=8  3.6.6*  ★ CANDIDATE (not in Myers)  (96 cell polys, area check ✓)
  ctrnact-star-k8-2569  k=8  3.6.6*  ★ CANDIDATE (not in Myers)  (75 cell polys, area check ✓)
  ctrnact-star-k8-2570  k=8  3.6.6*  ★ CANDIDATE (not in Myers)  (96 cell polys, area check ✓)
  ctrnact-star-k8-2571  k=8  3.6.6*  ★ CANDIDATE (not in Myers)  (79 cell polys, area check ✓)
  ctrnact-star-k8-2572  k=8  3.6.6*  ★ CANDIDATE (not in Myers)  (79 cell polys, area check ✓)
  ctrnact-star-k8-2573  k=8  3.6.6*  ★ CANDIDATE (not in Myers)  (91 cell polys, area check ✓)
  ctrnact-star-k8-2574  k=8  3.6.6*  ★ CANDIDATE (not in Myers)  (99 cell polys, area check ✓)
  ctrnact-star-k8-2575  k=8  3.6.6*  ★ CANDIDATE (not in Myers)  (111 cell polys, area check ✓)
  ctrnact-star-k8-2576  k=8  3.6.6*  ★ CANDIDATE (not in Myers)  (99 cell polys, area check ✓)
  ctrnact-star-k8-2577  k=8  3.6.6*  ★ CANDIDATE (not in Myers)  (87 cell polys, area check ✓)
  ctrnact-star-k8-2578  k=8  3.6.6*  ★ CANDIDATE (not in Myers)  (84 cell polys, area check ✓)
  ctrnact-star-k8-2579  k=8  3.6.6*  ★ CANDIDATE (not in Myers)  (84 cell polys, area check ✓)
  ctrnact-star-k8-2580  k=8  3.6.6*  ★ CANDIDATE (not in Myers)  (66 cell polys, area check ✓)
  ctrnact-star-k8-2581  k=8  3.6.6*  ★ CANDIDATE (not in Myers)  (21 cell polys, area check ✓)
  ctrnact-star-k8-2582  k=8  3.6.6*  ★ CANDIDATE (not in Myers)  (21 cell polys, area check ✓)
  ctrnact-star-k8-2583  k=8  3.6.6*  ★ CANDIDATE (not in Myers)  (21 cell polys, area check ✓)
  ctrnact-star-k8-2584  k=8  3.6.6*  ★ CANDIDATE (not in Myers)  (21 cell polys, area check ✓)
  ctrnact-star-k8-2585  k=8  3.6.6*  ★ CANDIDATE (not in Myers)  (23 cell polys, area check ✓)
  ctrnact-star-k8-2586  k=8  3.6.6*  ★ CANDIDATE (not in Myers)  (21 cell polys, area check ✓)
  ctrnact-star-k8-2587  k=8  3.6.6*  ★ CANDIDATE (not in Myers)  (21 cell polys, area check ✓)
  ctrnact-star-k8-2588  k=8  3.6.6*  ★ CANDIDATE (not in Myers)  (23 cell polys, area check ✓)
  ctrnact-star-k8-2589  k=8  3.6.6*  ★ CANDIDATE (not in Myers)  (23 cell polys, area check ✓)
  ctrnact-star-k8-2590  k=8  3.6.6*  ★ CANDIDATE (not in Myers)  (23 cell polys, area check ✓)
  ctrnact-star-k8-2591  k=8  3.6.6*  ★ CANDIDATE (not in Myers)  (23 cell polys, area check ✓)
  ctrnact-star-k8-2592  k=8  3.6.6*  ★ CANDIDATE (not in Myers)  (23 cell polys, area check ✓)
  ctrnact-star-k8-2593  k=8  3.6.6*  ★ CANDIDATE (not in Myers)  (25 cell polys, area check ✓)
  ctrnact-star-k8-2594  k=8  3.6.6*  ★ CANDIDATE (not in Myers)  (25 cell polys, area check ✓)
  ctrnact-star-k8-2595  k=8  3.6.6*  ★ CANDIDATE (not in Myers)  (22 cell polys, area check ✓)
  ctrnact-star-k8-2596  k=8  3.6.6*  ★ CANDIDATE (not in Myers)  (23 cell polys, area check ✓)
  ctrnact-star-k8-2597  k=8  3.6.6*  ★ CANDIDATE (not in Myers)  (22 cell polys, area check ✓)
  ctrnact-star-k8-2598  k=8  3.6.6*  ★ CANDIDATE (not in Myers)  (25 cell polys, area check ✓)
  ctrnact-star-k8-2599  k=8  3.6.6*  ★ CANDIDATE (not in Myers)  (22 cell polys, area check ✓)
  ctrnact-star-k8-2600  k=8  3.6.6*  ★ CANDIDATE (not in Myers)  (27 cell polys, area check ✓)
  ctrnact-star-k8-2601  k=8  3.6.6*  ★ CANDIDATE (not in Myers)  (16 cell polys, area check ✓)
  ctrnact-star-k8-2602  k=8  3.6.6*  ★ CANDIDATE (not in Myers)  (24 cell polys, area check ✓)
  ctrnact-star-k8-2603  k=8  3.6.6*  ★ CANDIDATE (not in Myers)  (28 cell polys, area check ✓)
  ctrnact-star-k8-2604  k=8  3.6.6*  ★ CANDIDATE (not in Myers)  (34 cell polys, area check ✓)
  ctrnact-star-k8-2605  k=8  3.6.6*  ★ CANDIDATE (not in Myers)  (34 cell polys, area check ✓)
  ctrnact-star-k8-2606  k=8  3.6.6*  ★ CANDIDATE (not in Myers)  (24 cell polys, area check ✓)
  ctrnact-star-k8-2607  k=8  3.6.6*  ★ CANDIDATE (not in Myers)  (24 cell polys, area check ✓)
  ctrnact-star-k8-2608  k=8  3.6.6*  ★ CANDIDATE (not in Myers)  (24 cell polys, area check ✓)
  ctrnact-star-k8-2609  k=8  3.6.6*  ★ CANDIDATE (not in Myers)  (23 cell polys, area check ✓)
  ctrnact-star-k8-2610  k=8  3.6.6*  ★ CANDIDATE (not in Myers)  (28 cell polys, area check ✓)
  ctrnact-star-k8-2611  k=8  3.6.6*  ★ CANDIDATE (not in Myers)  (72 cell polys, area check ✓)
  ctrnact-star-k8-2612  k=8  3.6.6*  ★ CANDIDATE (not in Myers)  (28 cell polys, area check ✓)
  ctrnact-star-k8-2613  k=8  3.6.6*  ★ CANDIDATE (not in Myers)  (34 cell polys, area check ✓)
  ctrnact-star-k8-2614  k=8  3.6.6*  ★ CANDIDATE (not in Myers)  (28 cell polys, area check ✓)
  ctrnact-star-k8-2615  k=8  3.6.6*  ★ CANDIDATE (not in Myers)  (65 cell polys, area check ✓)
  ctrnact-star-k8-2616  k=8  3.6.6*  ★ CANDIDATE (not in Myers)  (60 cell polys, area check ✓)
  ctrnact-star-k8-2617  k=8  3.6.6*  ★ CANDIDATE (not in Myers)  (24 cell polys, area check ✓)
  ctrnact-star-k8-2618  k=8  3.6.6*  ★ CANDIDATE (not in Myers)  (23 cell polys, area check ✓)
  ctrnact-star-k8-2619  k=8  3.6.6*  ★ CANDIDATE (not in Myers)  (28 cell polys, area check ✓)
  ctrnact-star-k8-2620  k=8  3.6.6*  ★ CANDIDATE (not in Myers)  (66 cell polys, area check ✓)
  ctrnact-star-k8-2621  k=8  3.6.6*  ★ CANDIDATE (not in Myers)  (28 cell polys, area check ✓)
  ctrnact-star-k8-2622  k=8  3.6.6*  ★ CANDIDATE (not in Myers)  (28 cell polys, area check ✓)
  ctrnact-star-k8-2623  k=8  3.6.6*  ★ CANDIDATE (not in Myers)  (21 cell polys, area check ✓)
  ctrnact-star-k8-2624  k=8  3.6.6*  ★ CANDIDATE (not in Myers)  (21 cell polys, area check ✓)
  ctrnact-star-k8-2625  k=8  3.6.6*  ★ CANDIDATE (not in Myers)  (26 cell polys, area check ✓)
  ctrnact-star-k8-2626  k=8  3.6.6*  ★ CANDIDATE (not in Myers)  (18 cell polys, area check ✓)
  ctrnact-star-k8-2627  k=8  3.6.6*  ★ CANDIDATE (not in Myers)  (18 cell polys, area check ✓)
  ctrnact-star-k8-2628  k=8  3.6.6*  ★ CANDIDATE (not in Myers)  (21 cell polys, area check ✓)
  ctrnact-star-k8-2629  k=8  3.6.6*  ★ CANDIDATE (not in Myers)  (20 cell polys, area check ✓)
  ctrnact-star-k8-2630  k=8  3.6.6*  ★ CANDIDATE (not in Myers)  (20 cell polys, area check ✓)
  ctrnact-star-k8-2631  k=8  3.6.6*  ★ CANDIDATE (not in Myers)  (25 cell polys, area check ✓)
  ctrnact-star-k8-2632  k=8  3.6.6*  ★ CANDIDATE (not in Myers)  (22 cell polys, area check ✓)
  ctrnact-star-k8-2633  k=8  3.6.6*  ★ CANDIDATE (not in Myers)  (22 cell polys, area check ✓)
  ctrnact-star-k8-2634  k=8  3.6.6*  ★ CANDIDATE (not in Myers)  (55 cell polys, area check ✓)
  ctrnact-star-k8-2635  k=8  3.6.6*  ★ CANDIDATE (not in Myers)  (78 cell polys, area check ✓)
  ctrnact-star-k8-2636  k=8  3.6.6*  ★ CANDIDATE (not in Myers)  (72 cell polys, area check ✓)
  ctrnact-star-k8-2637  k=8  3.6.6*  ★ CANDIDATE (not in Myers)  (75 cell polys, area check ✓)
  ctrnact-star-k8-2638  k=8  3.6.6*  ★ CANDIDATE (not in Myers)  (65 cell polys, area check ✓)
  ctrnact-star-k8-2639  k=8  3.6.6*  ★ CANDIDATE (not in Myers)  (21 cell polys, area check ✓)
  ctrnact-star-k8-2640  k=8  3.6.6*  ★ CANDIDATE (not in Myers)  (23 cell polys, area check ✓)
  ctrnact-star-k8-2641  k=8  3.6.6*  ★ CANDIDATE (not in Myers)  (23 cell polys, area check ✓)
  ctrnact-star-k8-2642  k=8  3.6.6*  ★ CANDIDATE (not in Myers)  (23 cell polys, area check ✓)
  ctrnact-star-k8-2643  k=8  3.6.6*  ★ CANDIDATE (not in Myers)  (69 cell polys, area check ✓)
  ctrnact-star-k8-2644  k=8  3.6.6*  ★ CANDIDATE (not in Myers)  (21 cell polys, area check ✓)
  ctrnact-star-k8-2645  k=8  3.6.6*  ★ CANDIDATE (not in Myers)  (69 cell polys, area check ✓)
  ctrnact-star-k8-2646  k=8  3.6.6*  ★ CANDIDATE (not in Myers)  (21 cell polys, area check ✓)
  ctrnact-star-k8-2647  k=8  3.6.6*  ★ CANDIDATE (not in Myers)  (20 cell polys, area check ✓)
  ctrnact-star-k8-2648  k=8  3.6.6*  ★ CANDIDATE (not in Myers)  (21 cell polys, area check ✓)
  ctrnact-star-k8-2649  k=8  3.6.6*  ★ CANDIDATE (not in Myers)  (21 cell polys, area check ✓)
  ctrnact-star-k8-2650  k=8  3.6.6*  ★ CANDIDATE (not in Myers)  (21 cell polys, area check ✓)
  ctrnact-star-k8-2651  k=8  3.6.6*  ★ CANDIDATE (not in Myers)  (35 cell polys, area check ✓)
  ctrnact-star-k8-2652  k=8  3.6.6*  ★ CANDIDATE (not in Myers)  (35 cell polys, area check ✓)
  ctrnact-star-k8-2653  k=8  3.6.6*  ★ CANDIDATE (not in Myers)  (72 cell polys, area check ✓)
  ctrnact-star-k8-2654  k=8  3.6.6*  ★ CANDIDATE (not in Myers)  (24 cell polys, area check ✓)
  ctrnact-star-k8-2655  k=8  3.6.6*  ★ CANDIDATE (not in Myers)  (39 cell polys, area check ✓)
  ctrnact-star-k8-2656  k=8  3.6.6*  ★ CANDIDATE (not in Myers)  (28 cell polys, area check ✓)
  ctrnact-star-k8-2657  k=8  3.6.6*  ★ CANDIDATE (not in Myers)  (21 cell polys, area check ✓)
  ctrnact-star-k8-2658  k=8  3.6.6*  ★ CANDIDATE (not in Myers)  (21 cell polys, area check ✓)
  ctrnact-star-k8-2659  k=8  3.6.6*  ★ CANDIDATE (not in Myers)  (23 cell polys, area check ✓)
  ctrnact-star-k8-2660  k=8  3.6.6*  ★ CANDIDATE (not in Myers)  (26 cell polys, area check ✓)
  ctrnact-star-k8-2661  k=8  3.6.6*  ★ CANDIDATE (not in Myers)  (14 cell polys, area check ✓)
  ctrnact-star-k8-2662  k=8  3.6.6*  ★ CANDIDATE (not in Myers)  (45 cell polys, area check ✓)
  ctrnact-star-k8-2663  k=8  3.6.6*  ★ CANDIDATE (not in Myers)  (21 cell polys, area check ✓)
  ctrnact-star-k8-2664  k=8  3.6.6*  ★ CANDIDATE (not in Myers)  (21 cell polys, area check ✓)
  ctrnact-star-k8-2665  k=8  3.6.6*  ★ CANDIDATE (not in Myers)  (20 cell polys, area check ✓)
  ctrnact-star-k8-2666  k=8  3.6.6*  ★ CANDIDATE (not in Myers)  (20 cell polys, area check ✓)
  ctrnact-star-k8-2667  k=8  3.6.6*  ★ CANDIDATE (not in Myers)  (35 cell polys, area check ✓)
  ctrnact-star-k8-2668  k=8  3.6.6*  ★ CANDIDATE (not in Myers)  (35 cell polys, area check ✓)
  ctrnact-star-k8-2669  k=8  3.6.6*  ★ CANDIDATE (not in Myers)  (28 cell polys, area check ✓)
  ctrnact-star-k8-2670  k=8  3.6.6*  ★ CANDIDATE (not in Myers)  (21 cell polys, area check ✓)
  ctrnact-star-k8-2671  k=8  3.6.6*  ★ CANDIDATE (not in Myers)  (23 cell polys, area check ✓)
  ctrnact-star-k8-2672  k=8  3.6.6*  ★ CANDIDATE (not in Myers)  (23 cell polys, area check ✓)
  ctrnact-star-k8-2673  k=8  3.6.6*  ★ CANDIDATE (not in Myers)  (23 cell polys, area check ✓)
  ctrnact-star-k8-2674  k=8  3.6.6*  ★ CANDIDATE (not in Myers)  (21 cell polys, area check ✓)
  ctrnact-star-k8-2675  k=8  3.6.6*  ★ CANDIDATE (not in Myers)  (20 cell polys, area check ✓)
  ctrnact-star-k8-2676  k=8  3.6.6*  ★ CANDIDATE (not in Myers)  (40 cell polys, area check ✓)
  ctrnact-star-k8-2677  k=8  3.6.6*  ★ CANDIDATE (not in Myers)  (40 cell polys, area check ✓)
  ctrnact-star-k8-2678  k=8  3.6.6*  ★ CANDIDATE (not in Myers)  (34 cell polys, area check ✓)
  ctrnact-star-k8-2679  k=8  3.6.6*  ★ CANDIDATE (not in Myers)  (28 cell polys, area check ✓)
  ctrnact-star-k8-2680  k=8  3.6.6*  ★ CANDIDATE (not in Myers)  (23 cell polys, area check ✓)
  ctrnact-star-k8-2681  k=8  3.6.6*  ★ CANDIDATE (not in Myers)  (22 cell polys, area check ✓)
  ctrnact-star-k8-2682  k=8  3.6.6*  ★ CANDIDATE (not in Myers)  (27 cell polys, area check ✓)
  ctrnact-star-k8-2683  k=8  3.6.6*  ★ CANDIDATE (not in Myers)  (26 cell polys, area check ✓)
  ctrnact-star-k8-2684  k=8  3.6.6*  ★ CANDIDATE (not in Myers)  (26 cell polys, area check ✓)
  ctrnact-star-k8-2685  k=8  3.6.6*  ★ CANDIDATE (not in Myers)  (28 cell polys, area check ✓)
  ctrnact-star-k8-2686  k=8  3.6.6*  ★ CANDIDATE (not in Myers)  (14 cell polys, area check ✓)
  ctrnact-star-k8-2687  k=8  3.6.6*  ★ CANDIDATE (not in Myers)  (29 cell polys, area check ✓)
  ctrnact-star-k8-2688  k=8  3.6.6*  ★ CANDIDATE (not in Myers)  (34 cell polys, area check ✓)
  ctrnact-star-k8-2689  k=8  3.6.6*  ★ CANDIDATE (not in Myers)  (17 cell polys, area check ✓)
  ctrnact-star-k8-2690  k=8  3.6.6*  ★ CANDIDATE (not in Myers)  (34 cell polys, area check ✓)
  ctrnact-star-k8-2691  k=8  3.6.6*  ★ CANDIDATE (not in Myers)  (34 cell polys, area check ✓)
  ctrnact-star-k8-2692  k=8  3.6.6*  ★ CANDIDATE (not in Myers)  (45 cell polys, area check ✓)
  ctrnact-star-k8-2693  k=8  3.6.6*  ★ CANDIDATE (not in Myers)  (26 cell polys, area check ✓)
  ctrnact-star-k8-2694  k=8  3.6.6*  ★ CANDIDATE (not in Myers)  (28 cell polys, area check ✓)
  ctrnact-star-k8-2695  k=8  3.6.6*  ★ CANDIDATE (not in Myers)  (28 cell polys, area check ✓)
  ctrnact-star-k8-2696  k=8  3.6.6*  ★ CANDIDATE (not in Myers)  (28 cell polys, area check ✓)
  ctrnact-star-k8-2697  k=8  3.6.6*  ★ CANDIDATE (not in Myers)  (28 cell polys, area check ✓)
  ctrnact-star-k8-2698  k=8  3.6.6*  ★ CANDIDATE (not in Myers)  (14 cell polys, area check ✓)
  ctrnact-star-k8-2699  k=8  3.6.6*  ★ CANDIDATE (not in Myers)  (28 cell polys, area check ✓)
  ctrnact-star-k8-2700  k=8  3.6.6*  ★ CANDIDATE (not in Myers)  (28 cell polys, area check ✓)
  ctrnact-star-k8-2701  k=8  3.6.6*  ★ CANDIDATE (not in Myers)  (33 cell polys, area check ✓)
  ctrnact-star-k8-2702  k=8  3.6.6*  ★ CANDIDATE (not in Myers)  (34 cell polys, area check ✓)
  ctrnact-star-k8-2703  k=8  3.6.6*  ★ CANDIDATE (not in Myers)  (44 cell polys, area check ✓)
  ctrnact-star-k8-2704  k=8  3.6.6*  ★ CANDIDATE (not in Myers)  (38 cell polys, area check ✓)
  ctrnact-star-k8-2705  k=8  3.6.6*  ★ CANDIDATE (not in Myers)  (22 cell polys, area check ✓)
  ctrnact-star-k8-2706  k=8  3.6.6*  ★ CANDIDATE (not in Myers)  (34 cell polys, area check ✓)
  ctrnact-star-k8-2707  k=8  3.6.6*  ★ CANDIDATE (not in Myers)  (25 cell polys, area check ✓)
  ctrnact-star-k8-2708  k=8  3.6.6*  ★ CANDIDATE (not in Myers)  (14 cell polys, area check ✓)
  ctrnact-star-k8-2709  k=8  3.6.6*  ★ CANDIDATE (not in Myers)  (25 cell polys, area check ✓)
  ctrnact-star-k8-2710  k=8  3.6.6*  ★ CANDIDATE (not in Myers)  (34 cell polys, area check ✓)
  ctrnact-star-k8-2711  k=8  3.6.6*  ★ CANDIDATE (not in Myers)  (44 cell polys, area check ✓)
  ctrnact-star-k8-2712  k=8  3.6.6*  ★ CANDIDATE (not in Myers)  (22 cell polys, area check ✓)
  ctrnact-star-k8-2713  k=8  3.6.6*  ★ CANDIDATE (not in Myers)  (44 cell polys, area check ✓)
  ctrnact-star-k8-2714  k=8  3.6.6*  ★ CANDIDATE (not in Myers)  (38 cell polys, area check ✓)
  ctrnact-star-k8-2715  k=8  3.6.6*  ★ CANDIDATE (not in Myers)  (42 cell polys, area check ✓)
  ctrnact-star-k8-2716  k=8  3.6.6*  ★ CANDIDATE (not in Myers)  (68 cell polys, area check ✓)
  ctrnact-star-k8-2717  k=8  3.6.6*  ★ CANDIDATE (not in Myers)  (23 cell polys, area check ✓)
  ctrnact-star-k8-2718  k=8  3.6.6*  ★ CANDIDATE (not in Myers)  (22 cell polys, area check ✓)
  ctrnact-star-k8-2719  k=8  3.6.6*  ★ CANDIDATE (not in Myers)  (20 cell polys, area check ✓)
  ctrnact-star-k8-2720  k=8  3.6.6*  ★ CANDIDATE (not in Myers)  (20 cell polys, area check ✓)
  ctrnact-star-k8-2721  k=8  3.6.6*  ★ CANDIDATE (not in Myers)  (23 cell polys, area check ✓)
  ctrnact-star-k8-2722  k=8  3.6.6*  ★ CANDIDATE (not in Myers)  (22 cell polys, area check ✓)
  ctrnact-star-k8-2723  k=8  3.6.6*  ★ CANDIDATE (not in Myers)  (22 cell polys, area check ✓)
  ctrnact-star-k8-2724  k=8  3.6.6*  ★ CANDIDATE (not in Myers)  (20 cell polys, area check ✓)
  ctrnact-star-k8-2725  k=8  3.6.6*  ★ CANDIDATE (not in Myers)  (20 cell polys, area check ✓)
  ctrnact-star-k8-2726  k=8  3.6.6*  ★ CANDIDATE (not in Myers)  (23 cell polys, area check ✓)
  ctrnact-star-k8-2727  k=8  3.6.6*  ★ CANDIDATE (not in Myers)  (22 cell polys, area check ✓)
  ctrnact-star-k8-2728  k=8  3.6.6*  ★ CANDIDATE (not in Myers)  (22 cell polys, area check ✓)
  ctrnact-star-k8-2729  k=8  3.6.6*  ★ CANDIDATE (not in Myers)  (18 cell polys, area check ✓)
  ctrnact-star-k8-2730  k=8  3.6.6*  ★ CANDIDATE (not in Myers)  (18 cell polys, area check ✓)
  ctrnact-star-k8-2731  k=8  3.6.6*  ★ CANDIDATE (not in Myers)  (20 cell polys, area check ✓)
  ctrnact-star-k8-2732  k=8  3.6.6*  ★ CANDIDATE (not in Myers)  (23 cell polys, area check ✓)
  ctrnact-star-k8-2733  k=8  3.6.6*  ★ CANDIDATE (not in Myers)  (23 cell polys, area check ✓)
  ctrnact-star-k8-2734  k=8  3.6.6*  ★ CANDIDATE (not in Myers)  (23 cell polys, area check ✓)
  ctrnact-star-k8-2735  k=8  3.6.6*  ★ CANDIDATE (not in Myers)  (25 cell polys, area check ✓)
  ctrnact-star-k8-2736  k=8  3.6.6*  ★ CANDIDATE (not in Myers)  (25 cell polys, area check ✓)
  ctrnact-star-k8-2737  k=8  3.6.6*  ★ CANDIDATE (not in Myers)  (27 cell polys, area check ✓)
  ctrnact-star-k8-2738  k=8  3.6.6*  ★ CANDIDATE (not in Myers)  (27 cell polys, area check ✓)
  ctrnact-star-k8-2739  k=8  3.6.6*  ★ CANDIDATE (not in Myers)  (24 cell polys, area check ✓)
  ctrnact-star-k8-2740  k=8  3.6.6*  ★ CANDIDATE (not in Myers)  (24 cell polys, area check ✓)
  ctrnact-star-k8-2741  k=8  3.6.6*  ★ CANDIDATE (not in Myers)  (24 cell polys, area check ✓)
  ctrnact-star-k8-2742  k=8  3.6.6*  ★ CANDIDATE (not in Myers)  (24 cell polys, area check ✓)
  ctrnact-star-k8-2743  k=8  3.6.6*  ★ CANDIDATE (not in Myers)  (22 cell polys, area check ✓)
  ctrnact-star-k8-2744  k=8  3.6.6*  ★ CANDIDATE (not in Myers)  (31 cell polys, area check ✓)
  ctrnact-star-k8-2745  k=8  3.6.6*  ★ CANDIDATE (not in Myers)  (34 cell polys, area check ✓)
  ctrnact-star-k8-2746  k=8  3.6.6*  ★ CANDIDATE (not in Myers)  (33 cell polys, area check ✓)
  ctrnact-star-k8-2747  k=8  3.6.6*  ★ CANDIDATE (not in Myers)  (28 cell polys, area check ✓)
  ctrnact-star-k8-2748  k=8  3.6.6*  ★ CANDIDATE (not in Myers)  (25 cell polys, area check ✓)
  ctrnact-star-k8-2749  k=8  3.6.6*  ★ CANDIDATE (not in Myers)  (72 cell polys, area check ✓)
  ctrnact-star-k8-2750  k=8  3.6.6*  ★ CANDIDATE (not in Myers)  (33 cell polys, area check ✓)
  ctrnact-star-k8-2751  k=8  3.6.6*  ★ CANDIDATE (not in Myers)  (33 cell polys, area check ✓)
  ctrnact-star-k8-2752  k=8  3.6.6*  ★ CANDIDATE (not in Myers)  (38 cell polys, area check ✓)
  ctrnact-star-k8-2753  k=8  3.6.6*  ★ CANDIDATE (not in Myers)  (33 cell polys, area check ✓)
  ctrnact-star-k8-2754  k=8  3.6.6*  ★ CANDIDATE (not in Myers)  (33 cell polys, area check ✓)
  ctrnact-star-k8-2755  k=8  3.6.6*  ★ CANDIDATE (not in Myers)  (27 cell polys, area check ✓)
  ctrnact-star-k8-2756  k=8  3.6.6*  ★ CANDIDATE (not in Myers)  (28 cell polys, area check ✓)
  ctrnact-star-k8-2757  k=8  3.6.6*  ★ CANDIDATE (not in Myers)  (27 cell polys, area check ✓)
  ctrnact-star-k8-2758  k=8  3.6.6*  ★ CANDIDATE (not in Myers)  (29 cell polys, area check ✓)
  ctrnact-star-k8-2759  k=8  3.6.6*  ★ CANDIDATE (not in Myers)  (20 cell polys, area check ✓)
  ctrnact-star-k8-2760  k=8  3.6.6*  ★ CANDIDATE (not in Myers)  (28 cell polys, area check ✓)
  ctrnact-star-k8-2761  k=8  3.6.6*  ★ CANDIDATE (not in Myers)  (28 cell polys, area check ✓)
  ctrnact-star-k8-2762  k=8  3.6.6*  ★ CANDIDATE (not in Myers)  (18 cell polys, area check ✓)
  ctrnact-star-k8-2763  k=8  3.6.6*  ★ CANDIDATE (not in Myers)  (18 cell polys, area check ✓)
  ctrnact-star-k8-2764  k=8  3.6.6*  ★ CANDIDATE (not in Myers)  (20 cell polys, area check ✓)
  ctrnact-star-k8-2765  k=8  3.6.6*  ★ CANDIDATE (not in Myers)  (20 cell polys, area check ✓)
  ctrnact-star-k8-2766  k=8  3.6.6*  ★ CANDIDATE (not in Myers)  (25 cell polys, area check ✓)
  ctrnact-star-k8-2767  k=8  3.6.6*  ★ CANDIDATE (not in Myers)  (22 cell polys, area check ✓)
  ctrnact-star-k8-2768  k=8  3.6.6*  ★ CANDIDATE (not in Myers)  (22 cell polys, area check ✓)
  ctrnact-star-k8-2769  k=8  3.6.6*  ★ CANDIDATE (not in Myers)  (25 cell polys, area check ✓)
  ctrnact-star-k8-2770  k=8  3.6.6*  ★ CANDIDATE (not in Myers)  (25 cell polys, area check ✓)
  ctrnact-star-k8-2771  k=8  3.6.6*  ★ CANDIDATE (not in Myers)  (30 cell polys, area check ✓)
  ctrnact-star-k8-2772  k=8  3.6.6*  ★ CANDIDATE (not in Myers)  (19 cell polys, area check ✓)
  ctrnact-star-k8-2773  k=8  3.6.6*  ★ CANDIDATE (not in Myers)  (22 cell polys, area check ✓)
  ctrnact-star-k8-2774  k=8  3.6.6*  ★ CANDIDATE (not in Myers)  (22 cell polys, area check ✓)
  ctrnact-star-k8-2775  k=8  3.6.6*  ★ CANDIDATE (not in Myers)  (19 cell polys, area check ✓)
  ctrnact-star-k8-2776  k=8  3.6.6*  ★ CANDIDATE (not in Myers)  (22 cell polys, area check ✓)
  ctrnact-star-k8-2777  k=8  3.6.6*  ★ CANDIDATE (not in Myers)  (22 cell polys, area check ✓)
  ctrnact-star-k8-2778  k=8  3.6.6*  ★ CANDIDATE (not in Myers)  (25 cell polys, area check ✓)
  ctrnact-star-k8-2779  k=8  3.6.6*  ★ CANDIDATE (not in Myers)  (30 cell polys, area check ✓)
  ctrnact-star-k8-2780  k=8  3.6.6*  ★ CANDIDATE (not in Myers)  (24 cell polys, area check ✓)
  ctrnact-star-k8-2781  k=8  3.6.6*  ★ CANDIDATE (not in Myers)  (66 cell polys, area check ✓)
  ctrnact-star-k8-2782  k=8  3.6.6*  ★ CANDIDATE (not in Myers)  (69 cell polys, area check ✓)
  ctrnact-star-k8-2783  k=8  3.6.6*  ★ CANDIDATE (not in Myers)  (49 cell polys, area check ✓)
  ctrnact-star-k8-2784  k=8  3.6.6*  ★ CANDIDATE (not in Myers)  (75 cell polys, area check ✓)
  ctrnact-star-k8-2785  k=8  3.6.6*  ★ CANDIDATE (not in Myers)  (66 cell polys, area check ✓)
  ctrnact-star-k8-2786  k=8  3.6.6*  ★ CANDIDATE (not in Myers)  (58 cell polys, area check ✓)
  ctrnact-star-k8-2787  k=8  3.6.6*  ★ CANDIDATE (not in Myers)  (69 cell polys, area check ✓)
  ctrnact-star-k8-2788  k=8  3.6.6*  ★ CANDIDATE (not in Myers)  (49 cell polys, area check ✓)
  ctrnact-star-k8-2789  k=8  3.6.6*  ★ CANDIDATE (not in Myers)  (78 cell polys, area check ✓)
  ctrnact-star-k8-2790  k=8  3.6.6*  ★ CANDIDATE (not in Myers)  (69 cell polys, area check ✓)
  ctrnact-star-k8-2791  k=8  3.6.6*  ★ CANDIDATE (not in Myers)  (60 cell polys, area check ✓)
  ctrnact-star-k8-2792  k=8  3.6.6*  ★ CANDIDATE (not in Myers)  (50 cell polys, area check ✓)
  ctrnact-star-k8-2793  k=8  3.6.6*  ★ CANDIDATE (not in Myers)  (75 cell polys, area check ✓)
  ctrnact-star-k8-2794  k=8  3.6.6*  ★ CANDIDATE (not in Myers)  (69 cell polys, area check ✓)
  ctrnact-star-k8-2795  k=8  3.6.6*  ★ CANDIDATE (not in Myers)  (28 cell polys, area check ✓)
  ctrnact-star-k8-2796  k=8  3.6.6*  ★ CANDIDATE (not in Myers)  (45 cell polys, area check ✓)
  ctrnact-star-k8-2797  k=8  3.6.6*  ★ CANDIDATE (not in Myers)  (59 cell polys, area check ✓)
  ctrnact-star-k8-2798  k=8  3.6.6*  ★ CANDIDATE (not in Myers)  (32 cell polys, area check ✓)
  ctrnact-star-k8-2799  k=8  3.6.6*  ★ CANDIDATE (not in Myers)  (36 cell polys, area check ✓)
  ctrnact-star-k8-2800  k=8  3.6.6*  ★ CANDIDATE (not in Myers)  (75 cell polys, area check ✓)
  ctrnact-star-k8-2801  k=8  3.6.6*  ★ CANDIDATE (not in Myers)  (60 cell polys, area check ✓)
  ctrnact-star-k8-2802  k=8  3.6.6*  ★ CANDIDATE (not in Myers)  (38 cell polys, area check ✓)
  ctrnact-star-k8-2803  k=8  3.6.6*  ★ CANDIDATE (not in Myers)  (32 cell polys, area check ✓)
  ctrnact-star-k8-2804  k=8  3.6.6*  ★ CANDIDATE (not in Myers)  (23 cell polys, area check ✓)
  ctrnact-star-k8-2805  k=8  3.6.6*  ★ CANDIDATE (not in Myers)  (23 cell polys, area check ✓)
  ctrnact-star-k8-2806  k=8  3.6.6*  ★ CANDIDATE (not in Myers)  (23 cell polys, area check ✓)
  ctrnact-star-k8-2807  k=8  3.6.6*  ★ CANDIDATE (not in Myers)  (25 cell polys, area check ✓)
  ctrnact-star-k8-2808  k=8  3.6.6*  ★ CANDIDATE (not in Myers)  (25 cell polys, area check ✓)
  ctrnact-star-k8-2809  k=8  3.6.6*  ★ CANDIDATE (not in Myers)  (22 cell polys, area check ✓)
  ctrnact-star-k8-2810  k=8  3.6.6*  ★ CANDIDATE (not in Myers)  (22 cell polys, area check ✓)
  ctrnact-star-k8-2811  k=8  3.6.6*  ★ CANDIDATE (not in Myers)  (25 cell polys, area check ✓)
  ctrnact-star-k8-2812  k=8  3.6.6*  ★ CANDIDATE (not in Myers)  (22 cell polys, area check ✓)
  ctrnact-star-k8-2813  k=8  3.6.6*  ★ CANDIDATE (not in Myers)  (27 cell polys, area check ✓)
  ctrnact-star-k8-2814  k=8  3.6.6*  ★ CANDIDATE (not in Myers)  (16 cell polys, area check ✓)
  ctrnact-star-k8-2815  k=8  3.6.6*  ★ CANDIDATE (not in Myers)  (23 cell polys, area check ✓)
  ctrnact-star-k8-2816  k=8  3.6.6*  ★ CANDIDATE (not in Myers)  (33 cell polys, area check ✓)
  ctrnact-star-k8-2817  k=8  3.6.6*  ★ CANDIDATE (not in Myers)  (68 cell polys, area check ✓)
  ctrnact-star-k8-2818  k=8  3.6.6*  ★ CANDIDATE (not in Myers)  (22 cell polys, area check ✓)
  ctrnact-star-k8-2819  k=8  3.6.6*  ★ CANDIDATE (not in Myers)  (22 cell polys, area check ✓)
  ctrnact-star-k8-2820  k=8  3.6.6*  ★ CANDIDATE (not in Myers)  (11 cell polys, area check ✓)
  ctrnact-star-k8-2821  k=8  3.6.6*  ★ CANDIDATE (not in Myers)  (22 cell polys, area check ✓)
  ctrnact-star-k8-2822  k=8  3.6.6*  ★ CANDIDATE (not in Myers)  (59 cell polys, area check ✓)
  ctrnact-star-k8-2823  k=8  3.6.6*  ★ CANDIDATE (not in Myers)  (64 cell polys, area check ✓)
  ctrnact-star-k8-2824  k=8  3.6.6*  ★ CANDIDATE (not in Myers)  (28 cell polys, area check ✓)
  ctrnact-star-k8-2825  k=8  3.6.6*  ★ CANDIDATE (not in Myers)  (23 cell polys, area check ✓)
  ctrnact-star-k8-2826  k=8  3.6.6*  ★ CANDIDATE (not in Myers)  (28 cell polys, area check ✓)
  ctrnact-star-k8-2827  k=8  3.6.6*  ★ CANDIDATE (not in Myers)  (72 cell polys, area check ✓)
  ctrnact-star-k8-2828  k=8  3.6.6*  ★ CANDIDATE (not in Myers)  (66 cell polys, area check ✓)
  ctrnact-star-k8-2829  k=8  3.6.6*  ★ CANDIDATE (not in Myers)  (27 cell polys, area check ✓)
  ctrnact-star-k8-2830  k=8  3.6.6*  ★ CANDIDATE (not in Myers)  (38 cell polys, area check ✓)
  ctrnact-star-k8-2831  k=8  3.6.6*  ★ CANDIDATE (not in Myers)  (38 cell polys, area check ✓)
  ctrnact-star-k8-2832  k=8  3.6.6*  ★ CANDIDATE (not in Myers)  (38 cell polys, area check ✓)
  ctrnact-star-k8-2833  k=8  3.6.6*  ★ CANDIDATE (not in Myers)  (24 cell polys, area check ✓)
  ctrnact-star-k8-2834  k=8  3.6.6*  ★ CANDIDATE (not in Myers)  (31 cell polys, area check ✓)
  ctrnact-star-k8-2835  k=8  3.6.6*  ★ CANDIDATE (not in Myers)  (26 cell polys, area check ✓)
  ctrnact-star-k8-2836  k=8  3.6.6*  ★ CANDIDATE (not in Myers)  (24 cell polys, area check ✓)
  ctrnact-star-k8-2837  k=8  3.6.6*  ★ CANDIDATE (not in Myers)  (25 cell polys, area check ✓)
  ctrnact-star-k8-2838  k=8  3.6.6*  ★ CANDIDATE (not in Myers)  (42 cell polys, area check ✓)
  ctrnact-star-k8-2839  k=8  3.6.6*  ★ CANDIDATE (not in Myers)  (25 cell polys, area check ✓)
  ctrnact-star-k8-2840  k=8  3.6.6*  ★ CANDIDATE (not in Myers)  (25 cell polys, area check ✓)
  ctrnact-star-k8-2841  k=8  3.6.6*  ★ CANDIDATE (not in Myers)  (68 cell polys, area check ✓)
  ctrnact-star-k8-2842  k=8  3.6.6*  ★ CANDIDATE (not in Myers)  (39 cell polys, area check ✓)
  ctrnact-star-k8-2843  k=8  3.6.6*  ★ CANDIDATE (not in Myers)  (27 cell polys, area check ✓)
  ctrnact-star-k8-2844  k=8  3.6.6*  ★ CANDIDATE (not in Myers)  (57 cell polys, area check ✓)
  ctrnact-star-k8-2845  k=8  3.6.6*  ★ CANDIDATE (not in Myers)  (35 cell polys, area check ✓)
  ctrnact-star-k8-2846  k=8  3.6.6*  ★ CANDIDATE (not in Myers)  (38 cell polys, area check ✓)
  ctrnact-star-k8-2847  k=8  3.6.6*  ★ CANDIDATE (not in Myers)  (93 cell polys, area check ✓)
  ctrnact-star-k8-2848  k=8  3.6.6*  ★ CANDIDATE (not in Myers)  (87 cell polys, area check ✓)
  ctrnact-star-k8-2849  k=8  3.6.6*  ★ CANDIDATE (not in Myers)  (38 cell polys, area check ✓)
  ctrnact-star-k8-2850  k=8  3.6.6*  ★ CANDIDATE (not in Myers)  (29 cell polys, area check ✓)
  ctrnact-star-k8-2851  k=8  3.6.6*  ★ CANDIDATE (not in Myers)  (45 cell polys, area check ✓)
  ctrnact-star-k8-2852  k=8  3.6.6*  ★ CANDIDATE (not in Myers)  (32 cell polys, area check ✓)
  ctrnact-star-k8-2853  k=8  3.6.6*  ★ CANDIDATE (not in Myers)  (48 cell polys, area check ✓)
  ctrnact-star-k8-2854  k=8  3.6.6*  ★ CANDIDATE (not in Myers)  (48 cell polys, area check ✓)
  ctrnact-star-k8-2855  k=8  3.6.6*  ★ CANDIDATE (not in Myers)  (32 cell polys, area check ✓)
  ctrnact-star-k8-2856  k=8  3.6.6*  ★ CANDIDATE (not in Myers)  (24 cell polys, area check ✓)
  ctrnact-star-k8-2857  k=8  3.6.6*  ★ CANDIDATE (not in Myers)  (60 cell polys, area check ✓)
  ctrnact-star-k8-2858  k=8  3.6.6*  ★ CANDIDATE (not in Myers)  (69 cell polys, area check ✓)
  ctrnact-star-k8-2859  k=8  3.6.6*  ★ CANDIDATE (not in Myers)  (63 cell polys, area check ✓)
  ctrnact-star-k8-2860  k=8  3.6.6*  ★ CANDIDATE (not in Myers)  (21 cell polys, area check ✓)
  ctrnact-star-k8-2861  k=8  3.6.6*  ★ CANDIDATE (not in Myers)  (21 cell polys, area check ✓)
  ctrnact-star-k8-2862  k=8  3.6.6*  ★ CANDIDATE (not in Myers)  (63 cell polys, area check ✓)
  ctrnact-star-k8-2863  k=8  3.6.6*  ★ CANDIDATE (not in Myers)  (63 cell polys, area check ✓)
  ctrnact-star-k8-2864  k=8  3.6.6*  ★ CANDIDATE (not in Myers)  (29 cell polys, area check ✓)
  ctrnact-star-k8-2865  k=8  3.6.6*  ★ CANDIDATE (not in Myers)  (26 cell polys, area check ✓)
  ctrnact-star-k8-2866  k=8  3.6.6*  ★ CANDIDATE (not in Myers)  (69 cell polys, area check ✓)
  ctrnact-star-k8-2867  k=8  3.6.6*  ★ CANDIDATE (not in Myers)  (63 cell polys, area check ✓)
  ctrnact-star-k8-2868  k=8  3.6.6*  ★ CANDIDATE (not in Myers)  (42 cell polys, area check ✓)
  ctrnact-star-k8-2869  k=8  3.6.6*  ★ CANDIDATE (not in Myers)  (39 cell polys, area check ✓)
  ctrnact-star-k8-2870  k=8  3.6.6*  ★ CANDIDATE (not in Myers)  (59 cell polys, area check ✓)
  ctrnact-star-k8-2871  k=8  3.6.6*  ★ CANDIDATE (not in Myers)  (45 cell polys, area check ✓)
  ctrnact-star-k8-2872  k=8  3.6.6*  ★ CANDIDATE (not in Myers)  (35 cell polys, area check ✓)
  ctrnact-star-k8-2873  k=8  3.6.6*  ★ CANDIDATE (not in Myers)  (69 cell polys, area check ✓)
  ctrnact-star-k8-2874  k=8  3.6.6*  ★ CANDIDATE (not in Myers)  (55 cell polys, area check ✓)
  ctrnact-star-k8-2875  k=8  3.6.6*  ★ CANDIDATE (not in Myers)  (69 cell polys, area check ✓)
  ctrnact-star-k8-2876  k=8  3.6.6*  ★ CANDIDATE (not in Myers)  (61 cell polys, area check ✓)
  ctrnact-star-k8-2877  k=8  3.6.6*  ★ CANDIDATE (not in Myers)  (24 cell polys, area check ✓)
  ctrnact-star-k8-2878  k=8  3.6.6*  ★ CANDIDATE (not in Myers)  (26 cell polys, area check ✓)
  ctrnact-star-k8-2879  k=8  3.6.6*  ★ CANDIDATE (not in Myers)  (24 cell polys, area check ✓)
  ctrnact-star-k8-2880  k=8  3.6.6*  ★ CANDIDATE (not in Myers)  (23 cell polys, area check ✓)
  ctrnact-star-k8-2881  k=8  3.6.6*  ★ CANDIDATE (not in Myers)  (24 cell polys, area check ✓)
  ctrnact-star-k8-2882  k=8  3.6.6*  ★ CANDIDATE (not in Myers)  (23 cell polys, area check ✓)
  ctrnact-star-k8-2883  k=8  3.6.6*  ★ CANDIDATE (not in Myers)  (50 cell polys, area check ✓)
  ctrnact-star-k8-2884  k=8  3.6.6*  ★ CANDIDATE (not in Myers)  (29 cell polys, area check ✓)
  ctrnact-star-k8-2885  k=8  3.6.6*  ★ CANDIDATE (not in Myers)  (28 cell polys, area check ✓)
  ctrnact-star-k8-2886  k=8  3.6.6*  ★ CANDIDATE (not in Myers)  (29 cell polys, area check ✓)
  ctrnact-star-k8-2887  k=8  3.6.6*  ★ CANDIDATE (not in Myers)  (21 cell polys, area check ✓)
  ctrnact-star-k8-2888  k=8  3.6.6*  ★ CANDIDATE (not in Myers)  (28 cell polys, area check ✓)
  ctrnact-star-k8-2889  k=8  3.6.6*  ★ CANDIDATE (not in Myers)  (25 cell polys, area check ✓)
  ctrnact-star-k8-2890  k=8  3.6.6*  ★ CANDIDATE (not in Myers)  (50 cell polys, area check ✓)
  ctrnact-star-k8-2891  k=8  3.6.6*  ★ CANDIDATE (not in Myers)  (25 cell polys, area check ✓)
  ctrnact-star-k8-2892  k=8  3.6.6*  ★ CANDIDATE (not in Myers)  (24 cell polys, area check ✓)
  ctrnact-star-k8-2893  k=8  3.6.6*  ★ CANDIDATE (not in Myers)  (23 cell polys, area check ✓)
  ctrnact-star-k8-2894  k=8  3.6.6*  ★ CANDIDATE (not in Myers)  (18 cell polys, area check ✓)
  ctrnact-star-k8-2895  k=8  3.6.6*  ★ CANDIDATE (not in Myers)  (22 cell polys, area check ✓)
  ctrnact-star-k8-2896  k=8  3.6.6*  ★ CANDIDATE (not in Myers)  (19 cell polys, area check ✓)
  ctrnact-star-k8-2897  k=8  3.6.6*  ★ CANDIDATE (not in Myers)  (75 cell polys, area check ✓)
  ctrnact-star-k8-2898  k=8  3.6.6*  ★ CANDIDATE (not in Myers)  (69 cell polys, area check ✓)
  ctrnact-star-k8-2899  k=8  3.6.6*  ★ CANDIDATE (not in Myers)  (23 cell polys, area check ✓)
  ctrnact-star-k8-2900  k=8  3.6.6*  ★ CANDIDATE (not in Myers)  (20 cell polys, area check ✓)
  ctrnact-star-k8-2901  k=8  3.6.6*  ★ CANDIDATE (not in Myers)  (42 cell polys, area check ✓)
  ctrnact-star-k8-2902  k=8  3.6.6*  ★ CANDIDATE (not in Myers)  (19 cell polys, area check ✓)
  ctrnact-star-k8-2903  k=8  3.6.6*  ★ CANDIDATE (not in Myers)  (24 cell polys, area check ✓)
  ctrnact-star-k8-2904  k=8  3.6.6*  ★ CANDIDATE (not in Myers)  (23 cell polys, area check ✓)
  ctrnact-star-k8-2905  k=8  3.6.6*  ★ CANDIDATE (not in Myers)  (23 cell polys, area check ✓)
  ctrnact-star-k8-2906  k=8  3.6.6*  ★ CANDIDATE (not in Myers)  (28 cell polys, area check ✓)
  ctrnact-star-k8-2907  k=8  3.6.6*  ★ CANDIDATE (not in Myers)  (28 cell polys, area check ✓)
  ctrnact-star-k8-2908  k=8  3.6.6*  ★ CANDIDATE (not in Myers)  (36 cell polys, area check ✓)
  ctrnact-star-k8-2909  k=8  3.6.6*  ★ CANDIDATE (not in Myers)  (23 cell polys, area check ✓)
  ctrnact-star-k8-2910  k=8  3.6.6*  ★ CANDIDATE (not in Myers)  (23 cell polys, area check ✓)
  ctrnact-star-k8-2911  k=8  3.6.6*  ★ CANDIDATE (not in Myers)  (28 cell polys, area check ✓)
  ctrnact-star-k8-2912  k=8  3.6.6*  ★ CANDIDATE (not in Myers)  (38 cell polys, area check ✓)
  ctrnact-star-k8-2913  k=8  3.6.6*  ★ CANDIDATE (not in Myers)  (50 cell polys, area check ✓)
  ctrnact-star-k8-2914  k=8  3.6.6*  ★ CANDIDATE (not in Myers)  (29 cell polys, area check ✓)
  ctrnact-star-k8-2915  k=8  3.6.6*  ★ CANDIDATE (not in Myers)  (30 cell polys, area check ✓)
  ctrnact-star-k8-2916  k=8  3.6.6*  ★ CANDIDATE (not in Myers)  (33 cell polys, area check ✓)
  ctrnact-star-k8-2917  k=8  3.6.6*  ★ CANDIDATE (not in Myers)  (27 cell polys, area check ✓)
  ctrnact-star-k8-2918  k=8  3.6.6*  ★ CANDIDATE (not in Myers)  (32 cell polys, area check ✓)
  ctrnact-star-k8-2919  k=8  3.6.6*  ★ CANDIDATE (not in Myers)  (21 cell polys, area check ✓)
  ctrnact-star-k8-2920  k=8  3.6.6*  ★ CANDIDATE (not in Myers)  (48 cell polys, area check ✓)
  ctrnact-star-k8-2921  k=8  3.6.6*  ★ CANDIDATE (not in Myers)  (45 cell polys, area check ✓)
  ctrnact-star-k8-2922  k=8  3.6.6*  ★ CANDIDATE (not in Myers)  (39 cell polys, area check ✓)
  ctrnact-star-k8-2923  k=8  3.6.6*  ★ CANDIDATE (not in Myers)  (28 cell polys, area check ✓)
  ctrnact-star-k8-2924  k=8  3.6.6*  ★ CANDIDATE (not in Myers)  (22 cell polys, area check ✓)
  ctrnact-star-k8-2925  k=8  3.6.6*  ★ CANDIDATE (not in Myers)  (34 cell polys, area check ✓)
  ctrnact-star-k8-2926  k=8  3.6.6*  ★ CANDIDATE (not in Myers)  (30 cell polys, area check ✓)
  ctrnact-star-k8-2927  k=8  3.6.6*  ★ CANDIDATE (not in Myers)  (30 cell polys, area check ✓)
  ctrnact-star-k8-2928  k=8  3.6.6*  ★ CANDIDATE (not in Myers)  (17 cell polys, area check ✓)
  ctrnact-star-k8-2929  k=8  3.6.6*  ★ CANDIDATE (not in Myers)  (15 cell polys, area check ✓)
  ctrnact-star-k8-2930  k=8  3.6.6*  ★ CANDIDATE (not in Myers)  (14 cell polys, area check ✓)
  ctrnact-star-k8-2931  k=8  3.6.6*  ★ CANDIDATE (not in Myers)  (14 cell polys, area check ✓)
  ctrnact-star-k8-2932  k=8  3.6.6*  ★ CANDIDATE (not in Myers)  (28 cell polys, area check ✓)
  ctrnact-star-k8-2933  k=8  3.6.6*  ★ CANDIDATE (not in Myers)  (28 cell polys, area check ✓)
  ctrnact-star-k8-2934  k=8  3.6.6*  ★ CANDIDATE (not in Myers)  (48 cell polys, area check ✓)
  ctrnact-star-k8-2935  k=8  3.6.6*  ★ CANDIDATE (not in Myers)  (45 cell polys, area check ✓)
  ctrnact-star-k8-2936  k=8  3.6.6*  ★ CANDIDATE (not in Myers)  (51 cell polys, area check ✓)
  ctrnact-star-k8-2937  k=8  3.6.6*  ★ CANDIDATE (not in Myers)  (45 cell polys, area check ✓)
  ctrnact-star-k8-2938  k=8  3.6.6*  ★ CANDIDATE (not in Myers)  (51 cell polys, area check ✓)
  ctrnact-star-k8-2939  k=8  3.6.6*  ★ CANDIDATE (not in Myers)  (45 cell polys, area check ✓)
  ctrnact-star-k8-2940  k=8  3.6.6*  ★ CANDIDATE (not in Myers)  (32 cell polys, area check ✓)
  ctrnact-star-k8-2941  k=8  3.6.6*  ★ CANDIDATE (not in Myers)  (55 cell polys, area check ✓)
  ctrnact-star-k8-2942  k=8  3.6.6*  ★ CANDIDATE (not in Myers)  (63 cell polys, area check ✓)
  ctrnact-star-k8-2943  k=8  3.6.6*  ★ CANDIDATE (not in Myers)  (20 cell polys, area check ✓)
  ctrnact-star-k8-2944  k=8  3.6.6*  ★ CANDIDATE (not in Myers)  (20 cell polys, area check ✓)
  ctrnact-star-k8-2945  k=8  3.6.6*  ★ CANDIDATE (not in Myers)  (17 cell polys, area check ✓)
  ctrnact-star-k8-2946  k=8  3.6.6*  ★ CANDIDATE (not in Myers)  (45 cell polys, area check ✓)
  ctrnact-star-k8-2947  k=8  3.6.6*  ★ CANDIDATE (not in Myers)  (45 cell polys, area check ✓)
  ctrnact-star-k8-2948  k=8  3.6.6*  ★ CANDIDATE (not in Myers)  (51 cell polys, area check ✓)
  ctrnact-star-k8-2949  k=8  3.6.6*  ★ CANDIDATE (not in Myers)  (16 cell polys, area check ✓)
  ctrnact-star-k8-2950  k=8  3.6.6*  ★ CANDIDATE (not in Myers)  (16 cell polys, area check ✓)
  ctrnact-star-k8-2951  k=8  3.6.6*  ★ CANDIDATE (not in Myers)  (57 cell polys, area check ✓)
  ctrnact-star-k8-2952  k=8  3.6.6*  ★ CANDIDATE (not in Myers)  (55 cell polys, area check ✓)
  ctrnact-star-k8-2953  k=8  3.6.6*  ★ CANDIDATE (not in Myers)  (63 cell polys, area check ✓)
  ctrnact-star-k8-2954  k=8  3.6.6*  ★ CANDIDATE (not in Myers)  (17 cell polys, area check ✓)
  ctrnact-star-k8-2955  k=8  3.6.6*  ★ CANDIDATE (not in Myers)  (17 cell polys, area check ✓)
  ctrnact-star-k8-2956  k=8  3.6.6*  ★ CANDIDATE (not in Myers)  (34 cell polys, area check ✓)
  ctrnact-star-k8-2957  k=8  3.6.6*  ★ CANDIDATE (not in Myers)  (34 cell polys, area check ✓)
  ctrnact-star-k8-2958  k=8  3.6.6*  ★ CANDIDATE (not in Myers)  (45 cell polys, area check ✓)
  ctrnact-star-k8-2959  k=8  3.6.6*  ★ CANDIDATE (not in Myers)  (42 cell polys, area check ✓)
  ctrnact-star-k8-2960  k=8  3.6.6*  ★ CANDIDATE (not in Myers)  (38 cell polys, area check ✓)
  ctrnact-star-k8-2961  k=8  3.6.6*  ★ CANDIDATE (not in Myers)  (17 cell polys, area check ✓)
  ctrnact-star-k8-2962  k=8  3.6.6*  ★ CANDIDATE (not in Myers)  (19 cell polys, area check ✓)
  ctrnact-star-k8-2963  k=8  3.6.6*  ★ CANDIDATE (not in Myers)  (36 cell polys, area check ✓)
  ctrnact-star-k8-2964  k=8  3.6.6*  ★ CANDIDATE (not in Myers)  (55 cell polys, area check ✓)
  ctrnact-star-k8-2965  k=8  3.6.6*  ★ CANDIDATE (not in Myers)  (63 cell polys, area check ✓)
  ctrnact-star-k8-2966  k=8  3.6.6*  ★ CANDIDATE (not in Myers)  (34 cell polys, area check ✓)
  ctrnact-star-k8-2967  k=8  3.6.6*  ★ CANDIDATE (not in Myers)  (36 cell polys, area check ✓)
  ctrnact-star-k8-2968  k=8  3.6.6*  ★ CANDIDATE (not in Myers)  (21 cell polys, area check ✓)
  ctrnact-star-k8-2969  k=8  3.6.6*  ★ CANDIDATE (not in Myers)  (42 cell polys, area check ✓)
  ctrnact-star-k8-2970  k=8  3.6.6*  ★ CANDIDATE (not in Myers)  (75 cell polys, area check ✓)
  ctrnact-star-k8-2971  k=8  3.6.6*  ★ CANDIDATE (not in Myers)  (81 cell polys, area check ✓)
  ctrnact-star-k8-2972  k=8  3.6.6*  ★ CANDIDATE (not in Myers)  (73 cell polys, area check ✓)
  ctrnact-star-k8-2973  k=8  3.6.6*  ★ CANDIDATE (not in Myers)  (63 cell polys, area check ✓)
  ctrnact-star-k8-2974  k=8  3.6.6*  ★ CANDIDATE (not in Myers)  (36 cell polys, area check ✓)
  ctrnact-star-k8-2975  k=8  3.6.6*  ★ CANDIDATE (not in Myers)  (17 cell polys, area check ✓)
  ctrnact-star-k8-2976  k=8  3.6.6*  ★ CANDIDATE (not in Myers)  (22 cell polys, area check ✓)
  ctrnact-star-k8-2977  k=8  3.6.6*  ★ CANDIDATE (not in Myers)  (44 cell polys, area check ✓)
  ctrnact-star-k8-2978  k=8  3.6.6*  ★ CANDIDATE (not in Myers)  (22 cell polys, area check ✓)
  ctrnact-star-k8-2979  k=8  3.6.6*  ★ CANDIDATE (not in Myers)  (15 cell polys, area check ✓)
  ctrnact-star-k8-2980  k=8  3.6.6*  ★ CANDIDATE (not in Myers)  (13 cell polys, area check ✓)
  ctrnact-star-k8-2981  k=8  3.6.6*  ★ CANDIDATE (not in Myers)  (13 cell polys, area check ✓)
  ctrnact-star-k8-2982  k=8  3.6.6*  ★ CANDIDATE (not in Myers)  (15 cell polys, area check ✓)
  ctrnact-star-k8-2983  k=8  3.6.6*  ★ CANDIDATE (not in Myers)  (15 cell polys, area check ✓)
  ctrnact-star-k8-2984  k=8  3.6.6*  ★ CANDIDATE (not in Myers)  (20 cell polys, area check ✓)
  ctrnact-star-k8-2985  k=8  3.6.6*  ★ CANDIDATE (not in Myers)  (20 cell polys, area check ✓)
  ctrnact-star-k8-2986  k=8  3.6.6*  ★ CANDIDATE (not in Myers)  (11 cell polys, area check ✓)
  ctrnact-star-k8-2987  k=8  3.6.6*  ★ CANDIDATE (not in Myers)  (22 cell polys, area check ✓)
  ctrnact-star-k8-2988  k=8  3.6.6*  ★ CANDIDATE (not in Myers)  (18 cell polys, area check ✓)
  ctrnact-star-k8-2989  k=8  3.6.6*  ★ CANDIDATE (not in Myers)  (15 cell polys, area check ✓)
  ctrnact-star-k8-2990  k=8  3.6.6*  ★ CANDIDATE (not in Myers)  (10 cell polys, area check ✓)
  ctrnact-star-k8-2991  k=8  3.6.6*  ★ CANDIDATE (not in Myers)  (22 cell polys, area check ✓)
  ctrnact-star-k8-2992  k=8  3.6.6*  ★ CANDIDATE (not in Myers)  (11 cell polys, area check ✓)
  ctrnact-star-k8-2993  k=8  3.6.6*  ★ CANDIDATE (not in Myers)  (12 cell polys, area check ✓)
  ctrnact-star-k8-2994  k=8  3.6.6*  ★ CANDIDATE (not in Myers)  (20 cell polys, area check ✓)
  ctrnact-star-k8-2995  k=8  3.6.6*  ★ CANDIDATE (not in Myers)  (27 cell polys, area check ✓)
  ctrnact-star-k8-2996  k=8  3.6.6*  ★ CANDIDATE (not in Myers)  (27 cell polys, area check ✓)
  ctrnact-star-k8-2997  k=8  3.6.6*  ★ CANDIDATE (not in Myers)  (18 cell polys, area check ✓)
  ctrnact-star-k8-2998  k=8  3.6.6*  ★ CANDIDATE (not in Myers)  (34 cell polys, area check ✓)
  ctrnact-star-k8-2999  k=8  3.6.6*  ★ CANDIDATE (not in Myers)  (17 cell polys, area check ✓)
  ctrnact-star-k8-3000  k=8  3.6.6*  ★ CANDIDATE (not in Myers)  (34 cell polys, area check ✓)
  ctrnact-star-k8-3001  k=8  3.6.6*  ★ CANDIDATE (not in Myers)  (17 cell polys, area check ✓)
  ctrnact-star-k8-3002  k=8  3.6.6*  ★ CANDIDATE (not in Myers)  (28 cell polys, area check ✓)
  ctrnact-star-k8-3003  k=8  3.6.6*  ★ CANDIDATE (not in Myers)  (62 cell polys, area check ✓)
  ctrnact-star-k8-3004  k=8  3.6.6*  ★ CANDIDATE (not in Myers)  (19 cell polys, area check ✓)
  ctrnact-star-k8-3005  k=8  3.6.6*  ★ CANDIDATE (not in Myers)  (21 cell polys, area check ✓)
  ctrnact-star-k8-3006  k=8  3.6.6*  ★ CANDIDATE (not in Myers)  (28 cell polys, area check ✓)
  ctrnact-star-k8-3007  k=8  3.6.6*  ★ CANDIDATE (not in Myers)  (13 cell polys, area check ✓)
  ctrnact-star-k8-3008  k=8  3.6.6*  ★ CANDIDATE (not in Myers)  (26 cell polys, area check ✓)
  ctrnact-star-k8-3009  k=8  3.6.6*  ★ CANDIDATE (not in Myers)  (32 cell polys, area check ✓)
  ctrnact-star-k8-3010  k=8  3.6.6*  ★ CANDIDATE (not in Myers)  (18 cell polys, area check ✓)
  ctrnact-star-k8-3011  k=8  3.6.6*  ★ CANDIDATE (not in Myers)  (36 cell polys, area check ✓)
  ctrnact-star-k8-3012  k=8  3.6.6*  ★ CANDIDATE (not in Myers)  (16 cell polys, area check ✓)
  ctrnact-star-k8-3013  k=8  3.6.6*  ★ CANDIDATE (not in Myers)  (16 cell polys, area check ✓)
  ctrnact-star-k8-3014  k=8  3.6.6*  ★ CANDIDATE (not in Myers)  (45 cell polys, area check ✓)
  ctrnact-star-k8-3015  k=8  3.6.6*  ★ CANDIDATE (not in Myers)  (28 cell polys, area check ✓)
  ctrnact-star-k8-3016  k=8  3.6.6*  ★ CANDIDATE (not in Myers)  (15 cell polys, area check ✓)
  ctrnact-star-k8-3017  k=8  3.6.6*  ★ CANDIDATE (not in Myers)  (32 cell polys, area check ✓)
  ctrnact-star-k8-3018  k=8  3.6.6*  ★ CANDIDATE (not in Myers)  (14 cell polys, area check ✓)
  ctrnact-star-k8-3019  k=8  3.6.6*  ★ CANDIDATE (not in Myers)  (23 cell polys, area check ✓)
  ctrnact-star-k8-3020  k=8  3.6.6*  ★ CANDIDATE (not in Myers)  (25 cell polys, area check ✓)
  ctrnact-star-k8-3021  k=8  3.6.6*  ★ CANDIDATE (not in Myers)  (25 cell polys, area check ✓)
  ctrnact-star-k8-3022  k=8  3.6.6*  ★ CANDIDATE (not in Myers)  (25 cell polys, area check ✓)
  ctrnact-star-k8-3023  k=8  3.6.6*  ★ CANDIDATE (not in Myers)  (25 cell polys, area check ✓)
  ctrnact-star-k8-3024  k=8  3.6.6*  ★ CANDIDATE (not in Myers)  (27 cell polys, area check ✓)
  ctrnact-star-k8-3025  k=8  3.6.6*  ★ CANDIDATE (not in Myers)  (18 cell polys, area check ✓)
  ctrnact-star-k8-3026  k=8  3.6.6*  ★ CANDIDATE (not in Myers)  (15 cell polys, area check ✓)
  ctrnact-star-k8-3027  k=8  3.6.6*  ★ CANDIDATE (not in Myers)  (57 cell polys, area check ✓)
  ctrnact-star-k8-3028  k=8  3.6.6*  ★ CANDIDATE (not in Myers)  (51 cell polys, area check ✓)
  ctrnact-star-k8-3029  k=8  3.6.6*  ★ CANDIDATE (not in Myers)  (23 cell polys, area check ✓)
  ctrnact-star-k8-3030  k=8  3.6.6*  ★ CANDIDATE (not in Myers)  (14 cell polys, area check ✓)
  ctrnact-star-k8-3031  k=8  3.6.6*  ★ CANDIDATE (not in Myers)  (32 cell polys, area check ✓)
  ctrnact-star-k8-3032  k=8  3.6.6*  ★ CANDIDATE (not in Myers)  (30 cell polys, area check ✓)
  ctrnact-star-k8-3033  k=8  3.6.6*  ★ CANDIDATE (not in Myers)  (46 cell polys, area check ✓)
  ctrnact-star-k8-3034  k=8  3.6.6*  ★ CANDIDATE (not in Myers)  (22 cell polys, area check ✓)
  ctrnact-star-k8-3035  k=8  3.6.6*  ★ CANDIDATE (not in Myers)  (49 cell polys, area check ✓)
  ctrnact-star-k8-3036  k=8  3.6.6*  ★ CANDIDATE (not in Myers)  (57 cell polys, area check ✓)
  ctrnact-star-k8-3037  k=8  3.6.6*  ★ CANDIDATE (not in Myers)  (51 cell polys, area check ✓)
  ctrnact-star-k8-3038  k=8  3.6.6*  ★ CANDIDATE (not in Myers)  (51 cell polys, area check ✓)
  ctrnact-star-k8-3039  k=8  3.6.6*  ★ CANDIDATE (not in Myers)  (40 cell polys, area check ✓)
  ctrnact-star-k8-3040  k=8  3.6.6*  ★ CANDIDATE (not in Myers)  (27 cell polys, area check ✓)
  ctrnact-star-k8-3041  k=8  3.6.6*  ★ CANDIDATE (not in Myers)  (21 cell polys, area check ✓)
  ctrnact-star-k8-3042  k=8  3.6.6*  ★ CANDIDATE (not in Myers)  (30 cell polys, area check ✓)
  ctrnact-star-k8-3043  k=8  3.6.6*  ★ CANDIDATE (not in Myers)  (19 cell polys, area check ✓)
  ctrnact-star-k8-3044  k=8  3.6.6*  ★ CANDIDATE (not in Myers)  (22 cell polys, area check ✓)
  ctrnact-star-k8-3045  k=8  3.6.6*  ★ CANDIDATE (not in Myers)  (22 cell polys, area check ✓)
  ctrnact-star-k8-3046  k=8  3.6.6*  ★ CANDIDATE (not in Myers)  (30 cell polys, area check ✓)
  ctrnact-star-k8-3047  k=8  3.6.6*  ★ CANDIDATE (not in Myers)  (18 cell polys, area check ✓)
  ctrnact-star-k8-3048  k=8  3.6.6*  ★ CANDIDATE (not in Myers)  (30 cell polys, area check ✓)
  ctrnact-star-k8-3049  k=8  3.6.6*  ★ CANDIDATE (not in Myers)  (21 cell polys, area check ✓)
  ctrnact-star-k8-3050  k=8  3.6.6*  ★ CANDIDATE (not in Myers)  (19 cell polys, area check ✓)
  ctrnact-star-k8-3051  k=8  3.6.6*  ★ CANDIDATE (not in Myers)  (24 cell polys, area check ✓)
  ctrnact-star-k8-3052  k=8  3.6.6*  ★ CANDIDATE (not in Myers)  (24 cell polys, area check ✓)
  ctrnact-star-k8-3053  k=8  3.6.6*  ★ CANDIDATE (not in Myers)  (24 cell polys, area check ✓)
  ctrnact-star-k8-3054  k=8  3.6.6*  ★ CANDIDATE (not in Myers)  (24 cell polys, area check ✓)
  ctrnact-star-k8-3055  k=8  3.6.6*  ★ CANDIDATE (not in Myers)  (32 cell polys, area check ✓)
  ctrnact-star-k8-3056  k=8  3.6.6*  ★ CANDIDATE (not in Myers)  (62 cell polys, area check ✓)
  ctrnact-star-k8-3057  k=8  3.6.6*  ★ CANDIDATE (not in Myers)  (30 cell polys, area check ✓)
  ctrnact-star-k8-3058  k=8  3.6.6*  ★ CANDIDATE (not in Myers)  (21 cell polys, area check ✓)
  ctrnact-star-k8-3059  k=8  3.6.6*  ★ CANDIDATE (not in Myers)  (42 cell polys, area check ✓)
  ctrnact-star-k8-3060  k=8  3.6.6*  ★ CANDIDATE (not in Myers)  (19 cell polys, area check ✓)
  ctrnact-star-k8-3061  k=8  3.6.6*  ★ CANDIDATE (not in Myers)  (21 cell polys, area check ✓)
  ctrnact-star-k8-3062  k=8  3.6.6*  ★ CANDIDATE (not in Myers)  (36 cell polys, area check ✓)
  ctrnact-star-k8-3063  k=8  3.6.6*  ★ CANDIDATE (not in Myers)  (69 cell polys, area check ✓)
  ctrnact-star-k8-3064  k=8  3.6.6*  ★ CANDIDATE (not in Myers)  (63 cell polys, area check ✓)
  ctrnact-star-k8-3065  k=8  3.6.6*  ★ CANDIDATE (not in Myers)  (21 cell polys, area check ✓)
  ctrnact-star-k8-3066  k=8  3.6.6*  ★ CANDIDATE (not in Myers)  (21 cell polys, area check ✓)
  ctrnact-star-k8-3067  k=8  3.6.6*  ★ CANDIDATE (not in Myers)  (42 cell polys, area check ✓)
  ctrnact-star-k8-3068  k=8  3.6.6*  ★ CANDIDATE (not in Myers)  (21 cell polys, area check ✓)
  ctrnact-star-k8-3069  k=8  3.6.6*  ★ CANDIDATE (not in Myers)  (13 cell polys, area check ✓)
  ctrnact-star-k8-3070  k=8  3.6.6*  ★ CANDIDATE (not in Myers)  (15 cell polys, area check ✓)
  ctrnact-star-k8-3071  k=8  3.6.6*  ★ CANDIDATE (not in Myers)  (16 cell polys, area check ✓)
  ctrnact-star-k8-3072  k=8  3.6.6*  ★ CANDIDATE (not in Myers)  (16 cell polys, area check ✓)
  ctrnact-star-k8-3073  k=8  3.6.6*  ★ CANDIDATE (not in Myers)  (24 cell polys, area check ✓)
  ctrnact-star-k8-3074  k=8  3.6.6*  ★ CANDIDATE (not in Myers)  (24 cell polys, area check ✓)
  ctrnact-star-k8-3075  k=8  3.6.6*  ★ CANDIDATE (not in Myers)  (32 cell polys, area check ✓)
  ctrnact-star-k8-3076  k=8  3.6.6*  ★ CANDIDATE (not in Myers)  (15 cell polys, area check ✓)
  ctrnact-star-k8-3077  k=8  3.6.6*  ★ CANDIDATE (not in Myers)  (15 cell polys, area check ✓)
  ctrnact-star-k8-3078  k=8  3.6.6*  ★ CANDIDATE (not in Myers)  (15 cell polys, area check ✓)
  ctrnact-star-k8-3079  k=8  3.6.6*  ★ CANDIDATE (not in Myers)  (30 cell polys, area check ✓)
  ctrnact-star-k8-3080  k=8  3.6.6*  ★ CANDIDATE (not in Myers)  (15 cell polys, area check ✓)
  ctrnact-star-k8-3081  k=8  3.6.6*  ★ CANDIDATE (not in Myers)  (30 cell polys, area check ✓)
  ctrnact-star-k8-3082  k=8  3.6.6*  ★ CANDIDATE (not in Myers)  (39 cell polys, area check ✓)
  ctrnact-star-k8-3083  k=8  3.6.6*  ★ CANDIDATE (not in Myers)  (45 cell polys, area check ✓)
  ctrnact-star-k8-3084  k=8  3.6.6*  ★ CANDIDATE (not in Myers)  (24 cell polys, area check ✓)
  ctrnact-star-k8-3085  k=8  3.6.6*  ★ CANDIDATE (not in Myers)  (38 cell polys, area check ✓)
  ctrnact-star-k8-3086  k=8  3.6.6*  ★ CANDIDATE (not in Myers)  (49 cell polys, area check ✓)
  ctrnact-star-k8-3087  k=8  3.6.6*  ★ CANDIDATE (not in Myers)  (35 cell polys, area check ✓)
  ctrnact-star-k8-3088  k=8  3.6.6*  ★ CANDIDATE (not in Myers)  (28 cell polys, area check ✓)
  ctrnact-star-k8-3089  k=8  3.6.6*  ★ CANDIDATE (not in Myers)  (43 cell polys, area check ✓)
  ctrnact-star-k8-3090  k=8  3.6.6*  ★ CANDIDATE (not in Myers)  (43 cell polys, area check ✓)
  ctrnact-star-k8-3091  k=8  3.6.6*  ★ CANDIDATE (not in Myers)  (31 cell polys, area check ✓)
  ctrnact-star-k8-3092  k=8  3.6.6*  ★ CANDIDATE (not in Myers)  (61 cell polys, area check ✓)
  ctrnact-star-k8-3093  k=8  3.6.6*  ★ CANDIDATE (not in Myers)  (24 cell polys, area check ✓)
  ctrnact-star-k8-3094  k=8  3.6.6*  ★ CANDIDATE (not in Myers)  (81 cell polys, area check ✓)
  ctrnact-star-k8-3095  k=8  3.6.6*  ★ CANDIDATE (not in Myers)  (75 cell polys, area check ✓)
  ctrnact-star-k8-3096  k=8  3.6.6*  ★ CANDIDATE (not in Myers)  (63 cell polys, area check ✓)
  ctrnact-star-k8-3097  k=8  3.6.6*  ★ CANDIDATE (not in Myers)  (25 cell polys, area check ✓)
  ctrnact-star-k8-3098  k=8  3.6.6*  ★ CANDIDATE (not in Myers)  (45 cell polys, area check ✓)
  ctrnact-star-k8-3099  k=8  3.6.6*  ★ CANDIDATE (not in Myers)  (51 cell polys, area check ✓)
  ctrnact-star-k8-3100  k=8  3.6.6*  ★ CANDIDATE (not in Myers)  (57 cell polys, area check ✓)
  ctrnact-star-k8-3101  k=8  3.6.6*  ★ CANDIDATE (not in Myers)  (81 cell polys, area check ✓)
  ctrnact-star-k8-3102  k=8  3.6.6*  ★ CANDIDATE (not in Myers)  (21 cell polys, area check ✓)
  ctrnact-star-k8-3103  k=8  3.6.6*  ★ CANDIDATE (not in Myers)  (65 cell polys, area check ✓)
  ctrnact-star-k8-3104  k=8  3.6.6*  ★ CANDIDATE (not in Myers)  (63 cell polys, area check ✓)
  ctrnact-star-k8-3105  k=8  3.6.6*  ★ CANDIDATE (not in Myers)  (22 cell polys, area check ✓)
  ctrnact-star-k8-3106  k=8  3.6.6*  ★ CANDIDATE (not in Myers)  (22 cell polys, area check ✓)
  ctrnact-star-k8-3107  k=8  3.6.6*  ★ CANDIDATE (not in Myers)  (27 cell polys, area check ✓)
  ctrnact-star-k8-3108  k=8  3.6.6*  ★ CANDIDATE (not in Myers)  (27 cell polys, area check ✓)
  ctrnact-star-k8-3109  k=8  3.6.6*  ★ CANDIDATE (not in Myers)  (69 cell polys, area check ✓)
  ctrnact-star-k8-3110  k=8  3.6.6*  ★ CANDIDATE (not in Myers)  (81 cell polys, area check ✓)
  ctrnact-star-k8-3111  k=8  3.6.6*  ★ CANDIDATE (not in Myers)  (87 cell polys, area check ✓)
  ctrnact-star-k8-3112  k=8  3.6.6*  ★ CANDIDATE (not in Myers)  (87 cell polys, area check ✓)
  ctrnact-star-k8-3113  k=8  3.6.6*  ★ CANDIDATE (not in Myers)  (102 cell polys, area check ✓)
  ctrnact-star-k8-3114  k=8  3.6.6*  ★ CANDIDATE (not in Myers)  (27 cell polys, area check ✓)
  ctrnact-star-k8-3115  k=8  3.6.6*  ★ CANDIDATE (not in Myers)  (27 cell polys, area check ✓)
  ctrnact-star-k8-3116  k=8  3.6.6*  ★ CANDIDATE (not in Myers)  (38 cell polys, area check ✓)
  ctrnact-star-k8-3117  k=8  3.6.6*  ★ CANDIDATE (not in Myers)  (90 cell polys, area check ✓)
  ctrnact-star-k8-3118  k=8  3.6.6*  ★ CANDIDATE (not in Myers)  (27 cell polys, area check ✓)
  ctrnact-star-k8-3119  k=8  3.6.6*  ★ CANDIDATE (not in Myers)  (33 cell polys, area check ✓)
  ctrnact-star-k8-3120  k=8  3.6.6*  ★ CANDIDATE (not in Myers)  (33 cell polys, area check ✓)
  ctrnact-star-k8-3121  k=8  3.6.6*  ★ CANDIDATE (not in Myers)  (32 cell polys, area check ✓)
  ctrnact-star-k8-3122  k=8  3.6.6*  ★ CANDIDATE (not in Myers)  (33 cell polys, area check ✓)
  ctrnact-star-k8-3123  k=8  3.6.6*  ★ CANDIDATE (not in Myers)  (15 cell polys, area check ✓)
  ctrnact-star-k8-3124  k=8  3.6.6*  ★ CANDIDATE (not in Myers)  (17 cell polys, area check ✓)
  ctrnact-star-k8-3125  k=8  3.6.6*  ★ CANDIDATE (not in Myers)  (32 cell polys, area check ✓)
  ctrnact-star-k8-3126  k=8  3.6.6*  ★ CANDIDATE (not in Myers)  (20 cell polys, area check ✓)
  ctrnact-star-k8-3127  k=8  3.6.6*  ★ CANDIDATE (not in Myers)  (51 cell polys, area check ✓)
  ctrnact-star-k8-3128  k=8  3.6.6*  ★ CANDIDATE (not in Myers)  (55 cell polys, area check ✓)
  ctrnact-star-k8-3129  k=8  3.6.6*  ★ CANDIDATE (not in Myers)  (63 cell polys, area check ✓)
  ctrnact-star-k8-3130  k=8  3.6.6*  ★ CANDIDATE (not in Myers)  (63 cell polys, area check ✓)
  ctrnact-star-k8-3131  k=8  3.6.6*  ★ CANDIDATE (not in Myers)  (63 cell polys, area check ✓)
  ctrnact-star-k8-3132  k=8  3.6.6*  ★ CANDIDATE (not in Myers)  (63 cell polys, area check ✓)
  ctrnact-star-k8-3133  k=8  3.6.6*  ★ CANDIDATE (not in Myers)  (57 cell polys, area check ✓)
  ctrnact-star-k8-3134  k=8  3.6.6*  ★ CANDIDATE (not in Myers)  (54 cell polys, area check ✓)
  ctrnact-star-k8-3135  k=8  3.6.6*  ★ CANDIDATE (not in Myers)  (20 cell polys, area check ✓)
  ctrnact-star-k8-3136  k=8  3.6.6*  ★ CANDIDATE (not in Myers)  (20 cell polys, area check ✓)
  ctrnact-star-k8-3137  k=8  3.6.6*  ★ CANDIDATE (not in Myers)  (28 cell polys, area check ✓)
  ctrnact-star-k8-3138  k=8  3.6.6*  ★ CANDIDATE (not in Myers)  (27 cell polys, area check ✓)
  ctrnact-star-k8-3139  k=8  3.6.6*  ★ CANDIDATE (not in Myers)  (56 cell polys, area check ✓)
  ctrnact-star-k8-3140  k=8  3.6.6*  ★ CANDIDATE (not in Myers)  (66 cell polys, area check ✓)
  ctrnact-star-k8-3141  k=8  3.6.6*  ★ CANDIDATE (not in Myers)  (63 cell polys, area check ✓)
  ctrnact-star-k8-3142  k=8  3.6.6*  ★ CANDIDATE (not in Myers)  (63 cell polys, area check ✓)
  ctrnact-star-k8-3143  k=8  3.6.6*  ★ CANDIDATE (not in Myers)  (63 cell polys, area check ✓)
  ctrnact-star-k8-3144  k=8  3.6.6*  ★ CANDIDATE (not in Myers)  (78 cell polys, area check ✓)
  ctrnact-star-k8-3145  k=8  3.6.12*  ★ CANDIDATE (not in Myers)  (46 cell polys, area check ✓)
  ctrnact-star-k8-3150  k=8  3.3*.4*.8.8*  ★ CANDIDATE (not in Myers)  (40 cell polys, area check ✓)
  ctrnact-star-k8-3151  k=8  3.3*.6*.8.8*  ★ CANDIDATE (not in Myers)  (66 cell polys, area check ✓)
  ctrnact-star-k8-3152  k=8  3.3*.6*.8.8*  ★ CANDIDATE (not in Myers)  (34 cell polys, area check ✓)
  ctrnact-star-k8-3153  k=8  3.3*.6*.8.8*  ★ CANDIDATE (not in Myers)  (34 cell polys, area check ✓)
  ctrnact-star-k8-3154  k=8  3.3*.6*.8.8*  ★ CANDIDATE (not in Myers)  (78 cell polys, area check ✓)
  ctrnact-star-k8-3155  k=8  3.3*.6*.8.8*  ★ CANDIDATE (not in Myers)  (26 cell polys, area check ✓)
  ctrnact-star-k8-3156  k=8  3.3*.6*.8.8*  ★ CANDIDATE (not in Myers)  (40 cell polys, area check ✓)
  ctrnact-star-k8-3157  k=8  3.3*.6*.8.8*  ★ CANDIDATE (not in Myers)  (20 cell polys, area check ✓)
  ctrnact-star-k8-3158  k=8  3.3*.6*.8.8*  ★ CANDIDATE (not in Myers)  (40 cell polys, area check ✓)
  ctrnact-star-k8-3159  k=8  3.3*.6*.8.8*  ★ CANDIDATE (not in Myers)  (40 cell polys, area check ✓)
  ctrnact-star-k8-3160  k=8  3.3*.6*.8.8*  ★ CANDIDATE (not in Myers)  (44 cell polys, area check ✓)
  ctrnact-star-k8-3161  k=8  3.4*.8.8*  ★ CANDIDATE (not in Myers)  (30 cell polys, area check ✓)
  ctrnact-star-k8-3162  k=8  3.4*.8.8*  ★ CANDIDATE (not in Myers)  (34 cell polys, area check ✓)
  ctrnact-star-k8-3163  k=8  3.4*.8.8*  ★ CANDIDATE (not in Myers)  (32 cell polys, area check ✓)
  ctrnact-star-k8-3164  k=8  3.4*.8.8*  ★ CANDIDATE (not in Myers)  (32 cell polys, area check ✓)
  ctrnact-star-k8-3165  k=8  3.4*.8.8*  ★ CANDIDATE (not in Myers)  (34 cell polys, area check ✓)
  ctrnact-star-k8-3166  k=8  3.4*.8.8*  ★ CANDIDATE (not in Myers)  (34 cell polys, area check ✓)
  ctrnact-star-k8-3167  k=8  3.4*.8.8*  ★ CANDIDATE (not in Myers)  (34 cell polys, area check ✓)
  ctrnact-star-k8-3168  k=8  3.4*.8.8*  ★ CANDIDATE (not in Myers)  (64 cell polys, area check ✓)
  ctrnact-star-k8-3169  k=8  3.4*.8.8*  ★ CANDIDATE (not in Myers)  (56 cell polys, area check ✓)
  ctrnact-star-k8-3170  k=8  3.4*.8.8*  ★ CANDIDATE (not in Myers)  (68 cell polys, area check ✓)
  ctrnact-star-k8-3171  k=8  3.4*.8.8*  ★ CANDIDATE (not in Myers)  (32 cell polys, area check ✓)
  ctrnact-star-k8-3172  k=8  3.4*.8.8*  ★ CANDIDATE (not in Myers)  (36 cell polys, area check ✓)
  ctrnact-star-k8-3173  k=8  3.4*.8.8*  ★ CANDIDATE (not in Myers)  (34 cell polys, area check ✓)
  ctrnact-star-k8-3174  k=8  3.4*.8.8*  ★ CANDIDATE (not in Myers)  (36 cell polys, area check ✓)
  ctrnact-star-k8-3175  k=8  3.4*.8.8*  ★ CANDIDATE (not in Myers)  (36 cell polys, area check ✓)
  ctrnact-star-k8-3176  k=8  3.4*.8.8*  ★ CANDIDATE (not in Myers)  (32 cell polys, area check ✓)
  ctrnact-star-k8-3177  k=8  3.4*.8.8*  ★ CANDIDATE (not in Myers)  (32 cell polys, area check ✓)
  ctrnact-star-k8-3178  k=8  3.4*.8.8*  ★ CANDIDATE (not in Myers)  (34 cell polys, area check ✓)
  ctrnact-star-k8-3179  k=8  3.4*.8.8*  ★ CANDIDATE (not in Myers)  (72 cell polys, area check ✓)
  ctrnact-star-k8-3180  k=8  3.4*.8.8*  ★ CANDIDATE (not in Myers)  (34 cell polys, area check ✓)
  ctrnact-star-k8-3181  k=8  3.4*.8.8*  ★ CANDIDATE (not in Myers)  (26 cell polys, area check ✓)
  ctrnact-star-k8-3182  k=8  3.4*.8.8*  ★ CANDIDATE (not in Myers)  (20 cell polys, area check ✓)
  ctrnact-star-k8-3183  k=8  3.4*.8.8*  ★ CANDIDATE (not in Myers)  (26 cell polys, area check ✓)
  ctrnact-star-k8-3184  k=8  3.4*.8.8*  ★ CANDIDATE (not in Myers)  (32 cell polys, area check ✓)
  ctrnact-star-k8-3185  k=8  3.4*.8.8*  ★ CANDIDATE (not in Myers)  (58 cell polys, area check ✓)
  ctrnact-star-k8-3186  k=8  3.4*.8.8*  ★ CANDIDATE (not in Myers)  (28 cell polys, area check ✓)
  ctrnact-star-k8-3187  k=8  3.4*.8.8*  ★ CANDIDATE (not in Myers)  (28 cell polys, area check ✓)
  ctrnact-star-k8-3188  k=8  3.4*.8.8*  ★ CANDIDATE (not in Myers)  (24 cell polys, area check ✓)
  ctrnact-star-k8-3189  k=8  3.4*.8.8*  ★ CANDIDATE (not in Myers)  (34 cell polys, area check ✓)
  ctrnact-star-k8-3190  k=8  3.4*.8.8*  ★ CANDIDATE (not in Myers)  (24 cell polys, area check ✓)
  ctrnact-star-k8-3191  k=8  3.4*.8.8*  ★ CANDIDATE (not in Myers)  (32 cell polys, area check ✓)
  ctrnact-star-k8-3192  k=8  3.4*.8.8*  ★ CANDIDATE (not in Myers)  (68 cell polys, area check ✓)
  ctrnact-star-k8-3193  k=8  3.4*.8.8*  ★ CANDIDATE (not in Myers)  (36 cell polys, area check ✓)
  ctrnact-star-k8-3194  k=8  3.3*.4*.12  ★ CANDIDATE (not in Myers)  (22 cell polys, area check ✓)
  ctrnact-star-k8-3195  k=8  3.3*.4*.12  ★ CANDIDATE (not in Myers)  (19 cell polys, area check ✓)
  ctrnact-star-k8-3196  k=8  3.3*.4*.12  ★ CANDIDATE (not in Myers)  (23 cell polys, area check ✓)
  ctrnact-star-k8-3197  k=8  3.3*.4*.12  ★ CANDIDATE (not in Myers)  (26 cell polys, area check ✓)
  ctrnact-star-k8-3198  k=8  3.3*.12.12*  ★ CANDIDATE (not in Myers)  (27 cell polys, area check ✓)
  ctrnact-star-k8-3199  k=8  3.3*.12.12*  ★ CANDIDATE (not in Myers)  (84 cell polys, area check ✓)
  ctrnact-star-k8-3200  k=8  3.3*.12.12*  ★ CANDIDATE (not in Myers)  (27 cell polys, area check ✓)
  ctrnact-star-k8-3201  k=8  3.3*.12.12*  ★ CANDIDATE (not in Myers)  (96 cell polys, area check ✓)
  ctrnact-star-k8-3202  k=8  3.3*.12.12*  ★ CANDIDATE (not in Myers)  (33 cell polys, area check ✓)
  ctrnact-star-k8-3203  k=8  3.3*.12.12*  ★ CANDIDATE (not in Myers)  (111 cell polys, area check ✓)
  ctrnact-star-k8-3204  k=8  3.3*.12.12*  ★ CANDIDATE (not in Myers)  (36 cell polys, area check ✓)
  ctrnact-star-k8-3205  k=8  3.3*.12.12*  ★ CANDIDATE (not in Myers)  (108 cell polys, area check ✓)
  ctrnact-star-k8-3206  k=8  3.3*.12.12*  ★ CANDIDATE (not in Myers)  (51 cell polys, area check ✓)
  ctrnact-star-k8-3207  k=8  3.4*.12  ★ CANDIDATE (not in Myers)  (11 cell polys, area check ✓)
  ctrnact-star-k8-3208  k=8  3.4*.12  ★ CANDIDATE (not in Myers)  (11 cell polys, area check ✓)
  ctrnact-star-k8-3209  k=8  3.4*.12  ★ CANDIDATE (not in Myers)  (33 cell polys, area check ✓)
  ctrnact-star-k8-3210  k=8  3.4*.12  ★ CANDIDATE (not in Myers)  (33 cell polys, area check ✓)
  ctrnact-star-k8-3211  k=8  3.4*.12.12*  ★ CANDIDATE (not in Myers)  (45 cell polys, area check ✓)
  ctrnact-star-k8-3212  k=8  3.4*.12.12*  ★ CANDIDATE (not in Myers)  (45 cell polys, area check ✓)
  ctrnact-star-k8-3213  k=8  3.4*.12.12*  ★ CANDIDATE (not in Myers)  (34 cell polys, area check ✓)
  ctrnact-star-k8-3214  k=8  3.4*.12.12*  ★ CANDIDATE (not in Myers)  (35 cell polys, area check ✓)
  ctrnact-star-k8-3215  k=8  3.4*.12.12*  ★ CANDIDATE (not in Myers)  (34 cell polys, area check ✓)
  ctrnact-star-k8-3216  k=8  3.4*.12.12*  ★ CANDIDATE (not in Myers)  (17 cell polys, area check ✓)
  ctrnact-star-k8-3217  k=8  3.4*.12.12*  ★ CANDIDATE (not in Myers)  (24 cell polys, area check ✓)
  ctrnact-star-k8-3218  k=8  3.4*.12.12*  ★ CANDIDATE (not in Myers)  (36 cell polys, area check ✓)
  ctrnact-star-k8-3219  k=8  3.4*.12.12*  ★ CANDIDATE (not in Myers)  (36 cell polys, area check ✓)
  ctrnact-star-k8-3220  k=8  3.4*.12.12*  ★ CANDIDATE (not in Myers)  (66 cell polys, area check ✓)
  ctrnact-star-k8-3221  k=8  3.4*.12.12*  ★ CANDIDATE (not in Myers)  (22 cell polys, area check ✓)
  ctrnact-star-k8-3222  k=8  3.4*.12.12*  ★ CANDIDATE (not in Myers)  (34 cell polys, area check ✓)
  ctrnact-star-k8-3223  k=8  3.4*.12.12*  ★ CANDIDATE (not in Myers)  (33 cell polys, area check ✓)
  ctrnact-star-k8-3224  k=8  3.4*.12.12*  ★ CANDIDATE (not in Myers)  (46 cell polys, area check ✓)
  ctrnact-star-k8-3225  k=8  3.4*.12.12*  ★ CANDIDATE (not in Myers)  (24 cell polys, area check ✓)
  ctrnact-star-k8-3226  k=8  3.4*.12.12*  ★ CANDIDATE (not in Myers)  (34 cell polys, area check ✓)
  ctrnact-star-k8-3227  k=8  3.4*.12.12*  ★ CANDIDATE (not in Myers)  (34 cell polys, area check ✓)
  ctrnact-star-k8-3228  k=8  3.12.12*  ★ CANDIDATE (not in Myers)  (27 cell polys, area check ✓)
  ctrnact-star-k8-3229  k=8  3.12.12*  ★ CANDIDATE (not in Myers)  (39 cell polys, area check ✓)
  ctrnact-star-k8-3230  k=8  3.12.12*  ★ CANDIDATE (not in Myers)  (39 cell polys, area check ✓)
  ctrnact-star-k8-3231  k=8  3.12.12*  ★ CANDIDATE (not in Myers)  (51 cell polys, area check ✓)
  ctrnact-star-k8-3232  k=8  3.12.12*  ★ CANDIDATE (not in Myers)  (51 cell polys, area check ✓)
  ctrnact-star-k8-3233  k=8  3.12.12*  ★ CANDIDATE (not in Myers)  (63 cell polys, area check ✓)
  ctrnact-star-k8-3234  k=8  3.12.12*  ★ CANDIDATE (not in Myers)  (24 cell polys, area check ✓)
  ctrnact-star-k8-3235  k=8  3.12.12*  ★ CANDIDATE (not in Myers)  (36 cell polys, area check ✓)
  ctrnact-star-k8-3236  k=8  3.12.12*  ★ CANDIDATE (not in Myers)  (48 cell polys, area check ✓)
  ctrnact-star-k8-3249  k=8  3.3*.4*  ★ CANDIDATE (not in Myers)  (23 cell polys, area check ✓)
  ctrnact-star-k8-3250  k=8  3.3*.4*  ★ CANDIDATE (not in Myers)  (26 cell polys, area check ✓)
  ctrnact-star-k8-3251  k=8  3.4*  ★ CANDIDATE (not in Myers)  (19 cell polys, area check ✓)
  ctrnact-star-k8-3252  k=8  3.4*  ★ CANDIDATE (not in Myers)  (21 cell polys, area check ✓)
  ctrnact-star-k8-3253  k=8  3.4*  ★ CANDIDATE (not in Myers)  (16 cell polys, area check ✓)
  ctrnact-star-k8-3254  k=8  3.4*  ★ CANDIDATE (not in Myers)  (66 cell polys, area check ✓)
  ctrnact-star-k8-3255  k=8  3.4*  ★ CANDIDATE (not in Myers)  (25 cell polys, area check ✓)
  ctrnact-star-k8-3256  k=8  3.4*  ★ CANDIDATE (not in Myers)  (27 cell polys, area check ✓)
  ctrnact-star-k8-3257  k=8  3.4*  ★ CANDIDATE (not in Myers)  (21 cell polys, area check ✓)
  ctrnact-star-k8-3258  k=8  3.4*  ★ CANDIDATE (not in Myers)  (19 cell polys, area check ✓)
  ctrnact-star-k8-3259  k=8  3.4*  ★ CANDIDATE (not in Myers)  (18 cell polys, area check ✓)
  ctrnact-star-k8-3260  k=8  3.4*  ★ CANDIDATE (not in Myers)  (24 cell polys, area check ✓)
  ctrnact-star-k8-3261  k=8  3.4*  ★ CANDIDATE (not in Myers)  (26 cell polys, area check ✓)
  ctrnact-star-k8-3262  k=8  3.4*  ★ CANDIDATE (not in Myers)  (20 cell polys, area check ✓)
  ctrnact-star-k8-3263  k=8  3.4*  ★ CANDIDATE (not in Myers)  (18 cell polys, area check ✓)
  ctrnact-star-k8-3264  k=8  3.4*  ★ CANDIDATE (not in Myers)  (22 cell polys, area check ✓)
  ctrnact-star-k8-3265  k=8  3.4*  ★ CANDIDATE (not in Myers)  (24 cell polys, area check ✓)
  ctrnact-star-k8-3266  k=8  3.4*  ★ CANDIDATE (not in Myers)  (19 cell polys, area check ✓)
  ctrnact-star-k8-3267  k=8  3.4*  ★ CANDIDATE (not in Myers)  (20 cell polys, area check ✓)
  ctrnact-star-k8-3268  k=8  3.4*  ★ CANDIDATE (not in Myers)  (24 cell polys, area check ✓)
  ctrnact-star-k8-3269  k=8  3.4*  ★ CANDIDATE (not in Myers)  (26 cell polys, area check ✓)
  ctrnact-star-k8-3270  k=8  3.4*  ★ CANDIDATE (not in Myers)  (21 cell polys, area check ✓)
  ctrnact-star-k8-3271  k=8  3.4*  ★ CANDIDATE (not in Myers)  (22 cell polys, area check ✓)
  ctrnact-star-k8-3272  k=8  3.4*  ★ CANDIDATE (not in Myers)  (24 cell polys, area check ✓)
  ctrnact-star-k8-3273  k=8  3.4*  ★ CANDIDATE (not in Myers)  (24 cell polys, area check ✓)
  ctrnact-star-k8-3274  k=8  3.4*  ★ CANDIDATE (not in Myers)  (26 cell polys, area check ✓)
  ctrnact-star-k8-3275  k=8  3.4*  ★ CANDIDATE (not in Myers)  (18 cell polys, area check ✓)
  ctrnact-star-k8-3276  k=8  3.4*  ★ CANDIDATE (not in Myers)  (44 cell polys, area check ✓)
  ctrnact-star-k8-3277  k=8  3.4*.6*  ★ CANDIDATE (not in Myers)  (50 cell polys, area check ✓)
  ctrnact-star-k8-3278  k=8  3.4*.6*  ★ CANDIDATE (not in Myers)  (61 cell polys, area check ✓)
  ctrnact-star-k8-3279  k=8  3.4*.6*  ★ CANDIDATE (not in Myers)  (61 cell polys, area check ✓)
  ctrnact-star-k8-3280  k=8  3.4*.6*  ★ CANDIDATE (not in Myers)  (23 cell polys, area check ✓)
  ctrnact-star-k8-3281  k=8  3.4*.6*  ★ CANDIDATE (not in Myers)  (20 cell polys, area check ✓)
  ctrnact-star-k8-3282  k=8  3.4*.6*.12*  ★ CANDIDATE (not in Myers)  (75 cell polys, area check ✓)
  ctrnact-star-k8-3283  k=8  3.4*.6*.12*  ★ CANDIDATE (not in Myers)  (29 cell polys, area check ✓)
  ctrnact-star-k8-3284  k=8  3.4*.12*  ★ CANDIDATE (not in Myers)  (64 cell polys, area check ✓)
  ctrnact-star-k8-3285  k=8  3.4*.8*  ★ CANDIDATE (not in Myers)  (40 cell polys, area check ✓)
  ctrnact-star-k8-3286  k=8  3.4*.12*  ★ CANDIDATE (not in Myers)  (79 cell polys, area check ✓)
  ctrnact-star-k8-3287  k=8  3.4*.12*  ★ CANDIDATE (not in Myers)  (41 cell polys, area check ✓)
  ctrnact-star-k8-3288  k=8  3.4*.12*  ★ CANDIDATE (not in Myers)  (41 cell polys, area check ✓)
  ctrnact-star-k8-3289  k=8  3.6*  ★ CANDIDATE (not in Myers)  (26 cell polys, area check ✓)
  ctrnact-star-k8-3290  k=8  3.6*  ★ CANDIDATE (not in Myers)  (85 cell polys, area check ✓)
  ctrnact-star-k8-3291  k=8  3.6*  ★ CANDIDATE (not in Myers)  (74 cell polys, area check ✓)
  ctrnact-star-k8-3292  k=8  3.6*  ★ CANDIDATE (not in Myers)  (37 cell polys, area check ✓)
  ctrnact-star-k8-3293  k=8  3.6*  ★ CANDIDATE (not in Myers)  (29 cell polys, area check ✓)
  ctrnact-star-k8-3294  k=8  3.6*  ★ CANDIDATE (not in Myers)  (29 cell polys, area check ✓)
  ctrnact-star-k8-3295  k=8  3.6*  ★ CANDIDATE (not in Myers)  (37 cell polys, area check ✓)
  ctrnact-star-k8-3296  k=8  3.6*  ★ CANDIDATE (not in Myers)  (63 cell polys, area check ✓)
  ctrnact-star-k8-3297  k=8  3.6*  ★ CANDIDATE (not in Myers)  (38 cell polys, area check ✓)
  ctrnact-star-k8-3298  k=8  3.6*  ★ CANDIDATE (not in Myers)  (26 cell polys, area check ✓)
  ctrnact-star-k8-3299  k=8  3.6*  ★ CANDIDATE (not in Myers)  (32 cell polys, area check ✓)
  ctrnact-star-k8-3300  k=8  3.6*  ★ CANDIDATE (not in Myers)  (32 cell polys, area check ✓)
  ctrnact-star-k8-3301  k=8  3.6*  ★ CANDIDATE (not in Myers)  (28 cell polys, area check ✓)
  ctrnact-star-k8-3302  k=8  3.6*  ★ CANDIDATE (not in Myers)  (38 cell polys, area check ✓)
  ctrnact-star-k8-3303  k=8  3.6*  ★ CANDIDATE (not in Myers)  (14 cell polys, area check ✓)
  ctrnact-star-k8-3304  k=8  3.6*  ★ CANDIDATE (not in Myers)  (21 cell polys, area check ✓)
  ctrnact-star-k8-3305  k=8  3.6*  ★ CANDIDATE (not in Myers)  (23 cell polys, area check ✓)
  ctrnact-star-k8-3306  k=8  3.6*  ★ CANDIDATE (not in Myers)  (12 cell polys, area check ✓)
  ctrnact-star-k8-3307  k=8  3.6*  ★ CANDIDATE (not in Myers)  (28 cell polys, area check ✓)
  ctrnact-star-k8-3308  k=8  3.6*  ★ CANDIDATE (not in Myers)  (28 cell polys, area check ✓)
  ctrnact-star-k8-3309  k=8  3.6*  ★ CANDIDATE (not in Myers)  (14 cell polys, area check ✓)
  ctrnact-star-k8-3310  k=8  3.6*  ★ CANDIDATE (not in Myers)  (12 cell polys, area check ✓)
  ctrnact-star-k8-3311  k=8  3.6*  ★ CANDIDATE (not in Myers)  (27 cell polys, area check ✓)
  ctrnact-star-k8-3312  k=8  3.6*  ★ CANDIDATE (not in Myers)  (14 cell polys, area check ✓)
  ctrnact-star-k8-3313  k=8  3.6*  ★ CANDIDATE (not in Myers)  (28 cell polys, area check ✓)
  ctrnact-star-k8-3314  k=8  3.6*  ★ CANDIDATE (not in Myers)  (23 cell polys, area check ✓)
  ctrnact-star-k8-3315  k=8  3.6*  ★ CANDIDATE (not in Myers)  (21 cell polys, area check ✓)
  ctrnact-star-k8-3316  k=8  3.6*  ★ CANDIDATE (not in Myers)  (87 cell polys, area check ✓)
  ctrnact-star-k8-3317  k=8  3.12*  ★ CANDIDATE (not in Myers)  (51 cell polys, area check ✓)
  ctrnact-star-k8-3318  k=8  3.12*  ★ CANDIDATE (not in Myers)  (52 cell polys, area check ✓)
  ctrnact-star-k8-3325  k=8  4.6*  ★ CANDIDATE (not in Myers)  (32 cell polys, area check ✓)
  ctrnact-star-k8-3326  k=8  4.6*  ★ CANDIDATE (not in Myers)  (38 cell polys, area check ✓)
  ctrnact-star-k8-3327  k=8  4.6*  ★ CANDIDATE (not in Myers)  (42 cell polys, area check ✓)
  ctrnact-star-k8-3328  k=8  4.6*  ★ CANDIDATE (not in Myers)  (30 cell polys, area check ✓)
  ctrnact-star-k8-3329  k=8  4.6*  ★ CANDIDATE (not in Myers)  (38 cell polys, area check ✓)
  ctrnact-star-k8-3330  k=8  4.6*  ★ CANDIDATE (not in Myers)  (42 cell polys, area check ✓)
  ctrnact-star-k8-3331  k=8  4.6*  ★ CANDIDATE (not in Myers)  (38 cell polys, area check ✓)
  ctrnact-star-k8-3332  k=8  4.6*  ★ CANDIDATE (not in Myers)  (42 cell polys, area check ✓)
  ctrnact-star-k8-3333  k=8  4.6*  ★ CANDIDATE (not in Myers)  (50 cell polys, area check ✓)
  ctrnact-star-k8-3334  k=8  4.6*  ★ CANDIDATE (not in Myers)  (54 cell polys, area check ✓)
  ctrnact-star-k8-3335  k=8  4.6*  ★ CANDIDATE (not in Myers)  (36 cell polys, area check ✓)
  ctrnact-star-k8-3336  k=8  4.6*  ★ CANDIDATE (not in Myers)  (40 cell polys, area check ✓)
  ctrnact-star-k8-3337  k=8  4.6*  ★ CANDIDATE (not in Myers)  (36 cell polys, area check ✓)
  ctrnact-star-k8-3338  k=8  4.6*  ★ CANDIDATE (not in Myers)  (40 cell polys, area check ✓)
  ctrnact-star-k8-3339  k=8  4.6*  ★ CANDIDATE (not in Myers)  (48 cell polys, area check ✓)
  ctrnact-star-k8-3340  k=8  4.6*  ★ CANDIDATE (not in Myers)  (52 cell polys, area check ✓)
  ctrnact-star-k8-3341  k=8  4.6*  ★ CANDIDATE (not in Myers)  (36 cell polys, area check ✓)
  ctrnact-star-k8-3342  k=8  4.6*  ★ CANDIDATE (not in Myers)  (40 cell polys, area check ✓)
  ctrnact-star-k8-3343  k=8  4.6*  ★ CANDIDATE (not in Myers)  (44 cell polys, area check ✓)
  ctrnact-star-k8-3344  k=8  4.6*  ★ CANDIDATE (not in Myers)  (48 cell polys, area check ✓)
  ctrnact-star-k8-3345  k=8  4.6*  ★ CANDIDATE (not in Myers)  (48 cell polys, area check ✓)
  ctrnact-star-k8-3346  k=8  4.6*  ★ CANDIDATE (not in Myers)  (52 cell polys, area check ✓)
  ctrnact-star-k8-3347  k=8  4.6*  ★ CANDIDATE (not in Myers)  (44 cell polys, area check ✓)
  ctrnact-star-k8-3348  k=8  4.6*  ★ CANDIDATE (not in Myers)  (48 cell polys, area check ✓)
  ctrnact-star-k8-3349  k=8  4.6*  ★ CANDIDATE (not in Myers)  (48 cell polys, area check ✓)
  ctrnact-star-k8-3350  k=8  4.6*  ★ CANDIDATE (not in Myers)  (52 cell polys, area check ✓)
  ctrnact-star-k8-3351  k=8  4.6*  ★ CANDIDATE (not in Myers)  (42 cell polys, area check ✓)
  ctrnact-star-k8-3352  k=8  4.6*  ★ CANDIDATE (not in Myers)  (52 cell polys, area check ✓)
  ctrnact-star-k8-3353  k=8  4.6*  ★ CANDIDATE (not in Myers)  (36 cell polys, area check ✓)
  ctrnact-star-k8-3354  k=8  4.6*.12*  ★ CANDIDATE (not in Myers)  (51 cell polys, area check ✓)
  ctrnact-star-k8-3355  k=8  4.6*.12*  ★ CANDIDATE (not in Myers)  (33 cell polys, area check ✓)
  ctrnact-star-k8-3356  k=8  4.6*.12*  ★ CANDIDATE (not in Myers)  (57 cell polys, area check ✓)
  ctrnact-star-k8-3357  k=8  4.6*.12*  ★ CANDIDATE (not in Myers)  (39 cell polys, area check ✓)
  ctrnact-star-k8-3358  k=8  4.8*  ★ CANDIDATE (not in Myers)  (19 cell polys, area check ✓)
  ctrnact-star-k8-3359  k=8  4.8*  ★ CANDIDATE (not in Myers)  (27 cell polys, area check ✓)
  ctrnact-star-k8-3360  k=8  4.8*  ★ CANDIDATE (not in Myers)  (26 cell polys, area check ✓)
  ctrnact-star-k8-3361  k=8  4.8*  ★ CANDIDATE (not in Myers)  (26 cell polys, area check ✓)
  ctrnact-star-k8-3362  k=8  4.8*  ★ CANDIDATE (not in Myers)  (34 cell polys, area check ✓)
  Phase 4 total: 6742 standalone star tilings (6693 candidates); 123 fixed-α snapshots folded into their families

=== Phase 5: free-alpha star families (parametric, alpha slider) ===
  ctrnact-s24f-family-k1-01  k=1  (3*d@-a+16,3*p@a,6)  α∈(0°,60°)  members 1,2,3  ★ CANDIDATE family (not in Myers)
  ctrnact-s24f-family-k1-02  k=1  (3,3*d@-a+16,3,3*p@a)  α∈(0°,60°)  members 1,2,3  ★ CANDIDATE family (not in Myers)
  ctrnact-s24f-family-k1-03  k=1  (4,4*d@-a+18,4*p@a)  α∈(0°,90°)  members 1,2,3,4,5  ★ CANDIDATE family (not in Myers)
  ctrnact-s24f-family-k1-04  k=1  (3,6*d@-a+20,6*p@a)  α∈(0°,120°)  members 1,2,3,4,5,6,7  ★ CANDIDATE family (not in Myers)
  ctrnact-s24f-family-k2-01  k=2  (3,3,3,3,3,3) + (3,3,3*d@-a+16,3*p@a)  α∈(0°,60°)  members 1,2,3  ★ CANDIDATE family (not in Myers)
  ctrnact-s24f-family-k2-02  k=2  (3,3,3*d@-a+16,3*p@a) + (3,3*d@-a+16,3,3*p@a)  α∈(0°,60°)  members 1,2,3  ★ CANDIDATE family (not in Myers)
  ctrnact-s24f-family-k2-03  k=2  (3,3,4*d@-a+16,4*p@a) + (3,4*d@-a+18,4*p@a+2)  α∈(0°,60°)  members 1,2,3  ★ CANDIDATE family (not in Myers)
  ctrnact-s24f-family-k2-04  k=2  (3*d@-a+16,4,6*p@a+2) + (3*p@a,4,6*d@-a+18)  α∈(0°,60°)  members 1,2,3  ★ CANDIDATE family (not in Myers)
  ctrnact-s24f-family-k2-05  k=2  (3,3,3*d@-a+16,6*p@a) + (3,3*p@a,6*d@-a+20)  α∈(0°,60°)  members 1,2,3  ★ CANDIDATE family (not in Myers)
  ctrnact-s24f-family-k2-06  k=2  (3,3,3*p@a,6*d@-a+16) + (3,3*d@-a+16,6*p@a+4)  α∈(0°,60°)  members 1,2,3  ★ CANDIDATE family (not in Myers)
  ctrnact-s24f-family-k3-01  k=3  (3,3,3*d@-a+16,3*p@a) + (3,3*d@-a+16,3,3*p@a) + (3*d@-a+16,3*p@a,6)  α∈(0°,60°)  members 1,2,3  ★ CANDIDATE family (not in Myers)
  ctrnact-s24f-family-k3-02  k=3  (3,3,3*d@-a+16,3*p@a) + (3,3*d@-a+16,3,3*p@a) + (3,3*d@-a+16,3,3*p@a)  α∈(0°,60°)  members 1,2,3  ★ CANDIDATE family (not in Myers)
  ctrnact-s24f-family-k4-01  k=4  (3,3,3,3,3,3) + (3,3,3*d@-a+16,3*p@a) + (3,3,3*d@-a+16,3*p@a) + (3*d@-a+16,3*p@a,6)  α∈(0°,60°)  members 1,2,3  ★ CANDIDATE family (not in Myers)
  ctrnact-s24f-family-k4-02  k=4  (3,3,3,3,3,3) + (3,3,3*d@-a+16,3*p@a) + (3*d@-a+16,3*p@a,6) + (3*d@-a+16,3*p@a,6)  α∈(0°,60°)  members 1,2,3  ★ CANDIDATE family (not in Myers)
  ctrnact-s24f-family-k4-03  k=4  (3,3,3,3,3,3) + (3,3,3*d@-a+16,3*p@a) + (3,3,3*d@-a+16,3*p@a) + (3,3*d@-a+16,3,3*p@a)  α∈(0°,60°)  members 1,2,3  ★ CANDIDATE family (not in Myers)
  ctrnact-s24f-family-k4-04  k=4  (3,3,3*d@-a+16,3*p@a) + (3,3,3*d@-a+16,6*p@a) + (3,3*d@-a+16,3,3*p@a) + (3,3*p@a,6*d@-a+20)  α∈(0°,60°)  members 1,2,3  ★ CANDIDATE family (not in Myers)
  ctrnact-s24f-family-k4-05  k=4  (3,3,3*d@-a+16,3*p@a) + (3,3,3*p@a,6*d@-a+16) + (3,3*d@-a+16,3,3*p@a) + (3,3*d@-a+16,6*p@a+4)  α∈(0°,60°)  members 1,2,3  ★ CANDIDATE family (not in Myers)
  ctrnact-s24f-family-k5-01  k=5  (3,3,3,3,3,3) + (3,3,3*d@-a+16,3*p@a) + (3,3,3*d@-a+16,3*p@a) + (3,3,3*d@-a+16,3*p@a) + (3*d@-a+16,3*p@a,6)  α∈(0°,60°)  members 1,2,3  ★ CANDIDATE family (not in Myers)
  ctrnact-s24f-family-k5-02  k=5  (3,3,3,3,3,3) + (3,3,3*d@-a+16,3*p@a) + (3*d@-a+16,3*p@a,6) + (3*d@-a+16,3*p@a,6) + (3*d@-a+16,3*p@a,6)  α∈(0°,60°)  members 1,2,3  ★ CANDIDATE family (not in Myers)
  ctrnact-s24f-family-k5-03  k=5  (3,3,3*d@-a+16,3*p@a) + (3,3,3*d@-a+16,3*p@a) + (3,3*d@-a+16,3,3*p@a) + (3,3*d@-a+16,3,3*p@a) + (3,3*d@-a+16,3,3*p@a)  α∈(0°,60°)  members 1,2,3  ★ CANDIDATE family (not in Myers)
  ctrnact-s24f-family-k5-04  k=5  (3,3,3*d@-a+16,3*p@a) + (3,3*d@-a+16,3,3*p@a) + (3,3*d@-a+16,3,3*p@a) + (3,3*d@-a+16,3,3*p@a) + (3,3*d@-a+16,3,3*p@a)  α∈(0°,60°)  members 1,2,3  ★ CANDIDATE family (not in Myers)
  ctrnact-s24f-family-k6-01  k=6  (3,3,3*d@-a+16,3*p@a) + (3,3,3*d@-a+16,3*p@a) + (3,3*d@-a+16,3,3*p@a) + (3,3*d@-a+16,3,3*p@a) + (3,3*d@-a+16,3,3*p@a) + (3*d@-a+16,3*p@a,6)  α∈(0°,60°)  members 1,2,3  ★ CANDIDATE family (not in Myers)
  ctrnact-s24f-family-k6-02  k=6  (3,3,3*d@-a+16,3*p@a) + (3,3,3*d@-a+16,3*p@a) + (3,3,3*d@-a+16,3*p@a) + (3,3*d@-a+16,3,3*p@a) + (3,3*d@-a+16,3,3*p@a) + (3,3*d@-a+16,3,3*p@a)  α∈(0°,60°)  members 1,2,3  ★ CANDIDATE family (not in Myers)
  ctrnact-s24f-family-k6-03  k=6  (3,3,3*d@-a+16,3*p@a) + (3,3*d@-a+16,3,3*p@a) + (3,3*d@-a+16,3,3*p@a) + (3,3*d@-a+16,3,3*p@a) + (3,3*d@-a+16,3,3*p@a) + (3,3*d@-a+16,3,3*p@a)  α∈(0°,60°)  members 1,2,3  ★ CANDIDATE family (not in Myers)
  ctrnact-s24f-family-k7-01  k=7  (3,3,3,3,3,3) + (3,3,3*d@-a+16,3*p@a) + (3,3,3*d@-a+16,3*p@a) + (3,3,3*d@-a+16,3*p@a) + (3*d@-a+16,3*p@a,6) + (3*d@-a+16,3*p@a,6) + (3*d@-a+16,3*p@a,6)  α∈(0°,60°)  members 1,2,3  ★ CANDIDATE family (not in Myers)
  ctrnact-s24f-family-k7-02  k=7  (3,3,3*d@-a+16,3*p@a) + (3,3,3*d@-a+16,3*p@a) + (3,3*d@-a+16,3,3*p@a) + (3,3*d@-a+16,3,3*p@a) + (3,3*d@-a+16,3,3*p@a) + (3,3*d@-a+16,3,3*p@a) + (3,3*d@-a+16,3,3*p@a)  α∈(0°,60°)  members 1,2,3  ★ CANDIDATE family (not in Myers)
  ctrnact-s24f-family-k7-03  k=7  (3,3,3,3,3,3) + (3,3,3*d@-a+16,3*p@a) + (3,3,3*d@-a+16,3*p@a) + (3,3,3*d@-a+16,3*p@a) + (3,3*d@-a+16,3,3*p@a) + (3,3*d@-a+16,3,3*p@a) + (3,3*d@-a+16,3,3*p@a)  α∈(0°,60°)  members 1,2,3  ★ CANDIDATE family (not in Myers)
  ctrnact-s24f-family-k7-04  k=7  (3,3,3*d@-a+16,3*p@a) + (3,3,3*d@-a+16,3*p@a) + (3,3,3*d@-a+16,6*p@a) + (3,3*d@-a+16,3,3*p@a) + (3,3*d@-a+16,3,3*p@a) + (3,3*d@-a+16,3,3*p@a) + (3,3*p@a,6*d@-a+20)  α∈(0°,60°)  members 1,2,3  ★ CANDIDATE family (not in Myers)
  ctrnact-s24f-family-k7-05  k=7  (3,3,3*d@-a+16,3*p@a) + (3,3,3*d@-a+16,3*p@a) + (3,3,3*p@a,6*d@-a+16) + (3,3*d@-a+16,3,3*p@a) + (3,3*d@-a+16,3,3*p@a) + (3,3*d@-a+16,3,3*p@a) + (3,3*d@-a+16,6*p@a+4)  α∈(0°,60°)  members 1,2,3  ★ CANDIDATE family (not in Myers)
  ctrnact-s24f-family-k8-01  k=8  (3,3,3,3,3,3) + (3,3,3*d@-a+16,3*p@a) + (3,3,3*d@-a+16,3*p@a) + (3,3,3*d@-a+16,3*p@a) + (3,3,3*d@-a+16,3*p@a) + (3,3,3*d@-a+16,3*p@a) + (3,3,3*d@-a+16,3*p@a) + (3*d@-a+16,3*p@a,6)  α∈(0°,60°)  members 1,2,3  ★ CANDIDATE family (not in Myers)
  ctrnact-s24f-family-k8-02  k=8  (3,3,3,3,3,3) + (3,3,3*d@-a+16,3*p@a) + (3,3,3*d@-a+16,3*p@a) + (3,3,3*d@-a+16,3*p@a) + (3,3,3*d@-a+16,3*p@a) + (3,3,3*d@-a+16,3*p@a) + (3,3,3*d@-a+16,3*p@a) + (3*d@-a+16,3*p@a,6)  α∈(0°,60°)  members 1,2,3  ★ CANDIDATE family (not in Myers)
  ctrnact-s24f-family-k8-03  k=8  (3,3,3,3,3,3) + (3,3,3*d@-a+16,3*p@a) + (3*d@-a+16,3*p@a,6) + (3*d@-a+16,3*p@a,6) + (3*d@-a+16,3*p@a,6) + (3*d@-a+16,3*p@a,6) + (3*d@-a+16,3*p@a,6) + (3*d@-a+16,3*p@a,6)  α∈(0°,60°)  members 1,2,3  ★ CANDIDATE family (not in Myers)
  ctrnact-s24f-family-k8-04  k=8  (3,3,3,3,3,3) + (3,3,3*d@-a+16,3*p@a) + (3*d@-a+16,3*p@a,6) + (3*d@-a+16,3*p@a,6) + (3*d@-a+16,3*p@a,6) + (3*d@-a+16,3*p@a,6) + (3*d@-a+16,3*p@a,6) + (3*d@-a+16,3*p@a,6)  α∈(0°,60°)  members 1,2,3  ★ CANDIDATE family (not in Myers)
  ctrnact-s24f-family-k8-05  k=8  (3,3,3*d@-a+16,3*p@a) + (3,3,3*d@-a+16,3*p@a) + (3,3,3*d@-a+16,3*p@a) + (3,3,3*d@-a+16,3*p@a) + (3,3*d@-a+16,3,3*p@a) + (3,3*d@-a+16,3,3*p@a) + (3,3*d@-a+16,3,3*p@a) + (3,3*d@-a+16,3,3*p@a)  α∈(0°,60°)  members 1,2,3  ★ CANDIDATE family (not in Myers)
  ctrnact-s24f-family-k8-06  k=8  (3,3,3*d@-a+16,3*p@a) + (3,3,3*d@-a+16,3*p@a) + (3,3,3*d@-a+16,3*p@a) + (3,3*d@-a+16,3,3*p@a) + (3,3*d@-a+16,3,3*p@a) + (3,3*d@-a+16,3,3*p@a) + (3,3*d@-a+16,3,3*p@a) + (3,3*d@-a+16,3,3*p@a)  α∈(0°,60°)  members 1,2,3  ★ CANDIDATE family (not in Myers)
  ctrnact-s24f-family-k8-07  k=8  (3,3,3*d@-a+16,3*p@a) + (3,3,3*d@-a+16,3*p@a) + (3,3*d@-a+16,3,3*p@a) + (3,3*d@-a+16,3,3*p@a) + (3,3*d@-a+16,3,3*p@a) + (3,3*d@-a+16,3,3*p@a) + (3,3*d@-a+16,3,3*p@a) + (3,3*d@-a+16,3,3*p@a)  α∈(0°,60°)  members 1,2,3  ★ CANDIDATE family (not in Myers)
  ctrnact-s24f-family-k8-08  k=8  (3,3,3*d@-a+16,3*p@a) + (3,3,3*d@-a+16,3*p@a) + (3,3,3*d@-a+16,3*p@a) + (3,3*d@-a+16,3,3*p@a) + (3,3*d@-a+16,3,3*p@a) + (3,3*d@-a+16,3,3*p@a) + (3,3*d@-a+16,3,3*p@a) + (3,3*d@-a+16,3,3*p@a)  α∈(0°,60°)  members 1,2,3  ★ CANDIDATE family (not in Myers)
  ctrnact-s24f-family-k8-09  k=8  (3,3,3*d@-a+16,3*p@a) + (3,3,3*d@-a+16,3*p@a) + (3,3*d@-a+16,3,3*p@a) + (3,3*d@-a+16,3,3*p@a) + (3,3*d@-a+16,3,3*p@a) + (3,3*d@-a+16,3,3*p@a) + (3,3*d@-a+16,3,3*p@a) + (3,3*d@-a+16,3,3*p@a)  α∈(0°,60°)  members 1,2,3  ★ CANDIDATE family (not in Myers)
  ctrnact-s24f-family-k8-10  k=8  (3,3,3*d@-a+16,3*p@a) + (3,3*d@-a+16,3,3*p@a) + (3,3*d@-a+16,3,3*p@a) + (3,3*d@-a+16,3,3*p@a) + (3,3*d@-a+16,3,3*p@a) + (3,3*d@-a+16,3,3*p@a) + (3,3*d@-a+16,3,3*p@a) + (3,3*d@-a+16,3,3*p@a)  α∈(0°,60°)  members 1,2,3  ★ CANDIDATE family (not in Myers)
  Phase 5 total: 39 families

=== Phase 6: out-of-ring star tilings (9-fold D=18, 5-fold D=20) ===
  ctrnact-star-9fold-k1-01  k=1  3*.18  (ring D=18, 3 polys, area ✓)
  ctrnact-star-9fold-k1-02  k=1  3.3*.9  (ring D=18, 3 polys, area ✓)
  ctrnact-star-9fold-k1-03  k=1  6*.9  (ring D=18, 3 polys, area ✓)
  ctrnact-star-5fold-k1-01  k=1  4*.5  (ring D=20, 6 polys, area ✓)
  ctrnact-star-9fold-k2-01  k=2  3.3*.18*  (ring D=18, 21 polys, area ✓)
  ctrnact-star-9fold-k2-02  k=2  3.6*.9.9*  (ring D=18, 12 polys, area ✓)
  ctrnact-star-9fold-k2-03  k=2  3.3*.9*  (ring D=18, 12 polys, area ✓)
  ctrnact-star-9fold-k2-04  k=2  3.6*.9*  (ring D=18, 21 polys, area ✓)
  ctrnact-star-9fold-k3-01  k=3  3.3*.18.18*  (ring D=18, 27 polys, area ✓)
  ctrnact-star-9fold-k3-02  k=3  3.3*.18.18*  (ring D=18, 45 polys, area ✓)
  ctrnact-star-9fold-k3-03  k=3  3.3*.9.9*  (ring D=18, 27 polys, area ✓)
  ctrnact-star-9fold-k3-04  k=3  3.3*.9.9*  (ring D=18, 18 polys, area ✓)
  ctrnact-star-9fold-k4-n001  k=4  3.3*.18.18*  (ring D=18, 30 polys, area ✓)
  ctrnact-star-9fold-k4-n002  k=4  3.3*.9.9*  (ring D=18, 21 polys, area ✓)
  ctrnact-star-9fold-k4-n003  k=4  3.6*.9.9*  (ring D=18, 30 polys, area ✓)
  ctrnact-star-9fold-k4-n004  k=4  3.6*.9.9*  (ring D=18, 27 polys, area ✓)
  ctrnact-star-9fold-k4-n005  k=4  3.6*.9.9*  (ring D=18, 18 polys, area ✓)
  ctrnact-star-9fold-k5-n001  k=5  3.3*.18.18*  (ring D=18, 66 polys, area ✓)
  ctrnact-star-9fold-k5-n002  k=5  3.3*.9.9*  (ring D=18, 39 polys, area ✓)
  ctrnact-star-9fold-k5-n003  k=5  3.6*.9.9*  (ring D=18, 21 polys, area ✓)
  ctrnact-star-9fold-k5-n004  k=5  3.6*.9.9*  (ring D=18, 24 polys, area ✓)
  ctrnact-star-9fold-k5-n005  k=5  3.6*.9.9*  (ring D=18, 66 polys, area ✓)
  ctrnact-star-9fold-k6-n001  k=6  3.3*.18.18*  (ring D=18, 24 polys, area ✓)
  ctrnact-star-9fold-k6-n002  k=6  3.3*.9.9*  (ring D=18, 15 polys, area ✓)
  ctrnact-star-9fold-k6-n003  k=6  3.6*.9.9*  (ring D=18, 39 polys, area ✓)
  ctrnact-star-9fold-k6-n004  k=6  3.6*.9.9*  (ring D=18, 54 polys, area ✓)
  ctrnact-star-9fold-k6-n005  k=6  3.6*.9.9*  (ring D=18, 24 polys, area ✓)
  ctrnact-star-9fold-k6-n006  k=6  3.6*.9.9*  (ring D=18, 45 polys, area ✓)
  ctrnact-star-9fold-k7-n001  k=7  3.3*.18.18*  (ring D=18, 45 polys, area ✓)
  ctrnact-star-9fold-k7-n002  k=7  3.3*.9.9*  (ring D=18, 36 polys, area ✓)
  ctrnact-star-9fold-k7-n003  k=7  3.6*.9.9*  (ring D=18, 27 polys, area ✓)
  ctrnact-star-9fold-k7-n004  k=7  3.6*.9.9*  (ring D=18, 27 polys, area ✓)
  ctrnact-star-9fold-k7-n005  k=7  3.6*.9.9*  (ring D=18, 48 polys, area ✓)
  ctrnact-star-9fold-k7-n006  k=7  3.6*.9.9*  (ring D=18, 27 polys, area ✓)
  ctrnact-star-9fold-k8-01  k=8  3.3*.18.18*  (ring D=18, 54 polys, area ✓)
  ctrnact-star-9fold-k8-02  k=8  3.3*.18.18*  (ring D=18, 72 polys, area ✓)
  ctrnact-star-9fold-k8-03  k=8  3.3*.18.18*  (ring D=18, 27 polys, area ✓)
  ctrnact-star-9fold-k8-04  k=8  3.3*.18.18*  (ring D=18, 63 polys, area ✓)
  ctrnact-star-9fold-k8-05  k=8  3.3*.18.18*  (ring D=18, 39 polys, area ✓)
  ctrnact-star-9fold-k8-06  k=8  3.3*.9.9*  (ring D=18, 54 polys, area ✓)
  ctrnact-star-9fold-k8-07  k=8  3.3*.9.9*  (ring D=18, 54 polys, area ✓)
  ctrnact-star-9fold-k8-08  k=8  3.3*.9.9*  (ring D=18, 18 polys, area ✓)
  ctrnact-star-9fold-k8-09  k=8  3.3*.9.9*  (ring D=18, 45 polys, area ✓)
  ctrnact-star-9fold-k8-10  k=8  3.3*.9.9*  (ring D=18, 45 polys, area ✓)
  ctrnact-star-9fold-k8-11  k=8  3.3*.9.9*  (ring D=18, 54 polys, area ✓)
  ctrnact-star-9fold-k8-12  k=8  3.3*.9.9*  (ring D=18, 30 polys, area ✓)
  ctrnact-star-9fold-k8-13  k=8  3.6*.9.9*  (ring D=18, 81 polys, area ✓)
  ctrnact-star-9fold-k8-14  k=8  3.6*.9.9*  (ring D=18, 81 polys, area ✓)
  ctrnact-star-9fold-k8-15  k=8  3.6*.9.9*  (ring D=18, 30 polys, area ✓)
  ctrnact-star-9fold-k8-16  k=8  3.6*.9.9*  (ring D=18, 30 polys, area ✓)
  ctrnact-star-9fold-k8-17  k=8  3.6*.9.9*  (ring D=18, 81 polys, area ✓)
  ctrnact-star-9fold-k8-18  k=8  3.6*.9.9*  (ring D=18, 15 polys, area ✓)
  ctrnact-star-9fold-k8-19  k=8  3.6*.9.9*  (ring D=18, 30 polys, area ✓)
  ctrnact-star-9fold-k8-20  k=8  3.6*.9.9*  (ring D=18, 57 polys, area ✓)
  ctrnact-star-9fold-k8-21  k=8  3.6*.9.9*  (ring D=18, 27 polys, area ✓)
  ctrnact-star-9fold-k8-22  k=8  3.6*.9.9*  (ring D=18, 39 polys, area ✓)
  Phase 6 total: 56 out-of-ring tilings

=== Phase 3b: higher-k Čtrnáct shards (k=8..10, lazy-loaded on demand) ===
    …k=8: 500 reconstructed
    …k=8: 1000 reconstructed
    …k=8: 1500 reconstructed
    …k=8: 2000 reconstructed
    …k=8: 2500 reconstructed
  k=8: 2850/2850 reconstructed (target 2850)  ✓
  no skips ✓
  → public/reference-atlas-k8.json  (2850 tilings, 15.6 MB)
    …k=9: 500 reconstructed
    …k=9: 1000 reconstructed
    …k=9: 1500 reconstructed
    …k=9: 2000 reconstructed
    …k=9: 2500 reconstructed
    …k=9: 3000 reconstructed
    …k=9: 3500 reconstructed
    …k=9: 4000 reconstructed
    …k=9: 4500 reconstructed
    …k=9: 5000 reconstructed
    …k=9: 5500 reconstructed
  k=9: 5960/5960 reconstructed (target 5960)  ✓
  no skips ✓
  → public/reference-atlas-k9.json  (5960 tilings, 35.4 MB)
    …k=10: 500 reconstructed
    …k=10: 1000 reconstructed
    …k=10: 1500 reconstructed
    …k=10: 2000 reconstructed
    …k=10: 2500 reconstructed
    …k=10: 3000 reconstructed
    …k=10: 3500 reconstructed
    …k=10: 4000 reconstructed
    …k=10: 4500 reconstructed
    …k=10: 5000 reconstructed
    …k=10: 5500 reconstructed
    …k=10: 6000 reconstructed
    …k=10: 6500 reconstructed
    …k=10: 7000 reconstructed
    …k=10: 7500 reconstructed
    …k=10: 8000 reconstructed
    …k=10: 8500 reconstructed
    …k=10: 9000 reconstructed
    …k=10: 9500 reconstructed
    …k=10: 10000 reconstructed
    …k=10: 10500 reconstructed
    …k=10: 11000 reconstructed
    …k=10: 11500 reconstructed
  k=10: 11866/11866 reconstructed (target 11866)  ✓
  no skips ✓
  → public/reference-atlas-k10.json  (11866 tilings, 76.4 MB)

=== reference-atlas.json written ===
  9557 tilings → public/reference-atlas.json
    ctrnact k=7: 1472
    ctrnact-star k=1: 23
    ctrnact-star k=2: 46
    ctrnact-star k=3: 108
    ctrnact-star k=4: 235
    ctrnact-star k=5: 436
    ctrnact-star k=6: 897
    ctrnact-star k=7: 1728
    ctrnact-star k=8: 3364
    galebach k=1: 11
    galebach k=2: 20
    galebach k=3: 61
    galebach k=4: 151
    galebach k=5: 332
    galebach k=6: 673
  exactSource: 2719 seed + 1 cell = 2720/9557  (6837 Myers star entries intentionally omit — no codec star support)  ✓
  elapsed 207.4s
